customer_id,recency_days,purchase_frequency,monetary_value,product_diversity,units_purchased,active_days,country,average_basket_value,return_line_rate
SHOP-101089,12,7,201.12,37,43,5,United Kingdom,28.731428571428573,0.02564102564102564
SHOP-100317,117,2,353.86,86,193,2,United Kingdom,176.92999999999998,0.0
SHOP-102146,19,11,1789.77,84,865,11,France,162.70636363636365,0.03636363636363636
SHOP-101732,28,9,2709.7000000000003,111,1506,8,United Kingdom,301.0777777777778,0.07142857142857142
SHOP-102450,180,3,321.43,56,88,2,United Kingdom,107.14333333333333,0.0
SHOP-101719,8,9,3965.62,94,2149,9,United Kingdom,440.6244444444444,0.11728395061728394
SHOP-102023,15,4,1504.27,81,1007,4,United Kingdom,376.0675,0.0
SHOP-102369,55,2,642.77,37,369,2,United Kingdom,321.385,0.0
SHOP-101379,2,37,17220.36,55,7322,31,United Kingdom,465.41513513513513,0.07769423558897243
SHOP-101032,137,4,591.55,53,265,4,United Kingdom,147.88750000000002,0.014492753623188406
SHOP-102504,262,2,605.58,79,359,2,United Kingdom,302.78999999999996,0.0
SHOP-100539,53,4,1344.78,65,776,4,Belgium,336.195,0.056818181818181816
SHOP-100815,3,10,5226.23,201,2229,10,Belgium,522.6229999999999,0.029197080291970802
SHOP-100624,29,10,2924.9900000000002,61,2753,10,United Kingdom,292.49899999999997,0.009433962264150943
SHOP-100378,10,4,1153.62,50,800,4,United Kingdom,288.405,0.0
SHOP-101619,80,2,7829.89,31,2055,2,Denmark,3914.945,0.0
SHOP-100952,96,4,663.65,59,298,4,United Kingdom,165.9125,0.0
SHOP-100044,113,5,1220.26,46,1038,4,United Kingdom,244.052,0.014285714285714285
SHOP-100917,72,4,2232.4900000000002,72,1017,3,United Kingdom,558.1225,0.0
SHOP-100671,21,2,230.22,11,142,2,United Kingdom,115.11,0.0
SHOP-100328,2,21,9418.470000000001,151,4265,18,United Kingdom,448.4985714285714,0.026845637583892617
SHOP-101741,2,18,21086.3,74,7559,17,United Kingdom,1171.4611111111112,0.0
SHOP-100749,26,9,7956.46,258,3536,7,Finland,884.0511111111111,0.02
SHOP-102598,16,2,537.48,31,428,2,United Kingdom,268.74,0.0
SHOP-102130,1,8,2711.56,70,861,8,United Kingdom,338.945,0.014814814814814815
SHOP-102111,4,7,2078.95,117,1630,7,United Kingdom,296.9928571428572,0.022556390977443608
SHOP-102670,241,4,1047.11,18,378,3,United Kingdom,261.7775,0.045454545454545456
SHOP-100103,33,5,2246.81,200,1489,5,United Kingdom,449.3620000000001,0.0
SHOP-101052,2,7,2160.7,80,1853,6,United Kingdom,308.6714285714285,0.007692307692307693
SHOP-101963,15,2,250.26000000000002,7,130,2,United Kingdom,125.13000000000002,0.0
SHOP-100476,20,4,1309.6,7,720,4,United Kingdom,327.4,0.09090909090909091
SHOP-100281,23,8,1912.67,93,1391,8,United Kingdom,239.08375,0.1328125
SHOP-102386,18,8,3711.77,97,1926,8,United Kingdom,463.97125,0.014285714285714285
SHOP-100844,71,3,2748.31,83,1181,2,United Kingdom,916.1033333333334,0.10377358490566038
SHOP-101483,5,10,2586.67,315,1695,10,United Kingdom,258.66700000000003,0.005847953216374269
SHOP-100285,23,14,4559.150000000001,211,2496,11,United Kingdom,325.65357142857147,0.0219435736677116
SHOP-102777,19,3,3435.76,191,2252,3,United Kingdom,1145.2533333333333,0.06481481481481481
SHOP-102295,75,2,482.46999999999997,34,480,2,United Kingdom,241.235,0.0
SHOP-101956,1,2,326.75,28,231,2,United Kingdom,163.375,0.0
SHOP-100556,12,2,417.23,56,363,2,United Kingdom,208.615,0.0
SHOP-101364,28,7,2609.1,57,3143,7,France,372.7285714285714,0.0
SHOP-100654,45,3,95.85,2,69,3,United Kingdom,31.95,0.0
SHOP-101602,28,5,2502.84,232,1371,4,Germany,500.56800000000004,0.006993006993006993
SHOP-102667,4,4,1255.59,69,1061,4,United Kingdom,313.8975,0.012048192771084338
SHOP-101019,42,2,463.46000000000004,29,289,2,United Kingdom,231.73000000000002,0.0
SHOP-100038,20,2,483.26,101,349,2,United Kingdom,241.63,0.0
SHOP-101447,130,3,1703.41,79,1877,3,United Kingdom,567.8033333333334,0.0
SHOP-100988,66,2,138.03,31,99,1,Israel,69.015,0.0
SHOP-102540,4,15,31906.82,111,32748,15,Sweden,2127.1213333333335,0.014925373134328358
SHOP-100342,143,4,195.73999999999998,15,574,4,United Kingdom,48.935,0.0
SHOP-101009,8,19,3622.68,245,1994,18,United Kingdom,190.66736842105263,0.014388489208633094
SHOP-101427,2,2,270.6,3,146,2,United Kingdom,135.3,0.0
SHOP-101649,31,6,2548.24,29,2500,6,United Kingdom,424.70666666666665,0.045454545454545456
SHOP-100632,60,3,84.65,12,41,2,United Kingdom,28.21666666666667,0.0
SHOP-100224,110,2,552.0,23,408,2,Unspecified,276.0,0.0
SHOP-102592,61,5,1835.7,63,740,4,United Kingdom,367.14,0.23076923076923078
SHOP-101516,52,3,3049.88,226,2169,3,United Kingdom,1016.6266666666667,0.0
SHOP-100341,74,2,558.7,27,219,2,United Kingdom,279.35,0.06666666666666667
SHOP-102619,117,2,2791.59,84,2135,2,Portugal,1395.795,0.0
SHOP-101460,163,4,1619.73,72,499,4,United Kingdom,404.9325,0.371900826446281
SHOP-102185,336,2,816.0,1,192,2,United Kingdom,408.0,0.0
SHOP-100162,46,5,1804.56,98,1142,4,United Kingdom,360.912,0.026785714285714284
SHOP-100058,30,6,1456.96,13,544,5,United Kingdom,242.82666666666668,0.0975609756097561
SHOP-101938,17,5,4051.17,89,1723,5,France,810.234,0.03076923076923077
SHOP-102497,49,3,488.2,26,157,3,United Kingdom,162.73333333333332,0.0
SHOP-100616,52,7,21279.29,178,5241,6,Singapore,3039.8985714285714,0.03056768558951965
SHOP-101798,22,2,287.59,25,239,2,United Kingdom,143.795,0.0
SHOP-102785,17,5,1521.87,77,936,5,United Kingdom,304.37399999999997,0.0
SHOP-102751,256,3,478.53000000000003,28,243,2,United Kingdom,159.51,0.03333333333333333
SHOP-101683,4,5,3927.34,190,3101,5,United Kingdom,785.4680000000001,0.009302325581395349
SHOP-100920,72,7,3704.87,36,1031,7,United Kingdom,529.2671428571429,0.02040816326530612
SHOP-102359,1,11,4481.18,288,2701,10,United Kingdom,407.38000000000005,0.007246376811594203
SHOP-100758,23,10,9401.28,323,4305,9,France,940.128,0.0367170626349892
SHOP-101534,7,19,17286.86,119,5788,17,United Kingdom,909.8347368421053,0.031007751937984496
SHOP-102607,43,5,2053.02,91,1047,5,United Kingdom,410.604,0.13970588235294118
SHOP-101916,6,12,5155.66,101,2706,12,United Kingdom,429.6383333333333,0.0
SHOP-100014,74,2,1117.9,3,211,2,United Kingdom,558.95,0.0
SHOP-101836,45,2,212.54,23,140,2,United Kingdom,106.27,0.0
SHOP-101087,59,2,384.81,24,474,2,Denmark,192.405,0.15151515151515152
SHOP-100471,52,3,743.11,75,994,3,United Kingdom,247.70333333333335,0.023809523809523808
SHOP-101107,92,5,716.2,10,390,5,United Kingdom,143.24,0.07692307692307693
SHOP-101119,108,4,763.64,3,844,4,United Kingdom,190.91,0.0
SHOP-100011,7,2,584.07,30,345,2,United Kingdom,292.03499999999997,0.0
SHOP-100557,34,3,1132.13,141,546,3,United Kingdom,377.3766666666667,0.0
SHOP-101490,96,5,3723.87,102,820,5,Spain,744.774,0.0
SHOP-102284,60,4,2404.17,172,1631,4,United Kingdom,601.0425,0.0
SHOP-102764,17,3,585.79,113,335,2,United Kingdom,195.26333333333332,0.0
SHOP-102725,32,2,714.96,10,1312,2,United Kingdom,357.48,0.0
SHOP-101924,11,4,1006.8,55,1390,4,United Kingdom,251.70000000000002,0.0
SHOP-100729,7,5,1456.79,82,1544,5,United Kingdom,291.358,0.0
SHOP-101218,22,4,775.46,122,963,4,United Kingdom,193.86499999999998,0.0
SHOP-101210,8,9,1297.8700000000001,30,1137,9,United Kingdom,144.20777777777778,0.12962962962962962
SHOP-102488,309,2,693.3299999999999,26,211,1,Switzerland,346.66499999999996,0.07142857142857142
SHOP-101457,2,11,4196.01,42,1275,11,United Kingdom,381.4554545454546,0.0
SHOP-101856,4,7,2043.95,45,921,7,United Kingdom,291.99285714285713,0.015625
SHOP-101475,159,3,371.88,51,144,3,United Kingdom,123.96,0.0
SHOP-101241,4,6,1852.0,64,865,6,United Kingdom,308.6666666666667,0.02197802197802198
SHOP-100737,16,4,1572.71,40,772,4,United Kingdom,393.1775,0.13114754098360656
SHOP-101214,10,6,2474.33,48,1367,6,United Kingdom,412.3883333333333,0.008403361344537815
SHOP-100097,15,10,3738.4,68,2112,9,United Kingdom,373.84,0.05263157894736842
SHOP-100773,65,2,583.75,37,251,2,United Kingdom,291.875,0.0
SHOP-100329,81,2,810.5699999999999,44,488,2,United Kingdom,405.28499999999997,0.0
SHOP-102535,149,2,673.1,28,450,2,United Kingdom,336.55,0.0
SHOP-101773,41,7,2386.05,65,830,7,United Kingdom,340.86428571428576,0.010526315789473684
SHOP-102094,18,11,3214.69,257,3658,10,United Kingdom,292.24454545454546,0.015659955257270694
SHOP-101840,78,3,1122.41,69,669,3,United Kingdom,374.1366666666666,0.0
SHOP-102335,64,5,2100.6,33,1856,5,United Kingdom,420.12,0.0
SHOP-100118,8,9,4871.93,64,1663,6,United Kingdom,541.3255555555556,0.07407407407407407
SHOP-100146,2,6,2621.38,109,1398,6,United Kingdom,436.8966666666667,0.0
SHOP-102827,143,3,1121.59,57,778,3,United Kingdom,373.8633333333334,0.0
SHOP-100404,180,9,1653.42,127,544,8,United Kingdom,183.71333333333334,0.024896265560165973
SHOP-102029,40,2,1851.08,88,1181,2,United Kingdom,925.54,0.009523809523809525
SHOP-102648,51,11,2538.3,44,3134,9,United Kingdom,230.75454545454548,0.12686567164179105
SHOP-101147,72,2,567.36,10,372,2,United Kingdom,283.68,0.0
SHOP-100687,113,6,972.23,36,436,5,United Kingdom,162.03833333333333,0.019230769230769232
SHOP-101248,11,2,887.65,61,353,2,United Kingdom,443.82500000000005,0.0
SHOP-100241,8,4,1313.1,70,1506,4,Belgium,328.275,0.0
SHOP-102030,8,21,5630.87,148,3621,20,United Kingdom,268.13666666666666,0.08913649025069638
SHOP-101342,107,3,623.51,28,586,2,Germany,207.83666666666667,0.06060606060606061
SHOP-102498,1,12,4098.32,66,3882,12,United Kingdom,341.52666666666664,0.06060606060606061
SHOP-100131,34,4,1592.1200000000001,75,636,4,United Kingdom,398.03,0.03260869565217391
SHOP-102099,15,5,1551.78,63,1948,5,United Kingdom,310.356,0.0125
SHOP-101642,9,2,708.22,36,313,2,United Kingdom,354.11,0.046511627906976744
SHOP-101524,12,7,2962.5,26,1160,5,United Kingdom,423.2142857142857,0.18421052631578946
SHOP-102583,78,4,819.2900000000001,18,196,4,United Kingdom,204.8225,0.0
SHOP-101667,48,4,1701.94,221,1393,4,United Kingdom,425.485,0.0
SHOP-100364,335,2,545.48,21,295,2,Portugal,272.74,0.0
SHOP-100945,10,2,77.4,2,84,2,United Kingdom,38.7,0.0
SHOP-102343,40,2,541.53,33,443,2,United Kingdom,270.765,0.0
SHOP-101926,5,3,448.90000000000003,46,258,3,United Kingdom,149.63333333333333,0.038461538461538464
SHOP-102315,50,6,1068.82,97,721,5,United Kingdom,178.13666666666666,0.015384615384615385
SHOP-100278,71,4,800.24,33,407,4,United Kingdom,200.06,0.0
SHOP-101697,75,4,322.41,10,157,4,United Kingdom,80.60249999999999,0.0
SHOP-100691,87,2,285.74,24,228,2,United Kingdom,142.87,0.0
SHOP-100267,17,7,5014.84,218,3095,6,United Kingdom,716.4057142857143,0.03717472118959108
SHOP-100239,44,2,712.5,11,142,2,United Kingdom,356.25,0.0
SHOP-100406,3,8,2100.8,172,1988,7,United Kingdom,262.6,0.004484304932735426
SHOP-100265,212,2,2683.82,73,1612,2,Germany,1341.9099999999999,0.054945054945054944
SHOP-100699,93,2,877.4399999999999,4,1200,2,United Kingdom,438.71999999999997,0.0
SHOP-101061,16,8,1528.09,124,757,7,United Kingdom,191.01125000000002,0.03125
SHOP-100759,23,11,3995.23,415,3496,11,United Kingdom,363.20272727272726,0.002967359050445104
SHOP-100584,8,4,1286.07,66,795,3,United Kingdom,321.5175,0.013888888888888888
SHOP-100884,51,2,467.51,24,155,1,United Kingdom,233.755,0.1724137931034483
SHOP-101234,200,2,163.20000000000002,5,88,2,United Kingdom,81.60000000000001,0.0
SHOP-101815,25,2,578.9,20,194,2,United Kingdom,289.45000000000005,0.038461538461538464
SHOP-101529,130,3,605.64,25,348,2,United Kingdom,201.88,0.06666666666666667
SHOP-100441,82,7,3017.3,39,2518,5,United Kingdom,431.04285714285714,0.0
SHOP-102647,1,28,28882.44,156,15968,26,United Kingdom,1031.5157142857142,0.05454545454545454
SHOP-101090,53,3,173.74,11,150,3,United Kingdom,57.913333333333334,0.0
SHOP-100129,232,2,856.6,5,192,2,United Kingdom,428.30000000000007,0.14285714285714285
SHOP-100885,26,5,2976.15,315,2149,5,United Kingdom,595.23,0.0022522522522522522
SHOP-100674,10,18,6717.34,78,2646,18,United Kingdom,373.18555555555554,0.03076923076923077
SHOP-101471,52,6,3506.54,55,1802,4,United Kingdom,584.4233333333334,0.0
SHOP-101086,9,7,1620.93,191,1505,7,United Kingdom,231.5614285714286,0.0
SHOP-100033,19,3,582.6,25,545,3,United Kingdom,194.20000000000002,0.0
SHOP-102485,15,8,1659.3799999999999,63,892,8,United Kingdom,207.42249999999999,0.04854368932038835
SHOP-101303,12,4,800.59,27,267,3,United Kingdom,200.1475,0.12903225806451613
SHOP-101789,12,7,2791.35,29,861,7,United Kingdom,398.7642857142857,0.020833333333333332
SHOP-100622,18,4,827.83,37,360,4,United Kingdom,206.9575,0.0
SHOP-100158,8,5,2044.8700000000001,34,829,5,United Kingdom,408.974,0.07692307692307693
SHOP-101972,23,13,6403.25,155,2806,12,United Kingdom,492.5576923076923,0.005917159763313609
SHOP-101959,7,8,2340.84,64,1006,7,Finland,292.605,0.022222222222222223
SHOP-101652,3,3,758.29,27,461,3,United Kingdom,252.76333333333332,0.0
SHOP-102564,23,6,13219.74,191,3653,6,Germany,2203.29,0.025974025974025976
SHOP-102522,24,3,1413.66,80,1014,3,United Kingdom,471.22,0.03225806451612903
SHOP-101937,43,5,2048.07,81,1941,5,United Kingdom,409.61400000000003,0.025423728813559324
SHOP-101151,3,7,1319.9099999999999,68,673,7,United Kingdom,188.5585714285714,0.024390243902439025
SHOP-100747,44,2,348.1,39,292,2,United Kingdom,174.05,0.0
SHOP-101608,73,14,1836.0900000000001,72,882,11,United Kingdom,131.14928571428572,0.1417910447761194
SHOP-100018,18,9,1540.42,45,504,8,United Kingdom,171.1577777777778,0.0
SHOP-100695,24,3,478.78,29,323,3,United Kingdom,159.59333333333333,0.0
SHOP-100784,19,2,690.34,40,244,2,United Kingdom,345.17,0.046511627906976744
SHOP-100930,17,4,745.06,30,699,4,United Kingdom,186.265,0.0
SHOP-102380,78,4,1548.7,77,1096,3,United Kingdom,387.17499999999995,0.03636363636363636
SHOP-101581,370,2,155.43,25,67,1,United Kingdom,77.715,0.0
SHOP-100730,108,3,1624.21,66,1123,3,United Kingdom,541.4033333333333,0.0
SHOP-100066,42,4,2148.63,70,1778,4,United Kingdom,537.1575,0.017241379310344827
SHOP-100106,11,2,883.15,45,577,2,United Kingdom,441.575,0.0
SHOP-100942,7,2,266.39,15,129,2,United Kingdom,133.19500000000002,0.0
SHOP-102563,16,7,1246.1000000000001,63,707,7,France,178.01428571428573,0.08333333333333333
SHOP-101199,8,10,3692.28,95,1965,10,France,369.22799999999995,0.025510204081632654
SHOP-100646,100,3,1200.6200000000001,57,634,3,United Kingdom,400.20666666666665,0.0
SHOP-102594,41,5,499.41999999999996,33,268,5,United Kingdom,99.88399999999999,0.0
SHOP-102144,27,6,2043.7199999999998,32,1982,6,United Kingdom,340.62,0.0
SHOP-100966,4,2,353.65,41,277,2,United Kingdom,176.825,0.0
SHOP-100020,36,5,1740.48,26,1594,5,United Kingdom,348.096,0.0
SHOP-100088,10,4,1328.55,70,841,4,United Kingdom,332.1375,0.0
SHOP-100516,23,5,732.0699999999999,41,449,5,United Kingdom,146.414,0.0
SHOP-102487,75,3,1226.88,43,829,3,Denmark,408.96000000000004,0.0
SHOP-102258,17,2,364.72,12,284,2,United Kingdom,182.36,0.0
SHOP-101986,8,46,194550.79,124,69993,27,United Kingdom,4229.365,0.039886039886039885
SHOP-100807,281,5,1079.34,89,563,4,United Kingdom,215.86800000000002,0.027777777777777776
SHOP-100560,24,2,596.1,3,166,2,United Kingdom,298.05,0.0
SHOP-102299,20,2,639.89,103,545,2,United Kingdom,319.94500000000005,0.0
SHOP-100623,157,2,446.87,79,215,2,United Kingdom,223.435,0.0
SHOP-102572,21,5,5005.46,138,1153,5,Norway,1001.092,0.0
SHOP-101607,3,7,1341.6,8,1776,7,United Kingdom,191.65714285714284,0.023809523809523808
SHOP-101999,1,13,5900.28,283,3011,13,United Kingdom,453.8676923076924,0.03594771241830065
SHOP-101788,302,2,934.52,126,596,2,United Kingdom,467.26,0.019230769230769232
SHOP-101552,32,5,734.77,58,351,3,United Kingdom,146.954,0.1
SHOP-100150,94,4,1037.59,45,533,4,United Kingdom,259.3975,0.0
SHOP-102502,178,2,833.78,62,826,2,United Kingdom,416.89,0.0
SHOP-102712,65,2,388.25,19,155,2,United Kingdom,194.125,0.0
SHOP-100887,51,4,559.97,22,264,4,United Kingdom,139.9925,0.0
SHOP-102116,19,2,408.57,68,264,2,United Kingdom,204.285,0.0
SHOP-100845,1,28,17256.85,252,9474,21,United Kingdom,616.3160714285714,0.043731778425655975
SHOP-101521,47,4,3742.2,6,756,4,United Kingdom,935.55,0.08333333333333333
SHOP-101997,45,2,664.26,61,333,2,United Kingdom,332.13,0.0
SHOP-102653,3,10,2069.77,58,885,9,United Kingdom,206.977,0.008695652173913044
SHOP-100828,60,3,2128.42,125,1369,3,United Kingdom,709.4733333333334,0.013986013986013986
SHOP-101448,11,3,797.96,50,429,3,United Kingdom,265.9866666666667,0.0
SHOP-102663,85,3,1100.9,59,533,2,United Kingdom,366.9666666666667,0.0
SHOP-102190,101,3,455.59000000000003,11,361,3,United Kingdom,151.86333333333334,0.3333333333333333
SHOP-102526,26,2,289.99,15,237,2,United Kingdom,144.995,0.0
SHOP-101193,2,2,1168.06,13,248,2,Austria,584.03,0.0
SHOP-101784,109,2,167.61,16,92,1,United Kingdom,83.805,0.0
SHOP-100409,17,3,851.01,42,487,2,United Kingdom,283.67,0.0
SHOP-100422,91,2,671.96,22,272,2,United Kingdom,335.98,0.0
SHOP-102027,31,4,1324.84,59,644,4,United Kingdom,331.21,0.027777777777777776
SHOP-100982,4,8,2495.87,93,2325,8,United Kingdom,311.98375,0.03361344537815126
SHOP-101701,44,2,570.96,57,202,2,United Kingdom,285.48,0.0
SHOP-100013,63,2,395.8,38,150,2,United Kingdom,197.9,0.0
SHOP-102693,1,33,25977.16,36,12897,24,United Kingdom,787.1866666666666,0.1004566210045662
SHOP-100991,45,3,62.43,15,27,2,United Kingdom,20.81,0.0
SHOP-100639,113,2,612.06,26,686,2,United Kingdom,306.03,0.0
SHOP-101800,65,4,384.05,86,195,4,United Kingdom,96.0125,0.01020408163265306
SHOP-100700,3,25,5781.73,211,4672,21,Germany,231.26919999999998,0.013927576601671309
SHOP-102425,134,3,2515.84,55,1784,3,United Kingdom,838.6133333333333,0.0
SHOP-101423,6,4,1387.79,64,653,3,United Kingdom,346.9475,0.0125
SHOP-100994,28,3,1132.03,65,587,3,United Kingdom,377.3433333333333,0.06493506493506493
SHOP-101631,115,2,1339.45,25,346,2,United Kingdom,669.7250000000001,0.0
SHOP-101243,18,6,4597.02,52,3760,6,United Kingdom,766.1700000000001,0.03571428571428571
SHOP-101390,72,2,518.28,7,372,2,United Kingdom,259.14,0.0
SHOP-100776,70,2,1118.99,34,547,2,United Kingdom,559.495,0.0
SHOP-101093,28,6,1035.8,21,394,6,France,172.63333333333333,0.0
SHOP-101347,24,6,3858.38,176,1866,6,United Kingdom,643.0633333333334,0.15677966101694915
SHOP-100965,20,3,1501.38,51,618,3,United Kingdom,500.46000000000004,0.0
SHOP-100907,50,2,363.34000000000003,16,228,2,United Kingdom,181.67000000000002,0.0
SHOP-101948,23,17,5528.4800000000005,220,3387,13,United Kingdom,325.2047058823529,0.019543973941368076
SHOP-102645,139,4,3006.15,53,1119,4,United Kingdom,751.5375,0.01834862385321101
SHOP-100060,4,2,303.75,15,187,2,United Kingdom,151.875,0.0
SHOP-100181,26,7,2314.32,65,1084,4,United Kingdom,330.6171428571429,0.24503311258278146
SHOP-101911,139,3,644.3,11,372,3,United Kingdom,214.76666666666665,0.0
SHOP-100880,39,3,1445.0,14,1170,3,United Kingdom,481.6666666666667,0.0
SHOP-100026,185,4,518.67,18,266,4,United Kingdom,129.6675,0.038461538461538464
SHOP-102735,134,2,408.36,63,249,2,United Kingdom,204.18,0.0
SHOP-100196,79,3,1324.5,95,627,3,United Kingdom,441.5,0.043478260869565216
SHOP-100786,8,6,1281.56,80,522,6,United Kingdom,213.59333333333333,0.0
SHOP-100817,32,2,789.0,16,463,2,United Kingdom,394.5,0.10526315789473684
SHOP-100521,67,3,758.1,29,286,3,France,252.70000000000002,0.05
SHOP-100722,212,2,1522.75,88,855,2,United Kingdom,761.375,0.0
SHOP-100854,199,5,1143.27,33,365,4,United Kingdom,228.654,0.0
SHOP-102148,217,2,309.36,57,169,2,United Kingdom,154.68,0.0
SHOP-100628,227,2,1998.0,4,840,2,United Kingdom,999.0,0.0
SHOP-102561,9,6,621.6800000000001,46,132,6,United Kingdom,103.61333333333334,0.0
SHOP-100332,3,3,1126.37,25,621,3,United Kingdom,375.45666666666665,0.034482758620689655
SHOP-101702,66,3,689.4799999999999,11,544,3,United Kingdom,229.82666666666668,0.1111111111111111
SHOP-101750,145,2,385.64,51,153,2,United Kingdom,192.82,0.0
SHOP-100217,22,12,3722.82,78,1431,11,Germany,310.23499999999996,0.046875
SHOP-100649,45,2,1186.35,57,800,2,United Kingdom,593.175,0.01639344262295082
SHOP-102397,30,10,2760.56,136,3096,10,United Kingdom,276.056,0.0
SHOP-100793,7,6,1429.64,30,558,6,United Kingdom,238.27333333333334,0.0
SHOP-101461,8,6,1826.21,239,1234,6,United Kingdom,304.36833333333334,0.0
SHOP-101187,205,2,468.77000000000004,43,279,2,United Kingdom,234.38500000000002,0.0
SHOP-100337,1,5,975.36,32,1620,5,United Kingdom,195.072,0.06976744186046512
SHOP-101637,141,3,207.73999999999998,10,60,3,United Kingdom,69.24666666666666,0.0
SHOP-102655,49,10,4106.4400000000005,6,9755,9,United Kingdom,410.64400000000006,0.17391304347826086
SHOP-101812,4,16,2094.88,263,1397,14,United Kingdom,130.93,0.0
SHOP-100084,8,6,2179.93,155,1079,6,United Kingdom,363.32166666666666,0.00946372239747634
SHOP-100866,115,3,653.38,30,310,3,United Kingdom,217.79333333333332,0.0
SHOP-102754,30,3,2575.0,59,1306,3,United Kingdom,858.3333333333334,0.0
SHOP-102025,13,8,4801.56,278,4777,7,United Kingdom,600.195,0.0
SHOP-101284,16,12,5411.91,46,2057,10,United Kingdom,450.9925,0.046875
SHOP-102407,22,5,1197.27,68,755,4,United Kingdom,239.454,0.05333333333333334
SHOP-100130,17,4,1614.91,77,1759,4,United Kingdom,403.7275,0.0
SHOP-101604,40,5,2178.67,78,1280,4,United Kingdom,435.73400000000004,0.052083333333333336
SHOP-100271,115,3,817.86,37,628,3,United Kingdom,272.62,0.03773584905660377
SHOP-102055,174,3,571.1999999999999,1,224,3,United Kingdom,190.39999999999998,0.0
SHOP-102467,247,2,632.4,21,272,2,United Kingdom,316.20000000000005,0.0
SHOP-100180,16,5,1214.72,57,616,5,United Kingdom,242.94400000000002,0.0
SHOP-101852,42,3,837.1,51,402,3,United Kingdom,279.03333333333336,0.2972972972972973
SHOP-102810,47,3,1421.61,37,1037,3,United Kingdom,473.86999999999995,0.029411764705882353
SHOP-101620,92,7,1496.98,79,2512,7,United Kingdom,213.8542857142857,0.01020408163265306
SHOP-102247,75,3,371.62,19,266,3,United Kingdom,123.87333333333333,0.10714285714285714
SHOP-100856,1,8,1859.31,97,1339,8,Belgium,232.41375,0.007936507936507936
SHOP-101974,66,8,1702.26,69,781,8,United Kingdom,212.7825,0.046296296296296294
SHOP-100897,3,18,3482.7400000000002,52,2154,18,United Kingdom,193.48555555555558,0.0
SHOP-102308,5,3,2134.01,91,1110,3,Germany,711.3366666666667,0.05405405405405406
SHOP-102627,4,2,1053.49,60,708,2,France,526.745,0.0
SHOP-102571,4,16,4113.68,142,2927,9,United Kingdom,257.105,0.02702702702702703
SHOP-100530,71,4,987.86,47,763,4,United Kingdom,246.965,0.0
SHOP-100875,9,8,4485.72,113,3699,8,Germany,560.7149999999999,0.0
SHOP-100221,16,6,2780.66,57,1462,6,Australia,463.4433333333333,0.0
SHOP-102372,7,7,3515.68,8,2724,7,United Kingdom,502.23999999999995,0.0
SHOP-100231,148,3,2103.06,173,766,3,United Kingdom,701.02,0.0
SHOP-102213,10,10,1661.33,105,920,7,United Kingdom,166.13299999999998,0.0
SHOP-102322,33,2,1511.95,81,1793,2,United Kingdom,755.975,0.0
SHOP-101735,16,4,258.4,5,176,4,United Kingdom,64.6,0.0
SHOP-101813,170,2,214.06,12,146,2,United Kingdom,107.03,0.0
SHOP-100670,3,26,12627.94,95,5630,25,United Kingdom,485.69,0.05789473684210526
SHOP-100432,7,22,2237.77,39,1260,20,United Kingdom,101.71681818181818,0.02631578947368421
SHOP-102201,32,10,3237.54,106,1391,8,United Kingdom,323.754,0.12244897959183673
SHOP-100753,1,2,984.57,42,483,2,United Kingdom,492.28499999999997,0.0
SHOP-100891,4,9,2616.38,101,1352,8,United Kingdom,290.7088888888889,0.022388059701492536
SHOP-101912,28,4,3281.63,129,1707,4,Germany,820.4075,0.0
SHOP-101300,100,8,10254.18,90,5867,7,United Kingdom,1281.7725,0.07954545454545454
SHOP-101282,37,9,1199.01,51,736,9,United Kingdom,133.22333333333333,0.0
SHOP-100143,22,3,468.41,37,229,3,United Kingdom,156.13666666666666,0.041666666666666664
SHOP-100709,218,2,3251.071,120,1431,2,United Kingdom,1625.5355,0.007246376811594203
SHOP-102651,12,10,3174.32,292,1742,10,United Kingdom,317.43199999999996,0.009157509157509158
SHOP-101348,191,2,334.23,33,153,2,United Kingdom,167.115,0.0
SHOP-101085,9,9,12669.98,58,7100,8,United Kingdom,1407.7755555555555,0.008928571428571428
SHOP-100627,18,4,1352.75,37,648,4,United Kingdom,338.1875,0.0
SHOP-102639,3,5,987.1,40,622,5,United Kingdom,197.42,0.0
SHOP-100634,152,2,282.59999999999997,11,214,2,United Kingdom,141.3,0.0
SHOP-100605,6,5,1052.55,243,792,5,United Kingdom,210.51,0.0
SHOP-100128,12,19,7247.61,313,3417,17,United Kingdom,381.4531578947368,0.034482758620689655
SHOP-102529,19,2,214.65,41,132,2,United Kingdom,107.325,0.0
SHOP-101273,108,3,423.72,40,186,3,United Kingdom,141.24,0.0
SHOP-100540,26,2,398.27,57,272,2,France,199.135,0.0
SHOP-100890,29,3,939.78,43,1008,3,United Kingdom,313.26,0.01694915254237288
SHOP-102105,40,2,251.87,11,165,2,United Kingdom,125.935,0.0
SHOP-102765,50,2,1070.65,68,642,2,United Kingdom,535.325,0.0
SHOP-102558,2,11,9068.26,28,4252,10,United Kingdom,824.3872727272727,0.011111111111111112
SHOP-101145,12,5,2919.81,55,1749,2,United Kingdom,583.962,0.0
SHOP-100457,162,2,1145.84,48,556,2,United Kingdom,572.9200000000001,0.0
SHOP-101469,3,5,1662.3,17,670,5,United Kingdom,332.46,0.0
SHOP-101073,104,8,1936.84,153,1160,8,United Kingdom,242.105,0.0
SHOP-102127,11,2,382.14,16,209,2,United Kingdom,191.07,0.0
SHOP-100142,72,5,2867.2,144,1739,5,United Kingdom,573.4399999999999,0.0
SHOP-100334,5,2,731.9,166,497,2,United Kingdom,365.95,0.015463917525773196
SHOP-101301,1,3,1031.41,77,726,3,United Kingdom,343.80333333333334,0.1276595744680851
SHOP-101845,16,2,370.47999999999996,29,195,1,United Kingdom,185.24,0.0
SHOP-100587,135,2,653.35,38,355,2,United Kingdom,326.675,0.0
SHOP-102313,10,3,1043.41,31,491,3,United Kingdom,347.80333333333334,0.2894736842105263
SHOP-100398,17,2,373.75,73,164,2,United Kingdom,186.875,0.0
SHOP-101671,15,13,4921.04,71,2484,12,United Kingdom,378.54153846153844,0.005076142131979695
SHOP-102225,73,5,1674.69,67,1399,5,United Kingdom,334.938,0.0
SHOP-102070,23,10,5596.32,150,3304,8,Germany,559.6320000000001,0.0045871559633027525
SHOP-101288,358,2,1660.9,19,438,2,United Kingdom,830.45,0.42424242424242425
SHOP-101794,18,5,1880.22,76,988,5,United Kingdom,376.044,0.0
SHOP-102090,129,2,1740.0,5,1200,2,United Kingdom,870.0,0.0
SHOP-101202,116,3,621.8299999999999,23,244,3,United Kingdom,207.27666666666664,0.03571428571428571
SHOP-102131,2,5,1070.71,59,1034,5,United Kingdom,214.142,0.0
SHOP-102203,24,2,475.8,8,82,2,United Kingdom,237.9,0.1
SHOP-100168,148,2,603.37,104,410,2,United Kingdom,301.685,0.0
SHOP-100310,118,3,925.35,41,485,3,United Kingdom,308.45,0.10416666666666667
SHOP-102229,23,2,418.83,73,211,2,United Kingdom,209.41500000000002,0.0
SHOP-100977,15,8,1387.99,44,887,8,United Kingdom,173.49875,0.0
SHOP-101714,28,4,1093.68,59,714,3,United Kingdom,273.42,0.0
SHOP-100032,45,2,638.05,38,486,2,United Kingdom,319.025,0.0
SHOP-100886,57,4,1877.59,91,1057,3,United Kingdom,469.39750000000004,0.010416666666666666
SHOP-100251,15,3,471.51,82,184,3,United Kingdom,157.17,0.0
SHOP-100771,64,2,374.7,51,361,2,United Kingdom,187.35,0.0
SHOP-101329,28,6,2863.08,117,1523,6,France,477.18,0.0
SHOP-102293,40,2,1441.42,34,585,2,United Kingdom,720.71,0.0
SHOP-100469,92,3,711.41,21,546,3,United Kingdom,237.13666666666668,0.0
SHOP-102609,78,2,415.8,20,252,2,United Kingdom,207.9,0.07407407407407407
SHOP-100165,19,4,907.1,201,757,4,United Kingdom,226.775,0.0
SHOP-100381,4,2,728.16,14,596,2,United Kingdom,364.08000000000004,0.0
SHOP-102542,64,6,1158.79,26,561,6,United Kingdom,193.13166666666666,0.021739130434782608
SHOP-100216,97,3,1149.02,75,851,3,Germany,383.00666666666666,0.02531645569620253
SHOP-101871,17,8,2619.91,146,1767,8,United Kingdom,327.48875,0.014598540145985401
SHOP-100599,64,8,1942.45,135,1273,7,United Kingdom,242.80625,0.02727272727272727
SHOP-100175,7,5,2383.2400000000002,95,1285,5,United Kingdom,476.64799999999997,0.024390243902439025
SHOP-102438,28,2,584.06,31,546,2,United Kingdom,292.03,0.0
SHOP-100308,74,2,417.73,58,493,2,United Kingdom,208.865,0.0
SHOP-100169,4,5,220.10000000000002,2,62,5,United Kingdom,44.02,0.0
SHOP-101398,33,2,193.42,54,232,1,United Kingdom,96.71000000000001,0.0
SHOP-100092,197,2,1027.44,66,637,2,United Kingdom,513.72,0.028169014084507043
SHOP-101831,197,3,267.16,42,86,2,United Kingdom,89.05333333333333,0.0
SHOP-101981,159,2,188.02,12,34,2,United Kingdom,94.00999999999999,0.0
SHOP-100826,15,7,5493.46,155,2420,7,United Kingdom,784.78,0.014285714285714285
SHOP-101129,131,3,683.9,68,203,3,United Kingdom,227.96666666666667,0.0
SHOP-101222,30,3,538.73,47,283,3,United Kingdom,179.57666666666668,0.0
SHOP-101676,190,2,112.19999999999999,4,73,1,United Kingdom,56.099999999999994,0.45454545454545453
SHOP-102699,82,2,217.16,10,128,2,United Kingdom,108.58,0.09090909090909091
SHOP-101479,90,2,1689.18,96,1172,2,Germany,844.5899999999999,0.0
SHOP-101969,14,4,1835.91,77,1238,4,United Kingdom,458.9775,0.0072992700729927005
SHOP-102037,19,17,7700.2300000000005,233,2795,15,United Kingdom,452.954705882353,0.01735357917570499
SHOP-100789,13,6,912.0,96,371,6,United Kingdom,152.0,0.0
SHOP-100368,136,3,1269.84,38,408,3,Switzerland,423.28000000000003,0.0
SHOP-102285,51,2,123.8,6,62,2,United Kingdom,61.9,0.0
SHOP-100301,10,7,5126.76,46,2410,7,United Kingdom,732.3942857142857,0.013333333333333334
SHOP-100137,21,2,2794.51,111,1196,2,Italy,1397.255,0.05
SHOP-101761,32,3,899.61,93,481,3,United Kingdom,299.87,0.0
SHOP-100770,16,28,6316.57,360,4247,28,United Kingdom,225.5917857142857,0.0353448275862069
SHOP-101758,57,5,1520.58,82,1360,4,United Kingdom,304.11600000000004,0.021739130434782608
SHOP-100900,3,7,1625.05,74,402,6,United Kingdom,232.15,0.0
SHOP-102672,32,13,6688.46,211,3577,12,United Kingdom,514.496923076923,0.0223463687150838
SHOP-101011,72,3,1298.04,34,794,3,Denmark,432.68,0.0
SHOP-101123,30,4,1142.99,164,804,4,United Kingdom,285.7475,0.005076142131979695
SHOP-100443,22,5,1041.61,59,791,5,United Kingdom,208.32200000000003,0.015384615384615385
SHOP-101651,38,5,1098.43,53,2571,4,United Kingdom,219.68599999999998,0.0
SHOP-100470,20,6,4147.96,188,3044,6,United Kingdom,691.3266666666667,0.02092050209205021
SHOP-101958,181,3,483.25,32,241,3,United Kingdom,161.08333333333334,0.0
SHOP-101078,36,5,515.77,31,301,5,United Kingdom,103.154,0.18604651162790697
SHOP-102569,185,2,311.26,15,84,2,United Kingdom,155.63,0.0
SHOP-100299,20,17,13400.24,277,6685,17,Spain,788.2494117647059,0.006237006237006237
SHOP-101598,31,5,747.78,75,294,5,United Kingdom,149.556,0.05813953488372093
SHOP-100369,10,4,712.8000000000001,1,144,4,United Kingdom,178.20000000000002,0.0
SHOP-101250,94,6,622.4300000000001,18,236,6,United Kingdom,103.73833333333334,0.21621621621621623
SHOP-100621,19,12,3018.63,91,2118,11,Belgium,251.5525,0.018867924528301886
SHOP-101133,5,4,874.59,33,407,4,United Kingdom,218.6475,0.0
SHOP-100240,157,3,186.42000000000002,3,246,2,United Kingdom,62.13999999999999,0.375
SHOP-101748,3,6,2427.32,124,2474,6,United Kingdom,404.55333333333334,0.0
SHOP-100618,153,2,389.78,21,184,1,United Kingdom,194.89,0.045454545454545456
SHOP-101509,6,3,430.15000000000003,19,197,3,United Kingdom,143.38333333333333,0.0
SHOP-101515,15,3,965.61,6,553,3,United Kingdom,321.87,0.07692307692307693
SHOP-101547,59,4,1309.14,26,878,1,United Kingdom,327.285,0.0625
SHOP-101793,372,34,5391.21,21,1733,2,United Kingdom,158.565,0.04807692307692308
SHOP-102139,117,2,688.86,32,402,2,United Kingdom,344.42999999999995,0.0
SHOP-100015,52,4,813.48,22,302,4,United Kingdom,203.37,0.0
SHOP-102129,64,4,826.52,114,430,4,United Kingdom,206.63,0.0
SHOP-102265,4,13,2799.25,209,1259,13,United Kingdom,215.32692307692307,0.016713091922005572
SHOP-101838,261,2,389.44,22,208,2,United Kingdom,194.72,0.0
SHOP-102799,29,2,1360.99,42,600,2,United Kingdom,680.495,0.0851063829787234
SHOP-102159,5,2,688.33,32,479,2,United Kingdom,344.165,0.02857142857142857
SHOP-100386,61,2,637.5,40,564,2,United Kingdom,318.75,0.0
SHOP-102766,106,3,749.78,33,212,3,United Kingdom,249.92666666666665,0.0
SHOP-101945,59,7,6773.97,74,3283,5,United Kingdom,967.71,0.04065040650406504
SHOP-100893,253,3,215.72,43,88,3,United Kingdom,71.90666666666667,0.0
SHOP-100949,10,5,2639.17,91,1019,3,United Kingdom,527.8340000000001,0.03571428571428571
SHOP-102379,31,3,1247.5,8,134,3,United Kingdom,415.8333333333333,0.0
SHOP-102775,23,11,7792.36,28,4372,11,United Kingdom,708.3963636363636,0.0
SHOP-100214,33,19,14758.220000000001,183,5709,15,United Kingdom,776.7484210526317,0.01910828025477707
SHOP-101116,24,3,1174.58,47,311,3,France,391.5266666666667,0.0
SHOP-101228,22,2,852.15,32,457,2,United Kingdom,426.07500000000005,0.0
SHOP-101125,79,3,561.5699999999999,11,443,3,United Kingdom,187.19000000000003,0.0
SHOP-100717,43,3,12601.830000000002,260,2803,2,France,4200.610000000001,0.04395604395604396
SHOP-102401,24,5,1003.06,15,518,5,United Kingdom,200.61200000000002,0.06666666666666667
SHOP-102346,19,2,238.85,87,302,2,United Kingdom,119.425,0.0
SHOP-100466,51,12,5070.35,167,2775,10,United Kingdom,422.5291666666667,0.016194331983805668
SHOP-101777,218,3,253.04,5,60,3,United Kingdom,84.34666666666668,0.0
SHOP-102371,9,5,1072.3600000000001,41,486,5,United Kingdom,214.47200000000004,0.0
SHOP-100159,4,50,65039.62,366,63312,35,United Kingdom,1300.7924,0.02905982905982906
SHOP-102391,81,3,523.0,1,300,3,United Kingdom,174.33333333333334,0.0
SHOP-101388,174,2,460.59,94,539,2,United Kingdom,230.29500000000002,0.0
SHOP-101297,1,2,347.75,14,93,2,United Kingdom,173.875,0.0
SHOP-101224,63,3,784.33,34,379,3,United Kingdom,261.4433333333333,0.02564102564102564
SHOP-101380,214,2,354.12,4,76,2,United Kingdom,177.06,0.2857142857142857
SHOP-102734,68,2,853.39,35,445,2,United Kingdom,426.695,0.0
SHOP-102691,16,9,2478.95,131,2606,9,United Kingdom,275.43888888888887,0.03333333333333333
SHOP-100021,45,4,3651.97,99,7432,3,United Kingdom,912.9925,0.0
SHOP-101765,22,4,5568.35,157,2067,4,Spain,1392.0875,0.0036496350364963502
SHOP-100064,73,5,1544.13,28,430,5,United Kingdom,308.826,0.02564102564102564
SHOP-101947,159,2,665.78,80,693,2,United Kingdom,332.89,0.0
SHOP-101705,12,2,388.79,68,229,2,United Kingdom,194.39499999999998,0.0
SHOP-100373,3,12,5509.12,150,3244,12,United Kingdom,459.0933333333333,0.05244755244755245
SHOP-100698,178,4,702.25,131,349,3,United Kingdom,175.5625,0.0
SHOP-102814,9,9,1914.82,287,847,8,United Kingdom,212.75777777777776,0.014613778705636743
SHOP-102269,158,9,7374.900000000001,6,886,9,United Kingdom,819.4333333333334,0.16666666666666666
SHOP-102532,4,32,6065.69,99,2264,20,United Kingdom,189.55281250000002,0.05365853658536585
SHOP-101556,22,2,293.1,3,66,2,United Kingdom,146.55,0.0
SHOP-100288,9,10,2588.77,99,1221,10,United Kingdom,258.877,0.0472972972972973
SHOP-100264,34,2,683.13,115,359,2,United Kingdom,341.56500000000005,0.0
SHOP-102160,40,2,291.41,76,127,2,United Kingdom,145.70499999999998,0.0
SHOP-101557,51,2,618.27,25,474,2,Spain,309.135,0.0
SHOP-102618,185,2,771.85,13,105,2,United Kingdom,385.925,0.0
SHOP-101625,88,7,2005.63,34,613,7,United Kingdom,286.5185714285714,0.0
SHOP-102280,3,97,58825.83,636,31070,66,United Kingdom,606.4518556701031,0.0210016155088853
SHOP-100464,23,3,1385.51,49,843,3,United Kingdom,461.83666666666664,0.05263157894736842
SHOP-101446,31,2,703.36,35,329,2,United Kingdom,351.68,0.0
SHOP-100302,6,8,808.62,85,219,8,United Kingdom,101.0775,0.05925925925925926
SHOP-100004,8,22,26626.8,9,32184,13,United Kingdom,1210.3090909090909,0.0
SHOP-100435,64,2,570.5,35,862,2,United Kingdom,285.25,0.02631578947368421
SHOP-102428,1,3,1316.66,64,632,3,Germany,438.8866666666666,0.0
SHOP-100804,18,6,1987.3,110,1602,6,United Kingdom,331.21666666666664,0.013986013986013986
SHOP-100397,74,2,921.88,23,644,2,United Kingdom,460.94,0.1
SHOP-100096,19,2,604.64,41,604,2,United Kingdom,302.32,0.0
SHOP-100746,33,3,658.88,31,246,3,United Kingdom,219.62666666666667,0.0
SHOP-100295,41,2,920.1,15,176,2,United Kingdom,460.05,0.0
SHOP-100167,4,6,1387.68,49,932,6,United Kingdom,231.28,0.012658227848101266
SHOP-100667,10,6,2255.51,256,2070,6,United Kingdom,375.91833333333335,0.0
SHOP-102065,4,17,5425.56,81,4074,17,United Kingdom,319.15058823529415,0.04216867469879518
SHOP-102743,26,10,2265.12,139,2304,8,United Kingdom,226.512,0.0
SHOP-100641,184,3,814.5,7,68,3,Germany,271.5,0.07142857142857142
SHOP-100122,7,6,1133.25,7,1233,6,United Kingdom,188.875,0.0
SHOP-102681,59,9,3385.62,155,1768,9,United Kingdom,376.18,0.0
SHOP-100976,29,3,917.07,21,315,3,United Kingdom,305.69,0.0
SHOP-100356,22,3,950.26,135,417,3,United Kingdom,316.75333333333333,0.0
SHOP-102494,94,2,922.39,54,585,2,United Kingdom,461.195,0.0
SHOP-101928,72,5,1931.42,136,525,5,United Kingdom,386.284,0.0
SHOP-102585,18,2,1262.2,13,624,2,United Kingdom,631.1,0.0625
SHOP-101083,4,3,1936.07,125,2392,3,United Kingdom,645.3566666666667,0.06015037593984962
SHOP-100696,44,2,371.7,40,170,2,United Kingdom,185.85000000000002,0.07407407407407407
SHOP-101351,11,14,6776.56,230,4983,14,United Kingdom,484.04,0.00966183574879227
SHOP-102792,69,2,348.6,45,120,2,United Kingdom,174.3,0.0
SHOP-100653,1,10,3558.87,72,2013,10,United Kingdom,355.887,0.00909090909090909
SHOP-102776,11,6,1981.92,70,1848,6,United Kingdom,330.32,0.02247191011235955
SHOP-102443,238,2,514.15,32,247,2,United Kingdom,257.07500000000005,0.0
SHOP-101877,51,2,218.55,9,237,2,United Kingdom,109.27499999999999,0.0
SHOP-102581,71,4,1268.98,72,1136,4,United Kingdom,317.245,0.02531645569620253
SHOP-102394,22,15,8625.8,14,8894,15,United Kingdom,575.0533333333333,0.0875
SHOP-100253,81,3,323.69,20,527,3,United Kingdom,107.89666666666666,0.0
SHOP-101458,57,2,239.92000000000002,23,241,2,United Kingdom,119.96000000000001,0.0
SHOP-102462,191,3,710.29,142,462,3,United Kingdom,236.76333333333332,0.0
SHOP-101048,79,2,254.18,15,201,2,France,127.09,0.0
SHOP-101804,7,4,452.24,116,310,2,United Kingdom,113.06,0.0
SHOP-101694,1,7,13375.87,219,11071,6,Norway,1910.8385714285716,0.0
SHOP-102519,96,6,3228.84,169,1614,6,United Kingdom,538.14,0.0
SHOP-100446,39,2,192.72,11,194,2,Germany,96.36,0.0
SHOP-100614,106,6,1905.8400000000001,66,760,6,United Kingdom,317.64000000000004,0.009708737864077669
SHOP-101724,4,6,2322.4,110,3412,6,United Kingdom,387.06666666666666,0.0072992700729927005
SHOP-101935,27,4,652.82,165,308,4,United Kingdom,163.205,0.0
SHOP-100133,59,4,950.36,40,500,3,United Kingdom,237.59,0.0
SHOP-101633,98,3,529.62,6,179,3,United Kingdom,176.54,0.0
SHOP-101451,162,4,4341.21,154,2125,4,EIRE,1085.3025,0.006172839506172839
SHOP-100601,18,6,1720.3,43,734,6,United Kingdom,286.71666666666664,0.04285714285714286
SHOP-101304,3,4,522.38,68,185,4,United Kingdom,130.595,0.0
SHOP-101680,197,3,2139.76,17,2172,3,United Kingdom,713.2533333333334,0.0
SHOP-102678,1,17,3292.14,196,1454,17,United Kingdom,193.65529411764706,0.0028735632183908046
SHOP-102405,8,16,9261.52,270,4438,13,United Kingdom,578.845,0.016885553470919325
SHOP-101531,1,10,1222.71,142,937,9,United Kingdom,122.271,0.006968641114982578
SHOP-100077,46,3,4932.2,257,3364,2,United Kingdom,1644.0666666666666,0.04642857142857143
SHOP-102517,105,4,1887.2,102,1562,4,United Kingdom,471.80000000000007,0.0
SHOP-100526,114,2,932.97,52,605,2,United Kingdom,466.485,0.0
SHOP-102184,9,7,2797.57,335,2051,5,United Kingdom,399.6528571428571,0.014285714285714285
SHOP-101068,67,3,705.12,39,424,3,United Kingdom,235.04,0.0
SHOP-100613,39,2,578.9399999999999,29,347,2,United Kingdom,289.47,0.0
SHOP-101132,34,2,2225.37,122,1247,2,United Kingdom,1112.685,0.030303030303030304
SHOP-101407,33,7,2467.35,92,1501,5,United Kingdom,352.4785714285714,0.006896551724137931
SHOP-100124,41,5,1112.22,199,723,4,United Kingdom,222.44400000000002,0.004201680672268907
SHOP-100692,5,2,247.15,27,47,2,United Kingdom,123.575,0.0
SHOP-102676,39,2,233.23000000000002,53,103,2,United Kingdom,116.61500000000001,0.0
SHOP-100955,41,3,895.13,37,368,3,United Kingdom,298.37666666666667,0.0
SHOP-101404,52,3,2662.06,105,1165,3,Austria,887.3533333333334,0.0
SHOP-101189,11,19,8631.31,13,11491,15,United Kingdom,454.2794736842105,0.043478260869565216
SHOP-102033,149,2,2209.85,37,919,2,Israel,1104.925,0.0
SHOP-100483,312,5,501.39000000000004,26,260,3,United Kingdom,100.278,0.09375
SHOP-100201,50,3,598.83,28,265,3,United Kingdom,199.61,0.0
SHOP-101181,74,7,861.89,44,398,6,United Kingdom,123.12714285714286,0.0
SHOP-100355,5,4,1535.53,74,1277,4,United Kingdom,383.8825,0.011764705882352941
SHOP-102448,5,7,2031.78,51,1391,7,United Kingdom,290.2542857142857,0.1125
SHOP-100303,18,2,304.47,29,186,2,United Kingdom,152.235,0.0
SHOP-101135,79,4,1240.11,54,493,3,United Kingdom,310.02750000000003,0.1927710843373494
SHOP-101155,74,4,4149.28,128,2660,2,United Kingdom,1037.32,0.0
SHOP-102066,2,6,1838.8500000000001,90,1575,6,United Kingdom,306.47499999999997,0.145985401459854
SHOP-100822,25,3,865.0600000000001,55,388,3,United Kingdom,288.3533333333333,0.05172413793103448
SHOP-102210,103,4,801.49,68,378,4,United Kingdom,200.3725,0.0
SHOP-102794,234,2,2040.1,77,1279,2,Germany,1020.05,0.10309278350515463
SHOP-102011,129,4,1590.81,80,983,4,United Kingdom,397.7025,0.020202020202020204
SHOP-100305,11,5,1530.75,111,2406,5,United Kingdom,306.15,0.0
SHOP-101799,101,5,1406.59,51,561,5,United Kingdom,281.318,0.08333333333333333
SHOP-102786,15,2,379.65,21,114,2,United Kingdom,189.825,0.0
SHOP-102576,58,4,6372.58,214,1622,4,Cyprus,1593.145,0.023622047244094488
SHOP-102697,31,2,502.8,25,409,2,United Kingdom,251.4,0.07142857142857142
SHOP-100626,32,3,2235.3,80,1342,3,United Kingdom,745.0999999999999,0.0
SHOP-101507,9,2,987.01,104,694,2,United Kingdom,493.505,0.0234375
SHOP-101333,64,4,695.42,37,494,4,United Kingdom,173.855,0.03278688524590164
SHOP-100243,7,7,2567.06,153,1788,5,United Kingdom,366.72285714285715,0.011299435028248588
SHOP-100734,68,2,1378.4,75,770,2,United Kingdom,689.2,0.046511627906976744
SHOP-100710,5,5,1257.68,30,417,5,Channel Islands,251.536,0.023809523809523808
SHOP-101778,5,26,10845.550000000001,209,4724,17,United Kingdom,417.1365384615384,0.048
SHOP-101569,123,4,3104.95,234,1721,4,United Kingdom,776.2375,0.0
SHOP-100901,57,2,245.81,51,287,2,United Kingdom,122.905,0.0
SHOP-100963,291,2,787.15,25,549,2,United Kingdom,393.57500000000005,0.1935483870967742
SHOP-102286,15,2,360.93,101,212,1,United Kingdom,180.465,0.0
SHOP-100783,256,3,4959.1,29,2968,2,United Kingdom,1653.0333333333335,0.05454545454545454
SHOP-101002,4,3,786.46,34,448,3,Germany,262.15333333333336,0.046511627906976744
SHOP-100002,5,2,610.52,42,351,2,Germany,305.26,0.0
SHOP-102341,2,18,4448.54,272,3184,16,United Kingdom,247.14111111111112,0.0022172949002217295
SHOP-102836,4,9,1018.43,162,732,8,United Kingdom,113.1588888888889,0.0
SHOP-100675,3,4,1388.81,36,477,4,United Kingdom,347.2025,0.0
SHOP-102560,61,8,694.4000000000001,8,104,8,United Kingdom,86.8,0.11538461538461539
SHOP-100971,64,7,2494.46,111,1415,7,United Kingdom,356.3514285714286,0.0
SHOP-100858,39,7,3442.15,141,2262,7,United Kingdom,491.7357142857143,0.005649717514124294
SHOP-100678,23,4,2709.12,157,2051,4,United Kingdom,677.28,0.0
SHOP-101439,8,4,832.88,142,585,4,United Kingdom,208.22,0.0
SHOP-100479,164,2,508.8,2,480,2,United Kingdom,254.4,0.0
SHOP-101567,21,4,507.29,24,253,4,United Kingdom,126.8225,0.0
SHOP-100733,237,3,630.84,27,414,3,United Kingdom,210.28,0.0
SHOP-102705,11,4,1797.78,97,1224,3,United Kingdom,449.445,0.0
SHOP-100505,15,15,9736.52,93,3936,15,Germany,649.1013333333334,0.19066147859922178
SHOP-102682,21,4,668.5600000000001,18,347,4,United Kingdom,167.14,0.125
SHOP-101088,109,3,1405.78,24,772,3,United Kingdom,468.5933333333333,0.0
SHOP-100894,226,2,755.75,14,213,2,United Kingdom,377.875,0.375
SHOP-102818,145,4,1484.06,54,419,4,United Kingdom,371.015,0.0
SHOP-101106,16,4,1267.6499999999999,16,571,3,United Kingdom,316.91249999999997,0.058823529411764705
SHOP-102364,58,2,337.34,15,274,2,United Kingdom,168.67,0.0
SHOP-101053,23,5,914.69,79,652,5,United Kingdom,182.93800000000002,0.006666666666666667
SHOP-100630,11,4,1643.18,35,1044,3,France,410.795,0.16071428571428573
SHOP-101596,26,3,1213.1599999999999,59,1468,3,United Kingdom,404.3866666666666,0.016129032258064516
SHOP-100609,1,13,4810.9400000000005,155,2224,12,United Kingdom,370.07230769230773,0.013513513513513514
SHOP-101152,310,2,426.79,43,112,2,United Kingdom,213.395,0.0
SHOP-101792,26,6,2925.91,140,1410,6,United Kingdom,487.65166666666664,0.0
SHOP-102270,19,7,2657.13,52,1699,7,United Kingdom,379.59000000000003,0.037037037037037035
SHOP-101712,108,2,1135.04,30,611,2,United Kingdom,567.52,0.0
SHOP-102832,51,3,458.57,24,199,3,United Kingdom,152.85666666666668,0.034482758620689655
SHOP-100361,23,2,363.9,5,120,2,United Kingdom,181.95,0.0
SHOP-101327,26,3,948.05,156,540,2,United Kingdom,316.0166666666667,0.0
SHOP-100154,65,2,487.99,71,225,2,United Kingdom,243.995,0.0
SHOP-100072,36,3,343.45,14,195,3,United Kingdom,114.48333333333335,0.0
SHOP-101095,227,2,632.07,36,371,2,United Kingdom,316.035,0.1590909090909091
SHOP-102716,50,2,272.04,16,228,2,United Kingdom,136.01999999999998,0.0
SHOP-100757,12,5,909.23,117,271,5,United Kingdom,181.846,0.0
SHOP-101353,256,2,1276.0,2,152,2,United Kingdom,638.0,0.0
SHOP-100744,5,2,644.95,34,374,2,France,322.475,0.07142857142857142
SHOP-102400,19,5,1447.39,217,674,4,United Kingdom,289.47799999999995,0.02666666666666667
SHOP-100748,64,3,1174.35,57,810,3,United Kingdom,391.45,0.0
SHOP-102602,19,8,3456.7000000000003,310,2091,6,United Kingdom,432.0875,0.0
SHOP-100304,5,5,1026.42,123,491,5,United Kingdom,205.28400000000002,0.0
SHOP-100769,11,7,4478.53,162,2752,7,Germany,639.79,0.0
SHOP-102072,8,2,497.56,21,229,2,United Kingdom,248.78000000000003,0.0
SHOP-101949,10,13,2607.87,347,1453,12,United Kingdom,200.6053846153846,0.0
SHOP-101213,36,8,2506.04,59,536,7,Norway,313.255,0.10526315789473684
SHOP-100049,2,6,1629.12,118,1487,6,United Kingdom,271.52,0.0043859649122807015
SHOP-102137,52,2,1537.95,97,1016,2,United Kingdom,768.9749999999999,0.0
SHOP-101535,4,23,6675.71,51,2006,20,United Kingdom,290.24826086956523,0.0
SHOP-100857,6,4,605.06,123,344,4,United Kingdom,151.265,0.0
SHOP-101195,10,55,117379.63,714,57885,43,EIRE,2134.175090909091,0.014084507042253521
SHOP-102760,44,3,3181.04,105,1633,3,Switzerland,1060.3466666666666,0.031007751937984496
SHOP-102257,135,6,1957.1000000000001,66,800,3,United Kingdom,326.18333333333334,0.07142857142857142
SHOP-102791,22,2,3415.3,92,1818,2,Denmark,1707.65,0.027777777777777776
SHOP-102093,8,9,1875.1100000000001,93,1140,8,United Kingdom,208.34555555555553,0.0
SHOP-102289,45,3,675.27,76,288,3,United Kingdom,225.09,0.0
SHOP-101190,206,2,412.78000000000003,26,214,2,United Kingdom,206.39,0.13333333333333333
SHOP-102610,155,2,187.29,31,285,1,United Kingdom,93.64500000000001,0.0
SHOP-101551,157,3,781.36,147,489,2,United Kingdom,260.4533333333333,0.0
SHOP-100703,38,8,2285.71,78,1756,7,United Kingdom,285.71375,0.0873015873015873
SHOP-101751,96,5,948.25,24,439,4,United Kingdom,189.65,0.0
SHOP-101217,22,3,1538.88,96,1111,3,United Kingdom,512.96,0.00980392156862745
SHOP-101897,12,3,911.15,157,825,3,United Kingdom,303.71666666666664,0.0
SHOP-101056,78,3,1560.38,64,965,3,United Kingdom,520.1266666666667,0.010752688172043012
SHOP-101138,10,4,869.46,56,800,4,United Kingdom,217.365,0.0
SHOP-101797,4,86,11189.91,94,9289,71,United Kingdom,130.11523255813952,0.00974025974025974
SHOP-100860,17,8,6643.93,389,3128,8,United Kingdom,830.49125,0.005284015852047556
SHOP-100272,281,2,3811.95,4,1491,2,Japan,1905.975,0.3333333333333333
SHOP-100760,38,3,1247.69,49,817,3,United Kingdom,415.8966666666667,0.0
SHOP-101194,3,14,5591.42,95,3807,14,United Kingdom,399.38714285714286,0.006329113924050633
SHOP-100956,53,2,860.41,43,592,2,Portugal,430.205,0.0
SHOP-102398,14,21,6509.1,122,2769,21,United Kingdom,309.95714285714286,0.003076923076923077
SHOP-101229,4,7,3902.28,47,3820,7,United Kingdom,557.4685714285714,0.01639344262295082
SHOP-101267,3,2,399.19,15,255,2,United Kingdom,199.59499999999997,0.0
SHOP-101512,17,2,642.8,37,441,2,United Kingdom,321.4,0.0
SHOP-102631,15,2,196.79000000000002,14,315,2,United Kingdom,98.39500000000001,0.0
SHOP-101585,176,2,147.20000000000002,27,46,2,United Kingdom,73.6,0.0
SHOP-100869,3,6,3078.58,99,2050,6,United Kingdom,513.0966666666667,0.023529411764705882
SHOP-100242,10,5,2996.05,58,1397,5,France,599.2099999999999,0.02127659574468085
SHOP-102695,77,3,706.19,45,373,3,United Kingdom,235.39666666666668,0.0
SHOP-101555,22,3,617.99,127,332,2,United Kingdom,205.99666666666667,0.0
SHOP-101357,9,4,3750.4,82,1557,4,Denmark,937.6,0.0
SHOP-102823,5,9,1797.57,101,3957,9,United Kingdom,199.73,0.0
SHOP-101575,78,2,1384.85,55,1005,2,United Kingdom,692.425,0.0
SHOP-102703,20,5,1197.81,68,410,4,United Kingdom,239.56199999999998,0.036585365853658534
SHOP-100475,95,6,3100.09,108,1646,5,United Kingdom,516.6816666666667,0.0064516129032258064
SHOP-102570,23,3,1324.16,69,618,3,United Kingdom,441.3866666666666,0.03896103896103896
SHOP-101983,123,2,804.02,39,511,2,United Kingdom,402.01,0.04081632653061224
SHOP-100561,64,4,2634.45,114,1477,3,United Kingdom,658.6125,0.008333333333333333
SHOP-102423,19,3,635.41,25,330,3,United Kingdom,211.8033333333333,0.0
SHOP-101168,5,2,640.83,26,162,2,United Kingdom,320.41499999999996,0.0
SHOP-100544,39,8,2337.63,97,1041,7,United Kingdom,292.20375,0.04065040650406504
SHOP-100101,8,2,319.0,11,172,2,United Kingdom,159.5,0.13333333333333333
SHOP-101115,61,2,422.64,21,266,2,United Kingdom,211.32,0.045454545454545456
SHOP-100454,13,4,732.16,113,350,4,United Kingdom,183.04,0.0
SHOP-101913,30,5,3095.04,292,1855,5,United Kingdom,619.008,0.0
SHOP-102370,31,2,823.97,87,544,2,United Kingdom,411.985,0.0
SHOP-100780,17,12,2999.46,127,1525,12,United Kingdom,249.955,0.018633540372670808
SHOP-101269,1,24,4436.12,281,5885,20,United Kingdom,184.83833333333334,0.09574468085106383
SHOP-100932,25,2,550.06,24,224,2,United Kingdom,275.03,0.0
SHOP-101936,29,7,2238.09,89,2047,6,United Kingdom,319.7271428571429,0.010362694300518135
SHOP-102409,43,11,2380.85,83,993,11,United Kingdom,216.4409090909091,0.034482758620689655
SHOP-102256,131,2,677.1,35,282,1,United Kingdom,338.54999999999995,0.027777777777777776
SHOP-102615,4,15,7060.13,108,3445,15,United Kingdom,470.67533333333336,0.0056657223796034
SHOP-101497,11,9,7044.68,193,3708,8,United Kingdom,782.7422222222223,0.015772870662460567
SHOP-101354,18,6,3794.52,208,2367,6,United Kingdom,632.42,0.0
SHOP-101503,30,15,4757.95,186,1773,14,United Kingdom,317.19666666666666,0.007751937984496124
SHOP-101536,172,2,1038.46,56,732,2,Unspecified,519.23,0.0
SHOP-100520,15,2,467.04,19,176,2,United Kingdom,233.51999999999998,0.0
SHOP-102773,220,2,1693.45,107,976,2,United Kingdom,846.725,0.03571428571428571
SHOP-102048,76,3,1080.76,67,1014,3,United Kingdom,360.25333333333333,0.0
SHOP-102096,18,4,990.23,43,844,4,United Kingdom,247.55749999999998,0.0
SHOP-102045,21,3,1509.58,102,1054,3,United Kingdom,503.1933333333333,0.01834862385321101
SHOP-102692,2,6,2225.91,76,624,5,Portugal,370.98499999999996,0.023255813953488372
SHOP-101624,9,2,375.35,20,104,2,United Kingdom,187.675,0.0
SHOP-101092,21,8,726.05,60,980,8,United Kingdom,90.75625,0.1728395061728395
SHOP-102007,85,5,3029.87,64,851,4,United Kingdom,605.9739999999999,0.0
SHOP-101410,65,3,1313.55,57,684,3,United Kingdom,437.84999999999997,0.0
SHOP-102537,37,2,804.49,123,647,2,United Kingdom,402.245,0.0
SHOP-100814,53,5,2107.66,66,1752,5,United Kingdom,421.53200000000004,0.0
SHOP-101418,26,3,5360.63,119,2659,3,United Kingdom,1786.8766666666668,0.029940119760479042
SHOP-102456,17,7,3191.53,88,1956,7,United Kingdom,455.9328571428572,0.0
SHOP-100851,22,3,780.43,102,498,2,United Kingdom,260.1433333333334,0.0
SHOP-101718,72,3,668.4300000000001,34,218,3,United Kingdom,222.81000000000003,0.02857142857142857
SHOP-102151,7,5,787.6,45,300,4,United Kingdom,157.52,0.016666666666666666
SHOP-102567,96,2,913.19,29,493,2,United Kingdom,456.595,0.0
SHOP-102276,24,4,974.54,15,525,4,United Kingdom,243.635,0.0
SHOP-100405,38,21,7239.92,234,5783,19,United Kingdom,344.7580952380952,0.011976047904191617
SHOP-101262,96,2,572.2,27,128,2,Poland,286.1,0.0
SHOP-102714,17,4,746.83,98,306,4,United Kingdom,186.7075,0.0
SHOP-100892,7,12,4165.52,231,2067,12,United Kingdom,347.1266666666667,0.021212121212121213
SHOP-102305,74,3,572.451,25,165,3,United Kingdom,190.817,0.0
SHOP-100990,257,2,346.6,23,139,2,United Kingdom,173.3,0.0
SHOP-102075,14,5,1770.8799999999999,297,790,5,United Kingdom,354.17600000000004,0.018518518518518517
SHOP-101041,12,6,853.72,111,463,6,United Kingdom,142.28666666666666,0.0
SHOP-100212,17,5,1386.04,47,877,5,Netherlands,277.20799999999997,0.014925373134328358
SHOP-102601,8,8,2618.23,87,1645,8,United Kingdom,327.27875,0.0
SHOP-100387,9,2,676.99,38,355,2,United Kingdom,338.495,0.0
SHOP-101846,71,2,667.65,45,533,1,United Kingdom,333.825,0.0
SHOP-100193,10,4,1621.73,28,815,4,United Kingdom,405.4325,0.0
SHOP-102661,79,3,11072.67,91,5551,3,Switzerland,3690.89,0.043859649122807015
SHOP-101328,24,2,576.26,129,440,2,United Kingdom,288.13,0.0
SHOP-101373,81,2,490.86,15,310,2,United Kingdom,245.43,0.0
SHOP-100222,4,4,717.4499999999999,107,854,4,United Kingdom,179.36249999999998,0.0
SHOP-102089,23,6,1303.52,86,1020,6,United Kingdom,217.25333333333333,0.025210084033613446
SHOP-102593,30,11,12353.29,229,5967,8,United Kingdom,1123.0263636363636,0.04009433962264151
SHOP-100353,283,2,348.05,19,163,2,United Kingdom,174.025,0.05
SHOP-100132,23,4,1714.59,68,882,4,United Kingdom,428.64750000000004,0.047058823529411764
SHOP-102357,8,4,2089.85,52,963,3,United Kingdom,522.4625,0.0
SHOP-102268,59,2,444.74,19,161,2,United Kingdom,222.37,0.05
SHOP-100207,68,4,1592.06,24,250,4,United Kingdom,398.015,0.0
SHOP-101894,9,6,1793.17,86,1360,6,United Kingdom,298.8616666666667,0.0
SHOP-102017,11,7,2474.23,71,1328,6,United Kingdom,353.4614285714286,0.056179775280898875
SHOP-102063,113,4,2207.4,8,873,4,United Kingdom,551.85,0.0
SHOP-101318,151,2,652.8,2,256,2,United Kingdom,326.4,0.0
SHOP-100218,60,3,620.04,177,348,3,United Kingdom,206.67999999999998,0.0
SHOP-100358,56,5,2607.61,94,1328,4,United Kingdom,521.5219999999999,0.08633093525179857
SHOP-101639,18,7,2298.93,90,1211,5,United Kingdom,328.4185714285714,0.0
SHOP-100350,26,10,3350.96,117,1820,6,United Kingdom,335.096,0.04371584699453552
SHOP-101903,16,8,1906.09,140,1532,8,United Kingdom,238.26125000000002,0.0
SHOP-100719,43,7,1280.85,10,175,7,United Kingdom,182.97857142857146,0.0
SHOP-100228,144,3,1749.02,68,661,3,United Kingdom,583.0066666666667,0.023529411764705882
SHOP-100309,64,2,826.74,25,671,2,Czech Republic,413.37,0.16666666666666666
SHOP-100651,5,21,11349.52,269,5840,15,United Kingdom,540.4533333333334,0.041390728476821195
SHOP-102509,10,4,420.29999999999995,3,162,4,United Kingdom,105.075,0.0
SHOP-102728,37,6,2248.56,96,1496,6,United Kingdom,374.76,0.03571428571428571
SHOP-102100,78,2,1013.04,38,486,2,United Arab Emirates,506.52,0.0
SHOP-102518,2,30,19824.05,150,8212,20,Germany,660.8016666666666,0.1337099811676083
SHOP-102278,32,3,944.41,86,520,3,United Kingdom,314.80333333333334,0.008928571428571428
SHOP-102825,31,7,1519.08,121,753,6,United Kingdom,217.01142857142855,0.0
SHOP-102510,16,7,1099.98,21,627,6,United Kingdom,157.14000000000001,0.07142857142857142
SHOP-102140,60,3,3222.3,139,1515,3,United Kingdom,1074.1000000000001,0.09146341463414634
SHOP-100277,57,4,1295.3,90,1116,4,United Kingdom,323.82500000000005,0.0
SHOP-100502,11,7,2606.53,60,1616,7,United Kingdom,372.3614285714286,0.0
SHOP-100870,25,4,1971.87,60,1398,3,United Kingdom,492.9675,0.08333333333333333
SHOP-102301,24,3,4628.75,220,4338,3,United Kingdom,1542.9166666666667,0.017543859649122806
SHOP-100660,10,6,2420.84,139,1359,6,United Kingdom,403.47333333333336,0.0
SHOP-101549,67,2,3683.86,114,3233,2,United Kingdom,1841.93,0.008064516129032258
SHOP-100523,219,3,1008.39,46,323,3,United Kingdom,336.13000000000005,0.05555555555555555
SHOP-102039,205,2,483.8,17,174,2,United Kingdom,241.89999999999998,0.0
SHOP-102713,2,25,5870.08,119,2961,18,United Kingdom,234.8032,0.13450292397660818
SHOP-100644,4,6,1286.27,57,791,6,United Kingdom,214.37833333333333,0.01639344262295082
SHOP-100959,78,2,483.4,4,108,2,United Kingdom,241.70000000000002,0.16666666666666666
SHOP-100829,66,5,2055.51,85,1033,4,United Kingdom,411.10200000000003,0.0
SHOP-100846,73,4,684.4200000000001,26,1128,4,United Kingdom,171.10500000000002,0.0
SHOP-101523,51,6,889.9300000000001,50,597,5,United Kingdom,148.3216666666667,0.018867924528301886
SHOP-101251,45,5,1125.07,67,1675,5,United Kingdom,225.01399999999998,0.0
SHOP-102578,19,8,2758.26,118,1844,8,United Kingdom,344.7825,0.056962025316455694
SHOP-101098,10,2,144.91000000000003,9,56,2,United Kingdom,72.455,0.0
SHOP-100320,5,5,2463.17,78,983,4,United Kingdom,492.634,0.0
SHOP-102843,5,4,1417.29,148,1018,3,United Kingdom,354.3225,0.0
SHOP-100400,29,3,1842.56,182,1981,3,United Kingdom,614.1866666666666,0.0
SHOP-102186,12,4,905.04,96,543,3,United Kingdom,226.26,0.0
SHOP-101966,36,5,1198.23,61,441,5,United Kingdom,239.64600000000002,0.0
SHOP-100872,7,18,9053.94,334,4542,17,United Kingdom,502.99666666666667,0.011058451816745656
SHOP-101880,74,2,234.34000000000003,7,88,2,United Kingdom,117.17000000000002,0.0
SHOP-101484,16,28,7277.7,313,5435,20,United Kingdom,259.91785714285714,0.002178649237472767
SHOP-101010,82,2,1890.94,68,1042,2,Channel Islands,945.47,0.011363636363636364
SHOP-101417,4,23,26879.04,19,19256,20,United Kingdom,1168.6539130434783,0.03571428571428571
SHOP-101698,2,73,280206.02,700,196915,45,Netherlands,3838.438630136986,0.002398081534772182
SHOP-101109,145,2,747.81,50,827,2,United Kingdom,373.905,0.2777777777777778
SHOP-101528,41,9,1337.72,161,604,7,United Kingdom,148.63555555555556,0.008368200836820083
SHOP-102109,104,4,1534.26,44,1188,4,United Kingdom,383.56499999999994,0.058823529411764705
SHOP-100785,14,4,692.85,10,458,4,United Kingdom,173.2125,0.09090909090909091
SHOP-102238,315,2,779.5699999999999,38,368,2,France,389.78499999999997,0.0
SHOP-101546,3,7,2832.84,190,1428,7,United Kingdom,404.6914285714286,0.01098901098901099
SHOP-100500,25,3,2338.6000000000004,27,714,3,United Kingdom,779.5333333333334,0.0
SHOP-102108,43,3,1837.28,59,1586,3,United Kingdom,612.4266666666666,0.0
SHOP-101254,40,3,1575.89,69,820,3,United Kingdom,525.2966666666667,0.05952380952380952
SHOP-100979,51,4,3545.69,143,2353,4,Cyprus,886.4224999999999,0.0
SHOP-101023,8,11,2633.0099999999998,101,1878,11,United Kingdom,239.36454545454546,0.0
SHOP-100839,28,3,1692.27,3,875,3,United Kingdom,564.09,0.0
SHOP-101018,9,37,16587.09,233,9526,23,United Kingdom,448.29972972972973,0.02834008097165992
SHOP-100925,4,2,439.43,31,326,2,United Kingdom,219.715,0.0
SHOP-101492,31,11,3170.98,123,1563,9,United Kingdom,288.2709090909091,0.006024096385542169
SHOP-102731,13,7,1357.6,147,778,7,United Kingdom,193.94285714285712,0.0
SHOP-100333,29,13,4396.13,58,1062,13,Germany,338.1638461538462,0.06338028169014084
SHOP-102046,277,2,149.64,13,175,1,United Kingdom,74.82,0.0
SHOP-102170,87,4,2106.84,23,1220,4,United Kingdom,526.71,0.0
SHOP-100661,23,3,1134.28,47,608,3,United Kingdom,378.0933333333333,0.09090909090909091
SHOP-102329,148,2,554.38,30,505,2,United Kingdom,277.19,0.0
SHOP-100189,16,7,2064.95,82,1080,7,United Kingdom,294.99285714285713,0.01694915254237288
SHOP-102584,66,2,725.18,32,730,2,United Kingdom,362.59,0.05405405405405406
SHOP-101022,10,12,3901.81,102,2243,12,United Kingdom,325.1508333333333,0.018867924528301886
SHOP-101825,61,3,357.77,8,235,2,United Kingdom,119.25666666666666,0.0
SHOP-102671,12,2,626.45,28,380,2,United Kingdom,313.225,0.029411764705882353
SHOP-100249,39,2,1079.6599999999999,39,1054,2,United Kingdom,539.8299999999999,0.0
SHOP-102730,6,3,971.58,56,331,3,United Kingdom,323.85999999999996,0.0
SHOP-100268,43,3,645.96,122,341,1,United Kingdom,215.32000000000002,0.0
SHOP-100149,65,2,1025.44,20,1162,2,United Kingdom,512.72,0.09090909090909091
SHOP-101525,10,4,1678.1200000000001,65,895,4,United Kingdom,419.53000000000003,0.0125
SHOP-100025,75,5,3144.86,65,1959,4,United Kingdom,628.972,0.0125
SHOP-100578,212,3,816.73,23,145,3,United Kingdom,272.24333333333334,0.0
SHOP-102273,11,4,745.06,33,323,4,United Kingdom,186.265,0.027777777777777776
SHOP-101863,166,3,811.45,23,682,3,United Kingdom,270.48333333333335,0.0
SHOP-100352,73,5,2446.6,88,1275,5,United Kingdom,489.32000000000005,0.15555555555555556
SHOP-100419,5,6,400.86,8,123,5,United Kingdom,66.81,0.0
SHOP-102103,151,2,486.82000000000005,25,330,2,United Kingdom,243.41000000000003,0.0
SHOP-101230,55,2,319.61,89,188,2,United Kingdom,159.805,0.0
SHOP-102779,140,4,2293.62,79,1028,3,United Kingdom,573.405,0.0
SHOP-101477,178,2,674.52,33,320,2,United Kingdom,337.26,0.0
SHOP-101103,3,2,606.91,35,334,2,United Kingdom,303.455,0.07894736842105263
SHOP-101501,8,3,789.79,40,609,2,United Kingdom,263.2633333333333,0.023255813953488372
SHOP-102834,95,2,911.94,57,595,2,United Kingdom,455.97,0.0
SHOP-101760,18,5,1159.11,31,1365,5,United Kingdom,231.82200000000003,0.06666666666666667
SHOP-101383,30,7,3084.68,56,2088,6,United Kingdom,440.6685714285714,0.06666666666666667
SHOP-100861,17,11,4095.9,179,2556,10,United Kingdom,372.3545454545455,0.03816793893129771
SHOP-102580,36,2,740.78,44,522,2,United Kingdom,370.39,0.0
SHOP-101444,29,7,2272.4,35,1006,7,United Kingdom,324.62857142857143,0.0
SHOP-101278,28,7,2095.13,163,1167,5,United Kingdom,299.30428571428575,0.0
SHOP-101065,11,25,9241.2,354,5385,23,United Kingdom,369.648,0.005208333333333333
SHOP-100643,163,2,1760.96,30,740,1,Australia,880.4800000000001,0.0
SHOP-100673,93,4,678.25,28,331,3,United Kingdom,169.5625,0.08888888888888889
SHOP-100202,22,4,1400.44,88,1501,3,United Kingdom,350.11,0.03418803418803419
SHOP-101591,2,7,4310.0,103,2458,7,Iceland,615.7142857142857,0.0
SHOP-102259,95,2,689.13,131,433,2,United Kingdom,344.565,0.0
SHOP-101630,18,8,2360.09,210,1479,7,United Kingdom,295.01125,0.0
SHOP-101246,17,6,1844.02,60,1236,6,United Kingdom,307.33666666666664,0.012048192771084338
SHOP-100809,15,7,1790.42,107,1204,7,United Kingdom,255.77428571428572,0.009852216748768473
SHOP-101074,29,3,556.95,53,294,2,United Kingdom,185.65,0.0
SHOP-101726,25,8,2527.92,120,1896,8,United Kingdom,315.99,0.03676470588235294
SHOP-100256,134,3,1390.5,23,1574,3,United Kingdom,463.5,0.0
SHOP-101136,43,7,4582.64,102,2668,7,United Kingdom,654.6628571428572,0.0
SHOP-101263,196,3,455.88,25,342,3,United Kingdom,151.96,0.0
SHOP-100102,4,16,3754.27,387,2034,15,United Kingdom,234.641875,0.0
SHOP-102761,4,2,249.72,52,93,2,United Kingdom,124.86,0.0
SHOP-100229,106,3,149.05,4,103,3,United Kingdom,49.68333333333334,0.0
SHOP-102759,87,2,758.92,55,716,2,United Kingdom,379.46000000000004,0.0
SHOP-102382,24,4,781.28,98,1170,4,United Kingdom,195.32,0.0
SHOP-100152,44,2,792.11,52,443,2,United Kingdom,396.055,0.0
SHOP-101802,169,2,842.65,8,143,2,United Kingdom,421.325,0.1
SHOP-102717,74,2,534.24,9,300,2,United Kingdom,267.12,0.0
SHOP-100818,11,4,652.74,25,872,3,United Kingdom,163.185,0.0
SHOP-100934,16,2,250.15,12,97,2,United Kingdom,125.075,0.0
SHOP-101921,15,13,4488.81,189,1568,13,United Kingdom,345.29307692307697,0.003367003367003367
SHOP-102433,218,4,605.8000000000001,14,114,4,United Kingdom,151.45,0.0
SHOP-101499,232,2,876.42,49,490,2,United Kingdom,438.21,0.0
SHOP-102330,4,2,525.24,92,404,2,United Kingdom,262.62,0.0
SHOP-102376,67,7,3313.79,144,1890,7,United Kingdom,473.3985714285714,0.0
SHOP-101764,282,2,110.38000000000001,11,44,1,United Kingdom,55.190000000000005,0.0
SHOP-100947,72,4,1582.6000000000001,47,816,4,Australia,395.65,0.0
SHOP-100915,12,21,4183.39,285,3819,20,United Kingdom,199.2090476190476,0.004219409282700422
SHOP-100970,8,9,4881.88,10,1203,9,Finland,542.4311111111111,0.02631578947368421
SHOP-101356,3,21,6363.59,284,3742,21,United Kingdom,303.02809523809526,0.06187624750499002
SHOP-100514,60,3,709.38,35,440,3,United Kingdom,236.46,0.0
SHOP-100043,80,2,797.71,50,678,2,Germany,398.855,0.0
SHOP-101102,26,2,595.42,17,616,2,United Kingdom,297.71,0.17391304347826086
SHOP-100859,3,7,3119.44,29,5056,6,United Kingdom,445.63428571428574,0.0
SHOP-100171,2,13,4684.76,145,3662,13,United Kingdom,360.36615384615385,0.015209125475285171
SHOP-100410,334,3,876.0,1,80,3,United Kingdom,292.0,0.5
SHOP-101060,3,5,1736.4,39,1004,5,United Kingdom,347.28000000000003,0.0
SHOP-101434,40,3,1233.3600000000001,100,619,3,United Kingdom,411.11999999999995,0.0
SHOP-100023,33,4,1187.66,48,506,4,United Kingdom,296.915,0.0
SHOP-101776,219,5,1561.6100000000001,80,795,5,United Kingdom,312.322,0.0
SHOP-102538,4,4,1785.15,8,437,4,United Kingdom,446.2875,0.0
SHOP-101322,1,4,1106.53,46,440,3,United Kingdom,276.6325,0.0
SHOP-102393,56,3,244.1,27,109,3,United Kingdom,81.36666666666666,0.0
SHOP-102557,11,12,4226.57,155,1876,11,United Kingdom,352.21416666666664,0.009615384615384616
SHOP-102021,6,2,697.04,133,406,2,United Kingdom,348.52,0.0
SHOP-100178,12,7,3190.55,104,1844,7,United Kingdom,455.79285714285714,0.0
SHOP-101025,71,3,1858.96,96,1089,3,United Kingdom,619.6533333333333,0.045454545454545456
SHOP-102473,194,2,865.6,34,996,2,United Kingdom,432.8,0.0
SHOP-101820,10,3,2614.7400000000002,34,864,3,United Kingdom,871.58,0.022727272727272728
SHOP-100629,37,6,1869.82,101,2250,6,United Kingdom,311.63666666666666,0.008547008547008548
SHOP-100549,15,8,1205.1200000000001,60,599,7,United Kingdom,150.64000000000001,0.1111111111111111
SHOP-101428,2,15,4654.08,176,3937,14,United Kingdom,310.272,0.04332129963898917
SHOP-101196,1,17,8022.49,403,6025,17,United Kingdom,471.9111764705882,0.020600858369098713
SHOP-102230,97,4,1225.41,123,512,4,United Kingdom,306.3525,0.006369426751592357
SHOP-102452,14,2,411.41,17,215,2,United Kingdom,205.70499999999998,0.0
SHOP-102303,23,12,4006.94,87,3020,10,United Kingdom,333.9116666666667,0.0045662100456621
SHOP-100067,38,15,5396.04,111,2466,15,United Kingdom,359.736,0.014388489208633094
SHOP-102340,192,2,284.46000000000004,14,140,2,United Kingdom,142.23000000000002,0.0625
SHOP-102262,39,4,574.84,27,150,4,United Kingdom,143.71,0.0
SHOP-101256,183,3,740.95,42,430,3,United Kingdom,246.98333333333335,0.0
SHOP-100617,200,3,1396.99,55,581,2,United Kingdom,465.66333333333336,0.0
SHOP-100292,21,4,1116.47,40,545,4,United Kingdom,279.1175,0.05
SHOP-101829,13,3,597.5,70,810,3,United Kingdom,199.16666666666666,0.0
SHOP-102844,208,2,1303.9099999999999,40,603,2,United Kingdom,651.9549999999999,0.0
SHOP-102012,100,11,3070.42,6,467,7,United Kingdom,279.1290909090909,0.08333333333333333
SHOP-101828,188,2,729.5400000000001,36,366,2,Germany,364.77000000000004,0.05
SHOP-102252,40,3,1008.5400000000001,18,616,3,United Kingdom,336.18,0.047619047619047616
SHOP-102218,66,2,473.03000000000003,101,240,2,United Kingdom,236.51500000000001,0.0
SHOP-102296,78,7,2759.83,110,1832,7,United Kingdom,394.26142857142855,0.030534351145038167
SHOP-101810,50,5,1708.1200000000001,57,1416,5,Belgium,341.62399999999997,0.0
SHOP-101466,11,2,799.48,76,394,2,United Kingdom,399.74,0.0
SHOP-101391,39,3,650.41,42,816,3,United Kingdom,216.8033333333333,0.0
SHOP-101368,225,2,93.35,4,25,2,United Kingdom,46.675000000000004,0.0
SHOP-100119,4,2,935.05,60,811,2,United Kingdom,467.525,0.014925373134328358
SHOP-100436,1,57,37153.85,113,23948,53,United Kingdom,651.8219298245614,0.20501138952164008
SHOP-101156,31,7,4151.93,123,2422,6,United Kingdom,593.1328571428572,0.01935483870967742
SHOP-102112,7,7,1871.5,237,943,6,United Kingdom,267.35714285714283,0.021739130434782608
SHOP-102551,173,6,2643.2000000000003,86,1478,6,United Kingdom,440.53333333333336,0.04285714285714286
SHOP-101873,50,2,603.71,100,358,2,Spain,301.855,0.0
SHOP-101908,189,2,506.8,28,182,2,United Kingdom,253.39999999999998,0.0
SHOP-102824,157,2,1030.4,35,1572,2,United Kingdom,515.2,0.0
SHOP-102842,5,8,2099.64,124,2143,7,United Kingdom,262.455,0.014084507042253521
SHOP-102334,73,6,1770.34,18,1407,6,United Kingdom,295.0566666666667,0.0
SHOP-102216,188,2,275.28,19,122,2,United Kingdom,137.64,0.0
SHOP-102790,117,4,799.9,42,501,4,United Kingdom,199.975,0.0
SHOP-100841,30,7,6893.42,186,4302,7,United Kingdom,984.7742857142857,0.007380073800738007
SHOP-101352,18,4,1305.33,48,865,4,United Kingdom,326.3325,0.03125
SHOP-101940,5,6,3512.53,365,2144,6,United Kingdom,585.4216666666667,0.013412816691505217
SHOP-100187,64,2,656.6800000000001,14,268,2,United Kingdom,328.34000000000003,0.0
SHOP-101837,2,8,1661.44,109,1254,8,United Kingdom,207.68,0.0
SHOP-100993,221,2,288.6,18,160,1,United Kingdom,144.3,0.0
SHOP-100595,9,5,4191.0,183,2437,4,United Kingdom,838.2,0.14285714285714285
SHOP-100061,58,5,770.1,116,464,5,United Kingdom,154.02,0.00684931506849315
SHOP-100213,70,9,2116.19,24,1581,8,United Kingdom,235.13222222222223,0.0
SHOP-101007,23,9,6620.48,232,3453,9,Germany,735.6088888888888,0.04234527687296417
SHOP-101623,46,3,1063.95,61,570,3,United Kingdom,354.65000000000003,0.07246376811594203
SHOP-100964,43,6,2707.33,157,2182,5,United Kingdom,451.22166666666664,0.0
SHOP-101462,9,3,553.44,10,264,3,United Kingdom,184.48000000000002,0.058823529411764705
SHOP-102640,3,55,8508.82,330,2089,54,United Kingdom,154.7058181818182,0.03857566765578635
SHOP-100493,35,3,798.74,47,590,3,United Kingdom,266.24666666666667,0.0
SHOP-101153,16,3,2817.03,228,1395,3,United Kingdom,939.0100000000001,0.0
SHOP-101276,9,6,1064.07,53,503,6,United Kingdom,177.34500000000003,0.03076923076923077
SHOP-100490,5,15,3812.64,302,2054,15,United Kingdom,254.176,0.004319654427645789
SHOP-101179,31,4,639.02,49,243,4,United Kingdom,159.755,0.0
SHOP-100937,71,2,203.2,23,86,2,United Kingdom,101.6,0.0
SHOP-102446,16,2,388.52,19,156,2,United Kingdom,194.26,0.0
SHOP-102091,23,3,2811.43,53,1591,3,Portugal,937.1433333333333,0.0
SHOP-102156,60,2,786.54,41,520,2,United Kingdom,393.27,0.06
SHOP-101763,4,6,813.52,50,1145,6,United Kingdom,135.58666666666667,0.0
SHOP-101149,34,7,1603.46,103,789,7,United Kingdom,229.06571428571428,0.0
SHOP-102101,52,3,1547.2,29,610,3,United Kingdom,515.7333333333332,0.06976744186046512
SHOP-100889,18,4,501.12,18,328,4,United Kingdom,125.28,0.0
SHOP-102634,163,3,1516.24,25,530,2,United Kingdom,505.41333333333336,0.16666666666666666
SHOP-102669,4,2,384.52,55,168,2,United Kingdom,192.26,0.0
SHOP-102115,26,2,68.84,18,19,2,United Kingdom,34.42,0.0
SHOP-101376,128,3,982.42,27,680,3,United Kingdom,327.47333333333336,0.0
SHOP-100862,2,3,398.7,18,92,3,United Kingdom,132.9,0.0
SHOP-100808,2,38,6292.26,256,3888,35,United Kingdom,165.58578947368423,0.028747433264887063
SHOP-101988,17,2,430.57,21,185,1,Switzerland,215.285,0.043478260869565216
SHOP-102338,1,7,1721.4,83,1203,5,United Kingdom,245.91428571428574,0.06542056074766354
SHOP-101491,2,2,216.29999999999998,7,90,2,United Kingdom,108.14999999999999,0.0
SHOP-100440,33,5,2328.9700000000003,58,1612,4,United Kingdom,465.79400000000004,0.04597701149425287
SHOP-100263,3,2,885.47,28,375,2,United Kingdom,442.735,0.0
SHOP-101159,100,2,425.19,51,271,2,United Kingdom,212.595,0.0
SHOP-100234,50,2,3178.17,105,1690,2,United Kingdom,1589.085,0.043478260869565216
SHOP-101898,45,5,1706.57,58,1369,5,United Kingdom,341.31399999999996,0.060240963855421686
SHOP-100459,43,2,657.3,88,537,2,United Kingdom,328.65,0.0
SHOP-102744,20,6,822.23,40,825,6,Netherlands,137.03833333333333,0.0196078431372549
SHOP-100842,11,11,3349.57,172,2164,11,United Kingdom,304.50636363636363,0.010471204188481676
SHOP-101893,39,2,408.90000000000003,26,190,2,United Kingdom,204.45,0.0
SHOP-100554,22,10,2119.41,18,955,10,United Kingdom,211.94099999999997,0.0
SHOP-101734,71,4,836.33,38,419,4,France,209.08249999999998,0.0
SHOP-100562,31,2,276.56,15,96,2,United Kingdom,138.28,0.0
SHOP-101638,3,15,6924.110000000001,41,2943,13,United Kingdom,461.6073333333333,0.058823529411764705
SHOP-101378,12,3,1261.78,148,642,3,United Kingdom,420.5933333333334,0.0
SHOP-101844,4,5,4090.88,160,1471,4,United Kingdom,818.176,0.13852813852813853
SHOP-101715,17,12,3131.02,200,1124,11,United Kingdom,260.91833333333335,0.006191950464396285
SHOP-100525,5,9,2870.2400000000002,85,1894,9,United Kingdom,318.91555555555556,0.012738853503184714
SHOP-102383,205,2,1589.82,58,482,2,Channel Islands,794.9100000000001,0.07352941176470588
SHOP-101185,5,5,2578.09,250,1317,5,United Kingdom,515.618,0.04316546762589928
SHOP-102620,38,8,3981.36,88,2024,8,Poland,497.66999999999996,0.06289308176100629
SHOP-102271,27,3,1421.69,73,1239,3,United Kingdom,473.8966666666667,0.1792452830188679
SHOP-100820,52,5,1253.3600000000001,9,367,4,United Kingdom,250.67200000000003,0.0
SHOP-101238,15,5,1159.52,180,1401,5,United Kingdom,231.904,0.0
SHOP-102500,199,3,400.1,63,367,3,United Kingdom,133.36666666666667,0.028169014084507043
SHOP-100694,1,4,1712.89,43,446,4,United Kingdom,428.2225,0.13559322033898305
SHOP-101367,35,2,285.89,15,175,2,United Kingdom,142.945,0.0
SHOP-100835,44,4,954.09,47,439,4,United Kingdom,238.5225,0.0
SHOP-100280,44,4,1531.6200000000001,54,1293,4,United Kingdom,382.90500000000003,0.03333333333333333
SHOP-101681,33,2,265.76,14,190,2,United Kingdom,132.88,0.0
SHOP-101488,10,13,50491.81,379,12665,12,United Kingdom,3883.9853846153846,0.001694915254237288
SHOP-101709,186,3,331.0,2,950,3,United Kingdom,110.33333333333333,0.0
SHOP-100223,120,3,1044.32,36,918,3,United Kingdom,348.1066666666666,0.0
SHOP-100392,29,3,380.6,24,308,3,United Kingdom,126.86666666666667,0.038461538461538464
SHOP-100056,19,2,260.68,29,842,2,United Kingdom,130.34,0.0
SHOP-101725,176,3,674.45,38,459,3,United Kingdom,224.8166666666667,0.0
SHOP-101072,1,5,1388.88,70,570,5,United Kingdom,277.776,0.011494252873563218
SHOP-102471,1,8,2005.06,317,1132,7,United Kingdom,250.6325,0.0
SHOP-100420,82,4,579.77,74,281,4,United Kingdom,144.9425,0.0
SHOP-100908,101,2,498.42,30,387,2,United Kingdom,249.21,0.0
SHOP-100849,22,2,126.25,5,27,2,United Kingdom,63.125,0.0
SHOP-101883,13,4,1119.49,51,516,4,United Kingdom,279.8725,0.0
SHOP-102239,74,2,551.04,19,672,2,United Kingdom,275.52,0.0
SHOP-101001,71,2,948.88,41,550,2,United Kingdom,474.44,0.02127659574468085
SHOP-100071,3,9,5659.9800000000005,201,2676,8,United Kingdom,628.8866666666668,0.012422360248447204
SHOP-102377,18,4,834.12,62,292,4,United Kingdom,208.53,0.0375
SHOP-101454,8,6,3347.31,42,1296,6,United Kingdom,557.8850000000001,0.039473684210526314
SHOP-102175,151,3,258.88,39,89,2,United Kingdom,86.29333333333334,0.0
SHOP-102418,7,15,2507.07,184,1262,15,United Kingdom,167.138,0.0036363636363636364
SHOP-102453,211,2,1106.4,37,343,2,United Kingdom,553.2,0.0
SHOP-101292,33,5,1698.94,34,768,5,United Kingdom,339.788,0.0
SHOP-102014,23,11,4257.82,34,2678,10,Germany,387.07454545454544,0.06153846153846154
SHOP-101648,24,2,328.4,19,164,2,United Kingdom,164.2,0.0
SHOP-102588,176,6,1169.94,97,594,6,United Kingdom,194.99,0.06428571428571428
SHOP-100567,29,5,681.9100000000001,11,349,5,United Kingdom,136.382,0.0
SHOP-100431,66,2,714.42,43,491,2,United Kingdom,357.21000000000004,0.0
SHOP-102018,22,6,2812.34,131,1253,5,United Kingdom,468.72333333333336,0.014388489208633094
SHOP-102078,6,2,511.12,29,244,2,United Kingdom,255.56,0.0
SHOP-101236,90,2,724.76,20,284,2,United Kingdom,362.38,0.0
SHOP-101403,23,6,1101.97,56,673,6,United Kingdom,183.66166666666663,0.015625
SHOP-100585,299,2,289.78,37,73,2,United Kingdom,144.89,0.1590909090909091
SHOP-100736,34,7,2287.51,153,1692,6,United Kingdom,326.7871428571429,0.004464285714285714
SHOP-100424,217,3,562.41,16,300,3,Austria,187.47,0.0
SHOP-101530,50,4,1777.78,99,1131,4,United Kingdom,444.445,0.0
SHOP-101298,15,7,921.07,125,776,7,United Kingdom,131.58142857142857,0.0196078431372549
SHOP-102460,114,6,6912.0,6,17280,6,United Kingdom,1152.0,0.0
SHOP-101192,40,4,646.92,47,408,4,United Kingdom,161.73000000000002,0.0
SHOP-100331,243,3,406.08000000000004,2,104,3,United Kingdom,135.36,0.0
SHOP-101923,147,3,499.68,33,129,3,United Kingdom,166.55999999999997,0.0
SHOP-102251,31,2,595.25,24,161,2,United Kingdom,297.625,0.058823529411764705
SHOP-100211,40,3,544.18,31,300,3,United Kingdom,181.39333333333335,0.0
SHOP-101311,3,4,1286.7,61,776,3,United Kingdom,321.675,0.014492753623188406
SHOP-100250,7,8,4331.48,110,2632,8,United Kingdom,541.435,0.06779661016949153
SHOP-101070,136,2,752.6,38,488,2,United Kingdom,376.29999999999995,0.0
SHOP-102413,198,2,695.61,42,365,2,United Kingdom,347.805,0.045454545454545456
SHOP-100782,267,2,409.98,22,212,1,United Kingdom,204.99,0.0
SHOP-100045,1,41,16225.39,80,6149,38,United Kingdom,395.74121951219513,0.08620689655172414
SHOP-101271,26,4,1195.94,39,576,4,United Kingdom,298.985,0.0
SHOP-100399,8,9,3957.78,51,2208,9,United Kingdom,439.75333333333333,0.0
SHOP-100416,30,2,1873.2,3,1040,2,United Kingdom,936.6,0.0
SHOP-100750,66,6,2273.68,100,1035,4,United Kingdom,378.9466666666667,0.08148148148148149
SHOP-100322,2,11,3883.25,145,2749,7,United Kingdom,353.02272727272725,0.004201680672268907
SHOP-102737,180,2,350.39,43,341,2,United Kingdom,175.195,0.0
SHOP-102222,53,2,1992.1100000000001,29,729,2,United Kingdom,996.0550000000001,0.0
SHOP-102134,280,2,411.53,107,337,1,United Kingdom,205.765,0.0
SHOP-101904,111,3,1474.06,57,804,3,United Kingdom,491.3533333333333,0.0
SHOP-101851,86,3,1493.73,41,679,3,United Kingdom,497.91,0.02
SHOP-102336,23,4,1820.09,54,667,4,Malta,455.0225,0.18292682926829268
SHOP-100492,30,4,1824.37,58,1353,4,United Kingdom,456.0925,0.075
SHOP-102181,9,2,168.24,8,108,2,United Kingdom,84.12,0.0
SHOP-102429,60,6,1069.1200000000001,79,276,6,United Kingdom,178.1866666666667,0.009615384615384616
SHOP-101182,2,4,1542.14,193,923,4,United Kingdom,385.53499999999997,0.0
SHOP-100574,37,2,332.64,24,332,2,United Kingdom,166.32,0.0
SHOP-100588,50,2,457.72,28,199,2,United Kingdom,228.85999999999999,0.0
SHOP-100323,68,2,570.13,52,237,2,United Kingdom,285.065,0.0
SHOP-101962,19,4,3811.22,184,2236,4,Spain,952.805,0.037383177570093455
SHOP-102674,4,12,2974.65,105,939,10,United Kingdom,247.88750000000002,0.0
SHOP-100289,5,5,1360.28,35,961,5,United Kingdom,272.056,0.05952380952380952
SHOP-101244,44,4,1443.69,42,866,4,United Kingdom,360.9225,0.015625
SHOP-100874,107,6,2157.73,67,1415,6,United Kingdom,359.62166666666667,0.039473684210526314
SHOP-101785,27,5,2779.3,96,1879,5,United Kingdom,555.86,0.11678832116788321
SHOP-102412,25,4,1580.93,205,521,4,United Kingdom,395.2325,0.026615969581749048
SHOP-102622,53,6,3295.76,103,1778,6,United Kingdom,549.2933333333334,0.0
SHOP-102110,4,5,725.07,53,434,3,France,145.01399999999998,0.0
SHOP-102420,90,4,1649.5,96,1436,4,United Kingdom,412.375,0.01818181818181818
SHOP-102457,32,2,746.36,49,689,2,United Kingdom,373.18,0.0
SHOP-101112,16,6,1418.32,70,575,6,United Kingdom,236.38666666666668,0.034482758620689655
SHOP-102234,3,19,4521.49,88,1969,14,United Kingdom,237.97315789473683,0.05803571428571429
SHOP-102577,71,5,477.83,19,279,5,United Kingdom,95.566,0.038461538461538464
SHOP-102839,39,2,437.82,20,88,2,Italy,218.91,0.0
SHOP-100740,1,45,58510.48,29,30546,29,United Kingdom,1300.232888888889,0.11392405063291139
SHOP-100612,120,2,254.1,8,84,2,United Kingdom,127.05,0.0
SHOP-101906,29,11,2575.38,88,1029,6,United Kingdom,234.12545454545455,0.0380952380952381
SHOP-100098,9,7,2810.2000000000003,32,1316,7,United Kingdom,401.4571428571429,0.033707865168539325
SHOP-101578,40,3,1111.79,248,793,3,United Kingdom,370.59666666666664,0.0
SHOP-101571,121,2,1021.58,55,605,2,United Kingdom,510.78999999999996,0.0
SHOP-102028,5,2,280.52,18,308,2,United Kingdom,140.26,0.0
SHOP-102244,2,11,3586.0299999999997,100,3368,11,United Kingdom,326.00272727272727,0.004975124378109453
SHOP-100944,3,6,1018.71,46,494,6,United Kingdom,169.785,0.0
SHOP-100226,60,11,8099.49,117,3355,8,United Kingdom,736.3172727272728,0.0738255033557047
SHOP-101146,3,6,2424.94,75,919,6,United Kingdom,404.1566666666667,0.00847457627118644
SHOP-100847,3,4,671.77,133,379,4,United Kingdom,167.9425,0.0
SHOP-101080,23,10,2611.75,97,1464,10,United Kingdom,261.175,0.0718954248366013
SHOP-100418,23,3,568.55,43,847,3,United Kingdom,189.51666666666665,0.021739130434782608
SHOP-100718,42,8,1593.38,110,518,8,United Kingdom,199.1725,0.01744186046511628
SHOP-101319,3,4,942.34,55,722,4,United Kingdom,235.585,0.0
SHOP-101737,36,3,730.4,44,611,2,United Kingdom,243.46666666666667,0.0
SHOP-101532,29,3,280.53999999999996,40,279,3,United Kingdom,93.51333333333332,0.0
SHOP-101500,109,5,2298.97,162,1540,5,United Kingdom,459.79400000000004,0.038314176245210725
SHOP-100209,21,7,1461.14,66,770,4,United Kingdom,208.7342857142857,0.04878048780487805
SHOP-101385,2,2,439.92,24,150,2,United Kingdom,219.95999999999998,0.16666666666666666
SHOP-100385,26,2,1247.61,57,628,2,France,623.805,0.0
SHOP-100602,2,2,493.28,122,371,2,United Kingdom,246.64,0.015267175572519083
SHOP-102599,127,6,3276.4000000000005,4,792,6,United Kingdom,546.0666666666667,0.0
SHOP-101814,1,30,5605.29,275,3320,30,United Kingdom,186.843,0.0013477088948787063
SHOP-102763,29,3,1499.01,32,312,2,Germany,499.67,0.027777777777777776
SHOP-101008,85,2,993.18,42,550,2,United Kingdom,496.59,0.0
SHOP-101561,127,2,621.23,32,479,2,United Kingdom,310.615,0.0
SHOP-100051,89,3,2398.86,40,1560,2,United Kingdom,799.6199999999999,0.0
SHOP-100666,67,5,2095.53,93,1069,4,United Kingdom,419.10600000000005,0.08943089430894309
SHOP-100057,4,3,1937.25,114,1711,3,United Kingdom,645.75,0.0
SHOP-100655,144,6,1603.99,83,1165,6,United Kingdom,267.33166666666665,0.05825242718446602
SHOP-102465,21,3,846.75,69,493,3,United Kingdom,282.25,0.06741573033707865
SHOP-100827,31,5,1004.38,64,751,5,United Kingdom,200.876,0.04285714285714286
SHOP-101554,247,3,362.95,22,267,3,United Kingdom,120.98333333333333,0.0
SHOP-101807,36,3,587.15,22,113,3,United Kingdom,195.71666666666667,0.0
SHOP-100284,19,3,348.73,41,188,2,United Kingdom,116.24333333333334,0.0
SHOP-100411,59,2,411.6,55,289,2,United Kingdom,205.8,0.0
SHOP-101069,14,4,606.13,124,378,4,United Kingdom,151.5325,0.0
SHOP-100388,58,3,801.76,63,1105,3,United Kingdom,267.25333333333333,0.014492753623188406
SHOP-101225,2,3,1479.22,162,828,3,United Kingdom,493.0733333333333,0.0
SHOP-100515,86,3,897.76,50,543,3,United Kingdom,299.25333333333333,0.08620689655172414
SHOP-101240,11,9,1421.29,73,661,9,United Kingdom,157.92111111111112,0.02040816326530612
SHOP-100115,21,2,1299.23,120,1148,2,United Kingdom,649.615,0.0
SHOP-102050,60,3,2864.19,280,1831,3,United Kingdom,954.73,0.009009009009009009
SHOP-101946,4,10,2000.86,50,1232,10,United Kingdom,200.08599999999998,0.0
SHOP-100203,3,4,434.35,25,238,4,United Kingdom,108.5875,0.14285714285714285
SHOP-100298,1,8,1232.18,215,1015,8,United Kingdom,154.0225,0.0
SHOP-100911,8,2,2007.44,196,1105,2,United Kingdom,1003.72,0.0
SHOP-100452,173,3,566.6,100,229,3,United Kingdom,188.86666666666667,0.008695652173913044
SHOP-101037,19,2,336.4,12,88,2,United Kingdom,168.2,0.0
SHOP-100227,53,5,1800.07,67,950,5,United Kingdom,360.014,0.0
SHOP-102367,46,3,546.1999999999999,25,1120,3,United Kingdom,182.06666666666663,0.037037037037037035
SHOP-101245,4,13,6328.05,244,3516,8,United Kingdom,486.7730769230769,0.028901734104046242
SHOP-102816,137,5,712.24,59,470,5,United Kingdom,142.448,0.0
SHOP-100876,8,3,706.1300000000001,14,508,2,United Kingdom,235.3766666666667,0.0625
SHOP-102287,7,7,5739.46,205,2478,5,United Kingdom,819.9228571428572,0.0
SHOP-100615,143,2,343.2300000000001,1,2019,2,United Kingdom,171.61500000000004,0.0
SHOP-100739,13,7,1931.25,112,1379,7,United Kingdom,275.89285714285717,0.006711409395973154
SHOP-101954,165,2,636.51,25,489,2,United Kingdom,318.255,0.0
SHOP-101757,65,2,631.57,31,405,2,United Kingdom,315.78499999999997,0.0
SHOP-101219,337,2,293.0,9,376,2,United Kingdom,146.5,0.08333333333333333
SHOP-102430,39,3,507.05,92,304,3,United Kingdom,169.01666666666668,0.0
SHOP-101562,5,9,3062.4,580,2908,8,United Kingdom,340.26666666666665,0.007164790174002047
SHOP-100336,19,2,357.20000000000005,18,148,2,United Kingdom,178.6,0.0
SHOP-102263,72,2,801.51,44,311,2,United Kingdom,400.755,0.0
SHOP-102069,120,2,712.29,34,474,2,United Kingdom,356.145,0.0
SHOP-101445,1,10,3641.32,103,2245,10,United Kingdom,364.132,0.012578616352201259
SHOP-102005,43,2,260.17,29,151,2,United Kingdom,130.08499999999998,0.0
SHOP-101400,23,2,484.82,21,294,2,United Kingdom,242.41000000000003,0.0
SHOP-102606,242,3,1269.99,158,775,2,United Kingdom,423.33,0.0
SHOP-102514,47,3,594.24,14,194,3,United Kingdom,198.08,0.1
SHOP-102212,190,2,873.74,48,453,2,United Kingdom,436.87,0.0
SHOP-100625,25,3,1488.32,48,1226,3,United Kingdom,496.10666666666674,0.03636363636363636
SHOP-101294,52,5,1627.13,89,833,5,United Kingdom,325.42600000000004,0.0
SHOP-100685,3,4,915.13,27,355,4,United Kingdom,228.78250000000003,0.13043478260869565
SHOP-101431,1,23,8214.65,320,4273,23,United Kingdom,357.1586956521739,0.01950354609929078
SHOP-101409,1,209,33719.73,1768,25747,113,United Kingdom,161.3384210526316,0.00990952175786299
SHOP-100225,15,2,628.78,5,394,2,United Kingdom,314.39,0.0
SHOP-100522,20,2,637.89,78,466,2,United Kingdom,318.945,0.0
SHOP-101518,1,21,5153.67,171,3294,15,United Kingdom,245.41285714285715,0.06439393939393939
SHOP-101621,25,4,703.47,39,196,2,United Kingdom,175.8675,0.0
SHOP-102211,75,2,675.8,49,766,2,United Kingdom,337.9,0.0
SHOP-102807,17,6,1836.34,79,922,5,United Kingdom,306.0566666666667,0.02040816326530612
SHOP-101900,5,5,2483.63,37,1419,5,United Kingdom,496.726,0.0
SHOP-101847,169,3,388.5,10,494,3,United Kingdom,129.5,0.17647058823529413
SHOP-100185,2,26,8052.97,119,4237,25,United Kingdom,309.7296153846154,0.022026431718061675
SHOP-102009,7,2,335.13,59,288,2,United Kingdom,167.565,0.0
SHOP-101865,7,2,360.01,56,318,2,United Kingdom,180.00500000000002,0.0
SHOP-102389,274,2,109.8,7,32,2,United Kingdom,54.900000000000006,0.0
SHOP-102828,31,5,2647.59,79,1363,4,United Kingdom,529.518,0.010309278350515464
SHOP-100427,3,5,1429.24,89,1038,5,United Kingdom,285.848,0.007462686567164179
SHOP-102548,16,11,3104.17,167,2179,11,United Kingdom,282.1972727272727,0.007936507936507936
SHOP-102054,20,11,4693.01,501,4408,11,United Kingdom,426.6372727272728,0.006600660066006601
SHOP-102304,9,11,3799.4900000000002,134,3123,11,United Kingdom,345.4081818181818,0.05485232067510549
SHOP-101994,59,2,255.9,11,118,2,United Kingdom,127.95,0.0
SHOP-101075,64,2,689.9,36,286,2,United Kingdom,344.95000000000005,0.0
SHOP-102167,4,31,12288.22,209,5575,27,France,396.3941935483871,0.0
SHOP-101565,3,18,4447.05,331,2047,18,United Kingdom,247.05833333333334,0.06989247311827956
SHOP-101860,134,2,529.73,47,877,2,United Kingdom,264.865,0.0
SHOP-102254,23,5,981.51,123,636,5,United Kingdom,196.302,0.0
SHOP-102224,52,2,704.25,21,478,2,United Kingdom,352.125,0.0
SHOP-101743,23,3,306.46,17,258,3,United Kingdom,102.15333333333332,0.09523809523809523
SHOP-100512,24,2,3718.8,126,1641,2,United Kingdom,1859.4,0.04929577464788732
SHOP-102316,43,9,3709.56,169,1674,5,United Kingdom,412.17333333333335,0.13551401869158877
SHOP-102566,26,7,4036.82,240,4298,7,United Kingdom,576.6885714285714,0.023593466424682397
SHOP-102395,239,2,312.23,30,191,2,United Kingdom,156.115,0.0
SHOP-101944,60,6,1652.58,229,1364,6,United Kingdom,275.43,0.006802721088435374
SHOP-101295,4,13,9818.82,166,5505,13,United Kingdom,755.2938461538462,0.008771929824561403
SHOP-102085,11,8,3650.41,345,2226,8,United Kingdom,456.30125,0.0014184397163120568
SHOP-102707,323,2,602.09,88,416,2,United Kingdom,301.04499999999996,0.0
SHOP-100721,29,3,957.59,37,508,3,Sweden,319.19666666666666,0.046511627906976744
SHOP-102145,50,4,1498.51,247,905,4,United Kingdom,374.6275,0.0
SHOP-102062,16,12,9585.91,102,3764,12,United Kingdom,798.8258333333333,0.06481481481481481
SHOP-101279,95,2,1156.36,54,1249,2,United Kingdom,578.18,0.0
SHOP-100833,79,5,2634.26,121,1439,5,Germany,526.8520000000001,0.01935483870967742
SHOP-100054,7,3,1904.05,94,1200,2,United Kingdom,634.6833333333333,0.0
SHOP-101510,2,10,1908.25,211,1243,7,United Kingdom,190.825,0.0
SHOP-100909,64,8,11581.8,21,4876,6,United Kingdom,1447.725,0.0
SHOP-100345,27,2,589.7,6,158,2,United Kingdom,294.85,0.0
SHOP-100620,10,11,1695.66,84,440,11,United Kingdom,154.15090909090907,0.0
SHOP-100910,65,3,414.04,18,191,3,United Kingdom,138.01333333333335,0.0
SHOP-100495,95,5,1140.21,52,787,4,United Kingdom,228.042,0.0
SHOP-100135,12,2,461.19,43,193,2,United Kingdom,230.595,0.0
SHOP-100543,33,3,498.8,28,728,3,United Kingdom,166.26666666666668,0.06451612903225806
SHOP-100174,30,2,1316.07,78,953,2,United Kingdom,658.035,0.0
SHOP-101905,4,9,2161.35,232,1264,8,United Kingdom,240.14999999999998,0.0029154518950437317
SHOP-102360,71,4,226.75000000000003,7,95,4,United Kingdom,56.6875,0.0
SHOP-101395,36,2,378.2,28,788,1,United Kingdom,189.1,0.0
SHOP-100577,1,5,1772.26,82,1869,5,United Kingdom,354.452,0.010752688172043012
SHOP-100348,99,3,1119.74,52,744,3,United Kingdom,373.24666666666667,0.14666666666666667
SHOP-101026,2,30,16363.23,178,9775,18,United Kingdom,545.441,0.0529595015576324
SHOP-101934,38,10,3338.2200000000003,50,1777,9,Italy,333.822,0.008403361344537815
SHOP-100679,94,2,826.88,35,287,2,Switzerland,413.44,0.0
SHOP-100261,9,3,377.44,24,238,3,United Kingdom,125.81333333333333,0.038461538461538464
SHOP-101104,18,2,186.23,9,106,2,United Kingdom,93.11500000000001,0.0
SHOP-102215,10,4,896.66,87,421,4,United Kingdom,224.165,0.0
SHOP-100648,17,10,5314.47,282,3658,10,United Kingdom,531.4469999999999,0.0029069767441860465
SHOP-100382,22,6,962.39,31,473,6,United Kingdom,160.39833333333334,0.0
SHOP-101405,60,2,662.59,86,389,2,United Kingdom,331.29499999999996,0.0
SHOP-101121,57,3,1621.88,33,484,2,Channel Islands,540.6266666666667,0.02857142857142857
SHOP-102574,9,11,10484.99,97,6171,10,United Kingdom,953.180909090909,0.08264462809917356
SHOP-100199,120,3,1341.65,64,890,3,United Kingdom,447.2166666666667,0.0
SHOP-102232,5,2,1346.97,43,897,2,USA,673.4849999999999,0.0
SHOP-102042,2,20,13689.67,261,7440,17,Germany,684.4835,0.014767932489451477
SHOP-100324,122,2,327.7,16,150,2,United Kingdom,163.85,0.0
SHOP-100998,66,11,2004.02,150,964,9,United Kingdom,182.18363636363637,0.024390243902439025
SHOP-101164,165,2,1327.16,90,1473,2,United Kingdom,663.58,0.042105263157894736
SHOP-101221,9,15,5213.7699999999995,147,3451,15,United Kingdom,347.5846666666667,0.004830917874396135
SHOP-101672,2,5,2879.7000000000003,37,1674,5,United Kingdom,575.9399999999999,0.0
SHOP-102113,18,2,616.26,35,394,2,United Kingdom,308.13,0.0
SHOP-101641,5,8,3766.6,36,1122,7,United Kingdom,470.82500000000005,0.011494252873563218
SHOP-101392,70,4,2233.75,242,965,3,United Kingdom,558.4375,0.010869565217391304
SHOP-100448,57,2,813.11,25,365,2,United Kingdom,406.555,0.0
SHOP-102102,360,2,365.45,18,127,2,United Kingdom,182.72500000000002,0.13636363636363635
SHOP-100969,79,6,890.29,110,421,5,United Kingdom,148.38166666666666,0.012903225806451613
SHOP-101574,4,15,12515.66,240,6607,15,United Kingdom,834.3773333333334,0.022222222222222223
SHOP-100182,32,4,1154.47,66,927,4,United Kingdom,288.6175,0.041666666666666664
SHOP-101933,174,2,404.3,25,200,2,United Kingdom,202.15,0.038461538461538464
SHOP-101939,33,5,1575.16,156,704,5,United Kingdom,315.032,0.0
SHOP-101817,2,20,8134.9400000000005,22,2832,18,United Kingdom,406.747,0.02564102564102564
SHOP-101307,22,3,825.8,26,533,3,Germany,275.26666666666665,0.11428571428571428
SHOP-101346,25,3,1013.26,39,552,3,Germany,337.75333333333333,0.0
SHOP-102701,239,2,416.64,15,172,2,United Kingdom,208.32,0.0
SHOP-101707,5,4,1031.41,47,445,4,France,257.8525,0.0
SHOP-100735,8,6,1335.19,34,673,6,United Kingdom,222.53166666666667,0.038461538461538464
SHOP-102087,50,3,903.9,48,430,2,United Kingdom,301.3,0.0
SHOP-102217,59,5,1638.47,84,1269,5,United Kingdom,327.694,0.02127659574468085
SHOP-102237,190,5,577.0600000000001,21,245,5,Germany,115.41199999999999,0.034482758620689655
SHOP-101205,33,3,980.31,29,409,3,United Kingdom,326.77,0.0
SHOP-100477,151,4,2027.8700000000001,421,1269,4,United Kingdom,506.96750000000003,0.009124087591240875
SHOP-101506,113,2,355.11,13,89,2,United Kingdom,177.555,0.0
SHOP-102355,7,2,52.2,4,108,2,United Kingdom,26.1,0.0
SHOP-102344,3,31,91062.38,453,64549,28,United Kingdom,2937.496129032258,0.1050185873605948
SHOP-102447,24,21,124914.53,444,77374,16,Australia,5948.310952380953,0.07969151670951156
SHOP-100463,16,2,979.12,36,287,2,United Kingdom,489.56000000000006,0.06976744186046512
SHOP-102318,26,5,1236.28,231,853,5,United Kingdom,247.256,0.0
SHOP-100357,107,3,534.85,30,379,3,United Kingdom,178.28333333333333,0.0
SHOP-102774,36,7,1699.3000000000002,17,1254,5,United Kingdom,242.75714285714284,0.08571428571428572
SHOP-100078,52,7,2703.23,61,1793,7,United Kingdom,386.17571428571426,0.008064516129032258
SHOP-101875,169,2,885.19,27,343,2,United Kingdom,442.595,0.0
SHOP-100981,66,7,2363.23,53,843,7,Switzerland,337.6042857142857,0.07352941176470588
SHOP-100702,85,5,2388.75,113,1548,4,United Kingdom,477.75,0.007352941176470588
SHOP-100455,5,2,547.0699999999999,26,477,2,United Kingdom,273.53499999999997,0.0
SHOP-101430,151,2,1030.98,49,506,2,Greece,515.49,0.017857142857142856
SHOP-101438,16,11,3439.08,115,2162,11,United Kingdom,312.64363636363635,0.030303030303030304
SHOP-102231,37,3,483.65000000000003,27,188,3,Portugal,161.21666666666667,0.0
SHOP-100607,1,3,640.76,14,304,3,United Kingdom,213.58666666666667,0.0
SHOP-101017,61,3,3312.25,135,1651,3,United Kingdom,1104.0833333333333,0.0
SHOP-100255,8,9,2352.53,74,1633,9,United Kingdom,261.39222222222224,0.04878048780487805
SHOP-102637,29,2,406.76,59,223,2,United Kingdom,203.38,0.0
SHOP-100126,115,2,605.0600000000001,32,350,2,United Kingdom,302.53,0.12195121951219512
SHOP-101731,174,2,513.7,21,172,2,United Kingdom,256.85,0.10344827586206896
SHOP-101618,3,8,2465.48,214,1786,7,United Kingdom,308.185,0.006779661016949152
SHOP-102796,9,2,317.53,8,241,2,United Kingdom,158.765,0.1111111111111111
SHOP-102680,26,2,1568.23,86,925,2,Austria,784.115,0.010416666666666666
SHOP-100743,73,3,789.89,39,527,2,United Kingdom,263.2966666666667,0.0
SHOP-100583,67,8,1756.44,82,1818,8,United Kingdom,219.555,0.009009009009009009
SHOP-100053,19,2,240.22,35,172,2,United Kingdom,120.10999999999999,0.0
SHOP-102739,51,6,1885.05,106,1770,6,United Kingdom,314.175,0.015748031496062992
SHOP-101035,11,6,1058.06,112,487,6,United Kingdom,176.34333333333333,0.0
SHOP-101422,1,5,1952.45,58,1763,5,United Kingdom,390.49,0.0
SHOP-100170,281,2,218.06,29,95,1,United Kingdom,109.03,0.0
SHOP-100790,84,8,3450.84,48,1200,8,United Kingdom,431.355,0.0
SHOP-101237,16,12,10384.93,164,4236,8,United Kingdom,865.4108333333334,0.15476190476190477
SHOP-101029,52,6,2984.49,138,1431,4,United Kingdom,497.41499999999996,0.017142857142857144
SHOP-102153,14,3,541.46,27,306,3,United Kingdom,180.48666666666668,0.0
SHOP-101495,23,2,503.76,31,405,2,United Kingdom,251.88,0.0
SHOP-102659,9,6,1933.48,50,756,6,Germany,322.24666666666667,0.031578947368421054
SHOP-100136,79,4,1391.98,66,861,4,United Kingdom,347.995,0.20535714285714285
SHOP-101382,10,2,1270.88,60,548,2,Finland,635.44,0.0
SHOP-102746,1,7,1947.55,154,950,6,United Kingdom,278.2214285714286,0.0
SHOP-101128,75,4,1797.24,22,2341,4,Finland,449.30999999999995,0.0
SHOP-102174,3,3,12393.7,9,5110,1,United Kingdom,4131.233333333334,0.0
SHOP-100517,74,2,605.12,43,1004,2,United Kingdom,302.56,0.0
SHOP-102158,16,5,1771.78,85,983,5,United Kingdom,354.356,0.009615384615384616
SHOP-100974,2,30,18641.010000000002,363,11441,19,United Kingdom,621.3670000000001,0.013888888888888888
SHOP-101456,33,2,367.93,86,166,1,United Kingdom,183.965,0.0
SHOP-101489,28,3,814.72,128,879,3,United Kingdom,271.5733333333333,0.0
SHOP-100035,10,2,1237.8500000000001,72,799,2,United Kingdom,618.925,0.0
SHOP-100079,29,5,1353.74,59,1788,5,United Kingdom,270.74799999999993,0.024390243902439025
SHOP-101910,14,2,2906.85,84,1180,2,Norway,1453.425,0.0
SHOP-101455,31,4,1066.1499999999999,30,565,4,United Kingdom,266.5375,0.05405405405405406
SHOP-102208,25,3,559.51,106,282,3,United Kingdom,186.50333333333333,0.0
SHOP-100204,4,12,1535.77,100,1178,12,United Kingdom,127.98083333333334,0.0
SHOP-101158,263,2,241.06,8,156,2,United Kingdom,120.53,0.0
SHOP-102549,185,2,154.82999999999998,4,97,2,United Kingdom,77.41499999999999,0.0
SHOP-101808,1,7,2092.32,63,1134,6,United Kingdom,298.9028571428571,0.11627906976744186
SHOP-100953,2,8,2520.02,124,2392,8,United Kingdom,315.0025,0.054878048780487805
SHOP-100494,19,2,679.45,48,751,2,United Kingdom,339.725,0.09259259259259259
SHOP-100538,21,3,1389.41,43,985,3,United Kingdom,463.1366666666667,0.0
SHOP-102641,44,4,990.88,24,550,3,United Kingdom,247.72,0.02631578947368421
SHOP-101137,35,5,2062.7000000000003,59,1472,5,United Kingdom,412.53999999999996,0.0
SHOP-101520,26,15,4668.3,62,2103,15,United Kingdom,311.22,0.05504587155963303
SHOP-101626,3,15,7281.38,115,5060,15,France,485.42533333333336,0.01593625498007968
SHOP-102812,17,4,839.14,39,516,4,United Kingdom,209.785,0.0
SHOP-102525,30,5,2735.37,82,1185,4,United Kingdom,547.074,0.0
SHOP-101113,22,5,1717.36,8,944,5,United Kingdom,343.472,0.0
SHOP-101063,235,2,765.55,58,454,2,United Kingdom,382.775,0.0
SHOP-100001,90,2,584.5,33,260,2,United Kingdom,292.25,0.0
SHOP-102815,17,18,7375.79,253,4847,17,Germany,409.7661111111111,0.07221006564551423
SHOP-101786,16,3,656.69,12,347,3,United Kingdom,218.89666666666668,0.05263157894736842
SHOP-102022,32,2,1086.92,58,271,2,United Kingdom,543.46,0.031746031746031744
SHOP-101955,37,2,778.5,53,744,2,United Kingdom,389.25,0.0
SHOP-102328,31,3,409.5,8,200,3,United Kingdom,136.5,0.0
SHOP-100987,68,8,1418.03,230,848,8,United Kingdom,177.25375,0.0
SHOP-101502,87,4,2445.91,36,893,4,United Kingdom,611.4775,0.0
SHOP-100754,85,4,997.63,50,566,4,France,249.4075,0.07017543859649122
SHOP-101358,60,2,93.66,7,90,2,United Kingdom,46.83,0.0
SHOP-101058,13,4,859.71,86,353,4,United Kingdom,214.9275,0.0
SHOP-101038,45,2,6.9,2,3,2,United Kingdom,3.45,0.3333333333333333
SHOP-102689,8,2,901.21,113,518,2,United Kingdom,450.605,0.0
SHOP-100958,9,28,17654.54,30,23075,23,United Kingdom,630.5192857142857,0.072
SHOP-100347,100,7,1810.77,62,885,6,United Kingdom,258.68142857142857,0.01282051282051282
SHOP-101275,116,3,543.05,5,993,3,United Kingdom,181.01666666666665,0.0
SHOP-100592,311,2,561.71,21,283,2,Germany,280.855,0.045454545454545456
SHOP-101606,38,4,773.99,30,503,4,United Kingdom,193.4975,0.0
SHOP-100359,213,4,895.61,46,389,3,United Kingdom,223.9025,0.020833333333333332
SHOP-101036,190,5,1024.1000000000001,40,242,5,United Kingdom,204.82,0.14285714285714285
SHOP-101917,64,2,272.07,13,109,2,United Kingdom,136.035,0.0
SHOP-100580,60,2,173.76,6,140,2,United Kingdom,86.88,0.25
SHOP-102643,11,2,182.77,50,58,1,United Kingdom,91.385,0.0
SHOP-100123,114,12,3877.5200000000004,23,3108,10,United Kingdom,323.1266666666667,0.039473684210526314
SHOP-101839,110,3,434.34,14,881,3,United Kingdom,144.77999999999997,0.058823529411764705
SHOP-102345,188,2,52.0,1,80,2,United Kingdom,26.0,0.0
SHOP-100147,30,5,2188.05,79,1205,5,United Kingdom,437.61,0.01680672268907563
SHOP-102120,107,5,1801.14,36,922,5,United Kingdom,360.228,0.0
SHOP-102489,185,2,152.4,3,144,2,United Kingdom,76.2,0.0
SHOP-102436,111,2,716.0,1,400,2,United Kingdom,358.0,0.0
SHOP-101131,82,3,1285.04,102,752,3,United Kingdom,428.34666666666664,0.047619047619047616
SHOP-102416,43,7,3406.7200000000003,45,1916,7,United Kingdom,486.67428571428576,0.0
SHOP-101042,68,3,2543.72,115,971,2,United Kingdom,847.9066666666668,0.0
SHOP-102128,21,2,1160.07,53,460,2,United Kingdom,580.0350000000001,0.05
SHOP-102756,24,2,2024.45,97,1543,2,United Kingdom,1012.225,0.0
SHOP-101816,9,5,4708.86,216,3069,5,France,941.7719999999999,0.0
SHOP-102390,30,12,2603.43,91,1183,10,United Kingdom,216.9525,0.044642857142857144
SHOP-102694,52,6,1778.96,110,1393,6,United Kingdom,296.49333333333334,0.01680672268907563
SHOP-102387,2,124,40991.57,1323,23071,112,United Kingdom,330.5771774193548,0.017036201929099336
SHOP-100899,29,2,317.2,76,224,2,United Kingdom,158.60000000000002,0.0
SHOP-100503,80,2,226.35,45,64,2,United Kingdom,113.175,0.0
SHOP-100912,5,6,7123.62,179,3840,6,United Kingdom,1187.27,0.03460207612456748
SHOP-102064,80,4,2369.55,104,1478,4,United Kingdom,592.3875,0.031746031746031744
SHOP-102722,96,2,1237.53,56,725,2,United Kingdom,618.7650000000001,0.01694915254237288
SHOP-101627,17,6,2883.1,115,1138,6,United Kingdom,480.51666666666665,0.006535947712418301
SHOP-100825,183,3,270.79,61,204,2,United Kingdom,90.26333333333332,0.0
SHOP-100379,9,4,689.1,25,376,4,United Kingdom,172.275,0.0
SHOP-102809,16,8,3285.31,107,2109,8,United Kingdom,410.66375,0.05649717514124294
SHOP-100148,26,3,815.32,146,501,3,United Kingdom,271.77333333333337,0.0
SHOP-102300,195,3,1689.5,9,517,2,United Kingdom,563.1666666666666,0.125
SHOP-100534,197,3,1448.21,85,735,3,United Kingdom,482.7366666666667,0.043010752688172046
SHOP-101541,17,13,4730.81,96,5001,13,United Kingdom,363.9084615384615,0.013157894736842105
SHOP-100978,19,4,791.33,51,785,4,United Kingdom,197.83249999999998,0.0
SHOP-101542,6,14,3110.96,158,709,13,United Kingdom,222.21142857142857,0.003125
SHOP-100546,3,3,350.64,45,348,3,United Kingdom,116.88,0.0
SHOP-102399,73,4,446.18,31,540,4,United Kingdom,111.545,0.0
SHOP-100496,122,3,533.98,3,262,3,United Kingdom,177.99333333333334,0.42857142857142855
SHOP-101201,16,7,2263.12,109,863,4,United Kingdom,323.30285714285714,0.09701492537313433
SHOP-100904,29,2,277.05,9,45,2,United Kingdom,138.525,0.0
SHOP-100928,2,12,1894.35,214,1401,9,United Kingdom,157.86249999999998,0.0035714285714285713
SHOP-102068,12,2,114.34,21,53,1,United Kingdom,57.17,0.0
SHOP-100864,10,4,2183.54,54,910,4,United Kingdom,545.885,0.0
SHOP-101443,46,2,1021.48,40,1376,2,United Kingdom,510.74,0.0
SHOP-102142,18,6,2068.15,110,1646,6,United Kingdom,344.69166666666666,0.0
SHOP-101657,16,7,5064.94,132,2425,6,United Kingdom,723.5628571428571,0.022988505747126436
SHOP-101848,5,13,2633.85,33,701,12,United Kingdom,202.60384615384615,0.0
SHOP-101673,74,3,136.0,1,16,3,United Kingdom,45.333333333333336,0.25
SHOP-100929,22,2,696.41,88,254,1,United Kingdom,348.205,0.0
SHOP-102789,9,5,1308.6100000000001,22,381,5,United Kingdom,261.72200000000004,0.058823529411764705
SHOP-100881,178,3,711.79,56,290,3,United Kingdom,237.26333333333332,0.0
SHOP-102352,1,2,168472.5,3,80997,2,United Kingdom,84236.25,0.25
SHOP-101540,88,4,933.7,22,481,4,United Kingdom,233.425,0.03225806451612903
SHOP-100989,36,6,3563.85,116,2850,3,United Kingdom,593.975,0.0
SHOP-102320,27,3,1081.57,59,951,3,United Kingdom,360.5233333333333,0.014084507042253521
SHOP-101942,30,12,5900.25,101,2815,7,United Kingdom,491.68750000000006,0.011627906976744186
SHOP-101067,154,2,1705.8,75,758,2,United Kingdom,852.9000000000001,0.046511627906976744
SHOP-101646,35,3,1116.57,144,644,2,United Kingdom,372.19,0.0
SHOP-102122,158,2,616.15,14,287,2,United Kingdom,308.07500000000005,0.05555555555555555
SHOP-102484,212,2,294.12,13,215,2,United Kingdom,147.06,0.0
SHOP-100177,12,4,2294.78,88,1567,4,United Kingdom,573.695,0.09090909090909091
SHOP-102597,120,4,1340.7,71,897,4,United Kingdom,335.175,0.0
SHOP-101165,4,2,178.96,9,88,2,United Kingdom,89.47999999999999,0.0
SHOP-100031,8,14,4076.91,117,2066,12,United Kingdom,291.2078571428571,0.013824884792626729
SHOP-101478,82,4,1320.56,143,647,4,United Kingdom,330.14,0.0
SHOP-100083,50,6,2965.69,128,1396,5,United Kingdom,494.2816666666667,0.0
SHOP-102552,154,4,167.5,53,99,1,United Kingdom,41.875,0.0
SHOP-102478,11,12,14389.9,30,6752,11,United Kingdom,1199.1583333333333,0.038834951456310676
SHOP-101603,12,8,3165.36,339,2544,6,United Kingdom,395.67,0.0018281535648994515
SHOP-101255,130,3,329.6,13,140,3,United Kingdom,109.86666666666667,0.0
SHOP-101559,10,4,1127.71,19,525,4,United Kingdom,281.9275,0.0
SHOP-101436,275,2,618.63,6,380,2,Switzerland,309.315,0.0
SHOP-100591,4,3,1164.55,15,345,3,United Kingdom,388.18333333333334,0.0
SHOP-101589,17,4,2534.64,116,1266,4,United Kingdom,633.6600000000001,0.0273972602739726
SHOP-102141,2,3,1843.0,13,1380,3,United Kingdom,614.3333333333334,0.0
SHOP-100391,39,2,692.19,33,463,2,United Kingdom,346.095,0.0
SHOP-100447,66,3,1120.88,68,689,3,United Kingdom,373.6266666666667,0.0410958904109589
SHOP-102032,327,2,599.97,58,319,2,United Kingdom,299.985,0.0
SHOP-101985,64,2,590.9300000000001,30,161,2,United Kingdom,295.46500000000003,0.0
SHOP-101467,10,6,1158.3,193,695,5,United Kingdom,193.04999999999998,0.0
SHOP-101774,29,10,2599.04,32,774,10,Germany,259.904,0.015384615384615385
SHOP-101586,169,7,3703.29,145,2305,7,United Kingdom,529.0414285714286,0.01020408163265306
SHOP-100081,203,2,172.29000000000002,6,127,1,United Kingdom,86.14500000000001,0.0
SHOP-100141,1,4,729.27,99,863,3,United Kingdom,182.3175,0.0
SHOP-101463,219,2,611.88,18,612,2,United Kingdom,305.93999999999994,0.0
SHOP-101305,8,7,3603.21,184,1982,7,United Kingdom,514.7442857142858,0.003389830508474576
SHOP-100547,87,5,1236.54,35,1210,4,United Kingdom,247.308,0.28865979381443296
SHOP-101476,31,2,629.31,33,264,2,United Kingdom,314.655,0.0
SHOP-102097,50,3,731.9,29,434,3,United Kingdom,243.9666666666667,0.0
SHOP-100315,5,10,5417.93,131,3064,10,France,541.793,0.0
SHOP-100924,55,2,447.68,26,310,2,United Kingdom,223.84,0.0
SHOP-101861,36,2,609.85,27,241,2,United Kingdom,304.925,0.0
SHOP-100034,19,2,957.66,39,439,2,United Kingdom,478.83,0.0
SHOP-100537,9,13,5076.55,159,4024,13,United Kingdom,390.50384615384615,0.01282051282051282
SHOP-102192,92,2,437.6,11,290,2,Germany,218.8,0.0
SHOP-101453,93,4,2106.52,31,1392,4,United Kingdom,526.63,0.05263157894736842
SHOP-100052,72,3,482.2,63,366,2,United Kingdom,160.73333333333332,0.013888888888888888
SHOP-100266,96,2,682.41,114,441,2,United Kingdom,341.205,0.0
SHOP-101600,212,2,203.87,20,79,2,United Kingdom,101.935,0.0
SHOP-100164,110,3,473.02,30,462,3,United Kingdom,157.67333333333332,0.0
SHOP-100926,3,2,558.96,36,486,2,United Kingdom,279.48,0.0
SHOP-100850,6,5,1570.81,117,1236,5,United Kingdom,314.162,0.011904761904761904
SHOP-100125,2,18,4951.41,118,2922,15,France,275.0783333333333,0.004975124378109453
SHOP-100319,12,7,1131.88,165,516,7,United Kingdom,161.69714285714286,0.008771929824561403
SHOP-102738,148,3,2940.04,132,2119,3,Canada,980.0133333333333,0.0
SHOP-102696,29,7,1032.58,32,956,7,France,147.51142857142855,0.0
SHOP-101587,18,3,251.91,39,147,2,United Kingdom,83.97,0.04878048780487805
SHOP-100050,15,5,1393.69,55,879,5,United Kingdom,278.738,0.011494252873563218
SHOP-100408,49,4,1905.45,96,1357,4,United Kingdom,476.3625,0.0
SHOP-102365,2,4,1412.32,94,1071,4,United Kingdom,353.08,0.0
SHOP-100468,2,62,28117.04,234,16232,41,United Kingdom,453.5006451612903,0.04590818363273453
SHOP-100367,71,2,947.4,35,506,2,Switzerland,473.70000000000005,0.0
SHOP-102736,228,2,1065.3500000000001,67,430,2,United Kingdom,532.675,0.0
SHOP-100631,29,12,3707.12,231,1975,7,United Kingdom,308.9266666666667,0.08069164265129683
SHOP-101984,8,16,3362.71,99,2042,16,United Kingdom,210.169375,0.0
SHOP-100935,24,2,281.85,11,111,2,United Kingdom,140.925,0.0
SHOP-100121,3,9,3649.1,158,1552,9,Belgium,405.4555555555555,0.030303030303030304
SHOP-102780,2,37,5704.97,184,2589,36,United Kingdom,154.1883783783784,0.013071895424836602
SHOP-100099,16,2,1345.53,60,769,2,United Kingdom,672.7650000000001,0.013513513513513514
SHOP-100394,31,4,761.38,73,517,4,United Kingdom,190.345,0.0
SHOP-101452,17,2,192.60000000000002,4,52,2,United Kingdom,96.30000000000001,0.16666666666666666
SHOP-101384,35,4,945.58,126,605,4,United Kingdom,236.39499999999998,0.0
SHOP-101317,1,26,8676.85,180,3370,26,United Kingdom,333.725,0.0171990171990172
SHOP-101040,235,3,44534.3,5,18028,2,United Kingdom,14844.766666666668,0.3333333333333333
SHOP-100954,23,3,1391.61,130,1011,3,United Kingdom,463.86999999999995,0.0
SHOP-101105,122,3,814.86,67,522,3,United Kingdom,271.62,0.0
SHOP-101572,75,4,924.85,42,516,4,United Kingdom,231.2125,0.020833333333333332
SHOP-102491,101,2,1317.62,31,908,2,United Kingdom,658.81,0.0
SHOP-102155,25,3,665.86,141,507,3,United Kingdom,221.95333333333335,0.0
SHOP-101141,13,10,2126.93,99,1124,9,United Kingdom,212.69299999999998,0.0
SHOP-101232,41,8,977.21,105,440,8,United Kingdom,122.15125,0.0
SHOP-101012,32,6,2656.13,133,1959,6,France,442.68833333333333,0.018292682926829267
SHOP-101287,5,21,4604.22,448,3158,20,United Kingdom,219.24857142857144,0.0
SHOP-100100,87,17,7194.3,148,6735,17,United Kingdom,423.1941176470588,0.002793296089385475
SHOP-100916,19,2,396.92,47,119,2,United Kingdom,198.45999999999998,0.0
SHOP-102527,18,5,1515.9,42,880,5,United Kingdom,303.18,0.0
SHOP-101615,313,2,580.0500000000001,20,419,2,United Kingdom,290.025,0.0
SHOP-100460,9,2,399.51,13,177,2,United Kingdom,199.755,0.07142857142857142
SHOP-100019,33,5,2001.8,177,560,4,United Kingdom,400.36,0.006688963210702341
SHOP-100995,74,2,437.96,33,599,2,United Kingdom,218.98000000000002,0.0
SHOP-100166,4,17,10504.49,270,3899,12,United Kingdom,617.9111764705882,0.03291139240506329
SHOP-100287,45,3,573.22,7,370,3,United Kingdom,191.07333333333335,0.16666666666666666
SHOP-101566,60,3,555.89,52,261,3,United Kingdom,185.2966666666667,0.0
SHOP-101359,122,4,678.49,63,497,4,United Kingdom,169.6225,0.03571428571428571
SHOP-102074,71,3,1993.7,159,1200,3,United Kingdom,664.5666666666666,0.009900990099009901
SHOP-100307,29,2,325.96000000000004,47,125,2,United Kingdom,162.98000000000002,0.0
SHOP-100579,6,8,1814.12,106,1629,8,United Kingdom,226.765,0.008064516129032258
SHOP-100456,92,6,934.62,11,1147,6,United Kingdom,155.77,0.058823529411764705
SHOP-101995,8,4,4939.99,193,2967,4,France,1234.9975,0.007407407407407408
SHOP-101862,18,4,701.4,35,290,4,United Kingdom,175.35000000000002,0.11363636363636363
SHOP-101200,188,2,267.08,28,91,2,United Kingdom,133.54,0.0
SHOP-100316,59,4,592.9,27,262,4,United Kingdom,148.225,0.027777777777777776
SHOP-101027,133,2,814.0,7,384,2,United Kingdom,407.0,0.0
SHOP-101577,59,2,376.64,28,428,2,United Kingdom,188.32,0.0
SHOP-102163,39,4,1871.81,72,1136,4,United Kingdom,467.9525,0.034782608695652174
SHOP-100351,94,3,234.6,9,172,3,United Kingdom,78.2,0.0
SHOP-102559,29,4,6287.77,57,2125,4,United Kingdom,1571.9425,0.0
SHOP-100662,89,5,2262.62,37,1179,5,United Kingdom,452.524,0.0
SHOP-101247,5,22,8347.2,292,7050,15,United Kingdom,379.41818181818184,0.017825311942959002
SHOP-101576,64,7,4405.88,110,2534,6,United Kingdom,629.4114285714286,0.12408759124087591
SHOP-102758,34,6,1474.32,70,839,6,United Kingdom,245.72,0.009615384615384616
SHOP-101204,16,5,1438.85,145,1167,5,United Kingdom,287.77000000000004,0.0
SHOP-101134,82,3,1799.33,50,757,3,United Kingdom,599.7766666666666,0.0
SHOP-102782,126,9,3613.63,63,4324,7,United Kingdom,401.51444444444445,0.02666666666666667
SHOP-101706,73,4,1224.06,36,942,4,United Kingdom,306.015,0.06
SHOP-102441,16,5,1896.41,162,1095,5,United Kingdom,379.282,0.0182648401826484
SHOP-101885,17,3,363.88,102,384,3,United Kingdom,121.29333333333334,0.0
SHOP-101071,66,6,1459.8600000000001,126,643,6,United Kingdom,243.31000000000003,0.0
SHOP-102528,199,4,557.3,14,273,3,United Kingdom,139.325,0.0
SHOP-101914,21,13,3219.77,125,1842,10,United Kingdom,247.67461538461538,0.0
SHOP-102660,41,2,719.78,135,330,2,United Kingdom,359.89000000000004,0.0
SHOP-101139,26,3,974.52,47,812,3,United Kingdom,324.84,0.03225806451612903
SHOP-100160,89,6,2995.72,150,2058,5,United Kingdom,499.2866666666667,0.0
SHOP-100296,247,3,1058.6200000000001,107,405,2,United Kingdom,352.8733333333333,0.0
SHOP-101634,114,3,1496.83,133,1064,3,United Kingdom,498.9433333333333,0.03409090909090909
SHOP-100751,60,7,747.44,32,590,7,United Kingdom,106.77714285714286,0.05128205128205128
SHOP-100558,20,7,1567.69,113,544,5,United Kingdom,223.95571428571427,0.006622516556291391
SHOP-102579,306,4,3734.9700000000003,142,1343,4,United Kingdom,933.7425000000001,0.009523809523809525
SHOP-100598,20,18,7354.62,43,1257,18,United Kingdom,408.59,0.0673076923076923
SHOP-102309,36,4,757.71,116,397,3,United Kingdom,189.4275,0.006802721088435374
SHOP-102375,59,9,2332.15,121,1211,9,United Kingdom,259.1277777777778,0.07333333333333333
SHOP-100074,5,5,1845.31,70,808,5,Norway,369.062,0.04395604395604396
SHOP-102362,99,2,636.14,44,996,2,United Kingdom,318.07,0.0
SHOP-100792,54,5,1786.79,79,1316,5,United Kingdom,357.358,0.0
SHOP-102003,24,14,4416.26,137,2135,10,United Kingdom,315.44714285714286,0.010810810810810811
SHOP-100248,5,7,3102.43,117,1408,6,United Kingdom,443.2042857142857,0.004784688995215311
SHOP-100712,22,2,276.42,52,131,2,United Kingdom,138.21,0.0
SHOP-101482,46,3,2043.0800000000002,34,962,3,United Kingdom,681.0266666666666,0.025
SHOP-101077,109,3,2372.86,116,1166,2,Channel Islands,790.9533333333334,0.0
SHOP-100816,13,12,2092.32,157,1759,12,United Kingdom,174.36,0.0
SHOP-102162,8,4,627.13,35,459,3,United Kingdom,156.7825,0.0
SHOP-100690,55,2,913.54,87,411,2,United Kingdom,456.77,0.038834951456310676
SHOP-102049,78,4,1259.56,13,1068,4,United Kingdom,314.89,0.0
SHOP-101930,2,10,2796.51,73,1163,9,United Kingdom,279.651,0.055944055944055944
SHOP-101450,291,2,641.38,22,174,1,Cyprus,320.69,0.043478260869565216
SHOP-101550,40,4,618.52,5,145,4,United Kingdom,154.63,0.14285714285714285
SHOP-101504,2,3,825.92,133,416,3,United Kingdom,275.3066666666667,0.011111111111111112
SHOP-100936,211,2,662.08,17,584,2,United Kingdom,331.03999999999996,0.125
SHOP-100938,240,2,178.96,13,208,2,United Kingdom,89.48,0.0
SHOP-102762,3,3,666.1,20,124,3,United Kingdom,222.03333333333333,0.047619047619047616
SHOP-100603,15,6,306.71999999999997,9,318,6,United Kingdom,51.12,0.0
SHOP-102520,17,3,1352.0,18,864,3,United Kingdom,450.6666666666667,0.0
SHOP-102787,80,5,1859.16,24,1047,5,United Kingdom,371.832,0.043478260869565216
SHOP-101226,73,4,891.12,50,681,4,United Kingdom,222.78,0.0
SHOP-100593,184,3,475.28000000000003,26,220,3,United Kingdom,158.42666666666668,0.0
SHOP-101441,166,2,433.74,20,207,2,France,216.87,0.043478260869565216
SHOP-100371,66,2,1266.08,33,1313,2,United Kingdom,633.04,0.0
SHOP-101173,11,4,1272.61,166,827,4,United Kingdom,318.1525,0.0
SHOP-100480,2,26,13027.45,75,7397,26,United Kingdom,501.0557692307693,0.085
SHOP-101114,74,8,1970.6699999999998,133,2298,8,United Kingdom,246.33374999999998,0.07777777777777778
SHOP-100254,91,2,589.15,37,399,2,United Kingdom,294.575,0.0
SHOP-101277,40,7,2637.38,236,1978,7,United Kingdom,376.7685714285714,0.0024271844660194173
SHOP-100233,3,7,1258.06,48,738,7,United Kingdom,179.72285714285712,0.0
SHOP-100652,5,7,2552.86,166,1229,5,United Kingdom,364.69428571428574,0.0
SHOP-102363,260,2,969.0600000000001,51,414,2,United Kingdom,484.53,0.018518518518518517
SHOP-102421,146,4,1118.81,101,744,4,United Kingdom,279.7025,0.0
SHOP-102798,17,3,822.48,27,433,3,United Kingdom,274.16,0.02857142857142857
SHOP-100819,37,3,646.3,27,479,2,United Kingdom,215.4333333333333,0.0
SHOP-101336,2,2,396.48,42,223,2,United Kingdom,198.24,0.0
SHOP-100701,142,4,1300.25,50,499,4,European Community,325.0625,0.01639344262295082
SHOP-101647,51,3,330.03,24,116,3,United Kingdom,110.00999999999999,0.0
SHOP-101952,275,2,1489.5,25,668,2,United Kingdom,744.75,0.0
SHOP-102748,161,2,100.97,15,45,2,United Kingdom,50.485,0.0625
SHOP-101640,47,3,380.02,38,256,3,United Kingdom,126.67333333333333,0.0
SHOP-101878,31,6,2054.36,34,1162,6,United Kingdom,342.3933333333334,0.08450704225352113
SHOP-100259,23,3,1129.14,55,584,3,United Kingdom,376.38000000000005,0.04838709677419355
SHOP-102752,32,4,2128.23,104,1151,3,United Kingdom,532.0575,0.0
SHOP-102095,93,2,128.5,8,59,2,United Kingdom,64.25,0.0
SHOP-100062,132,2,765.34,30,779,2,United Kingdom,382.67,0.0
SHOP-102164,59,4,1113.02,43,554,4,France,278.255,0.14285714285714285
SHOP-102077,7,2,679.4399999999999,26,421,2,United Kingdom,339.72,0.0
SHOP-102384,61,2,324.24,60,396,1,United Kingdom,162.12,0.0
SHOP-101645,128,2,1516.0,7,1200,2,United Kingdom,758.0,0.35294117647058826
SHOP-101870,17,2,867.85,21,971,2,Italy,433.92499999999995,0.03571428571428571
SHOP-100325,6,3,663.81,34,219,3,United Kingdom,221.27,0.0
SHOP-100665,37,4,1207.56,44,1409,4,United Kingdom,301.89,0.12
SHOP-100791,16,5,918.1999999999999,52,866,3,United Kingdom,183.64,0.03636363636363636
SHOP-101006,37,4,36.56,16,30,4,United Kingdom,9.14,0.0
SHOP-100113,6,5,798.35,74,463,5,United Kingdom,159.67000000000002,0.0
SHOP-101752,72,3,1796.48,100,1578,3,United Kingdom,598.8266666666667,0.0
SHOP-100075,10,2,344.0,1,200,2,United Kingdom,172.0,0.0
SHOP-100048,2,19,5575.56,286,2599,19,United Kingdom,293.4505263157895,0.055776892430278883
SHOP-100570,8,2,221.26999999999998,23,221,2,United Kingdom,110.63499999999999,0.0
SHOP-100569,46,3,1095.08,48,578,3,United Kingdom,365.02666666666664,0.0
SHOP-102226,12,3,698.58,28,287,3,United Kingdom,232.86,0.0
SHOP-102106,23,3,1166.77,60,609,3,United Kingdom,388.92333333333335,0.029850746268656716
SHOP-100297,12,2,352.69,26,255,2,United Kingdom,176.34499999999997,0.0
SHOP-100693,10,3,1298.66,46,529,3,France,432.8866666666667,0.0
SHOP-101925,36,2,658.64,23,496,2,United Kingdom,329.32,0.0
SHOP-102586,35,2,2949.75,146,1816,1,United Kingdom,1474.875,0.0
SHOP-102544,22,15,42055.96,28,28004,12,United Kingdom,2803.730666666667,0.19607843137254902
SHOP-102805,19,10,2483.04,268,1836,9,United Kingdom,248.304,0.0
SHOP-100596,56,4,796.03,91,683,3,United Kingdom,199.0075,0.022900763358778626
SHOP-102675,11,5,601.98,31,264,4,Germany,120.396,0.0
SHOP-102092,30,6,1197.1000000000001,62,542,4,United Kingdom,199.51666666666668,0.024691358024691357
SHOP-101684,109,4,1659.75,4,535,3,United Kingdom,414.9375,0.0
SHOP-100390,44,2,1612.69,66,731,2,United Kingdom,806.345,0.013157894736842105
SHOP-101780,58,4,501.56,26,204,4,United Kingdom,125.39,0.0
SHOP-100519,1,8,3628.5,183,2138,7,United Kingdom,453.5625,0.026923076923076925
SHOP-101108,261,3,514.85,27,230,3,Portugal,171.61666666666667,0.0
SHOP-102132,74,2,245.94,16,194,2,United Kingdom,122.97,0.0
SHOP-102396,22,25,7930.54,159,5694,13,United Kingdom,317.2216,0.01020408163265306
SHOP-100510,154,6,70.02,19,20,6,United Kingdom,11.67,0.0
SHOP-102666,12,16,4805.17,401,4439,16,United Kingdom,300.323125,0.02810810810810811
SHOP-100922,26,5,2036.67,334,1311,5,United Kingdom,407.334,0.00423728813559322
SHOP-101100,9,2,1020.42,53,452,2,Germany,510.21000000000004,0.03225806451612903
SHOP-101989,23,2,661.3199999999999,40,798,2,United Kingdom,330.65999999999997,0.0425531914893617
SHOP-101197,29,2,382.98,20,211,2,Germany,191.49,0.0
SHOP-100140,3,8,2953.59,96,1405,7,United Kingdom,369.19875,0.02040816326530612
SHOP-102531,20,6,1740.6,94,978,6,United Kingdom,290.09999999999997,0.0
SHOP-101754,8,4,1822.97,71,1325,4,United Kingdom,455.7425,0.0
SHOP-101854,37,5,3089.97,370,2041,5,United Kingdom,617.994,0.005893909626719057
SHOP-101374,330,2,689.95,25,265,2,United Kingdom,344.975,0.0
SHOP-101362,2,3,616.79,161,446,3,United Kingdom,205.59666666666666,0.0
SHOP-102207,54,4,1420.2,84,938,4,United Kingdom,355.05,0.05102040816326531
SHOP-100957,36,4,1227.43,76,1743,4,United Kingdom,306.8575,0.0
SHOP-102168,52,3,650.51,44,346,2,United Kingdom,216.83666666666667,0.0
SHOP-101099,1,4,1260.86,52,804,4,United Kingdom,315.215,0.0
SHOP-101843,71,3,1033.0,38,300,3,United Kingdom,344.3333333333333,0.1111111111111111
SHOP-101597,52,2,1010.18,55,375,2,United Kingdom,505.09000000000003,0.05333333333333334
SHOP-102204,33,5,3964.88,157,1752,4,United Kingdom,792.976,0.02824858757062147
SHOP-102193,128,6,3344.64,11,1808,5,France,557.44,0.0
SHOP-101227,23,4,825.42,113,585,4,United Kingdom,206.35500000000002,0.007751937984496124
SHOP-101927,50,8,1980.56,95,806,8,United Kingdom,247.57,0.11864406779661017
SHOP-100237,54,3,700.63,40,422,3,United Kingdom,233.54333333333332,0.0
SHOP-102837,94,2,982.07,25,269,2,United Kingdom,491.0350000000001,0.0
SHOP-102536,130,4,1475.81,17,519,4,United Kingdom,368.9525,0.23076923076923078
SHOP-100745,29,5,2232.19,64,1308,5,United Kingdom,446.438,0.0821917808219178
SHOP-100508,13,10,3997.98,200,1862,10,United Kingdom,399.798,0.009584664536741214
SHOP-100000,36,10,7121.95,25,5205,6,United Kingdom,712.1949999999999,0.025974025974025976
SHOP-101973,3,5,1651.03,18,833,5,United Kingdom,330.206,0.0
SHOP-101508,1,5,1788.3600000000001,80,993,5,United Kingdom,357.672,0.041666666666666664
SHOP-102317,12,4,669.11,50,678,4,United Kingdom,167.2775,0.0
SHOP-101239,64,4,3189.81,87,1833,4,United Kingdom,797.4525,0.0
SHOP-101514,27,2,761.74,50,718,2,United Kingdom,380.87,0.0
SHOP-100878,1,24,12245.960000000001,95,3045,23,United Kingdom,510.2483333333333,0.28214285714285714
SHOP-100197,96,3,803.5600000000001,39,370,3,Australia,267.8533333333333,0.0
SHOP-102608,19,9,1601.14,170,761,9,United Kingdom,177.90444444444444,0.0026041666666666665
SHOP-101212,10,4,933.62,158,1229,4,United Kingdom,233.405,0.0
SHOP-100109,47,7,3062.83,406,2030,7,United Kingdom,437.54714285714283,0.00510204081632653
SHOP-101258,11,2,264.44,55,119,2,United Kingdom,132.22,0.0
SHOP-101361,215,2,457.81,23,135,2,United Kingdom,228.90500000000003,0.0
SHOP-100294,201,2,218.25,11,73,2,United Kingdom,109.125,0.08333333333333333
SHOP-102459,1,6,4263.64,189,2906,6,United Kingdom,710.6066666666667,0.0
SHOP-102260,22,5,5112.96,24,2364,5,United Kingdom,1022.592,0.0425531914893617
SHOP-102255,76,3,884.14,94,955,3,United Kingdom,294.7133333333333,0.0
SHOP-101658,2,5,1250.76,148,615,5,United Kingdom,250.152,0.0
SHOP-101326,64,7,1841.18,69,988,6,United Kingdom,263.0257142857143,0.0
SHOP-101674,338,2,401.9,10,354,2,Australia,200.95,0.0
SHOP-101850,1,60,259657.3,150,64124,26,United Kingdom,4327.621666666667,0.004618937644341801
SHOP-100968,15,3,2001.04,63,1168,3,United Kingdom,667.0133333333333,0.013888888888888888
SHOP-101766,31,2,1050.8899999999999,47,623,2,United Kingdom,525.4449999999999,0.0
SHOP-101496,138,3,881.07,44,431,3,United Kingdom,293.69,0.0
SHOP-102059,302,3,1140.35,26,1109,3,United Kingdom,380.1166666666666,0.0
SHOP-100090,127,4,740.9399999999999,34,672,4,United Kingdom,185.23499999999999,0.02127659574468085
SHOP-101941,26,7,918.2,37,458,7,United Kingdom,131.17142857142858,0.019230769230769232
SHOP-100683,38,6,6814.64,13,9848,5,United Kingdom,1135.7733333333333,0.02564102564102564
SHOP-102171,57,2,638.0600000000001,37,294,2,United Kingdom,319.03,0.0
SHOP-101699,16,2,231.86,10,150,2,United Kingdom,115.93,0.0
SHOP-100383,25,8,3408.48,53,1866,8,United Kingdom,426.06,0.0
SHOP-100037,31,20,10526.32,191,5757,16,United Kingdom,526.316,0.04884318766066838
SHOP-100321,50,2,173.16,8,60,2,United Kingdom,86.58000000000001,0.0
SHOP-101759,2,3,310.64,60,161,3,United Kingdom,103.54666666666667,0.0
SHOP-102281,29,3,1071.99,49,692,3,United Kingdom,357.33,0.038461538461538464
SHOP-102683,16,7,4892.240000000001,13,2730,6,United Kingdom,698.8914285714285,0.0
SHOP-102445,17,4,700.73,20,298,4,United Kingdom,175.1825,0.03125
SHOP-100401,301,2,186.39000000000001,4,57,2,United Kingdom,93.19500000000001,0.625
SHOP-102501,235,2,304.25,13,91,2,United Kingdom,152.125,0.21052631578947367
SHOP-100777,54,5,1647.26,20,516,5,United Kingdom,329.452,0.0
SHOP-100010,3,5,1191.13,54,953,5,United Kingdom,238.22600000000003,0.015151515151515152
SHOP-101679,16,4,807.04,32,484,4,Spain,201.76,0.021739130434782608
SHOP-100138,61,4,1797.5,81,487,3,United Kingdom,449.375,0.010869565217391304
SHOP-101142,46,2,179.33999999999997,7,203,2,United Kingdom,89.66999999999999,0.0
SHOP-100604,32,5,1483.56,90,1029,5,United Kingdom,296.712,0.0
SHOP-100731,43,7,1314.45,39,601,7,United Kingdom,187.77857142857144,0.03571428571428571
SHOP-101349,158,3,447.64000000000004,35,394,3,United Kingdom,149.21333333333334,0.027777777777777776
SHOP-101662,151,3,2744.0299999999997,98,1115,3,France,914.6766666666666,0.00980392156862745
SHOP-102324,1,14,6479.4,42,1677,14,United Kingdom,462.8142857142857,0.012658227848101266
SHOP-101733,8,2,700.86,94,373,2,United Kingdom,350.43,0.0
SHOP-102040,86,3,1030.14,24,750,3,United Kingdom,343.37999999999994,0.0
SHOP-102547,59,4,2163.98,73,1162,4,Germany,540.995,0.019417475728155338
SHOP-102539,93,3,379.35,18,111,3,United Kingdom,126.45,0.0
SHOP-100465,59,6,3624.35,49,1649,6,Switzerland,604.0583333333333,0.021052631578947368
SHOP-100069,11,5,1614.31,84,860,5,United Kingdom,322.86199999999997,0.021052631578947368
SHOP-100451,28,5,1356.33,64,804,5,United Kingdom,271.26599999999996,0.011904761904761904
SHOP-100511,26,5,600.07,37,359,5,United Kingdom,120.01400000000001,0.0
SHOP-101465,16,2,460.64,23,236,2,United Kingdom,230.32,0.0
SHOP-102044,54,2,423.04,110,231,2,United Kingdom,211.51999999999998,0.0
SHOP-102800,20,11,2470.67,368,1498,9,United Kingdom,224.60636363636365,0.011093502377179081
SHOP-101675,31,2,510.71000000000004,51,254,2,United Kingdom,255.35500000000002,0.08620689655172414
SHOP-101332,12,7,1960.1100000000001,157,753,7,United Kingdom,280.0157142857143,0.034334763948497854
SHOP-101975,54,4,939.37,45,488,4,United Kingdom,234.8425,0.04081632653061224
SHOP-100985,276,8,7832.47,97,3961,7,United Kingdom,979.05875,0.06470588235294118
SHOP-100029,15,5,1618.69,49,812,5,United Kingdom,323.738,0.012345679012345678
SHOP-101738,71,3,1521.76,183,932,3,United Kingdom,507.25333333333333,0.0
SHOP-101772,29,5,981.65,89,298,5,United Kingdom,196.32999999999998,0.0
SHOP-101472,112,3,270.40000000000003,12,130,2,United Kingdom,90.13333333333333,0.0
SHOP-102721,134,2,546.43,114,319,1,Unspecified,273.21500000000003,0.0
SHOP-100941,25,3,682.9100000000001,39,453,3,United Kingdom,227.63666666666668,0.0
SHOP-101468,39,2,775.1800000000001,27,566,2,United Kingdom,387.59000000000003,0.0
SHOP-102440,18,8,2209.36,97,1688,8,United Kingdom,276.17,0.02112676056338028
SHOP-100725,150,4,295.0,1,76,3,United Kingdom,73.75,0.3333333333333333
SHOP-101660,20,9,4332.2,217,2696,9,United Kingdom,481.35555555555555,0.02348993288590604
SHOP-102350,10,8,3212.84,124,1941,8,United Kingdom,401.605,0.02617801047120419
SHOP-101644,72,4,6617.65,17,3791,4,United Kingdom,1654.4125,0.0
SHOP-102803,207,2,477.79,29,325,2,United Kingdom,238.89499999999998,0.2619047619047619
SHOP-100906,17,5,2012.17,204,730,5,United Kingdom,402.434,0.0
SHOP-102161,1,91,60767.9,567,38194,90,United Kingdom,667.7791208791209,0.044961862705740666
SHOP-101118,18,5,2206.95,91,1938,5,United Kingdom,441.39,0.021052631578947368
SHOP-102612,33,2,148.44,4,24,1,United Kingdom,74.22,0.0
SHOP-100686,57,2,1530.3600000000001,33,412,2,United Kingdom,765.1800000000001,0.029411764705882353
SHOP-101653,25,12,4867.72,118,2509,12,United Kingdom,405.6433333333334,0.040740740740740744
SHOP-101432,4,3,967.45,175,509,3,United Kingdom,322.48333333333335,0.0
SHOP-102403,99,3,1019.76,45,493,3,United Kingdom,339.92,0.0
SHOP-101176,200,2,1110.34,52,655,2,United Kingdom,555.1700000000001,0.0
SHOP-100151,8,7,2283.63,61,1985,7,France,326.23285714285714,0.0
SHOP-101727,184,3,199.15,11,33,3,United Kingdom,66.38333333333334,0.0
SHOP-101704,36,9,2361.9700000000003,209,840,9,United Kingdom,262.44111111111107,0.0
SHOP-100939,10,8,4017.54,208,2549,7,United Kingdom,502.1925,0.02459016393442623
SHOP-100046,23,7,2827.93,168,4400,7,United Kingdom,403.99000000000007,0.0
SHOP-102150,36,5,1315.83,72,967,5,Poland,263.166,0.011235955056179775
SHOP-100396,4,9,2338.15,44,416,9,Italy,259.7944444444445,0.23809523809523808
SHOP-101729,9,2,453.4,24,354,2,United Kingdom,226.7,0.02857142857142857
SHOP-101643,76,2,422.59999999999997,12,330,2,United Kingdom,211.3,0.1875
SHOP-102710,25,2,215.07999999999998,13,54,2,United Kingdom,107.53999999999999,0.0
SHOP-100235,9,5,1624.05,106,1611,5,United Kingdom,324.81,0.0
SHOP-100377,128,3,428.68,100,282,2,United Kingdom,142.89333333333335,0.0
SHOP-102419,35,3,1415.29,87,799,3,United Kingdom,471.7633333333333,0.0
SHOP-100293,29,4,697.55,39,452,4,United Kingdom,174.3875,0.06666666666666667
SHOP-102366,28,7,1593.2,125,801,7,United Kingdom,227.6,0.006493506493506494
SHOP-100286,125,2,465.68,25,305,2,United Kingdom,232.83999999999997,0.0
SHOP-101722,59,6,1223.9,124,804,6,United Kingdom,203.98333333333335,0.006666666666666667
SHOP-101127,31,6,3518.03,111,2856,6,United Kingdom,586.3383333333334,0.0
SHOP-100877,239,2,429.6,23,351,2,United Kingdom,214.8,0.0
SHOP-101076,32,7,1469.45,157,819,6,United Kingdom,209.92142857142858,0.0
SHOP-100813,10,4,2381.04,147,1478,4,United Kingdom,595.26,0.0
SHOP-101270,4,4,575.63,43,295,4,United Kingdom,143.9075,0.0
SHOP-101822,19,2,1231.5,2,642,2,United Kingdom,615.75,0.0
SHOP-102632,11,5,2314.65,89,915,5,United Kingdom,462.93,0.019417475728155338
SHOP-102733,39,2,206.34,11,78,2,United Kingdom,103.17,0.14285714285714285
SHOP-101487,213,3,642.81,51,453,2,United Kingdom,214.26999999999998,0.0
SHOP-101425,22,4,4027.36,132,2560,4,Germany,1006.84,0.005649717514124294
SHOP-102530,191,2,617.05,11,219,2,United Kingdom,308.525,0.0
SHOP-101044,186,3,710.28,31,328,3,United Kingdom,236.76,0.02702702702702703
SHOP-101154,3,7,1474.72,58,1058,7,United Kingdom,210.67428571428573,0.031914893617021274
SHOP-100761,157,3,351.67,67,274,3,United Kingdom,117.22333333333334,0.0
SHOP-101274,15,17,5836.86,246,3748,17,United Kingdom,343.3447058823529,0.045023696682464455
SHOP-100462,4,2,959.01,133,380,2,United Kingdom,479.505,0.006535947712418301
SHOP-100412,18,2,509.58,59,302,2,United Kingdom,254.79,0.0
SHOP-102723,76,2,309.04,24,337,2,United Kingdom,154.52,0.0
SHOP-102753,22,2,422.88,99,561,1,United Kingdom,211.44,0.0
SHOP-102118,3,3,684.41,78,337,2,United Kingdom,228.13666666666666,0.0
SHOP-101768,12,4,615.39,173,300,3,United Kingdom,153.8475,0.0
SHOP-101677,58,2,835.78,51,526,2,United Kingdom,417.89,0.1
SHOP-100536,85,2,663.61,40,360,2,United Kingdom,331.805,0.08695652173913043
SHOP-100552,28,9,2429.03,102,1197,8,United Kingdom,269.89222222222224,0.05405405405405406
SHOP-101435,30,3,981.18,46,680,3,Spain,327.06,0.0
SHOP-101650,28,4,1991.01,96,868,4,United Kingdom,497.7525,0.0
SHOP-102277,10,3,3609.33,77,2386,3,United Kingdom,1203.11,0.009900990099009901
SHOP-101858,71,2,1631.77,28,1033,2,United Kingdom,815.885,0.0
SHOP-100340,24,3,692.22,89,357,3,United Kingdom,230.74,0.0
SHOP-102806,106,2,706.57,39,467,2,United Kingdom,353.28499999999997,0.045454545454545456
SHOP-102047,29,16,3630.33,43,679,15,United Kingdom,226.895625,0.32710280373831774
SHOP-101617,274,2,262.62,26,119,2,United Kingdom,131.31,0.0
SHOP-101583,92,3,1255.0,3,3700,3,United Kingdom,418.3333333333333,0.0
SHOP-101979,21,3,1379.9,24,514,3,United Kingdom,459.9666666666667,0.037037037037037035
SHOP-101172,34,2,409.1,49,110,2,United Kingdom,204.55,0.0
SHOP-102656,17,4,845.64,88,453,3,United Kingdom,211.41,0.0
SHOP-101177,88,3,356.85,6,117,3,United Kingdom,118.95,0.0
SHOP-102819,152,2,735.66,11,114,2,United Kingdom,367.83,0.07692307692307693
SHOP-102124,169,4,1042.26,68,383,4,United Kingdom,260.565,0.009900990099009901
SHOP-100086,5,14,6484.54,116,2948,13,United Kingdom,463.18142857142857,0.0903010033444816
SHOP-101686,59,4,1268.7,5,396,4,United Kingdom,317.17499999999995,0.0
SHOP-101055,9,9,3122.04,108,1308,9,United Kingdom,346.8933333333333,0.06474820143884892
SHOP-102147,17,8,5905.64,540,2759,8,United Kingdom,738.205,0.0049813200498132005
SHOP-100200,29,5,1428.02,41,739,5,United Kingdom,285.604,0.0
SHOP-102034,98,2,4055.7199999999993,2,3907,2,United Kingdom,2027.8599999999997,0.7142857142857143
SHOP-102188,149,2,626.77,35,694,2,United Kingdom,313.385,0.0
SHOP-100913,239,2,416.86,12,115,2,United Kingdom,208.43,0.0
SHOP-102444,198,2,207.79999999999998,7,134,2,Spain,103.9,0.0
SHOP-101745,64,2,712.88,11,272,2,United Kingdom,356.44,0.0
SHOP-101978,148,2,1063.46,38,379,2,Poland,531.73,0.0
SHOP-100030,127,2,730.86,34,306,2,United Kingdom,365.43,0.0
SHOP-100414,74,11,5232.2300000000005,57,1526,9,United Kingdom,475.65727272727275,0.019801980198019802
SHOP-102358,12,11,28337.38,503,19068,9,United Kingdom,2576.1254545454544,0.03110273327049953
SHOP-101426,92,2,193.64,10,120,2,United Kingdom,96.82,0.0
SHOP-101261,105,4,449.52,11,560,4,United Kingdom,112.38,0.0
SHOP-100824,42,3,1842.14,41,942,3,United Kingdom,614.0466666666667,0.0
SHOP-100715,11,27,3787.6,57,1892,25,United Kingdom,140.28148148148148,0.010101010101010102
SHOP-102635,10,8,1667.97,169,1001,8,United Kingdom,208.49625,0.0
SHOP-100458,18,4,598.76,67,278,4,United Kingdom,149.69,0.0
SHOP-102830,17,10,5464.12,62,1832,7,United Kingdom,546.412,0.008264462809917356
SHOP-102505,47,2,144.0,1,200,2,United Kingdom,72.0,0.0
SHOP-101659,9,5,1690.2600000000002,22,376,5,United Kingdom,338.052,0.02702702702702703
SHOP-100838,1,3,1093.65,313,736,3,United Kingdom,364.55,0.0
SHOP-101062,25,9,1600.86,55,1050,6,United Kingdom,177.87333333333333,0.0425531914893617
SHOP-102464,18,12,4199.85,10,1717,11,United Kingdom,349.9875,0.0
SHOP-100300,13,9,1920.59,159,811,8,United Kingdom,213.3988888888889,0.007067137809187279
SHOP-101801,155,2,216.20999999999998,21,72,2,United Kingdom,108.10499999999999,0.0
SHOP-100533,29,3,254.11,38,135,3,United Kingdom,84.70333333333333,0.0
SHOP-101976,109,2,530.18,31,330,2,Unspecified,265.09000000000003,0.0
SHOP-101967,19,2,213.27,37,60,2,United Kingdom,106.63499999999999,0.0
SHOP-100270,8,7,3781.7400000000002,99,1779,7,France,540.2485714285714,0.0
SHOP-100283,65,2,1043.46,33,729,2,United Kingdom,521.73,0.27419354838709675
SHOP-100586,128,2,180.85,10,61,2,United Kingdom,90.425,0.0
SHOP-100145,3,19,2612.96,18,1890,19,United Kingdom,137.52421052631578,0.08421052631578947
SHOP-100799,13,6,916.13,88,474,6,United Kingdom,152.68833333333333,0.0
SHOP-100550,63,2,263.21000000000004,19,192,2,Germany,131.60500000000002,0.0
SHOP-101216,33,3,1483.14,233,1013,2,United Kingdom,494.37999999999994,0.0
SHOP-101842,31,5,2114.33,50,707,4,United Kingdom,422.866,0.0
SHOP-100257,33,6,4541.72,256,2191,6,Spain,756.9533333333334,0.011428571428571429
SHOP-100811,36,5,2028.88,145,1306,5,United Kingdom,405.776,0.0
SHOP-102463,31,3,3166.4,6,1584,2,United Kingdom,1055.4666666666667,0.0
SHOP-100112,13,4,2861.55,174,2625,4,United Kingdom,715.3875,0.0
SHOP-102804,57,3,1553.18,92,915,3,United Kingdom,517.7266666666666,0.038461538461538464
SHOP-102121,45,2,1887.96,63,591,2,Switzerland,943.98,0.0
SHOP-100349,9,9,2993.1,119,1310,8,United Kingdom,332.56666666666666,0.011904761904761904
SHOP-102719,3,2,421.52,30,203,2,United Kingdom,210.76,0.0
SHOP-100576,191,4,1431.78,64,1012,4,United Kingdom,357.945,0.0
SHOP-101929,57,7,790.86,47,234,5,United Kingdom,112.98,0.0136986301369863
SHOP-100659,33,13,5045.61,299,2725,13,United Kingdom,388.1238461538462,0.0010660980810234541
SHOP-102272,40,7,2781.23,85,1176,6,United Kingdom,397.31857142857143,0.042682926829268296
SHOP-102415,36,4,1319.19,102,682,4,United Kingdom,329.7975,0.015037593984962405
SHOP-101140,246,3,407.5,62,210,3,United Kingdom,135.83333333333334,0.0
SHOP-101316,51,6,3672.86,137,1766,6,United Kingdom,612.1433333333333,0.03
SHOP-102183,29,7,1721.78,218,763,6,United Kingdom,245.96857142857144,0.006211180124223602
SHOP-100481,14,7,1771.2,4,672,4,United Kingdom,253.02857142857144,0.21428571428571427
SHOP-102499,196,3,437.7,18,242,3,United Kingdom,145.9,0.0
SHOP-101806,2,8,954.42,153,459,7,Spain,119.3025,0.009389671361502348
SHOP-101208,8,5,2357.6800000000003,33,588,5,United Kingdom,471.53600000000006,0.0
SHOP-102333,5,3,697.79,49,986,3,United Kingdom,232.59666666666666,0.0
SHOP-101669,4,7,6989.63,205,3646,7,Portugal,998.5185714285715,0.0
SHOP-100999,69,2,482.01,58,204,2,United Kingdom,241.005,0.0
SHOP-100003,24,3,564.62,25,354,2,United Kingdom,188.20666666666668,0.1
SHOP-100269,25,11,2124.9900000000002,199,1069,8,United Kingdom,193.18090909090907,0.0
SHOP-102319,49,4,1462.72,30,680,4,United Kingdom,365.68,0.027777777777777776
SHOP-100542,8,3,2273.1800000000003,77,1186,3,United Kingdom,757.7266666666666,0.0
SHOP-101689,186,6,1607.0600000000002,72,928,6,United Kingdom,267.84333333333336,0.0
SHOP-101564,29,3,1567.48,70,710,3,United Kingdom,522.4933333333333,0.0
SHOP-102508,9,14,8910.82,98,2263,13,United Kingdom,636.4871428571429,0.037267080745341616
SHOP-102114,17,6,3539.37,137,1660,5,United Kingdom,589.895,0.020100502512562814
SHOP-100762,47,2,1161.5,59,633,2,Spain,580.75,0.014285714285714285
SHOP-102511,36,3,1311.3799999999999,65,714,2,United Kingdom,437.1266666666666,0.0
SHOP-100765,57,5,3344.38,124,1644,3,Germany,668.876,0.06134969325153374
SHOP-101320,265,2,299.6,55,149,2,United Kingdom,149.8,0.0
SHOP-100571,143,2,356.7,18,150,2,United Kingdom,178.35000000000002,0.05
SHOP-100047,157,3,734.13,26,427,3,United Kingdom,244.71,0.0
SHOP-100637,2,7,3236.91,237,1663,7,United Kingdom,462.4157142857143,0.007792207792207792
SHOP-102243,7,14,9646.57,242,5508,14,United Kingdom,689.0407142857142,0.030456852791878174
SHOP-102533,57,5,1555.34,61,2604,5,United Kingdom,311.068,0.17
SHOP-100195,31,7,2635.79,124,1498,6,United Kingdom,376.5414285714286,0.0
SHOP-101614,138,2,145.79,28,82,2,United Kingdom,72.895,0.0
SHOP-102016,20,2,784.11,71,542,2,United Kingdom,392.055,0.0
SHOP-102496,214,6,632.27,36,487,6,United Kingdom,105.37833333333333,0.06818181818181818
SHOP-101593,51,2,1163.45,52,406,2,United Kingdom,581.725,0.0
SHOP-102356,1,3,961.49,51,597,3,United Kingdom,320.49666666666667,0.0
SHOP-101755,16,7,1139.73,34,1224,5,United Kingdom,162.81857142857143,0.0
SHOP-101742,82,2,852.24,39,407,2,Belgium,426.12,0.024390243902439025
SHOP-100499,171,3,1062.75,36,420,3,United Kingdom,354.25,0.0
SHOP-101264,52,2,924.5999999999999,10,1900,2,United Kingdom,462.3,0.0
SHOP-102178,2,9,3507.71,181,1693,9,United Kingdom,389.74555555555554,0.0084985835694051
SHOP-100668,7,32,9743.11,97,5105,20,United Kingdom,304.4721875,0.024390243902439025
SHOP-100230,216,3,1110.52,87,455,3,United Kingdom,370.17333333333335,0.0
SHOP-102176,19,3,1095.56,112,612,3,United Kingdom,365.18666666666667,0.022099447513812154
SHOP-101309,50,2,538.55,24,153,2,United Kingdom,269.275,0.1111111111111111
SHOP-100787,52,4,762.39,120,531,4,United Kingdom,190.5975,0.005847953216374269
SHOP-102013,2,22,10629.720000000001,161,5325,21,United Kingdom,483.169090909091,0.03197674418604651
SHOP-100190,122,4,1688.29,74,1713,4,United Kingdom,422.0725,0.036585365853658534
SHOP-102617,29,2,585.27,26,126,2,Switzerland,292.635,0.1
SHOP-102149,1,13,4206.39,170,2565,13,United Kingdom,323.5684615384616,0.040145985401459854
SHOP-100338,18,2,486.71999999999997,19,219,2,United Kingdom,243.35999999999996,0.0
SHOP-101211,57,9,2580.91,120,2731,9,United Kingdom,286.7677777777778,0.0
SHOP-102720,4,38,9817.12,48,6176,33,United Kingdom,258.34526315789475,0.008333333333333333
SHOP-102512,17,3,834.99,82,708,2,United Kingdom,278.33,0.0
SHOP-100312,14,7,3408.06,143,1283,7,United Kingdom,486.86571428571426,0.0
SHOP-102325,24,3,607.53,102,499,3,United Kingdom,202.51,0.009345794392523364
SHOP-100865,11,2,314.69,18,105,2,United Kingdom,157.345,0.0
SHOP-101993,156,2,197.88,7,128,2,Spain,98.94,0.0
SHOP-101558,192,3,664.0,31,246,2,United Kingdom,221.33333333333334,0.08333333333333333
SHOP-101215,23,3,866.31,22,481,3,United Kingdom,288.77000000000004,0.0
SHOP-100472,24,4,996.1,17,246,4,United Kingdom,249.025,0.125
SHOP-101866,12,6,1789.72,98,1358,6,United Kingdom,298.2866666666667,0.009174311926605505
SHOP-100967,44,2,778.0,5,2100,2,United Kingdom,389.0,0.0
SHOP-101408,134,3,1304.81,19,894,3,Spain,434.93666666666667,0.043478260869565216
SHOP-101730,12,2,380.35,19,235,2,United Kingdom,190.175,0.0
SHOP-102771,123,2,1142.42,29,1086,2,United Kingdom,571.21,0.02631578947368421
SHOP-101335,157,2,1019.52,9,1276,2,United Kingdom,509.76,0.16666666666666666
SHOP-101612,16,6,1979.37,93,2253,6,United Kingdom,329.895,0.13333333333333333
SHOP-100636,258,2,453.0,23,260,2,United Kingdom,226.5,0.0
SHOP-101876,17,7,5178.96,213,3065,7,United Kingdom,739.8514285714285,0.0
SHOP-100089,267,2,806.41,48,351,2,United Kingdom,403.205,0.0
SHOP-101020,32,9,1867.68,161,676,6,United Kingdom,207.52,0.0
SHOP-100663,82,4,592.97,31,302,4,United Kingdom,148.2425,0.075
SHOP-102793,68,4,661.52,36,322,4,United Kingdom,165.38,0.02040816326530612
SHOP-101823,72,3,465.55,107,327,3,United Kingdom,155.1833333333333,0.0
SHOP-101835,16,12,11054.96,46,5020,9,United Kingdom,921.2466666666666,0.2283464566929134
SHOP-100677,59,5,1231.31,43,481,5,United Kingdom,246.262,0.03571428571428571
SHOP-102233,11,5,1314.81,53,784,5,United Kingdom,262.962,0.04225352112676056
SHOP-102084,3,4,1863.47,74,1286,4,United Kingdom,465.86749999999995,0.034782608695652174
SHOP-101805,10,2,763.28,41,306,2,United Kingdom,381.64,0.0
SHOP-101874,33,4,776.851,39,454,3,United Kingdom,194.21275,0.08163265306122448
SHOP-100794,31,8,4167.22,166,2381,5,United Kingdom,520.9025,0.0182648401826484
SHOP-100127,2,5,809.7,166,283,5,United Kingdom,161.94,0.0
SHOP-102079,60,4,930.41,43,719,3,United Kingdom,232.6025,0.0392156862745098
SHOP-100507,25,4,867.38,60,521,4,United Kingdom,216.845,0.0
SHOP-102503,1,4,2027.5,82,1302,4,United Kingdom,506.87500000000006,0.00909090909090909
SHOP-100798,21,3,658.57,73,397,3,United Kingdom,219.5233333333333,0.023809523809523808
SHOP-102562,54,2,292.71999999999997,78,163,2,United Kingdom,146.36,0.0
SHOP-101253,31,15,2504.13,46,1603,14,United Kingdom,166.942,0.0
SHOP-101414,39,8,7330.8,24,2005,4,United Kingdom,916.3499999999999,0.0
SHOP-101171,57,2,779.9,23,238,2,United Kingdom,389.95,0.0625
SHOP-102673,15,2,843.48,49,554,2,United Kingdom,421.74,0.0
SHOP-101505,155,3,631.9,22,192,3,United Kingdom,210.63333333333333,0.0
SHOP-102043,2,3,775.94,55,560,3,United Kingdom,258.6466666666667,0.17333333333333334
SHOP-101590,32,7,6572.11,219,4148,7,Germany,938.8728571428572,0.1329923273657289
SHOP-102808,43,9,3466.36,66,900,9,United Kingdom,385.1511111111111,0.032
SHOP-102088,16,13,7857.1,237,2402,9,Portugal,604.3923076923077,0.015915119363395226
SHOP-101094,1,3,815.77,45,611,3,United Kingdom,271.92333333333335,0.0
SHOP-100393,4,6,1545.6200000000001,88,898,6,United Kingdom,257.60333333333335,0.021052631578947368
SHOP-101599,81,9,901.1999999999999,41,398,9,United Kingdom,100.13333333333333,0.0
SHOP-100883,3,10,2837.67,217,1843,10,United Kingdom,283.767,0.01818181818181818
SHOP-102747,4,3,387.68,32,67,2,United Kingdom,129.22666666666666,0.0
SHOP-100528,24,4,2791.27,108,1403,4,United Kingdom,697.8175,0.031746031746031744
SHOP-100041,273,2,1145.6,17,536,1,United Kingdom,572.8,0.0
SHOP-100134,218,12,2247.51,132,1324,10,United Kingdom,187.29250000000002,0.0
SHOP-100742,2,7,2520.86,178,1122,6,United Kingdom,360.1228571428572,0.007168458781362007
SHOP-102135,12,6,855.97,58,998,5,United Kingdom,142.66166666666666,0.023255813953488372
SHOP-100732,41,2,874.71,134,575,2,United Kingdom,437.355,0.0
SHOP-100172,23,3,757.46,104,799,2,United Kingdom,252.48666666666668,0.0
SHOP-102187,9,9,5447.0,164,2646,8,United Kingdom,605.2222222222222,0.007692307692307693
SHOP-100852,36,4,247.95999999999998,15,84,4,United Kingdom,61.989999999999995,0.0
SHOP-100848,22,2,287.62,8,166,2,United Kingdom,143.81,0.1111111111111111
SHOP-101341,5,25,4022.35,229,2757,24,United Kingdom,160.894,0.04328018223234624
SHOP-102437,3,4,2479.16,146,1597,4,United Kingdom,619.79,0.0
SHOP-101360,155,2,333.97,15,70,2,United Kingdom,166.985,0.10526315789473684
SHOP-100656,59,8,1461.65,71,647,7,United Kingdom,182.70625,0.0
SHOP-102490,1,4,2531.58,214,1590,4,United Kingdom,632.895,0.0
SHOP-100258,267,4,354.09,26,204,4,United Kingdom,88.5225,0.0
SHOP-102298,2,5,1602.13,177,1032,5,United Kingdom,320.42600000000004,0.004201680672268907
SHOP-100246,264,8,3638.41,51,1651,4,United Kingdom,454.80125,0.0547945205479452
SHOP-100153,4,2,716.57,44,619,2,United Kingdom,358.285,0.0
SHOP-100772,26,3,380.55,47,341,2,United Kingdom,126.85000000000001,0.0
SHOP-101366,38,14,2622.57,274,1556,13,United Kingdom,187.32642857142858,0.0
SHOP-102061,23,3,536.99,59,246,2,United Kingdom,178.99666666666667,0.0
SHOP-102724,12,3,778.94,39,306,3,United Kingdom,259.6466666666667,0.046511627906976744
SHOP-100232,9,13,5398.3,99,6393,12,United Kingdom,415.25384615384615,0.06493506493506493
SHOP-101695,59,6,705.49,105,217,6,United Kingdom,117.58166666666666,0.022556390977443608
SHOP-101039,8,12,2415.91,74,500,11,United Kingdom,201.32583333333332,0.0364963503649635
SHOP-101401,10,12,10464.85,60,5593,11,United Kingdom,872.0708333333333,0.0
SHOP-101782,281,3,386.15,40,84,3,United Kingdom,128.71666666666667,0.0
SHOP-100450,18,2,251.70000000000002,19,242,2,United Kingdom,125.85,0.0
SHOP-102180,11,2,223.65,37,88,2,United Kingdom,111.825,0.0
SHOP-102740,236,4,932.85,45,284,4,United Kingdom,233.21250000000003,0.0
SHOP-100564,53,4,1382.07,33,1242,4,United Kingdom,345.5175,0.02857142857142857
SHOP-101480,3,13,5180.52,65,3351,10,United Kingdom,398.5015384615384,0.11258278145695365
SHOP-100714,236,3,3010.74,49,6481,3,Japan,1003.5799999999999,0.03076923076923077
SHOP-102004,8,3,837.5,33,372,3,United Kingdom,279.1666666666667,0.09302325581395349
SHOP-101795,203,3,255.12,6,192,3,United Kingdom,85.04,0.0
SHOP-101970,52,7,2354.25,74,1572,6,United Kingdom,336.32142857142856,0.012345679012345678
SHOP-101096,58,3,412.05,83,141,3,United Kingdom,137.35,0.0
SHOP-101415,38,4,3158.13,148,1383,4,United Kingdom,789.5325,0.0189873417721519
SHOP-102008,41,11,2087.88,106,1016,11,United Kingdom,189.80727272727273,0.0
SHOP-102031,72,2,225.57999999999998,10,138,2,United Kingdom,112.78999999999999,0.07692307692307693
SHOP-100948,26,7,1802.91,63,797,7,United Kingdom,257.55857142857144,0.044444444444444446
SHOP-102052,36,15,6487.45,163,2906,14,Australia,432.49666666666667,0.016666666666666666
SHOP-102781,1,4,862.81,33,443,4,France,215.7025,0.0
SHOP-101961,43,5,1957.32,162,1098,5,United Kingdom,391.464,0.0
SHOP-102274,4,2,230.64999999999998,8,67,2,United Kingdom,115.32499999999999,0.1
SHOP-101285,107,2,699.08,116,335,2,United Kingdom,349.53999999999996,0.0
SHOP-101313,67,2,381.2,22,173,2,United Kingdom,190.6,0.0
SHOP-101739,182,3,39916.5,1,121,1,United Kingdom,13305.5,0.4
SHOP-101111,15,3,1059.3899999999999,58,824,3,United Kingdom,353.12999999999994,0.014084507042253521
SHOP-101120,8,6,2697.8,65,1686,5,United Kingdom,449.6333333333334,0.009174311926605505
SHOP-100236,5,2,694.05,42,541,2,United Kingdom,347.025,0.0
SHOP-101306,46,2,1412.94,38,819,2,United Kingdom,706.47,0.0
SHOP-101762,6,5,1747.66,70,782,5,United Kingdom,349.53200000000004,0.0
SHOP-102831,32,6,1445.01,92,1959,6,United Kingdom,240.835,0.009708737864077669
SHOP-100898,8,3,711.86,25,363,3,United Kingdom,237.28666666666666,0.0
SHOP-100688,33,5,2888.55,81,1409,4,Belgium,577.71,0.07079646017699115
SHOP-102206,1,201,143825.06,1787,80265,132,EIRE,715.5475621890547,0.038285617482635946
SHOP-101064,45,4,748.5,46,343,4,United Kingdom,187.125,0.0
SHOP-101198,37,3,531.35,108,249,3,United Kingdom,177.11666666666665,0.0
SHOP-101670,4,4,668.14,74,401,4,United Kingdom,167.035,0.0
SHOP-100863,45,7,10736.48,128,5770,5,United Kingdom,1533.782857142857,0.0
SHOP-102757,29,6,885.04,107,589,4,United Kingdom,147.50666666666666,0.03305785123966942
SHOP-100843,51,2,818.8199999999999,71,395,2,United Kingdom,409.41,0.0
SHOP-102297,4,4,1840.42,26,745,4,United Kingdom,460.105,0.15
SHOP-101369,3,5,1044.3799999999999,74,994,5,United Kingdom,208.87600000000003,0.0
SHOP-102314,3,11,6802.76,347,2871,11,United Kingdom,618.4327272727273,0.0017761989342806395
SHOP-100105,33,2,330.45,17,91,2,United Kingdom,165.225,0.0
SHOP-101693,311,6,319.5,12,169,6,United Kingdom,53.25,0.15
SHOP-100633,46,4,654.67,68,407,4,United Kingdom,163.6675,0.023255813953488372
SHOP-101498,19,6,939.32,28,741,6,United Kingdom,156.5533333333333,0.0
SHOP-101486,19,8,2429.78,127,992,8,United Kingdom,303.7225,0.018072289156626505
SHOP-100344,3,12,3109.99,92,2397,12,United Kingdom,259.16583333333335,0.041176470588235294
SHOP-100176,121,13,3679.9700000000003,134,286,12,United Kingdom,283.0746153846154,0.006622516556291391
SHOP-102227,22,5,1555.32,47,851,5,United Kingdom,311.064,0.0
SHOP-102481,96,3,2651.46,77,1705,3,United Kingdom,883.82,0.0
SHOP-100311,86,3,631.34,35,320,3,United Kingdom,210.4466666666667,0.02631578947368421
SHOP-101803,34,8,8137.02,210,4085,5,Channel Islands,1017.1274999999999,0.00546448087431694
SHOP-100723,19,3,807.57,73,289,3,United Kingdom,269.19,0.03488372093023256
SHOP-102461,144,4,2726.77,67,1511,4,United Kingdom,681.6925,0.02586206896551724
SHOP-101990,75,2,621.29,47,711,2,United Kingdom,310.645,0.02
SHOP-100429,9,3,524.88,41,310,3,United Kingdom,174.96,0.018867924528301886
SHOP-102312,9,4,1437.85,114,1059,4,United Kingdom,359.4625,0.00819672131147541
SHOP-101372,24,14,3198.25,303,1905,10,United Kingdom,228.44642857142858,0.0
SHOP-102664,4,2,598.57,25,305,2,United Kingdom,299.285,0.0
SHOP-101896,1,93,12156.65,819,6224,89,United Kingdom,130.71666666666667,0.029475197699496764
SHOP-101412,31,3,1015.29,51,513,3,United Kingdom,338.43,0.0
SHOP-102306,1,4,3594.31,135,3152,4,United Kingdom,898.5775,0.005291005291005291
SHOP-102621,12,6,1400.34,35,841,6,United Kingdom,233.39000000000001,0.0
SHOP-101953,157,4,1078.96,44,538,3,United Kingdom,269.74,0.0
SHOP-102468,25,3,331.0,15,224,3,United Kingdom,110.33333333333333,0.0
SHOP-102590,27,2,397.35,77,380,2,United Kingdom,198.675,0.012048192771084338
SHOP-101337,22,7,1244.59,68,915,7,United Kingdom,177.79857142857142,0.0
SHOP-101207,233,2,149.57999999999998,18,75,2,United Kingdom,74.78999999999999,0.0
SHOP-101413,302,2,167.25,3,187,2,United Kingdom,83.625,0.0
SHOP-100238,59,4,2612.86,148,1064,4,United Kingdom,653.215,0.0
SHOP-100372,25,5,1426.16,32,816,4,United Kingdom,285.232,0.208955223880597
SHOP-102166,15,20,7561.68,100,3184,14,United Kingdom,378.084,0.04060913705583756
SHOP-101919,2,4,2291.19,82,1376,4,France,572.7975,0.0
SHOP-102826,3,5,787.85,6,175,5,United Kingdom,157.57,0.0
SHOP-101685,8,44,51527.3,884,58343,25,United Kingdom,1171.075,0.001829268292682927
SHOP-100252,135,3,1277.75,73,1318,3,United Kingdom,425.9166666666667,0.011494252873563218
SHOP-102492,23,6,21429.39,132,11421,6,Japan,3571.565,0.14347826086956522
SHOP-102475,198,3,211.77,20,93,3,United Kingdom,70.58999999999999,0.03125
SHOP-102219,107,3,1314.45,29,369,3,United Kingdom,438.15000000000003,0.0
SHOP-100983,96,2,599.0,80,365,1,United Kingdom,299.5,0.0
SHOP-100645,64,4,1060.56,50,321,4,United Kingdom,265.14,0.06779661016949153
SHOP-100984,3,9,3827.76,119,1746,7,United Kingdom,425.3066666666667,0.015151515151515152
SHOP-101126,11,2,765.62,38,394,2,United Kingdom,382.81000000000006,0.0
SHOP-101416,7,2,379.83,48,185,2,United Kingdom,189.915,0.0
SHOP-101283,254,2,316.25,18,117,2,United Kingdom,158.125,0.0
SHOP-101355,31,7,1488.67,109,388,6,United Kingdom,212.66714285714286,0.00684931506849315
SHOP-100245,20,2,90.30000000000001,3,42,2,United Kingdom,45.150000000000006,0.0
SHOP-100867,50,2,1212.8400000000001,30,1140,2,United Kingdom,606.42,0.0
SHOP-101314,11,2,653.33,28,341,2,United Kingdom,326.66499999999996,0.027777777777777776
SHOP-100918,11,26,5653.82,424,2882,26,United Kingdom,217.45461538461538,0.003894080996884735
SHOP-100676,124,2,260.25,2,215,2,United Kingdom,130.125,0.0
SHOP-101257,178,2,264.62,19,185,2,United Kingdom,132.31,0.0
SHOP-102292,184,3,925.71,47,409,3,United Kingdom,308.57,0.07407407407407407
SHOP-102169,46,3,2600.34,8,1146,3,United Kingdom,866.7800000000001,0.18181818181818182
SHOP-100565,206,2,1573.2,92,894,2,United Kingdom,786.6,0.037037037037037035
SHOP-102466,66,2,195.55,13,92,2,United Kingdom,97.775,0.0
SHOP-102197,92,2,548.94,91,423,2,United Kingdom,274.47,0.0
SHOP-101932,17,2,1054.73,48,1016,2,United Kingdom,527.365,0.0
SHOP-101882,109,3,418.09999999999997,14,206,3,France,139.36666666666667,0.0
SHOP-100582,92,9,1105.07,153,571,7,United Kingdom,122.78555555555555,0.3240418118466899
SHOP-102516,197,2,588.85,24,185,2,United Kingdom,294.425,0.038461538461538464
SHOP-102442,240,2,847.41,62,244,2,United Kingdom,423.70500000000004,0.0
SHOP-101691,31,3,519.44,24,273,3,United Kingdom,173.14666666666668,0.0
SHOP-102426,135,4,657.9000000000001,7,146,4,United Kingdom,164.47500000000002,0.0
SHOP-102307,173,3,720.52,23,396,3,United Kingdom,240.17333333333332,0.0
SHOP-101421,80,2,701.23,33,277,2,United Kingdom,350.615,0.13157894736842105
SHOP-102575,86,4,1793.58,94,1059,4,United Kingdom,448.395,0.06666666666666667
SHOP-100518,184,2,251.21,9,161,2,United Kingdom,125.605,0.16666666666666666
SHOP-100506,63,2,467.66,15,198,2,United Kingdom,233.82999999999998,0.0
SHOP-102195,283,3,447.22,48,660,2,United Kingdom,149.07333333333335,0.0
SHOP-100163,236,2,854.99,38,547,2,United Kingdom,427.495,0.04081632653061224
SHOP-102119,40,4,697.9,63,178,4,United Kingdom,174.475,0.0
SHOP-101289,19,5,1163.23,54,571,4,United Kingdom,232.64600000000002,0.0
SHOP-101783,108,5,2037.0800000000002,77,731,5,United Kingdom,407.41600000000005,0.007751937984496124
SHOP-100779,17,4,5681.72,348,3870,4,United Kingdom,1420.4299999999998,0.033663366336633666
SHOP-101024,7,5,1244.83,108,436,5,United Kingdom,248.96599999999998,0.02702702702702703
SHOP-102036,12,18,6127.43,223,3918,13,United Kingdom,340.4127777777778,0.03184713375796178
SHOP-100610,64,5,3099.7200000000003,88,1682,5,United Kingdom,619.9440000000001,0.009345794392523364
SHOP-101519,54,2,286.79,50,197,2,United Kingdom,143.395,0.0
SHOP-100007,6,14,2392.83,110,1027,6,United Kingdom,170.91642857142855,0.007246376811594203
SHOP-102665,5,2,272.44,100,252,2,United Kingdom,136.22,0.0
SHOP-101144,211,2,9864.26,68,4283,1,Germany,4932.13,0.02857142857142857
SHOP-100478,126,5,2129.96,175,1097,5,United Kingdom,425.992,0.0
SHOP-100681,23,4,414.76,26,240,4,United Kingdom,103.69,0.0
SHOP-100087,80,4,1351.63,40,1164,4,United Kingdom,337.9075,0.0967741935483871
SHOP-102611,24,2,470.8,48,322,2,United Kingdom,235.4,0.02040816326530612
SHOP-101902,23,3,1073.3,30,447,3,United Kingdom,357.76666666666665,0.043478260869565216
SHOP-101781,18,3,6748.8,2,2016,3,United Kingdom,2249.6,0.0
SHOP-100433,119,4,1108.65,47,1178,4,Belgium,277.1625,0.0
SHOP-101982,9,3,202.11,13,159,3,United Kingdom,67.36999999999999,0.0
SHOP-100921,52,3,810.5,79,409,3,United Kingdom,270.1666666666667,0.0
SHOP-100425,157,2,597.09,28,381,2,United Kingdom,298.545,0.0
SHOP-100611,29,5,3938.5499999999997,140,2439,4,Germany,787.71,0.061452513966480445
SHOP-102385,13,9,1485.54,62,802,9,United Kingdom,165.06,0.0
SHOP-101656,47,4,673.26,85,308,4,United Kingdom,168.315,0.0
SHOP-100370,214,2,533.3,40,534,2,United Kingdom,266.65,0.22641509433962265
SHOP-100597,22,3,651.8199999999999,82,423,2,United Kingdom,217.2733333333333,0.03260869565217391
SHOP-102646,199,4,516.36,23,276,2,United Kingdom,129.09,0.041666666666666664
SHOP-102242,7,26,56252.72,26,29672,22,United Kingdom,2163.566153846154,0.11564625850340136
SHOP-101160,1,35,7454.07,450,4780,33,United Kingdom,212.97342857142857,0.0
SHOP-102589,42,12,17628.46,105,10923,9,France,1469.0383333333332,0.011976047904191617
SHOP-101174,3,4,1839.3,47,594,4,United Kingdom,459.825,0.0
SHOP-102311,107,5,428.18,37,111,4,United Kingdom,85.636,0.0
SHOP-102841,26,7,1064.11,88,559,7,United Kingdom,152.01571428571427,0.0
SHOP-100704,358,2,322.08,13,152,2,United Kingdom,161.04000000000002,0.125
SHOP-101951,24,4,1610.46,171,570,4,United Kingdom,402.615,0.0
SHOP-101998,18,2,482.04999999999995,6,90,2,Germany,241.02499999999998,0.4
SHOP-102829,107,2,425.0,21,102,2,United Kingdom,212.5,0.0
SHOP-101747,22,10,2248.9900000000002,102,982,6,United Kingdom,224.89900000000003,0.016666666666666666
SHOP-100275,19,6,761.5899999999999,39,790,5,United Kingdom,126.93166666666667,0.018518518518518517
SHOP-101628,17,3,292.0,17,264,3,United Kingdom,97.33333333333333,0.0
SHOP-101082,26,5,1382.02,121,977,4,United Kingdom,276.404,0.0
SHOP-101723,154,2,322.96,33,154,2,United Kingdom,161.48,0.0
SHOP-100082,175,2,340.93,17,139,2,United Kingdom,170.465,0.0
SHOP-102245,143,2,982.5699999999999,29,353,2,Spain,491.28499999999997,0.0
SHOP-101588,46,3,784.58,24,602,3,United Kingdom,261.5266666666667,0.0
SHOP-102250,10,6,3401.2400000000002,199,2648,6,United Kingdom,566.8733333333333,0.013100436681222707
SHOP-102811,15,6,5955.71,193,4012,5,United Kingdom,992.6183333333333,0.013071895424836602
SHOP-101015,2,2,1025.44,66,1985,2,United Kingdom,512.72,0.0
SHOP-101016,4,47,37130.6,30,15536,28,United Kingdom,790.0127659574467,0.07947019867549669
SHOP-101162,269,2,944.1,8,210,2,United Kingdom,472.05,0.0
SHOP-101231,2,32,4124.69,92,1801,26,Germany,128.89656250000002,0.015706806282722512
SHOP-101339,47,6,1611.59,74,1012,6,United Kingdom,268.59833333333336,0.0
SHOP-101474,2,11,2975.59,53,2032,11,United Kingdom,270.5081818181818,0.05921052631578947
SHOP-101891,172,2,696.68,85,357,2,United Kingdom,348.34,0.033707865168539325
SHOP-100104,23,3,979.26,121,848,3,United Kingdom,326.42,0.0
SHOP-101632,12,18,5655.91,277,4822,17,United Kingdom,314.21722222222223,0.012224938875305624
SHOP-101888,15,9,6868.29,228,3997,8,Germany,763.1433333333333,0.040229885057471264
SHOP-102353,27,8,2317.2200000000003,150,1323,8,United Kingdom,289.65250000000003,0.009389671361502348
SHOP-102623,7,10,6784.1900000000005,223,2455,10,United Kingdom,678.419,0.008264462809917356
SHOP-100756,40,4,684.34,31,342,4,United Kingdom,171.085,0.05714285714285714
SHOP-102556,23,5,2099.54,85,1049,5,Italy,419.908,0.04504504504504504
SHOP-101661,175,4,1564.56,44,646,3,United Kingdom,391.14000000000004,0.14925373134328357
SHOP-102513,25,2,290.16,55,78,2,United Kingdom,145.07999999999998,0.0
SHOP-101371,57,2,414.2,18,228,2,United Kingdom,207.1,0.09523809523809523
SHOP-101260,2,13,3046.21,120,1576,13,United Kingdom,234.32384615384615,0.0782122905027933
SHOP-102154,96,4,3099.12,111,1540,4,United Kingdom,774.78,0.015503875968992248
SHOP-102595,255,2,1078.96,71,788,2,United Kingdom,539.48,0.0
SHOP-101290,23,3,1384.8600000000001,24,382,3,United Kingdom,461.62000000000006,0.13953488372093023
SHOP-102326,55,3,383.68,50,197,3,United Kingdom,127.89333333333333,0.0
SHOP-102082,15,5,1041.68,56,609,5,United Kingdom,208.336,0.0
SHOP-101849,124,6,1186.28,64,876,6,United Kingdom,197.71333333333337,0.0
SHOP-102477,37,2,382.06,87,221,2,United Kingdom,191.03,0.0
SHOP-100931,19,4,870.09,42,516,4,United Kingdom,217.5225,0.0
SHOP-100781,10,5,1487.8,149,1176,5,United Kingdom,297.56,0.0
SHOP-101186,9,11,2666.36,146,1615,11,United Kingdom,242.39636363636365,0.005865102639296188
SHOP-101580,75,2,602.51,37,621,2,United Kingdom,301.255,0.0
SHOP-101526,80,2,936.08,25,646,2,United Kingdom,468.04,0.0967741935483871
SHOP-101000,24,4,725.11,89,314,4,United Kingdom,181.2775,0.016
SHOP-101744,67,2,654.6,95,344,2,United Kingdom,327.3,0.0
SHOP-100449,9,8,1661.8400000000001,67,824,8,United Kingdom,207.73000000000002,0.16822429906542055
SHOP-102630,19,16,4812.42,46,2982,15,United Kingdom,300.77625,0.017045454545454544
SHOP-102706,15,10,1701.29,138,1692,9,United Kingdom,170.129,0.01092896174863388
SHOP-102768,38,2,283.15,11,101,2,United Kingdom,141.57500000000002,0.15384615384615385
SHOP-100428,42,9,3432.8,123,2191,7,United Kingdom,381.4222222222222,0.005154639175257732
SHOP-100262,4,10,2088.6,88,1033,10,United Kingdom,208.85999999999999,0.0078125
SHOP-102470,50,4,913.6800000000001,3,312,4,United Kingdom,228.42,0.0
SHOP-102321,72,2,290.82,14,179,2,United Kingdom,145.41,0.0
SHOP-100108,315,2,1628.12,72,944,2,Switzerland,814.06,0.0
SHOP-102553,5,18,6697.66,234,4665,17,United Kingdom,372.09222222222223,0.00663716814159292
SHOP-102086,52,10,1215.82,73,903,10,United Kingdom,121.582,0.0
SHOP-102408,10,17,2073.09,60,1051,17,United Kingdom,121.9464705882353,0.009523809523809525
SHOP-100986,150,2,159.85,8,101,2,United Kingdom,79.925,0.2
SHOP-101811,235,2,280.55,13,123,2,United Kingdom,140.27499999999998,0.0
SHOP-101834,89,3,1171.8,67,766,3,United Kingdom,390.6000000000001,0.02631578947368421
SHOP-100943,22,4,1226.89,45,664,4,United Kingdom,306.7225,0.11940298507462686
SHOP-102613,41,5,680.1800000000001,17,324,5,United Kingdom,136.036,0.0
SHOP-102235,16,6,2202.99,58,745,6,United Kingdom,367.16499999999996,0.0
SHOP-100647,26,3,508.81,150,419,3,United Kingdom,169.60333333333332,0.006134969325153374
SHOP-100527,25,4,2885.2400000000002,158,1130,4,United Kingdom,721.31,0.057692307692307696
SHOP-100111,59,6,3160.0,110,2638,6,United Kingdom,526.6666666666666,0.0
SHOP-102199,66,12,3740.07,82,1417,8,United Kingdom,311.6725,0.09917355371900827
SHOP-102361,2,3,528.33,39,334,3,United Kingdom,176.11,0.0
SHOP-100194,39,3,496.21000000000004,30,189,3,United Kingdom,165.40333333333334,0.03125
SHOP-101363,24,2,589.4399999999999,31,594,2,United Kingdom,294.71999999999997,0.0
SHOP-101013,84,2,777.53,49,209,2,United Kingdom,388.765,0.0
SHOP-101124,95,4,1201.06,59,784,4,United Kingdom,300.265,0.0
SHOP-101377,22,4,1502.35,90,950,4,United Kingdom,375.5875,0.0
SHOP-100156,195,3,1578.67,112,925,3,United Kingdom,526.2233333333332,0.0
SHOP-100768,5,5,2330.92,81,1086,5,Portugal,466.184,0.037383177570093455
SHOP-101169,4,8,1510.06,318,886,8,United Kingdom,188.7575,0.0
SHOP-100335,11,25,4748.52,112,719,24,United Kingdom,189.94080000000002,0.03225806451612903
SHOP-100005,10,8,3023.08,84,1964,7,France,377.885,0.007518796992481203
SHOP-101014,1,5,870.12,25,316,5,United Kingdom,174.024,0.023255813953488372
SHOP-102051,29,2,646.68,29,306,2,France,323.34000000000003,0.0
SHOP-102152,91,2,307.48,12,112,2,United Kingdom,153.74,0.07692307692307693
SHOP-100484,30,10,2712.91,86,1307,10,Germany,271.291,0.09770114942528736
SHOP-102035,12,3,626.99,72,359,3,United Kingdom,208.99666666666667,0.0
SHOP-101266,7,4,582.1,23,220,4,France,145.525,0.0
SHOP-100139,2,3,204.0,1,80,3,United Kingdom,68.0,0.0
SHOP-102240,46,4,1054.67,218,677,4,United Kingdom,263.6675,0.0
SHOP-100290,3,9,1823.52,63,963,9,United Kingdom,202.61333333333334,0.046296296296296294
SHOP-101183,23,10,1680.72,92,1255,10,United Kingdom,168.072,0.010526315789473684
SHOP-100529,214,2,596.85,8,171,2,United Kingdom,298.42499999999995,0.0
SHOP-102220,10,9,4652.82,135,2136,8,United Kingdom,516.98,0.01718213058419244
SHOP-100306,11,2,457.5,14,178,2,Finland,228.75,0.05555555555555555
SHOP-100575,161,2,588.22,30,335,2,United Kingdom,294.11,0.08823529411764706
SHOP-100022,4,6,2313.14,122,940,6,United Kingdom,385.5233333333333,0.0
SHOP-102080,158,2,416.08000000000004,17,216,2,United Kingdom,208.04000000000002,0.2413793103448276
SHOP-100116,310,5,311.01,35,185,4,United Kingdom,62.202,0.05
SHOP-101281,257,2,623.4,29,327,2,United Kingdom,311.7,0.0
SHOP-101442,185,5,1850.56,84,1532,5,Belgium,370.11199999999997,0.01
SHOP-102833,185,6,683.46,37,221,3,United Kingdom,113.91000000000001,0.02127659574468085
SHOP-100363,120,3,389.6,21,140,3,United Kingdom,129.86666666666667,0.041666666666666664
SHOP-100017,37,5,949.12,57,592,5,United Kingdom,189.824,0.015625
SHOP-101753,139,3,4599.42,55,2572,3,United Kingdom,1533.14,0.09090909090909091
SHOP-101892,254,2,383.34,17,554,1,United Kingdom,191.67000000000002,0.0
SHOP-101051,72,3,925.85,35,447,3,United Kingdom,308.6166666666667,0.10638297872340426
SHOP-100206,307,2,457.91,53,320,2,United Kingdom,228.955,0.0
SHOP-101922,25,3,271.40000000000003,5,52,3,United Kingdom,90.46666666666665,0.0
SHOP-100444,41,7,3364.2400000000002,124,1267,7,United Kingdom,480.6057142857143,0.030303030303030304
SHOP-100439,19,4,1094.59,57,421,4,United Kingdom,273.64750000000004,0.046153846153846156
SHOP-101101,22,2,169.55,11,87,2,United Kingdom,84.775,0.0
SHOP-100219,4,15,8476.57,177,4987,11,France,565.1046666666666,0.049723756906077346
SHOP-101533,17,2,529.41,31,260,2,United Kingdom,264.705,0.0
SHOP-101573,302,7,781.02,110,294,6,United Kingdom,111.57428571428571,0.006578947368421052
SHOP-102772,38,6,1454.58,57,1021,6,United Kingdom,242.42999999999998,0.024691358024691357
SHOP-102624,82,3,3536.82,207,1774,3,United Kingdom,1178.94,0.0
SHOP-100840,109,4,1133.07,176,1671,4,United Kingdom,283.2675,0.0
SHOP-102282,37,6,1016.14,38,458,6,United Kingdom,169.35666666666665,0.0
SHOP-101397,10,3,774.9000000000001,37,443,3,United Kingdom,258.3,0.0
SHOP-101045,3,13,5298.4800000000005,127,3576,13,United Kingdom,407.5753846153847,0.00909090909090909
SHOP-101830,46,3,719.81,90,358,3,United Kingdom,239.9366666666667,0.0
SHOP-101340,4,2,1080.6200000000001,149,523,2,United Kingdom,540.31,0.0
SHOP-102543,88,6,3279.97,150,2050,4,United Kingdom,546.6616666666667,0.0425531914893617
SHOP-101406,43,16,10196.57,226,10159,12,United Kingdom,637.285625,0.002638522427440633
SHOP-101420,107,4,1431.93,71,569,4,United Kingdom,357.98249999999996,0.023255813953488372
SHOP-102041,37,4,5977.7300000000005,66,6948,4,United Kingdom,1494.4325,0.011363636363636364
SHOP-102267,63,3,1175.22,66,655,2,United Kingdom,391.74,0.013888888888888888
SHOP-101901,77,3,680.02,5,600,3,United Kingdom,226.67333333333332,0.0
SHOP-100070,46,2,553.36,96,364,2,United Kingdom,276.67999999999995,0.0
SHOP-100873,288,3,702.0,7,360,3,United Kingdom,234.0,0.0
SHOP-100568,18,2,992.5,47,710,2,United Kingdom,496.25,0.0
SHOP-100837,123,3,709.71,39,321,3,United Kingdom,236.57000000000002,0.0
SHOP-102081,15,3,1339.4099999999999,89,1181,3,France,446.46999999999997,0.0
SHOP-100638,3,17,3744.65,297,1822,15,United Kingdom,220.2735294117647,0.0
SHOP-100664,17,3,887.11,78,833,3,United Kingdom,295.7033333333333,0.036585365853658534
SHOP-101517,11,7,3980.7,109,2098,6,France,568.6714285714286,0.014184397163120567
SHOP-100192,17,8,2484.98,46,1110,8,Sweden,310.6225,0.07407407407407407
SHOP-100797,10,3,641.94,30,292,3,United Kingdom,213.98000000000002,0.04878048780487805
SHOP-100905,34,4,806.57,65,399,4,United Kingdom,201.6425,0.0
SHOP-100531,4,2,239.76,19,408,2,United Kingdom,119.88,0.0
SHOP-101779,1,11,3849.78,129,2058,10,Germany,349.98,0.008620689655172414
SHOP-101895,12,11,4139.46,96,2160,8,United Kingdom,376.31454545454545,0.1834862385321101
SHOP-100421,30,8,5891.61,255,4253,6,United Kingdom,736.45125,0.0243161094224924
SHOP-101393,32,3,405.62,77,234,3,United Kingdom,135.20666666666668,0.0
SHOP-102521,22,4,1475.02,82,892,4,United Kingdom,368.755,0.0
SHOP-102434,16,2,215.48,9,134,2,United Kingdom,107.74,0.0
SHOP-100992,270,3,855.02,37,428,3,United Kingdom,285.00666666666666,0.0
SHOP-101148,170,2,503.59999999999997,24,158,2,United Kingdom,251.8,0.0
SHOP-100384,1,11,4757.16,81,3664,11,United Kingdom,432.4690909090909,0.01639344262295082
SHOP-100210,141,4,601.27,29,282,4,United Kingdom,150.3175,0.06451612903225806
SHOP-102633,17,13,8968.31,271,4518,12,United Kingdom,689.87,0.0117096018735363
SHOP-101130,202,2,1012.0,7,760,2,United Kingdom,506.0,0.125
SHOP-100437,49,4,1741.22,69,1439,4,United Kingdom,435.305,0.02247191011235955
SHOP-100855,8,8,2702.4900000000002,105,1405,8,United Kingdom,337.81125,0.013422818791946308
SHOP-100326,219,3,1161.53,77,610,2,United Kingdom,387.1766666666667,0.010638297872340425
SHOP-102795,170,2,429.87,70,270,2,United Kingdom,214.935,0.0
SHOP-102455,33,10,6010.42,214,2363,9,United Kingdom,601.042,0.032036613272311214
SHOP-101459,43,2,329.68,46,604,2,United Kingdom,164.84,0.0
SHOP-100461,86,4,559.41,37,205,3,United Kingdom,139.8525,0.023255813953488372
SHOP-101595,9,2,1463.04,12,246,2,United Kingdom,731.52,0.0
SHOP-101429,154,2,622.85,24,253,2,United Kingdom,311.425,0.0
SHOP-101980,37,3,864.86,90,717,3,United Kingdom,288.2866666666667,0.0
SHOP-101696,36,2,195.15,4,52,2,United Kingdom,97.575,0.0
SHOP-100024,4,13,4051.48,113,4507,13,United Kingdom,311.6523076923077,0.00546448087431694
SHOP-100173,5,3,1625.97,92,569,3,United Kingdom,541.99,0.0
SHOP-101746,94,2,243.36,9,152,2,United Kingdom,121.68,0.0
SHOP-101740,8,6,2686.42,23,1902,4,United Kingdom,447.7366666666667,0.0
SHOP-101584,18,6,1766.72,43,765,6,United Kingdom,294.4533333333333,0.03076923076923077
SHOP-102636,22,8,984.91,66,945,8,United Kingdom,123.11375,0.0
SHOP-100183,61,2,484.32,36,327,2,United Kingdom,242.16,0.047619047619047616
SHOP-100551,8,4,1131.56,64,572,4,United Kingdom,282.89,0.0
SHOP-102323,24,2,148.86,5,210,2,United Kingdom,74.42999999999999,0.0
SHOP-100996,24,17,6217.96,179,4876,14,United Kingdom,365.76235294117646,0.024054982817869417
SHOP-100619,5,3,942.26,33,754,3,United Kingdom,314.08666666666664,0.0
SHOP-101494,20,2,432.88,45,284,2,United Kingdom,216.44,0.02040816326530612
SHOP-102554,51,2,2093.32,33,1075,2,United Kingdom,1046.66,0.05714285714285714
SHOP-100706,219,2,495.77,24,85,2,United Kingdom,247.885,0.0
SHOP-102600,152,5,1004.75,187,792,3,United Kingdom,200.95,0.007633587786259542
SHOP-101887,95,2,713.3,25,284,2,France,356.65,0.1111111111111111
SHOP-102143,10,11,5010.28,128,2219,11,United Kingdom,455.47999999999996,0.008438818565400843
SHOP-102214,3,2,274.15000000000003,16,165,2,United Kingdom,137.075,0.0
SHOP-100755,12,4,3807.15,115,1634,4,Germany,951.7874999999999,0.041666666666666664
SHOP-100600,109,2,608.7900000000001,23,205,2,United Kingdom,304.395,0.0
SHOP-100155,2,17,2004.98,78,689,16,United Kingdom,117.94,0.06542056074766354
SHOP-101879,106,2,641.13,36,355,2,France,320.565,0.0
SHOP-100640,1,7,3448.29,91,2136,7,United Kingdom,492.61285714285714,0.0
SHOP-102685,8,2,1898.52,62,1227,2,Portugal,949.26,0.0
SHOP-101790,10,3,1197.42,45,874,3,United Kingdom,399.14000000000004,0.0
SHOP-101175,163,12,5719.82,62,4600,6,United Kingdom,476.65166666666664,0.023255813953488372
SHOP-101716,99,5,2158.37,80,1148,5,United Kingdom,431.674,0.0
SHOP-101859,11,7,2638.94,66,1116,7,United Kingdom,376.99142857142857,0.021505376344086023
SHOP-102402,223,2,217.9,9,82,2,United Kingdom,108.95,0.0
SHOP-102755,59,3,859.35,53,318,3,United Kingdom,286.45000000000005,0.0
SHOP-100774,40,2,519.61,31,523,2,France,259.805,0.0
SHOP-101711,219,2,610.59,36,278,2,United Kingdom,305.295,0.0
SHOP-101325,2,2,497.43,58,260,2,United Kingdom,248.71500000000003,0.0
SHOP-102603,7,9,1750.92,39,1183,9,United Kingdom,194.54666666666668,0.05714285714285714
SHOP-101005,8,3,586.33,63,245,3,United Kingdom,195.44333333333336,0.013333333333333334
SHOP-101655,69,3,843.05,79,360,3,United Kingdom,281.01666666666665,0.0
SHOP-100413,33,2,2003.85,75,1049,2,United Kingdom,1001.9250000000001,0.0
SHOP-100980,96,4,2424.04,111,1595,4,United Kingdom,606.01,0.041666666666666664
SHOP-101110,60,2,1173.12,58,464,2,United Kingdom,586.56,0.01639344262295082
SHOP-102104,15,5,768.08,113,416,4,United Kingdom,153.61599999999999,0.0
SHOP-100707,133,2,397.29,17,306,2,United Kingdom,198.645,0.0
SHOP-100488,26,4,1358.88,86,530,4,United Kingdom,339.72,0.01
SHOP-101563,33,6,10815.43,269,4837,5,United Kingdom,1802.5716666666667,0.007125890736342043
SHOP-101433,27,2,841.41,52,500,2,United Kingdom,420.70500000000004,0.017241379310344827
SHOP-100997,10,6,2364.25,127,1427,6,United Kingdom,394.0416666666667,0.053691275167785234
SHOP-101931,30,6,882.24,42,403,6,United Kingdom,147.04,0.0
SHOP-102165,32,2,607.45,88,363,2,United Kingdom,303.725,0.0
SHOP-102688,18,4,1446.09,142,759,4,United Kingdom,361.5225,0.0
SHOP-100724,246,2,433.53000000000003,27,229,2,United Kingdom,216.765,0.125
SHOP-101293,10,23,10399.74,184,5508,17,United Kingdom,452.1626086956522,0.013986013986013986
SHOP-102006,78,3,1214.41,74,894,2,United Kingdom,404.80333333333334,0.02564102564102564
SHOP-101610,47,9,3786.2400000000002,133,1733,9,United Kingdom,420.6933333333334,0.030303030303030304
SHOP-101968,57,2,225.85,13,162,2,United Kingdom,112.925,0.0
SHOP-101004,82,3,348.71000000000004,18,234,3,Germany,116.23666666666668,0.0
SHOP-101692,51,3,612.0799999999999,11,310,3,United Kingdom,204.02666666666664,0.0
SHOP-102616,4,17,4204.1,407,2516,17,United Kingdom,247.3,0.0
SHOP-100764,12,3,1122.53,243,613,3,United Kingdom,374.1766666666667,0.0
SHOP-101943,56,3,1654.31,64,963,2,United Kingdom,551.4366666666666,0.014492753623188406
SHOP-101315,29,2,333.48,19,162,2,United Kingdom,166.74,0.0
SHOP-101957,43,5,2306.52,80,775,5,United Kingdom,461.304,0.0
SHOP-101545,25,4,1687.6000000000001,61,791,4,United Kingdom,421.9,0.023529411764705882
SHOP-100314,41,12,3614.92,146,1554,11,United Kingdom,301.24333333333334,0.024896265560165973
SHOP-100524,9,11,3645.43,259,1749,9,United Kingdom,331.40272727272725,0.0
SHOP-101402,303,2,365.85,55,202,2,United Kingdom,182.925,0.0
SHOP-102684,2,7,1388.37,169,845,7,United Kingdom,198.3385714285714,0.0
SHOP-101440,24,6,1383.18,79,600,5,United Kingdom,230.53,0.02040816326530612
SHOP-102626,31,3,1257.51,48,510,3,United Kingdom,419.1700000000001,0.038461538461538464
SHOP-101066,21,3,403.70000000000005,21,159,2,Germany,134.56666666666666,0.0
SHOP-100919,139,3,435.02,15,1614,3,United Kingdom,145.00666666666666,0.0
SHOP-102817,165,2,430.94,83,277,2,United Kingdom,215.47,0.0
SHOP-101713,10,2,780.59,48,594,2,United Kingdom,390.29499999999996,0.057692307692307696
SHOP-100191,20,3,1314.68,152,963,3,United Kingdom,438.2266666666667,0.0
SHOP-100821,33,2,659.4100000000001,24,287,2,United Kingdom,329.70500000000004,0.0
SHOP-101548,88,4,2881.02,107,1514,4,United Kingdom,720.255,0.0
SHOP-100036,22,2,486.69,17,433,2,United Kingdom,243.34500000000003,0.047619047619047616
SHOP-101493,1,17,4413.1,86,2690,17,United Kingdom,259.59411764705885,0.02717391304347826
SHOP-101611,28,2,659.4599999999999,32,483,2,United Kingdom,329.73,0.0
SHOP-101411,11,19,33643.08,54,18368,15,United Kingdom,1770.6884210526316,0.011834319526627219
SHOP-101960,25,3,345.46,20,180,3,United Kingdom,115.15333333333335,0.047619047619047616
SHOP-100055,196,2,899.63,51,335,2,United Kingdom,449.815,0.07017543859649122
SHOP-100608,3,15,3729.34,70,2668,15,United Kingdom,248.62266666666667,0.0
SHOP-100313,32,4,1735.18,100,998,4,United Kingdom,433.795,0.0
SHOP-100810,45,8,2182.28,109,1403,5,United Kingdom,272.785,0.007692307692307693
SHOP-102342,13,2,734.94,100,301,2,United Kingdom,367.47,0.0
SHOP-102076,15,5,1135.63,68,575,5,United Kingdom,227.12600000000003,0.024691358024691357
SHOP-101265,51,3,1006.98,38,622,3,United Kingdom,335.66,0.0
SHOP-100012,165,3,316.11,18,196,3,United Kingdom,105.37,0.05263157894736842
SHOP-101033,72,2,283.47,67,354,2,United Kingdom,141.735,0.0
SHOP-102644,138,2,494.08,16,316,2,Japan,247.04,0.0
SHOP-100946,38,3,662.38,123,265,3,United Kingdom,220.79333333333332,0.02027027027027027
SHOP-101343,170,2,642.41,34,596,2,United Kingdom,321.205,0.046511627906976744
SHOP-100065,213,2,977.77,57,509,1,United Kingdom,488.885,0.0
SHOP-102801,151,2,1506.1200000000001,76,612,2,United Kingdom,753.06,0.0
SHOP-101703,316,2,458.52,26,324,2,United Kingdom,229.26,0.10344827586206896
SHOP-101338,88,2,4481.35,354,2423,2,United Kingdom,2240.675,0.02631578947368421
SHOP-102373,25,7,1949.72,53,4019,7,United Kingdom,278.5314285714286,0.046153846153846156
SHOP-101312,8,5,1041.48,40,647,4,United Kingdom,208.296,0.06779661016949153
SHOP-100705,104,4,618.09,75,345,4,United Kingdom,154.5225,0.0
SHOP-101286,192,4,517.53,57,243,4,United Kingdom,129.3825,0.0
SHOP-101485,22,2,490.22,13,326,2,United Kingdom,245.11,0.0
SHOP-102264,24,10,4481.67,183,2699,7,United Kingdom,448.16700000000003,0.15151515151515152
SHOP-102378,1,15,5346.2300000000005,177,3514,13,United Kingdom,356.4153333333333,0.0125
SHOP-100039,4,12,2226.91,82,991,12,United Kingdom,185.57583333333335,0.0
SHOP-102797,19,5,859.27,103,493,4,United Kingdom,171.85399999999998,0.0
SHOP-101381,5,5,1028.0,15,1040,5,United Kingdom,205.6,0.0
SHOP-100244,116,2,1610.15,39,675,2,United Kingdom,805.075,0.0
SHOP-102404,65,4,3984.32,165,2090,4,United Kingdom,996.08,0.0051813471502590676
SHOP-100962,26,11,5725.47,95,3570,11,United Kingdom,520.4972727272727,0.0
SHOP-102783,38,2,429.84000000000003,26,320,1,United Kingdom,214.92000000000002,0.0
SHOP-101473,1,4,1791.56,86,1386,4,United Kingdom,447.89,0.017094017094017096
SHOP-100403,18,2,971.74,65,800,1,United Kingdom,485.87,0.0
SHOP-101150,32,15,6911.4400000000005,160,5048,11,United Kingdom,460.7626666666667,0.006734006734006734
SHOP-100442,3,9,1604.75,73,822,9,United Kingdom,178.30555555555554,0.09473684210526316
SHOP-100027,2,5,1123.8600000000001,31,592,4,United Kingdom,224.77200000000002,0.0
SHOP-100063,92,2,1579.12,37,864,2,Germany,789.56,0.017241379310344827
SHOP-101043,23,8,3075.04,48,1692,6,United Kingdom,384.38,0.0
SHOP-100498,10,8,1212.05,6,112,7,Belgium,151.50625,0.0
SHOP-101749,85,2,806.14,46,394,2,Australia,403.07,0.07407407407407407
SHOP-102288,8,5,3640.67,186,2018,5,United Kingdom,728.134,0.0
SHOP-100879,74,3,657.8,41,324,3,United Kingdom,219.26666666666665,0.0
SHOP-101299,11,9,2549.37,268,932,7,United Kingdom,283.2633333333333,0.04285714285714286
SHOP-101728,90,15,6115.01,28,4728,14,United Kingdom,407.6673333333334,0.012987012987012988
SHOP-100606,1,2,252.49,11,111,2,United Kingdom,126.245,0.0
SHOP-102700,36,2,517.36,30,192,2,United Kingdom,258.68,0.0
SHOP-101334,149,2,363.65,19,93,2,United Kingdom,181.825,0.0
SHOP-101775,117,2,1000.16,59,570,2,United Kingdom,500.08000000000004,0.0
SHOP-101992,10,11,2462.79,9,2493,11,United Kingdom,223.89,0.0
SHOP-101323,12,4,650.4300000000001,47,264,4,United Kingdom,162.60750000000002,0.0
SHOP-102625,31,6,1341.42,53,710,6,United Kingdom,223.57000000000002,0.013333333333333334
SHOP-101223,18,6,2102.09,68,1134,5,United Kingdom,350.34833333333336,0.0
SHOP-102348,4,18,5074.77,187,1834,17,United Kingdom,281.9316666666667,0.0515695067264574
SHOP-100438,22,4,4067.29,118,1553,4,Belgium,1016.8225,0.0
SHOP-102202,110,4,1050.12,105,514,4,United Kingdom,262.53,0.0
SHOP-102596,194,2,222.05,17,261,1,United Kingdom,111.025,0.0
SHOP-102523,117,4,588.13,26,357,4,United Kingdom,147.0325,0.0
SHOP-102657,3,15,7616.53,209,5703,15,United Kingdom,507.76866666666666,0.049079754601226995
SHOP-100513,16,4,784.46,59,216,4,United Kingdom,196.115,0.0
SHOP-102555,57,2,867.11,170,586,2,United Kingdom,433.555,0.0
SHOP-100642,8,12,2888.75,27,1343,11,United Kingdom,240.72916666666666,0.0
SHOP-100882,24,2,388.14,41,153,1,United Kingdom,194.07,0.0
SHOP-101054,30,2,890.34,37,418,2,United Kingdom,445.17,0.0
SHOP-102261,12,7,1451.28,110,1556,6,United Kingdom,207.32571428571427,0.0
SHOP-101178,9,7,4301.22,19,1754,7,United Kingdom,614.46,0.0
SHOP-101717,36,2,604.51,29,289,2,United Kingdom,302.255,0.0
SHOP-100453,80,3,908.46,24,360,3,United Kingdom,302.82,0.0
SHOP-101708,31,6,2526.28,240,1732,5,United Kingdom,421.0466666666667,0.0058823529411764705
SHOP-102191,61,9,2920.16,48,892,9,United Kingdom,324.4622222222222,0.15384615384615385
SHOP-101664,9,9,3546.71,122,3109,9,United Kingdom,394.0788888888889,0.007662835249042145
SHOP-102745,22,10,3055.93,280,1758,9,United Kingdom,305.59299999999996,0.004878048780487805
SHOP-100682,127,8,889.9300000000001,56,477,8,United Kingdom,111.24125000000001,0.0
SHOP-102813,41,8,1342.68,215,749,8,United Kingdom,167.835,0.0
SHOP-101209,71,3,498.95,6,76,2,United Kingdom,166.31666666666666,0.0
SHOP-100950,19,2,1189.59,51,536,2,Spain,594.7950000000001,0.1388888888888889
SHOP-100728,58,3,1011.9,57,1174,3,United Kingdom,337.3,0.0
SHOP-101769,21,39,1296.44,211,560,35,United Kingdom,33.242051282051285,0.0
SHOP-100940,11,2,1083.71,89,584,2,United Kingdom,541.855,0.0
SHOP-100179,108,2,1465.3200000000002,46,558,2,United Kingdom,732.66,0.06
SHOP-101553,50,2,294.4,24,303,2,United Kingdom,147.2,0.0
SHOP-101666,71,6,2059.4500000000003,40,1230,5,United Kingdom,343.24166666666673,0.01818181818181818
SHOP-101081,8,4,1932.23,35,1089,4,United Kingdom,483.0575,0.02
SHOP-100896,3,4,1046.56,51,709,4,United Kingdom,261.64,0.0
SHOP-102374,2,16,4777.18,61,1887,14,United Kingdom,298.57375,0.021505376344086023
SHOP-100509,17,4,1063.9,56,559,3,United Kingdom,265.975,0.015873015873015872
SHOP-100895,8,10,1692.98,248,1525,10,United Kingdom,169.298,0.0
SHOP-101220,25,5,2121.27,121,1037,5,United Kingdom,424.254,0.006802721088435374
SHOP-100330,104,4,1370.6,30,1079,3,United Kingdom,342.65,0.04081632653061224
SHOP-100741,297,4,576.9000000000001,28,209,3,United Kingdom,144.22500000000002,0.03125
SHOP-100346,11,5,9035.52,265,6575,5,Switzerland,1807.104,0.0028169014084507044
SHOP-100973,205,2,216.5,3,110,2,United Kingdom,108.25,0.0
SHOP-101021,9,6,911.26,33,292,6,United Kingdom,151.87666666666667,0.0
SHOP-100566,3,7,3501.1,125,1691,6,United Kingdom,500.15714285714284,0.017857142857142856
SHOP-100927,43,5,5059.32,107,1801,3,Norway,1011.8639999999999,0.0
SHOP-100365,4,15,2676.56,299,1657,14,United Kingdom,178.43733333333333,0.005964214711729622
SHOP-102821,22,6,1372.8,3,368,6,United Kingdom,228.79999999999998,0.0
SHOP-100738,20,5,1382.74,61,707,5,United Kingdom,276.548,0.0
SHOP-102347,8,6,5037.26,179,3094,4,United Kingdom,839.5433333333334,0.003676470588235294
SHOP-101886,17,51,34684.4,68,33704,48,United Kingdom,680.086274509804,0.07518796992481203
SHOP-102073,217,2,336.13,27,145,2,United Kingdom,168.065,0.0
SHOP-102649,21,12,1927.3200000000002,4,1716,12,United Kingdom,160.61,0.2
SHOP-101394,2,8,2770.94,91,1325,6,United Kingdom,346.3675,0.025423728813559324
SHOP-100376,155,2,315.06,16,154,2,United Kingdom,157.53,0.0
SHOP-102458,169,2,623.16,32,142,2,United Kingdom,311.58000000000004,0.0
SHOP-101330,29,3,1331.57,84,789,3,United Kingdom,443.8566666666666,0.0
SHOP-101157,60,4,1471.0,74,1343,4,United Kingdom,367.75,0.08108108108108109
SHOP-101821,10,3,996.26,64,421,3,United Kingdom,332.08666666666664,0.0
SHOP-102053,24,2,571.6700000000001,25,269,2,Germany,285.83500000000004,0.15151515151515152
SHOP-100354,61,4,532.96,160,242,4,United Kingdom,133.24,0.0
SHOP-100016,32,5,889.25,108,419,5,United Kingdom,177.85,0.007407407407407408
SHOP-100215,48,3,478.09000000000003,47,196,3,United Kingdom,159.36333333333334,0.06896551724137931
SHOP-101635,274,2,386.53,15,101,2,United Kingdom,193.265,0.0
SHOP-101987,239,2,511.36,21,300,2,Finland,255.68,0.0
SHOP-102200,15,4,1447.14,138,1297,2,United Kingdom,361.785,0.0
SHOP-102266,9,9,2529.93,147,1195,9,United Kingdom,281.1033333333333,0.023166023166023165
SHOP-101122,33,2,398.84,47,573,2,United Kingdom,199.42,0.0
SHOP-102541,20,2,470.76,26,298,2,United Kingdom,235.38,0.0
SHOP-100680,3,7,6463.84,23,3416,7,United Kingdom,923.4057142857143,0.058823529411764705
SHOP-101344,104,5,1375.71,27,666,4,United Kingdom,275.142,0.0
SHOP-102573,4,4,1293.03,11,501,3,United Kingdom,323.2575,0.1111111111111111
SHOP-102209,78,2,1312.06,20,875,2,Germany,656.03,0.0
SHOP-102107,22,4,2724.81,77,1127,4,Belgium,681.2025000000001,0.009523809523809525
SHOP-100073,11,3,1079.6100000000001,30,469,3,United Kingdom,359.87000000000006,0.1111111111111111
SHOP-100727,22,5,504.8,26,190,5,United Kingdom,100.96000000000001,0.05714285714285714
SHOP-102687,29,2,621.75,27,491,2,United Kingdom,310.875,0.0
SHOP-102406,127,5,1737.7,14,826,5,United Kingdom,347.54,0.0
SHOP-101710,126,3,1009.5500000000001,19,651,3,United Kingdom,336.51666666666665,0.0
SHOP-102604,2,14,5189.52,66,3188,12,United Kingdom,370.68,0.006993006993006993
SHOP-101881,9,29,20275.61,40,25649,20,United Kingdom,699.1589655172414,0.00909090909090909
SHOP-102302,7,15,3984.22,440,2560,14,United Kingdom,265.61466666666666,0.010309278350515464
SHOP-102133,243,2,379.73,17,219,2,United Kingdom,189.865,0.0
SHOP-102221,10,13,2279.9,103,712,13,United Kingdom,175.37692307692308,0.03553299492385787
SHOP-100548,11,9,1546.91,288,1082,9,United Kingdom,171.8788888888889,0.0
SHOP-101996,15,4,537.74,70,346,3,United Kingdom,134.435,0.0
SHOP-100589,198,2,296.75,78,260,2,United Kingdom,148.375,0.0
SHOP-102414,8,8,1856.63,75,881,7,United Kingdom,232.07875,0.010416666666666666
SHOP-100553,3,27,13316.4,360,6105,17,United Kingdom,493.2,0.021032504780114723
SHOP-100114,4,33,14589.04,219,8887,29,United Kingdom,442.09212121212124,0.07123287671232877
SHOP-101818,87,2,1010.6,46,318,2,United Kingdom,505.29999999999995,0.0
SHOP-100831,40,8,2741.17,176,2147,6,United Kingdom,342.64625,0.08203125
SHOP-100903,4,3,705.39,146,909,3,United Kingdom,235.13,0.010869565217391304
SHOP-102310,25,3,1782.09,68,1224,2,United Kingdom,594.0300000000001,0.025
SHOP-100198,11,11,5756.89,77,3329,9,United Kingdom,523.3536363636363,0.0
SHOP-102750,24,6,2125.08,87,886,6,United Kingdom,354.18,0.061946902654867256
SHOP-100836,26,3,572.56,85,601,3,United Kingdom,190.85333333333332,0.0
SHOP-101736,40,4,1366.8600000000001,54,552,4,Germany,341.71500000000003,0.028169014084507043
SHOP-100708,16,3,745.52,28,410,3,United Kingdom,248.50666666666666,0.0625
SHOP-102677,101,3,1264.19,45,693,3,United Kingdom,421.3966666666667,0.015625
SHOP-101191,75,2,1000.39,42,523,2,Spain,500.195,0.0
SHOP-101991,50,11,3447.4,54,1794,10,United Kingdom,313.40000000000003,0.0
SHOP-102702,102,6,1049.37,46,310,6,United Kingdom,174.89499999999998,0.0
SHOP-101513,4,12,5683.15,94,2445,12,United Kingdom,473.59583333333336,0.006369426751592357
SHOP-102026,45,5,5203.51,111,2994,5,United Kingdom,1040.702,0.0
SHOP-102038,66,4,3386.71,110,2255,4,United Kingdom,846.6775,0.007936507936507936
SHOP-100805,30,3,723.2099999999999,38,519,3,United Kingdom,241.07000000000002,0.021739130434782608
SHOP-100076,51,2,526.67,90,239,2,United Kingdom,263.335,0.0
SHOP-101771,57,2,721.94,63,310,2,United Kingdom,360.97,0.0
SHOP-100260,24,3,454.01,38,146,3,United Kingdom,151.33666666666667,0.0
SHOP-101184,2,7,2373.82,100,1693,7,United Kingdom,339.1171428571429,0.028985507246376812
SHOP-102125,11,3,2740.43,159,1640,3,United Kingdom,913.4766666666666,0.0
SHOP-101166,45,5,623.93,74,214,5,United Kingdom,124.78599999999999,0.0
SHOP-100318,39,8,3627.77,74,1600,7,United Kingdom,453.47125,0.009174311926605505
SHOP-102652,192,5,2083.27,106,821,5,United Kingdom,416.654,0.015873015873015872
SHOP-100545,7,2,1242.3,30,458,2,United Kingdom,621.1500000000001,0.027777777777777776
SHOP-102223,78,3,1744.76,82,954,2,United Kingdom,581.5866666666666,0.0
SHOP-101601,10,2,300.83,35,102,1,United Kingdom,150.41500000000002,0.0
SHOP-102614,1,4,1039.58,233,933,4,United Kingdom,259.895,0.0
SHOP-100006,8,2,423.36,14,240,2,United Kingdom,211.68,0.0
SHOP-102506,206,9,2997.0299999999997,112,1664,6,United Kingdom,333.00333333333333,0.09285714285714286
SHOP-102726,9,25,8109.5199999999995,39,2296,25,United Kingdom,324.3808,0.03508771929824561
SHOP-100830,187,2,276.73,33,104,2,United Kingdom,138.365,0.0
SHOP-101117,15,4,1022.13,46,339,4,United Kingdom,255.5325,0.07692307692307693
SHOP-101049,156,2,121.0,7,68,2,United Kingdom,60.5,0.0
SHOP-100788,13,3,974.04,52,480,3,United Kingdom,324.68,0.0
SHOP-100802,9,2,725.7,66,550,2,United Kingdom,362.85,0.013888888888888888
SHOP-102591,6,2,163.62,9,210,2,United Kingdom,81.81,0.0
SHOP-102741,25,15,11528.48,102,6193,10,United Kingdom,768.5653333333333,0.09285714285714286
SHOP-101700,53,6,2048.45,116,1808,6,United Kingdom,341.4083333333333,0.04929577464788732
SHOP-102422,45,3,341.28,77,187,3,United Kingdom,113.75999999999999,0.0
SHOP-102550,99,2,165.0,7,100,2,United Kingdom,82.5,0.0
SHOP-102327,18,4,848.22,103,466,4,United Kingdom,212.055,0.007874015748031496
SHOP-100085,95,4,854.95,22,635,4,United Kingdom,213.7375,0.0
SHOP-101560,25,6,1331.39,33,670,6,Sweden,221.89833333333334,0.0
SHOP-101636,12,2,330.88,34,187,2,United Kingdom,165.44,0.0
SHOP-102732,109,8,3717.35,61,1967,7,United Kingdom,464.66875,0.0
SHOP-101826,12,2,707.04,48,280,2,United Kingdom,353.52,0.0
SHOP-102098,6,2,632.0,90,611,2,United Kingdom,316.0,0.0
SHOP-100186,47,3,734.94,33,225,2,United Kingdom,244.98000000000002,0.18604651162790697
SHOP-101167,53,9,2241.1,87,1242,9,United Kingdom,249.0111111111111,0.05084745762711865
SHOP-101855,18,3,1132.14,29,307,3,United Kingdom,377.38000000000005,0.075
SHOP-101084,308,4,664.54,35,460,4,United Kingdom,166.135,0.0
SHOP-102067,8,3,471.78000000000003,24,244,3,United Kingdom,157.26,0.07142857142857142
SHOP-101915,25,2,744.85,34,416,2,United Kingdom,372.425,0.07692307692307693
SHOP-102354,31,10,2766.5,215,1673,10,United Kingdom,276.65,0.0
SHOP-102439,162,3,845.55,35,370,3,United Kingdom,281.84999999999997,0.0
SHOP-102628,5,4,781.78,37,272,4,United Kingdom,195.445,0.0
SHOP-100042,88,6,1060.68,103,384,6,United Kingdom,176.78,0.007633587786259542
SHOP-101890,314,4,538.37,52,430,4,United Kingdom,134.5925,0.014084507042253521
SHOP-101668,11,4,464.57,23,129,4,United Kingdom,116.14250000000001,0.0
SHOP-101622,25,4,834.57,48,442,4,United Kingdom,208.64249999999998,0.0
SHOP-101268,29,7,1522.25,88,767,7,United Kingdom,217.46428571428572,0.0
SHOP-101869,67,7,4507.01,7,2948,4,United Kingdom,643.8585714285715,0.4166666666666667
SHOP-102431,35,3,657.8,137,472,2,France,219.26666666666665,0.006756756756756757
SHOP-100812,10,5,2874.72,53,2478,5,United Kingdom,574.9440000000001,0.0
SHOP-100434,4,7,1295.39,51,929,7,United Kingdom,185.0557142857143,0.0
SHOP-100914,119,2,645.65,13,267,2,United Kingdom,322.82500000000005,0.0
SHOP-100144,79,5,2300.56,88,1573,4,United Kingdom,460.11199999999997,0.0234375
SHOP-102479,25,3,740.79,143,519,3,United Kingdom,246.93000000000004,0.0
SHOP-101280,156,11,2596.45,141,1413,11,United Kingdom,236.04090909090908,0.0
SHOP-100711,45,4,981.86,65,782,4,United Kingdom,245.465,0.0
SHOP-101437,27,3,1051.4,59,672,3,United Kingdom,350.4666666666667,0.0273972602739726
SHOP-101582,161,4,233.81,74,295,2,United Kingdom,58.4525,0.0
SHOP-100650,64,2,1272.48,26,819,2,Belgium,636.24,0.0
SHOP-101841,72,4,601.56,2,7026,4,United Kingdom,150.39,0.0
SHOP-101180,5,19,6140.42,86,5386,19,United Kingdom,323.18,0.0049261083743842365
SHOP-100423,170,2,693.8100000000001,30,815,2,United Kingdom,346.905,0.08823529411764706
SHOP-102435,55,2,950.9300000000001,59,399,1,United Kingdom,475.46500000000003,0.0
SHOP-101308,4,17,65164.79,1119,16352,17,United Kingdom,3833.2229411764706,0.0033151326053042123
SHOP-102290,4,28,66653.56,119,50255,16,United Kingdom,2380.4842857142858,0.014234875444839857
SHOP-102605,8,2,178.05,12,103,2,United Kingdom,89.025,0.07692307692307693
SHOP-102629,18,5,1422.52,90,1181,5,United Kingdom,284.504,0.0196078431372549
SHOP-100009,123,2,597.48,138,311,2,United Kingdom,298.74,0.0
SHOP-100008,16,4,2624.26,144,2067,4,United Kingdom,656.065,0.013513513513513514
SHOP-101259,28,4,2593.07,97,1365,4,United Kingdom,648.2675,0.008403361344537815
SHOP-102582,204,2,657.35,23,221,2,United Kingdom,328.675,0.10714285714285714
SHOP-102686,19,2,759.17,42,407,2,United Kingdom,379.58500000000004,0.0
SHOP-100669,17,3,1138.0,3,17,3,United Kingdom,379.3333333333333,0.0
SHOP-102820,58,8,6115.14,75,3534,3,United Kingdom,764.3925,0.008130081300813009
SHOP-102283,25,16,28754.11,73,13476,16,United Kingdom,1797.131875,0.19375
SHOP-102332,10,13,4745.69,196,2704,13,United Kingdom,365.05307692307696,0.025179856115107913
SHOP-101690,127,2,317.62,37,159,1,United Kingdom,158.81,0.0
SHOP-101386,6,4,691.73,144,263,3,United Kingdom,172.9325,0.0
SHOP-100832,169,2,291.05,73,120,2,United Kingdom,145.525,0.0
SHOP-102534,31,2,597.91,33,381,2,United Kingdom,298.955,0.02857142857142857
SHOP-102838,29,5,1415.75,87,1223,4,United Kingdom,283.15,0.03260869565217391
SHOP-102002,10,3,6977.04,6,5256,3,Japan,2325.68,0.0
SHOP-102056,179,2,1238.47,56,417,2,United Kingdom,619.235,0.04918032786885246
SHOP-101389,9,7,979.72,27,1106,7,United Kingdom,139.96,0.0
SHOP-102822,14,2,523.11,29,142,2,United Kingdom,261.555,0.0
SHOP-100491,106,2,384.40000000000003,52,227,2,United Kingdom,192.2,0.0
SHOP-102001,56,5,2806.9,175,1477,5,United Kingdom,561.3799999999999,0.0
SHOP-100795,166,2,356.97999999999996,16,134,2,United Kingdom,178.49,0.0
SHOP-102709,58,6,2836.69,96,1747,5,United Kingdom,472.7816666666667,0.0
SHOP-101832,373,2,256.44,8,144,1,United Kingdom,128.22000000000003,0.1111111111111111
SHOP-102474,1,4,3722.42,164,1936,4,United Kingdom,930.605,0.09722222222222222
SHOP-101568,18,7,3204.1600000000003,16,1176,7,United Kingdom,457.7371428571429,0.0
SHOP-100766,45,2,693.32,90,548,2,United Kingdom,346.65999999999997,0.0
SHOP-102071,75,5,1759.5,1,230,5,United Kingdom,351.9,0.0
SHOP-101249,4,3,2876.01,153,1469,3,United Kingdom,958.67,0.023668639053254437
SHOP-100923,323,2,97.7,6,38,1,United Kingdom,48.85,0.0
SHOP-101819,168,2,2242.01,92,1666,2,United Kingdom,1121.005,0.0
SHOP-100871,32,3,566.58,29,332,3,United Kingdom,188.86,0.0
SHOP-102587,10,47,19914.44,408,9209,42,United Kingdom,423.7114893617021,0.003978779840848806
SHOP-102784,29,4,771.17,143,602,4,United Kingdom,192.79250000000002,0.0
SHOP-102248,41,5,867.31,42,330,5,United Kingdom,173.462,0.041666666666666664
SHOP-102742,68,2,830.76,26,258,2,United Kingdom,415.38,0.10344827586206896
SHOP-100107,71,3,459.24,31,368,3,United Kingdom,153.08,0.0
SHOP-100417,22,6,2218.62,117,1071,6,United Kingdom,369.77,0.04316546762589928
SHOP-100975,35,3,570.46,132,415,3,United Kingdom,190.15333333333334,0.0
SHOP-100853,11,7,1304.76,198,805,7,United Kingdom,186.39428571428567,0.0
SHOP-101964,15,3,4216.2,195,1984,3,France,1405.3999999999999,0.013157894736842105
SHOP-100415,4,14,2806.97,393,1665,13,United Kingdom,200.49785714285713,0.0016339869281045752
SHOP-100581,113,3,339.44,20,106,3,United Kingdom,113.14666666666666,0.0
SHOP-102241,14,4,1676.06,76,1280,4,United Kingdom,419.015,0.0
SHOP-102177,1,20,8338.49,264,5377,20,United Kingdom,416.92449999999997,0.029535864978902954
SHOP-100094,36,3,841.0799999999999,17,295,3,United Kingdom,280.35999999999996,0.0
SHOP-101629,120,2,605.63,38,258,2,United Kingdom,302.815,0.0
SHOP-102476,4,4,2780.15,148,2082,4,United Kingdom,695.0375,0.012422360248447204
SHOP-100961,43,2,770.03,43,786,2,United Kingdom,385.015,0.044444444444444446
SHOP-102173,30,2,897.62,74,700,2,United Kingdom,448.81000000000006,0.0
SHOP-101291,85,2,152.06,27,190,2,United Kingdom,76.03,0.0
SHOP-101522,23,11,5655.99,171,3072,9,United Kingdom,514.180909090909,0.03543307086614173
SHOP-100282,3,6,3543.26,113,2004,6,United Kingdom,590.5433333333334,0.0
SHOP-101242,5,5,1995.46,190,1247,3,United Kingdom,399.092,0.0
SHOP-100395,57,3,1178.56,39,644,3,United Kingdom,392.8533333333333,0.0
SHOP-100273,1,11,2895.64,102,1793,8,United Kingdom,263.24,0.07100591715976332
SHOP-100594,246,2,306.55,9,173,2,United Kingdom,153.275,0.0
SHOP-100684,58,3,575.4,26,265,3,United Kingdom,191.79999999999998,0.0
SHOP-101796,18,4,2047.0,223,1198,4,United Kingdom,511.75,0.0
SHOP-101233,1,34,31833.68,45,7612,32,United Kingdom,936.2847058823529,0.049107142857142856
SHOP-101470,5,9,2308.06,111,1531,9,United Kingdom,256.4511111111111,0.007407407407407408
SHOP-100380,5,12,2332.72,326,2234,12,United Kingdom,194.39333333333335,0.0081799591002045
SHOP-100339,189,6,1000.27,78,440,4,United Kingdom,166.71166666666667,0.0
SHOP-100778,4,48,54534.14,70,28920,29,United Kingdom,1136.1279166666666,0.01707317073170732
SHOP-102351,80,3,469.0,57,285,3,United Kingdom,156.33333333333334,0.0
SHOP-101721,8,3,176.63,9,261,2,United Kingdom,58.876666666666665,0.18181818181818182
SHOP-100473,32,2,471.7,84,301,2,United Kingdom,235.85,0.0
SHOP-102515,141,2,160.35000000000002,10,153,2,United Kingdom,80.17500000000001,0.0
SHOP-100801,17,3,423.89,83,152,2,United Kingdom,141.29666666666665,0.0
SHOP-101203,132,3,2375.41,75,1401,2,United Kingdom,791.8033333333333,0.011627906976744186
SHOP-102493,128,3,524.9200000000001,36,624,3,United Kingdom,174.97333333333336,0.07142857142857142
SHOP-101605,38,2,389.27,22,449,2,United Kingdom,194.635,0.0
SHOP-101161,12,20,7276.900000000001,66,2488,20,United Kingdom,363.84499999999997,0.0
SHOP-102835,36,5,2222.56,45,1026,4,United Kingdom,444.512,0.041666666666666664
SHOP-101570,38,4,2560.0,1,8000,4,United Kingdom,640.0,0.0
SHOP-102679,26,6,1827.8,82,1753,6,United Kingdom,304.6333333333333,0.0
SHOP-102718,85,2,278.74,57,200,2,United Kingdom,139.37,0.0
SHOP-101350,92,3,991.13,50,585,3,United Kingdom,330.37666666666667,0.01639344262295082
SHOP-100120,123,5,1566.65,115,786,5,United Kingdom,313.33000000000004,0.010582010582010581
SHOP-101609,1,11,3989.57,75,2164,11,United Kingdom,362.6881818181818,0.0
SHOP-101331,9,2,574.42,54,300,2,Portugal,287.21,0.0
SHOP-101399,1,23,15610.390000000001,52,3756,22,United Kingdom,678.7126086956522,0.023255813953488372
SHOP-102524,11,5,2674.48,108,1436,3,United Kingdom,534.896,0.08387096774193549
SHOP-101872,55,4,537.0600000000001,52,272,4,United Kingdom,134.265,0.0
SHOP-100080,18,6,8438.34,35,5557,2,United Kingdom,1406.39,0.018518518518518517
SHOP-101678,174,2,289.36,25,142,2,United Kingdom,144.68,0.0
SHOP-101511,37,5,1219.4,43,750,4,United Kingdom,243.88000000000002,0.0
SHOP-102117,2,2,982.3800000000001,40,610,2,United Kingdom,491.19000000000005,0.0
SHOP-100532,198,2,707.69,40,367,2,United Kingdom,353.845,0.06976744186046512
SHOP-100485,11,4,450.84,28,150,3,United Kingdom,112.71000000000001,0.0
SHOP-101950,1,10,2385.0,306,1526,9,United Kingdom,238.5,0.0
SHOP-102545,6,20,8816.4,538,3539,18,United Kingdom,440.82,0.013020833333333334
SHOP-101767,9,4,2736.38,212,2540,4,United Kingdom,684.095,0.004132231404958678
SHOP-101594,267,2,901.2,1,120,2,United Kingdom,450.6,0.3333333333333333
SHOP-100888,333,3,2200.42,99,787,2,United Kingdom,733.4733333333334,0.02586206896551724
SHOP-100573,1,3,563.94,21,116,3,United Kingdom,187.98,0.1875
SHOP-100117,8,6,2473.37,111,1349,6,United Kingdom,412.2283333333333,0.014598540145985401
SHOP-102546,85,2,653.24,37,378,2,United Kingdom,326.62,0.02631578947368421
SHOP-102638,32,2,383.03,27,195,2,United Kingdom,191.51500000000001,0.0
SHOP-102427,13,4,1353.74,47,671,3,United Kingdom,338.435,0.01694915254237288
SHOP-100040,18,3,1553.66,91,1035,3,United Kingdom,517.8866666666667,0.0
SHOP-100489,22,4,992.71,68,378,4,United Kingdom,248.1775,0.0
SHOP-102767,166,2,228.2,14,152,2,United Kingdom,114.1,0.0
SHOP-101756,9,34,16594.35,114,8975,32,United Kingdom,488.06911764705876,0.10738255033557047
SHOP-101046,12,4,1078.23,48,647,3,United Kingdom,269.5575,0.05970149253731343
SHOP-102249,60,2,894.4100000000001,52,240,2,United Kingdom,447.20500000000004,0.0
SHOP-100775,59,5,1121.39,24,511,5,United Kingdom,224.27799999999996,0.025
SHOP-101143,108,2,122.14,29,55,2,United Kingdom,61.07,0.0
SHOP-102424,60,2,2155.95,101,1518,2,United Kingdom,1077.975,0.009174311926605505
SHOP-102060,10,10,4154.64,445,2365,8,United Kingdom,415.46399999999994,0.0
SHOP-100343,53,5,3610.96,90,2390,5,United Kingdom,722.192,0.020202020202020204
SHOP-102482,3,6,1098.48,14,504,6,United Kingdom,183.08,0.0
SHOP-101464,1,31,20374.28,239,8360,29,United Kingdom,657.2348387096774,0.022191400832177532
SHOP-100487,14,6,3844.22,142,2571,6,United Kingdom,640.7033333333334,0.0
SHOP-101365,50,5,1824.23,78,1073,5,United Kingdom,364.846,0.0
SHOP-101824,7,6,2050.08,76,1859,6,United Kingdom,341.68,0.0
SHOP-101050,32,6,3639.31,77,2029,6,United Kingdom,606.5516666666666,0.005780346820809248
SHOP-102654,65,3,1117.13,56,485,3,United Kingdom,372.3766666666666,0.0
SHOP-102432,73,4,4393.63,182,2486,4,Switzerland,1098.4075,0.05286343612334802
SHOP-102769,31,11,5580.6,148,4435,8,United Kingdom,507.32727272727277,0.0
SHOP-102727,88,4,544.3,23,319,4,United Kingdom,136.075,0.0
SHOP-102205,16,11,6816.42,177,2408,10,Germany,619.6745454545454,0.11742424242424243
SHOP-101396,8,7,2154.97,8,1981,7,United Kingdom,307.8528571428571,0.0967741935483871
SHOP-101971,77,3,1693.26,104,698,3,United Kingdom,564.42,0.008620689655172414
SHOP-102778,3,8,10674.75,718,7436,8,United Kingdom,1334.34375,0.003656307129798903
SHOP-100389,201,2,300.95,14,134,2,United Kingdom,150.475,0.0625
SHOP-102668,15,2,500.42,31,370,2,United Kingdom,250.21,0.0
SHOP-101527,4,4,1194.73,54,756,4,United Kingdom,298.6825,0.0
SHOP-102194,18,2,365.76,44,207,2,United Kingdom,182.88,0.0
SHOP-102368,176,2,750.0,1,1200,2,United Kingdom,375.0,0.5
SHOP-102015,93,3,1140.93,37,751,3,United Kingdom,380.30999999999995,0.0
SHOP-100445,33,8,2736.46,140,1028,8,United Kingdom,342.0575,0.03389830508474576
SHOP-100951,1,2,563.23,42,288,2,United Kingdom,281.615,0.10204081632653061
SHOP-102729,12,10,3945.0,149,3112,9,United Kingdom,394.5,0.029288702928870293
SHOP-102057,21,5,2810.63,227,1536,5,United Kingdom,562.126,0.024725274725274724
SHOP-100276,27,4,632.9699999999999,26,983,4,United Kingdom,158.24249999999998,0.0
SHOP-101235,36,2,2409.9,110,1263,2,Belgium,1204.9499999999998,0.0
SHOP-100960,99,2,288.42,21,196,2,United Kingdom,144.21,0.0
SHOP-102472,1,25,11045.04,229,5927,10,United Kingdom,441.8016,0.02654867256637168
SHOP-100713,12,2,302.1,105,198,2,United Kingdom,151.05,0.0
SHOP-101170,10,3,102.44999999999999,5,45,3,United Kingdom,34.15,0.0
SHOP-101543,2,4,1418.03,12,842,4,United Kingdom,354.5075,0.11764705882352941
SHOP-102138,44,11,5228.05,141,3466,11,United Kingdom,475.27727272727276,0.012244897959183673
SHOP-100590,45,5,1096.32,109,493,4,United Kingdom,219.26400000000004,0.0
SHOP-100091,3,8,1508.76,156,620,7,United Kingdom,188.595,0.008438818565400843
SHOP-102228,15,22,13787.54,267,7536,20,France,626.7063636363636,0.01238390092879257
SHOP-102058,17,8,2552.21,98,1731,8,United Kingdom,319.02625,0.006134969325153374
SHOP-102198,9,4,3090.7400000000002,128,1382,4,United Kingdom,772.6850000000001,0.01775147928994083
SHOP-102711,27,6,1196.33,112,735,5,United Kingdom,199.38833333333332,0.006896551724137931
SHOP-100658,39,3,1049.7,51,486,3,United Kingdom,349.90000000000003,0.08064516129032258
SHOP-100291,366,4,1661.06,29,652,2,Lithuania,415.265,0.0
SHOP-101720,16,5,1870.97,61,787,5,United Kingdom,374.194,0.022222222222222223
SHOP-101827,30,2,372.21999999999997,12,242,2,United Kingdom,186.11,0.0
SHOP-102449,16,5,11990.960000000001,15,4384,5,Spain,2398.192,0.0
SHOP-100093,17,2,466.7,23,204,2,United Kingdom,233.35000000000002,0.38461538461538464
SHOP-101884,19,15,6923.13,338,4276,15,United Kingdom,461.54200000000003,0.012658227848101266
SHOP-101907,70,2,869.67,32,509,2,France,434.83500000000004,0.0
SHOP-100559,53,5,3346.28,156,1617,4,United Kingdom,669.256,0.0
SHOP-100803,38,2,836.06,34,583,2,United Kingdom,418.03,0.06666666666666667
SHOP-100375,16,2,1212.66,67,733,2,United Kingdom,606.3299999999999,0.09210526315789473
SHOP-102658,9,2,922.53,15,475,2,United Kingdom,461.265,0.0
SHOP-102196,22,6,1936.3200000000002,16,1192,6,United Kingdom,322.71999999999997,0.16666666666666666
SHOP-101324,112,5,404.58,13,240,5,United Kingdom,80.91600000000001,0.0
SHOP-101272,34,4,1775.18,58,1084,4,Germany,443.795,0.013513513513513514
SHOP-101857,60,2,675.69,25,227,2,United Kingdom,337.84499999999997,0.03571428571428571
SHOP-101188,33,3,1048.49,56,675,3,United Kingdom,349.49666666666667,0.046153846153846156
SHOP-102480,1,5,525.54,87,239,4,United Kingdom,105.10799999999999,0.019801980198019802
SHOP-101663,4,4,2157.4,87,1410,4,United Kingdom,539.35,0.009174311926605505
SHOP-100716,34,4,1056.44,142,558,4,United Kingdom,264.11,0.0
SHOP-101864,33,4,971.76,67,497,4,United Kingdom,242.94,0.0
SHOP-102123,96,3,922.12,26,970,3,United Kingdom,307.37333333333333,0.0
SHOP-101682,212,2,271.24,17,183,2,United Kingdom,135.62,0.0
SHOP-101538,24,3,1374.8700000000001,141,888,2,United Kingdom,458.28999999999996,0.006211180124223602
SHOP-100374,61,5,1486.9,150,1476,5,United Kingdom,297.38,0.0
SHOP-100572,4,3,342.45,17,271,3,United Kingdom,114.15000000000002,0.0
SHOP-102000,5,4,1195.8999999999999,17,310,4,United Kingdom,298.975,0.17391304347826086
SHOP-102469,23,2,511.35,28,325,2,United Kingdom,255.675,0.0
SHOP-101791,8,17,6580.44,132,3050,14,United Kingdom,387.084705882353,0.0045871559633027525
SHOP-100208,10,3,463.66,17,261,3,Netherlands,154.5533333333333,0.0
SHOP-101481,32,4,1765.51,86,729,4,United Kingdom,441.37750000000005,0.04854368932038835
SHOP-101579,21,4,1422.3999999999999,74,1163,4,United Kingdom,355.6,0.03529411764705882
SHOP-100407,116,4,1641.76,93,862,4,United Kingdom,410.44,0.0
SHOP-101079,1,5,1245.9,58,591,4,United Kingdom,249.18,0.012987012987012988
SHOP-101321,46,2,698.41,26,459,2,United Kingdom,349.20500000000004,0.07142857142857142
SHOP-100366,42,3,539.0,33,333,3,Germany,179.66666666666666,0.0
SHOP-100672,239,2,1345.62,52,465,1,United Kingdom,672.81,0.0
SHOP-100157,24,12,18895.91,109,8437,11,France,1574.6591666666666,0.010830324909747292
SHOP-102136,26,2,841.1999999999999,47,772,2,United Kingdom,420.6,0.0
SHOP-102083,39,63,81024.84,44,40208,39,United Kingdom,1286.1085714285714,0.11678832116788321
SHOP-102246,11,12,3834.2599999999998,82,4428,12,United Kingdom,319.5216666666667,0.07425742574257425
SHOP-102291,4,20,17159.52,72,10118,16,United Kingdom,857.976,0.011111111111111112
SHOP-101028,1,2,1239.38,73,1533,2,United Kingdom,619.69,0.02564102564102564
SHOP-100068,71,2,190.25,15,187,2,United Kingdom,95.125,0.0
SHOP-101370,19,4,1879.05,89,1029,3,United Kingdom,469.7625,0.020202020202020204
SHOP-101616,92,2,716.35,28,219,2,France,358.17499999999995,0.0
SHOP-100220,4,3,974.42,52,459,3,United Kingdom,324.8066666666667,0.1643835616438356
SHOP-100535,59,2,355.56,26,396,2,United Kingdom,177.78,0.03571428571428571
SHOP-100360,7,2,3192.54,32,1964,2,United Kingdom,1596.27,0.0
SHOP-100205,20,3,788.08,128,310,2,United Kingdom,262.6933333333333,0.006993006993006993
SHOP-100726,31,2,547.0600000000001,35,280,2,United Kingdom,273.53,0.0
SHOP-101030,10,2,137.0,5,116,2,United Kingdom,68.5,0.0
SHOP-100972,153,4,1865.19,94,910,4,United Kingdom,466.2975,0.0
SHOP-100327,82,3,1179.89,51,592,3,United Kingdom,393.2966666666667,0.0
SHOP-101687,218,2,188.60999999999999,22,181,1,United Kingdom,94.30499999999999,0.0
SHOP-102451,166,4,813.0,166,557,3,United Kingdom,203.25,0.0
SHOP-100657,21,3,1107.46,63,885,3,United Kingdom,369.15333333333336,0.0
SHOP-102568,11,2,385.1,22,246,2,United Kingdom,192.55,0.0
SHOP-100800,100,3,1240.2,19,676,3,United Kingdom,413.40000000000003,0.0
SHOP-102840,127,3,1009.6,40,532,3,United Kingdom,336.5333333333333,0.017241379310344827
SHOP-101833,64,8,2938.91,120,1484,7,United Kingdom,367.36375,0.03205128205128205
SHOP-102349,79,3,598.2,79,357,3,United Kingdom,199.4,0.0
SHOP-100555,40,8,3000.2,116,1836,6,United Kingdom,375.025,0.075
SHOP-102507,11,6,2073.43,55,691,6,United Kingdom,345.5716666666667,0.011363636363636364
SHOP-102708,41,2,298.40999999999997,69,232,2,United Kingdom,149.20499999999998,0.0
SHOP-102279,4,8,4007.54,198,2668,8,United Kingdom,500.9425,0.0027247956403269754
SHOP-102179,75,2,668.36,80,475,2,United Kingdom,334.18,0.0
SHOP-100426,90,3,3866.33,185,2147,3,United Kingdom,1288.7766666666666,0.0
SHOP-102662,2,19,13110.02,319,8439,18,United Kingdom,690.001052631579,0.0
SHOP-102024,72,5,373.65000000000003,7,135,3,Australia,74.72999999999999,0.25
SHOP-100834,42,2,372.8,22,210,2,United Kingdom,186.4,0.08333333333333333
SHOP-100689,25,2,1058.34,42,354,2,United Kingdom,529.1700000000001,0.1320754716981132
SHOP-102019,24,4,650.43,148,273,3,United Kingdom,162.60750000000002,0.0
SHOP-100161,16,2,468.26,55,379,2,Germany,234.13,0.0
SHOP-100497,24,20,4100.92,190,2076,20,United Kingdom,205.046,0.002386634844868735
SHOP-102715,79,2,307.76,15,74,2,United Kingdom,153.88,0.0
SHOP-101419,57,2,324.14,18,130,2,United Kingdom,162.07,0.0
SHOP-100933,8,4,303.09,81,263,2,United Kingdom,75.7725,0.0
SHOP-101688,58,2,2218.02,67,1941,2,Belgium,1109.01,0.0
SHOP-100184,9,7,1419.73,118,1203,7,United Kingdom,202.81857142857143,0.0
SHOP-101296,29,10,1715.46,81,1001,6,United Kingdom,171.546,0.009523809523809525
SHOP-102495,358,2,290.40000000000003,18,134,2,United Kingdom,145.2,0.0
SHOP-101424,22,19,4345.5,137,2725,13,United Kingdom,228.71052631578948,0.0
SHOP-102126,72,8,1119.81,127,405,8,United Kingdom,139.97625,0.0
SHOP-101770,1,20,14034.99,133,5476,12,United Kingdom,701.7495000000001,0.04929577464788732
SHOP-102275,219,2,252.06,11,140,1,United Kingdom,126.03,0.0
SHOP-102704,4,39,7837.7300000000005,359,4177,38,United Kingdom,200.9674358974359,0.02408256880733945
SHOP-100474,35,2,94.2,6,33,2,United Kingdom,47.1,0.0
SHOP-101449,71,3,536.6800000000001,22,174,3,United Kingdom,178.89333333333335,0.12
SHOP-102788,48,12,4339.74,246,3655,12,United Kingdom,361.645,0.017857142857142856
SHOP-100697,96,2,318.76,39,185,2,United Kingdom,159.38,0.0
SHOP-102642,114,3,1633.78,65,800,3,United Kingdom,544.5933333333334,0.05747126436781609
SHOP-101787,1,10,1883.81,74,831,9,United Kingdom,188.381,0.03508771929824561
SHOP-100059,107,2,240.0,12,141,2,United Kingdom,120.0,0.0
SHOP-102690,5,6,1843.75,108,1721,6,United Kingdom,307.2916666666667,0.0
SHOP-102236,139,2,562.9,106,394,2,United Kingdom,281.45000000000005,0.0
SHOP-101375,187,2,160.71,22,48,2,United Kingdom,80.355,0.0
SHOP-100501,45,6,2481.13,64,1021,6,United Kingdom,413.5216666666667,0.028846153846153848
SHOP-102020,312,2,538.8100000000001,16,159,2,United Kingdom,269.40500000000003,0.0
SHOP-100763,2,6,5102.97,335,4151,6,United Kingdom,850.495,0.008849557522123894
SHOP-100504,73,7,2225.9700000000003,81,1009,7,United Kingdom,317.9957142857143,0.005988023952095809
SHOP-102331,17,2,742.1899999999999,46,479,2,Belgium,371.095,0.0784313725490196
SHOP-102770,73,6,2466.86,85,2089,6,Spain,411.1433333333334,0.0
SHOP-101918,21,4,1910.01,18,541,4,United Kingdom,477.50250000000005,0.0
SHOP-102253,29,2,183.44,16,286,2,United Kingdom,91.72,0.0
SHOP-102411,18,14,3347.71,140,2859,14,United Kingdom,239.12214285714285,0.011494252873563218
SHOP-100430,259,2,590.0,1,2,2,United Kingdom,295.0,0.0
SHOP-101853,9,3,1599.52,92,1111,3,United Kingdom,533.1733333333333,0.020618556701030927
SHOP-102410,33,3,1770.56,125,819,3,United Kingdom,590.1866666666666,0.0
SHOP-100541,27,5,920.51,14,679,5,United Kingdom,184.102,0.058823529411764705
SHOP-102337,190,2,542.03,32,365,2,United Kingdom,271.015,0.0
SHOP-100028,84,2,380.64,8,200,2,United Kingdom,190.32,0.0
SHOP-102010,127,4,855.91,35,255,4,Germany,213.97750000000002,0.04878048780487805
SHOP-102749,3,20,8694.26,88,6673,16,United Kingdom,434.713,0.05970149253731343
SHOP-101031,103,4,417.06,28,274,4,United Kingdom,104.265,0.0
SHOP-100095,10,11,2868.8,221,978,11,United Kingdom,260.8,0.005571030640668524
SHOP-102802,3,10,2234.73,71,1435,9,United Kingdom,223.473,0.015267175572519083
SHOP-102172,14,7,1122.38,48,817,7,United Kingdom,160.34,0.015625
SHOP-102454,7,14,4954.84,441,4032,12,United Kingdom,353.9171428571429,0.0
SHOP-100767,10,13,1591.45,23,504,12,United Kingdom,122.41923076923078,0.044444444444444446
SHOP-102182,16,14,16569.5,38,11766,7,United Kingdom,1183.5357142857142,0.24561403508771928
SHOP-100362,177,2,120.9,6,198,2,United Kingdom,60.45,0.0
SHOP-102381,4,10,1960.72,146,958,10,United Kingdom,196.072,0.0
SHOP-101059,302,2,307.02,11,315,2,United Kingdom,153.51,0.08333333333333333
SHOP-102486,1,5,2056.89,84,1318,5,Germany,411.378,0.0
SHOP-101097,8,2,955.24,51,567,2,United Kingdom,477.62,0.0
SHOP-102417,67,8,6021.9,205,3002,7,France,752.7375000000001,0.01015228426395939
SHOP-101252,32,3,1266.97,53,778,3,United Kingdom,422.3233333333333,0.0
SHOP-100402,78,3,1126.85,57,648,3,Germany,375.6166666666666,0.0
SHOP-102698,116,3,962.19,22,641,3,United Kingdom,320.73,0.0
SHOP-102483,18,5,977.9300000000001,49,679,5,United Kingdom,195.586,0.0
SHOP-100563,16,12,10668.47,309,5182,9,United Kingdom,889.0391666666666,0.018480492813141684
SHOP-101899,8,20,11138.710000000001,273,4851,11,United Kingdom,556.9355,0.015810276679841896
SHOP-102392,67,2,1269.1,44,672,2,United Kingdom,634.55,0.0
SHOP-101977,39,4,1970.6,52,1133,4,France,492.65,0.08791208791208792
SHOP-101867,45,3,1337.48,283,733,3,United Kingdom,445.82666666666665,0.0
SHOP-100486,74,6,5976.79,15,6942,6,United Kingdom,996.1316666666667,0.0
SHOP-101665,19,3,912.18,44,371,3,United Kingdom,304.06,0.05172413793103448
SHOP-101965,15,4,554.65,30,115,4,United Kingdom,138.66250000000002,0.0
SHOP-100247,4,8,1438.82,271,995,7,United Kingdom,179.8525,0.02702702702702703
SHOP-100110,8,4,1366.38,43,468,4,United Kingdom,341.595,0.0
SHOP-101868,11,10,3466.2799999999997,67,905,10,United Kingdom,346.628,0.11290322580645161
SHOP-101809,16,7,2379.49,22,1521,5,United Kingdom,339.9271428571428,0.14583333333333334
SHOP-101920,80,17,2847.6,69,2114,17,United Kingdom,167.50588235294117,0.018779342723004695
SHOP-101889,4,27,16387.57,295,11005,21,United Kingdom,606.947037037037,0.01225114854517611
SHOP-101613,7,2,2199.31,93,1195,2,United Kingdom,1099.655,0.0
SHOP-101654,16,8,4308.61,299,2422,7,United Kingdom,538.57625,0.015
SHOP-100868,17,4,1945.33,63,1271,3,United Kingdom,486.3325,0.02702702702702703
SHOP-101034,12,21,4552.14,116,2164,21,United Kingdom,216.76857142857145,0.003367003367003367
SHOP-101387,43,2,324.24,19,146,2,United Kingdom,162.12,0.0
SHOP-102565,23,3,598.2,22,198,3,United Kingdom,199.4,0.0
SHOP-101909,23,7,2915.15,117,1651,5,United Kingdom,416.45,0.07514450867052024
SHOP-101057,44,4,2824.69,128,1166,4,United Kingdom,706.1725,0.08227848101265822
SHOP-102294,16,2,326.4,2,128,2,United Kingdom,163.2,0.0
SHOP-100752,9,3,1333.68,61,952,3,United Kingdom,444.56,0.0
SHOP-100467,61,3,1055.35,65,589,3,United Kingdom,351.7833333333333,0.0
SHOP-102157,5,7,3809.8900000000003,68,2129,7,United Kingdom,544.27,0.019417475728155338
SHOP-100902,66,2,574.07,77,416,2,United Kingdom,287.03499999999997,0.022727272727272728
SHOP-100482,15,5,614.66,14,362,5,United Kingdom,122.93199999999999,0.05263157894736842
SHOP-101206,1,24,6424.09,140,4204,20,United Kingdom,267.67041666666665,0.01935483870967742
SHOP-100823,22,2,618.09,34,371,2,United Kingdom,309.045,0.07894736842105263
SHOP-101091,11,4,843.0,4,108,4,United Kingdom,210.75,0.16666666666666666
SHOP-100806,2,12,4799.9,115,3116,11,United Kingdom,399.9916666666666,0.010309278350515464
SHOP-101537,186,3,1046.57,129,558,3,United Kingdom,348.85666666666674,0.006369426751592357
SHOP-100279,18,2,494.44,28,300,2,United Kingdom,247.22,0.0
SHOP-102339,16,9,3641.24,50,3378,9,Germany,404.5822222222222,0.05263157894736842
SHOP-102189,255,2,777.02,59,343,2,United Kingdom,388.51,0.0
SHOP-101544,173,4,536.4,55,143,3,United Kingdom,134.10000000000002,0.038461538461538464
SHOP-102388,1,9,2085.08,40,1054,8,United Kingdom,231.67555555555555,0.0
SHOP-100274,52,3,1531.44,81,902,3,Netherlands,510.48,0.0
SHOP-100188,9,2,1418.26,191,764,2,United Kingdom,709.1299999999999,0.0
SHOP-102650,124,2,462.65999999999997,27,252,2,United Kingdom,231.33,0.0
SHOP-101345,158,2,473.81,65,327,2,United Kingdom,236.905,0.0
SHOP-100720,253,2,263.55,35,168,2,United Kingdom,131.775,0.0
SHOP-101539,23,2,184.19,14,233,2,United Kingdom,92.095,0.0
SHOP-101163,60,4,1662.28,51,913,4,Germany,415.57,0.029411764705882353
SHOP-101592,319,2,328.35,22,272,2,United Kingdom,164.17499999999998,0.04
SHOP-101302,78,2,1090.24,65,566,2,United Kingdom,545.12,0.014492753623188406
SHOP-101310,165,2,379.65,49,490,2,United Kingdom,189.825,0.0
SHOP-100635,2,15,4690.31,95,3850,14,United Kingdom,312.68733333333336,0.0
SHOP-101047,5,18,7943.22,93,4501,17,United Kingdom,441.29,0.03773584905660377
SHOP-101003,27,14,1965.55,121,836,12,United Kingdom,140.39642857142857,0.0
SHOP-100796,317,2,309.8,4,236,2,United Kingdom,154.89999999999998,0.0
