customer_id,gender,senior_citizen,has_partner,has_dependents,tenure_months,phone_service,multiple_lines,internet_service,online_security,online_backup,device_protection,tech_support,streaming_tv,streaming_movies,contract,paperless_billing,payment_method,monthly_charges,total_charges,churned
CUST-106215,Female,1,Yes,No,26,Yes,No,DSL,No,No,Yes,No,No,Yes,One year,No,Mailed check,60.85,1596.68,0
CUST-103122,Female,0,Yes,Yes,46,Yes,No,No,No internet service,No internet service,No internet service,No internet service,No internet service,No internet service,Two year,Yes,Mailed check,19.01,865.11,0
CUST-105353,Male,0,No,Yes,7,Yes,No,No,No internet service,No internet service,No internet service,No internet service,No internet service,No internet service,One year,No,Mailed check,19.06,139.14,0
CUST-100969,Male,0,Yes,No,68,Yes,No,DSL,Yes,Yes,Yes,No,No,Yes,Two year,No,Bank transfer (automatic),70.97,4742.3,0
CUST-102279,Female,0,No,No,7,Yes,No,DSL,Yes,Yes,Yes,No,No,No,Month-to-month,No,Electronic check,61.52,439.81,0
CUST-106432,Female,0,Yes,No,58,No,No phone service,DSL,Yes,Yes,No,No,Yes,No,One year,Yes,Electronic check,45.29,2538.95,0
CUST-107029,Male,1,Yes,No,7,No,No phone service,DSL,Yes,No,No,No,No,No,Month-to-month,No,Bank transfer (automatic),29.67,223.12,0
CUST-106726,Male,0,No,Yes,62,Yes,Yes,Fiber optic,No,No,Yes,Yes,Yes,Yes,Two year,Yes,Electronic check,104.14,6590.68,0
CUST-106941,Male,0,Yes,Yes,72,Yes,Yes,DSL,Yes,Yes,Yes,Yes,Yes,Yes,Two year,No,Credit card (automatic),89.76,6563.85,0
CUST-102661,Female,1,No,No,1,No,No phone service,DSL,No,No,No,No,No,No,Month-to-month,Yes,Mailed check,25.72,26.93,1
CUST-100806,Female,0,Yes,No,20,Yes,No,No,No internet service,No internet service,No internet service,No internet service,No internet service,No internet service,Month-to-month,No,Bank transfer (automatic),19.38,375.93,0
CUST-100246,Male,0,No,Yes,17,Yes,No,DSL,No,No,No,No,No,No,One year,No,Mailed check,44.43,679.63,0
CUST-102925,Male,0,No,No,70,Yes,Yes,Fiber optic,Yes,No,No,Yes,Yes,Yes,Two year,Yes,Credit card (automatic),103.63,7251.55,1
CUST-103064,Female,0,Yes,No,56,Yes,No,Fiber optic,No,No,Yes,Yes,Yes,Yes,Month-to-month,Yes,Electronic check,98.8,5670.76,0
CUST-101648,Male,0,Yes,Yes,22,Yes,No,DSL,Yes,No,Yes,Yes,Yes,No,One year,Yes,Bank transfer (automatic),67.49,1548.19,1
CUST-104597,Male,0,No,No,66,Yes,No,Fiber optic,Yes,No,Yes,Yes,Yes,Yes,Two year,Yes,Bank transfer (automatic),105.4,6844.04,0
CUST-100539,Male,0,Yes,Yes,72,No,No phone service,DSL,Yes,Yes,Yes,Yes,Yes,Yes,Two year,Yes,Credit card (automatic),65.18,4751.27,0
CUST-101747,Male,0,Yes,Yes,72,Yes,No,Fiber optic,Yes,Yes,No,Yes,Yes,Yes,Two year,No,Bank transfer (automatic),105.77,7609.77,0
CUST-103811,Female,0,Yes,No,5,Yes,No,Fiber optic,Yes,No,Yes,No,No,Yes,Month-to-month,Yes,Mailed check,88.65,453.19,1
CUST-101378,Male,0,Yes,Yes,25,Yes,No,DSL,Yes,No,No,Yes,No,No,Month-to-month,No,Electronic check,54.39,1293.22,0
CUST-102299,Male,0,Yes,No,67,Yes,No,Fiber optic,Yes,Yes,No,No,No,Yes,One year,Yes,Credit card (automatic),90.82,6057.05,1
CUST-101659,Female,0,Yes,No,1,Yes,No,Fiber optic,No,No,No,No,Yes,No,Month-to-month,Yes,Bank transfer (automatic),79.43,79.62,1
CUST-106239,Female,0,No,No,8,Yes,No,No,No internet service,No internet service,No internet service,No internet service,No internet service,No internet service,Month-to-month,No,Mailed check,19.22,155.32,0
CUST-102120,Male,0,Yes,No,45,Yes,Yes,Fiber optic,No,Yes,Yes,No,Yes,Yes,Month-to-month,Yes,Bank transfer (automatic),107.73,4882.03,0
CUST-106641,Male,0,No,No,17,Yes,No,No,No internet service,No internet service,No internet service,No internet service,No internet service,No internet service,One year,Yes,Bank transfer (automatic),19.66,350.1,0
CUST-102397,Male,1,No,No,6,Yes,No,Fiber optic,No,No,No,No,Yes,No,Month-to-month,Yes,Electronic check,79.98,498.38,0
CUST-105739,Female,0,Yes,No,72,Yes,Yes,Fiber optic,Yes,Yes,No,No,No,Yes,Two year,Yes,Credit card (automatic),94.13,6923.91,0
CUST-101092,Female,0,Yes,Yes,58,No,No phone service,DSL,No,No,Yes,Yes,Yes,Yes,Two year,Yes,Credit card (automatic),55.87,3166.76,0
CUST-102860,Female,0,No,No,41,Yes,Yes,DSL,Yes,No,Yes,Yes,No,Yes,Month-to-month,Yes,Bank transfer (automatic),74.33,3091.28,0
CUST-102814,Male,1,No,No,24,Yes,Yes,DSL,No,Yes,No,No,No,No,Month-to-month,No,Credit card (automatic),54.88,1291.27,0
CUST-100109,Male,0,Yes,No,66,Yes,Yes,Fiber optic,No,Yes,Yes,No,No,Yes,One year,No,Electronic check,95.2,6273.98,0
CUST-101932,Female,0,Yes,Yes,31,Yes,Yes,Fiber optic,No,Yes,No,No,No,Yes,Month-to-month,Yes,Electronic check,91.54,2994.92,1
CUST-106255,Male,0,No,No,10,Yes,Yes,Fiber optic,No,Yes,No,No,No,No,Month-to-month,No,Electronic check,79.71,797.64,0
CUST-103268,Male,0,Yes,Yes,17,Yes,No,Fiber optic,No,No,No,No,No,No,Month-to-month,Yes,Electronic check,69.14,1151.1,1
CUST-100670,Male,0,Yes,Yes,58,Yes,No,No,No internet service,No internet service,No internet service,No internet service,No internet service,No internet service,One year,Yes,Electronic check,19.67,1108.86,0
CUST-104533,Male,0,Yes,Yes,50,Yes,Yes,DSL,No,No,Yes,No,No,No,One year,No,Bank transfer (automatic),54.98,2612.97,0
CUST-103109,Male,1,No,No,12,Yes,No,Fiber optic,No,Yes,Yes,Yes,No,No,Month-to-month,Yes,Mailed check,83.79,1031.65,1
CUST-106895,Female,0,No,No,53,Yes,Yes,Fiber optic,Yes,No,Yes,No,Yes,Yes,One year,Yes,Credit card (automatic),107.16,5787.2,1
CUST-106889,Male,0,No,No,3,No,No phone service,DSL,No,No,No,No,No,No,Month-to-month,No,Electronic check,24.97,80.65,0
CUST-101913,Female,0,No,No,31,Yes,Yes,Fiber optic,No,No,No,Yes,No,No,Month-to-month,Yes,Credit card (automatic),80.01,2404.95,1
CUST-103297,Male,0,Yes,No,72,Yes,Yes,DSL,No,Yes,Yes,Yes,Yes,Yes,Two year,Yes,Credit card (automatic),85.62,6227.95,0
CUST-102063,Female,0,Yes,Yes,49,No,No phone service,DSL,Yes,No,No,Yes,No,No,One year,Yes,Credit card (automatic),35.86,1780.06,0
CUST-106688,Female,0,Yes,Yes,50,Yes,No,Fiber optic,No,No,No,No,No,No,Month-to-month,Yes,Bank transfer (automatic),69.42,3557.76,0
CUST-106942,Male,0,No,Yes,4,Yes,Yes,Fiber optic,No,Yes,No,No,Yes,Yes,Month-to-month,Yes,Electronic check,101.84,363.69,1
CUST-103784,Male,0,Yes,Yes,28,No,No phone service,DSL,No,Yes,Yes,Yes,Yes,Yes,One year,Yes,Credit card (automatic),59.64,1683.52,0
CUST-101324,Female,0,No,No,72,Yes,Yes,DSL,Yes,Yes,Yes,Yes,Yes,Yes,Two year,Yes,Bank transfer (automatic),91.17,6697.09,0
CUST-106653,Female,0,Yes,Yes,16,Yes,No,DSL,Yes,Yes,No,Yes,No,Yes,Two year,No,Bank transfer (automatic),67.99,1114.75,0
CUST-106980,Male,0,Yes,Yes,72,No,No phone service,DSL,Yes,Yes,Yes,Yes,No,No,Two year,No,Credit card (automatic),45.43,3141.45,0
CUST-101263,Female,0,Yes,Yes,5,Yes,No,DSL,Yes,No,No,No,No,No,Month-to-month,Yes,Mailed check,49.54,233.22,0
CUST-104692,Female,0,No,Yes,1,Yes,No,DSL,Yes,Yes,No,Yes,No,No,Month-to-month,Yes,Electronic check,59.92,61.19,1
CUST-103022,Male,0,No,Yes,30,Yes,Yes,No,No internet service,No internet service,No internet service,No internet service,No internet service,No internet service,One year,No,Bank transfer (automatic),25.3,724.66,0
CUST-102157,Male,0,No,No,7,Yes,Yes,No,No internet service,No internet service,No internet service,No internet service,No internet service,No internet service,Month-to-month,No,Mailed check,23.53,168.5,0
CUST-106352,Male,0,No,No,1,Yes,Yes,Fiber optic,No,No,No,No,No,No,Month-to-month,Yes,Electronic check,75.25,75.4,0
CUST-101511,Male,0,No,No,59,Yes,No,No,No internet service,No internet service,No internet service,No internet service,No internet service,No internet service,Two year,Yes,Bank transfer (automatic),20.14,1193.76,0
CUST-105758,Male,0,No,No,14,Yes,No,No,No internet service,No internet service,No internet service,No internet service,No internet service,No internet service,Month-to-month,Yes,Electronic check,19.87,300.41,0
CUST-100254,Female,1,No,No,16,Yes,No,Fiber optic,No,No,No,Yes,Yes,Yes,Month-to-month,Yes,Electronic check,94.61,1509.82,1
CUST-102415,Female,0,Yes,No,33,Yes,Yes,Fiber optic,No,Yes,Yes,No,Yes,Yes,Month-to-month,Yes,Electronic check,104.38,3409.06,1
CUST-100750,Female,0,Yes,No,52,No,No phone service,DSL,Yes,Yes,Yes,Yes,Yes,Yes,Two year,No,Credit card (automatic),66.4,3328.6,0
CUST-106761,Female,1,No,No,42,Yes,Yes,DSL,No,No,Yes,No,No,No,Month-to-month,No,Electronic check,55.49,2422.16,0
CUST-100167,Male,0,No,No,3,Yes,Yes,Fiber optic,No,Yes,Yes,No,Yes,Yes,Month-to-month,Yes,Bank transfer (automatic),105.45,321.96,1
CUST-102164,Female,0,No,No,53,Yes,Yes,Fiber optic,Yes,Yes,Yes,No,Yes,No,One year,No,Mailed check,98.46,5312.61,0
CUST-105317,Female,0,Yes,Yes,19,No,No phone service,DSL,No,No,No,No,No,No,Month-to-month,Yes,Mailed check,24.78,433.05,0
CUST-102037,Female,1,Yes,Yes,72,Yes,Yes,DSL,Yes,Yes,Yes,Yes,Yes,Yes,Two year,Yes,Bank transfer (automatic),90.37,6716.42,0
CUST-101846,Female,0,Yes,Yes,72,Yes,Yes,DSL,Yes,No,Yes,Yes,Yes,Yes,Two year,Yes,Bank transfer (automatic),83.23,6043.3,0
CUST-104778,Female,0,Yes,No,26,Yes,Yes,DSL,Yes,Yes,Yes,Yes,Yes,Yes,One year,Yes,Credit card (automatic),89.86,2313.87,0
CUST-100658,Female,0,Yes,Yes,6,Yes,No,No,No internet service,No internet service,No internet service,No internet service,No internet service,No internet service,One year,No,Mailed check,19.57,93.0,0
CUST-103969,Male,0,Yes,No,47,Yes,Yes,Fiber optic,No,Yes,Yes,No,Yes,Yes,Month-to-month,Yes,Electronic check,104.03,5132.18,0
CUST-103994,Male,0,Yes,Yes,72,Yes,Yes,Fiber optic,No,Yes,Yes,Yes,Yes,Yes,Two year,Yes,Bank transfer (automatic),112.12,8037.68,0
CUST-100831,Male,0,No,No,10,Yes,No,Fiber optic,Yes,Yes,Yes,No,Yes,Yes,Month-to-month,Yes,Electronic check,104.23,1080.75,1
CUST-104200,Female,0,No,No,4,Yes,No,DSL,No,No,No,No,No,No,Month-to-month,No,Mailed check,45.56,190.05,1
CUST-100208,Male,0,No,No,59,Yes,Yes,DSL,No,No,Yes,No,No,No,Two year,No,Credit card (automatic),54.09,3115.39,0
CUST-106763,Male,1,Yes,No,60,Yes,Yes,Fiber optic,No,Yes,Yes,No,Yes,Yes,One year,Yes,Electronic check,104.51,6337.42,0
CUST-101382,Female,0,No,No,51,Yes,No,Fiber optic,No,No,No,No,Yes,Yes,One year,No,Credit card (automatic),87.53,4476.96,0
CUST-101970,Female,1,No,No,4,Yes,No,Fiber optic,No,Yes,No,No,No,No,Month-to-month,No,Electronic check,73.02,319.11,0
CUST-102494,Male,0,No,No,1,Yes,No,No,No internet service,No internet service,No internet service,No internet service,No internet service,No internet service,Month-to-month,Yes,Mailed check,19.38,18.25,1
CUST-106711,Male,0,No,No,1,Yes,No,Fiber optic,No,No,No,No,No,No,Month-to-month,Yes,Electronic check,69.52,71.08,1
CUST-101607,Male,0,No,No,1,Yes,Yes,Fiber optic,No,No,Yes,No,Yes,Yes,Month-to-month,Yes,Electronic check,101.44,100.37,1
CUST-101842,Male,0,No,No,2,Yes,No,No,No internet service,No internet service,No internet service,No internet service,No internet service,No internet service,Month-to-month,No,Mailed check,20.23,33.78,0
CUST-105418,Female,0,No,No,1,Yes,No,Fiber optic,No,Yes,Yes,No,No,No,Month-to-month,Yes,Electronic check,82.43,81.75,1
CUST-105975,Female,0,Yes,Yes,7,No,No phone service,DSL,Yes,No,No,Yes,No,No,Month-to-month,No,Mailed check,34.7,246.25,0
CUST-104188,Male,0,Yes,Yes,59,Yes,No,DSL,No,Yes,Yes,Yes,Yes,Yes,One year,No,Credit card (automatic),76.82,4541.37,0
CUST-101098,Female,1,No,No,4,Yes,Yes,Fiber optic,No,No,Yes,No,No,Yes,Month-to-month,Yes,Electronic check,88.51,373.23,1
CUST-102638,Female,0,No,No,7,Yes,Yes,Fiber optic,No,Yes,No,No,No,No,Month-to-month,Yes,Bank transfer (automatic),78.86,523.36,0
CUST-100590,Male,0,No,No,3,No,No phone service,DSL,Yes,No,Yes,Yes,No,No,Month-to-month,No,Mailed check,41.23,107.85,0
CUST-101919,Female,0,No,No,6,Yes,Yes,Fiber optic,No,Yes,No,No,Yes,No,Month-to-month,Yes,Electronic check,89.7,555.15,0
CUST-103106,Male,1,No,No,71,No,No phone service,DSL,Yes,Yes,No,No,Yes,Yes,One year,Yes,Electronic check,56.53,3987.05,0
CUST-103222,Male,0,No,No,68,Yes,Yes,No,No internet service,No internet service,No internet service,No internet service,No internet service,No internet service,Two year,Yes,Bank transfer (automatic),24.13,1495.66,0
CUST-103063,Male,1,Yes,No,38,No,No phone service,DSL,No,No,No,No,No,No,Month-to-month,Yes,Electronic check,24.53,958.57,0
CUST-104742,Male,0,Yes,No,66,Yes,Yes,Fiber optic,Yes,Yes,Yes,Yes,No,No,Two year,No,Mailed check,96.48,6422.26,0
CUST-105318,Male,0,Yes,Yes,42,Yes,No,No,No internet service,No internet service,No internet service,No internet service,No internet service,No internet service,Two year,No,Mailed check,20.64,829.9,0
CUST-103942,Male,0,Yes,No,72,No,No phone service,DSL,Yes,Yes,Yes,No,No,No,Two year,No,Bank transfer (automatic),42.34,2962.92,0
CUST-103958,Female,0,Yes,No,8,Yes,No,DSL,Yes,No,No,Yes,No,Yes,Two year,No,Mailed check,65.52,566.09,0
CUST-106285,Male,0,No,No,2,Yes,Yes,Fiber optic,No,Yes,No,No,No,No,Month-to-month,Yes,Electronic check,79.4,144.51,0
CUST-105971,Male,0,Yes,No,17,Yes,No,Fiber optic,No,No,Yes,No,Yes,Yes,One year,Yes,Bank transfer (automatic),96.67,1587.69,0
CUST-106517,Female,0,Yes,Yes,41,Yes,Yes,DSL,Yes,Yes,Yes,Yes,No,Yes,Month-to-month,No,Credit card (automatic),79.81,3324.29,1
CUST-106122,Female,0,Yes,Yes,9,Yes,No,DSL,Yes,Yes,Yes,Yes,No,No,Month-to-month,No,Mailed check,64.9,665.04,1
CUST-106700,Male,0,Yes,No,42,No,No phone service,DSL,Yes,No,No,No,Yes,No,Month-to-month,Yes,Bank transfer (automatic),40.34,1625.34,0
CUST-104100,Female,1,Yes,No,36,Yes,Yes,Fiber optic,No,Yes,No,No,Yes,No,Month-to-month,Yes,Credit card (automatic),92.17,3300.8,0
CUST-103405,Female,0,Yes,No,61,Yes,No,Fiber optic,Yes,Yes,No,Yes,No,Yes,One year,No,Bank transfer (automatic),93.74,5861.15,0
CUST-105635,Male,0,No,No,13,Yes,No,No,No internet service,No internet service,No internet service,No internet service,No internet service,No internet service,One year,Yes,Electronic check,20.0,255.53,0
CUST-102106,Male,1,No,No,3,No,No phone service,DSL,No,No,Yes,No,No,Yes,Month-to-month,Yes,Electronic check,41.0,132.4,1
CUST-102432,Male,1,Yes,No,44,No,No phone service,DSL,No,Yes,No,No,No,No,Month-to-month,Yes,Electronic check,30.16,1360.25,1
CUST-102417,Female,0,No,Yes,31,Yes,No,No,No internet service,No internet service,No internet service,No internet service,No internet service,No internet service,One year,No,Credit card (automatic),20.13,591.63,0
CUST-101585,Female,0,Yes,Yes,72,Yes,No,DSL,Yes,Yes,Yes,Yes,No,Yes,Two year,Yes,Electronic check,74.4,5236.2,0
CUST-101739,Female,0,Yes,Yes,31,Yes,No,No,No internet service,No internet service,No internet service,No internet service,No internet service,No internet service,Month-to-month,Yes,Mailed check,19.55,660.47,1
CUST-101329,Male,0,No,No,1,Yes,No,Fiber optic,No,No,No,Yes,No,No,Month-to-month,No,Electronic check,74.13,74.52,0
CUST-103920,Male,0,No,No,17,Yes,No,DSL,No,No,No,Yes,No,No,Month-to-month,No,Mailed check,51.68,900.54,1
CUST-100915,Male,0,Yes,Yes,70,Yes,Yes,Fiber optic,Yes,Yes,Yes,Yes,Yes,Yes,Two year,No,Credit card (automatic),114.86,7842.05,0
CUST-106153,Male,0,No,No,2,No,No phone service,DSL,No,Yes,Yes,Yes,No,No,Month-to-month,Yes,Credit card (automatic),40.58,77.88,1
CUST-103690,Male,1,No,No,16,Yes,No,Fiber optic,No,No,No,No,No,Yes,Month-to-month,Yes,Electronic check,78.75,1217.45,0
CUST-100121,Male,0,Yes,Yes,47,Yes,No,No,No internet service,No internet service,No internet service,No internet service,No internet service,No internet service,One year,No,Mailed check,19.92,953.21,0
CUST-103055,Male,0,No,Yes,37,Yes,No,DSL,Yes,Yes,No,Yes,No,No,Two year,No,Credit card (automatic),61.57,2299.54,0
CUST-105063,Male,0,No,No,1,Yes,No,DSL,No,No,No,No,No,No,Month-to-month,Yes,Mailed check,44.01,44.11,1
CUST-101026,Male,0,No,No,5,Yes,No,Fiber optic,No,No,No,No,Yes,No,Month-to-month,Yes,Mailed check,80.34,398.41,0
CUST-102019,Female,1,Yes,Yes,32,Yes,Yes,Fiber optic,No,Yes,No,No,Yes,Yes,Month-to-month,Yes,Electronic check,100.22,3217.28,0
CUST-104267,Female,0,Yes,Yes,72,Yes,No,DSL,Yes,Yes,Yes,Yes,Yes,Yes,Two year,Yes,Bank transfer (automatic),83.83,6095.74,0
CUST-101995,Female,0,No,Yes,13,Yes,No,DSL,No,No,Yes,Yes,No,No,Month-to-month,No,Mailed check,53.3,718.56,0
CUST-101287,Male,1,No,No,27,Yes,Yes,Fiber optic,No,Yes,No,Yes,Yes,Yes,One year,Yes,Bank transfer (automatic),104.27,2962.67,0
CUST-104998,Female,1,No,No,4,Yes,Yes,Fiber optic,No,No,No,No,Yes,Yes,Month-to-month,Yes,Electronic check,95.16,393.09,1
CUST-102375,Female,0,Yes,Yes,52,Yes,No,No,No internet service,No internet service,No internet service,No internet service,No internet service,No internet service,Two year,No,Bank transfer (automatic),19.91,1079.83,0
CUST-105930,Male,0,No,No,14,Yes,No,No,No internet service,No internet service,No internet service,No internet service,No internet service,No internet service,One year,No,Bank transfer (automatic),20.69,276.58,0
CUST-104822,Male,0,Yes,Yes,35,Yes,Yes,Fiber optic,No,Yes,No,No,Yes,No,Month-to-month,Yes,Bank transfer (automatic),89.71,3159.89,0
CUST-105378,Female,0,No,No,9,Yes,No,Fiber optic,Yes,No,No,No,No,No,Month-to-month,Yes,Credit card (automatic),74.44,640.46,1
CUST-106843,Female,0,No,No,17,Yes,No,Fiber optic,No,No,No,No,No,No,Month-to-month,No,Bank transfer (automatic),70.73,1165.4,0
CUST-106922,Male,0,Yes,No,1,Yes,No,Fiber optic,Yes,No,No,No,Yes,Yes,Month-to-month,Yes,Electronic check,95.06,95.27,1
CUST-105140,Male,0,No,No,1,Yes,No,Fiber optic,No,No,No,No,No,No,Month-to-month,Yes,Electronic check,69.71,69.54,1
CUST-102461,Male,0,No,No,39,Yes,Yes,Fiber optic,No,No,No,No,No,No,Month-to-month,Yes,Credit card (automatic),73.03,2730.69,0
CUST-103653,Male,0,No,Yes,43,No,No phone service,DSL,Yes,Yes,Yes,No,No,No,Month-to-month,Yes,Electronic check,40.52,1912.03,0
CUST-100033,Female,0,Yes,No,2,Yes,No,Fiber optic,No,Yes,Yes,No,No,No,Month-to-month,No,Bank transfer (automatic),79.43,162.87,1
CUST-106894,Male,1,No,No,9,Yes,Yes,DSL,Yes,No,No,No,No,No,Month-to-month,No,Electronic check,54.67,496.55,1
CUST-100779,Female,0,Yes,Yes,68,Yes,Yes,Fiber optic,No,No,No,No,Yes,No,One year,Yes,Electronic check,82.83,5687.87,1
CUST-100435,Female,0,Yes,Yes,41,Yes,Yes,Fiber optic,Yes,Yes,Yes,No,No,Yes,One year,Yes,Bank transfer (automatic),101.44,3929.9,0
CUST-102277,Female,0,Yes,No,70,Yes,Yes,DSL,Yes,No,Yes,Yes,No,No,Two year,No,Credit card (automatic),65.29,4759.62,1
CUST-102999,Male,0,Yes,No,66,Yes,Yes,DSL,Yes,Yes,No,Yes,Yes,Yes,Two year,No,Electronic check,85.58,5534.29,0
CUST-106738,Female,0,Yes,No,72,Yes,Yes,Fiber optic,Yes,No,Yes,No,Yes,Yes,Two year,Yes,Credit card (automatic),104.81,7591.8,0
CUST-105230,Female,0,Yes,Yes,43,Yes,No,DSL,No,Yes,No,No,No,No,Month-to-month,No,Mailed check,50.0,2170.98,0
CUST-104223,Female,0,Yes,Yes,28,Yes,No,Fiber optic,No,No,No,No,No,No,One year,Yes,Bank transfer (automatic),70.5,1992.22,0
CUST-102599,Male,0,No,No,39,Yes,No,DSL,No,No,No,Yes,No,No,Two year,Yes,Bank transfer (automatic),49.65,1971.1,0
CUST-101003,Male,0,No,No,2,No,No phone service,DSL,No,No,No,No,No,No,Month-to-month,Yes,Electronic check,24.82,56.31,1
CUST-100140,Female,0,No,No,1,No,No phone service,DSL,No,No,No,No,No,No,Month-to-month,No,Bank transfer (automatic),25.43,24.43,0
CUST-102886,Female,0,Yes,Yes,23,Yes,Yes,No,No internet service,No internet service,No internet service,No internet service,No internet service,No internet service,Two year,No,Mailed check,23.84,625.87,0
CUST-105874,Female,0,Yes,Yes,39,Yes,No,No,No internet service,No internet service,No internet service,No internet service,No internet service,No internet service,Two year,Yes,Bank transfer (automatic),19.73,855.0,0
CUST-102674,Male,0,No,No,24,Yes,No,DSL,No,No,Yes,No,No,No,Month-to-month,Yes,Mailed check,49.62,1166.24,0
CUST-101721,Female,0,Yes,Yes,21,Yes,No,Fiber optic,No,Yes,No,No,No,No,Month-to-month,Yes,Bank transfer (automatic),74.14,1566.66,1
CUST-102911,Male,0,Yes,No,9,No,No phone service,DSL,No,No,No,Yes,Yes,No,Month-to-month,No,Mailed check,40.79,328.74,1
CUST-100783,Male,0,No,Yes,11,Yes,Yes,Fiber optic,No,No,Yes,No,No,No,Month-to-month,Yes,Mailed check,77.66,852.02,0
CUST-105410,Male,1,Yes,No,63,Yes,Yes,Fiber optic,Yes,Yes,Yes,No,Yes,Yes,Two year,No,Credit card (automatic),108.51,6989.34,0
CUST-100179,Female,1,No,No,6,Yes,Yes,Fiber optic,No,Yes,No,No,Yes,Yes,Month-to-month,Yes,Electronic check,98.36,559.13,1
CUST-100556,Male,0,Yes,Yes,5,Yes,Yes,Fiber optic,No,Yes,No,No,No,No,Month-to-month,Yes,Electronic check,80.15,385.2,1
CUST-102640,Female,0,No,No,11,Yes,Yes,Fiber optic,No,No,No,No,No,No,Month-to-month,Yes,Electronic check,76.35,836.19,1
CUST-102532,Female,1,No,No,42,Yes,Yes,Fiber optic,No,Yes,Yes,No,Yes,Yes,Month-to-month,Yes,Bank transfer (automatic),104.79,4320.25,1
CUST-103058,Male,0,No,No,1,Yes,No,DSL,Yes,No,No,No,No,No,Month-to-month,Yes,Mailed check,51.01,49.37,0
CUST-100945,Male,0,Yes,Yes,72,Yes,Yes,DSL,Yes,Yes,Yes,Yes,No,No,Two year,No,Bank transfer (automatic),69.96,5103.1,0
CUST-106505,Female,0,Yes,Yes,46,No,No phone service,DSL,Yes,Yes,No,No,No,No,Month-to-month,No,Bank transfer (automatic),34.91,1618.57,0
CUST-104464,Female,1,No,No,8,Yes,No,Fiber optic,No,No,Yes,No,Yes,Yes,Month-to-month,Yes,Electronic check,92.01,728.73,1
CUST-106984,Female,0,No,No,49,Yes,Yes,DSL,Yes,Yes,No,No,No,No,Month-to-month,Yes,Credit card (automatic),59.67,2933.87,1
CUST-104152,Female,0,No,Yes,3,Yes,No,No,No internet service,No internet service,No internet service,No internet service,No internet service,No internet service,One year,Yes,Credit card (automatic),20.5,58.53,0
CUST-100830,Male,0,Yes,No,3,Yes,No,Fiber optic,No,No,No,No,No,No,Month-to-month,Yes,Electronic check,70.52,207.79,1
CUST-103006,Male,0,No,No,26,Yes,No,DSL,No,No,No,Yes,No,No,Month-to-month,No,Bank transfer (automatic),49.01,1236.2,0
CUST-103188,Male,0,No,No,52,Yes,Yes,DSL,Yes,No,No,Yes,Yes,Yes,Two year,Yes,Credit card (automatic),79.84,4217.52,0
CUST-103307,Female,0,No,No,5,Yes,No,No,No internet service,No internet service,No internet service,No internet service,No internet service,No internet service,Month-to-month,No,Mailed check,20.13,117.18,0
CUST-104806,Male,0,No,Yes,9,Yes,No,No,No internet service,No internet service,No internet service,No internet service,No internet service,No internet service,Month-to-month,No,Mailed check,20.72,184.89,0
CUST-104958,Female,0,Yes,No,23,Yes,No,DSL,No,No,No,Yes,Yes,No,One year,No,Bank transfer (automatic),60.03,1345.77,0
CUST-100793,Female,0,No,No,1,Yes,No,Fiber optic,No,No,No,No,No,No,Month-to-month,No,Electronic check,68.85,66.87,1
CUST-103884,Male,0,Yes,Yes,11,Yes,No,Fiber optic,No,No,No,No,Yes,Yes,Month-to-month,No,Electronic check,90.72,1022.19,0
CUST-101081,Male,0,Yes,Yes,30,Yes,Yes,Fiber optic,Yes,Yes,No,No,Yes,No,Month-to-month,Yes,Electronic check,94.42,2835.04,1
CUST-104253,Male,0,No,Yes,0,Yes,No,No,No internet service,No internet service,No internet service,No internet service,No internet service,No internet service,Two year,No,Mailed check,20.14,,0
CUST-102739,Female,0,Yes,No,70,Yes,Yes,Fiber optic,No,Yes,Yes,Yes,Yes,Yes,Two year,Yes,Electronic check,110.69,7750.13,0
CUST-104490,Male,0,No,No,1,Yes,No,DSL,No,No,No,No,No,No,Month-to-month,Yes,Electronic check,45.52,45.73,1
CUST-100688,Male,0,Yes,Yes,9,Yes,Yes,Fiber optic,No,No,Yes,No,Yes,No,One year,Yes,Electronic check,90.26,766.25,0
CUST-100667,Female,0,No,No,3,Yes,No,No,No internet service,No internet service,No internet service,No internet service,No internet service,No internet service,One year,No,Mailed check,20.36,73.72,0
CUST-104913,Female,0,No,No,65,Yes,No,DSL,Yes,Yes,No,Yes,No,No,Two year,Yes,Mailed check,59.85,3739.67,0
CUST-100180,Male,0,Yes,Yes,72,Yes,Yes,Fiber optic,Yes,Yes,Yes,No,Yes,Yes,Two year,Yes,Bank transfer (automatic),110.48,7967.91,0
CUST-101304,Female,0,Yes,Yes,70,Yes,Yes,Fiber optic,Yes,Yes,Yes,Yes,No,No,Two year,No,Bank transfer (automatic),94.32,6576.14,1
CUST-103702,Male,0,Yes,Yes,1,Yes,No,Fiber optic,No,Yes,No,No,No,No,Month-to-month,No,Credit card (automatic),74.78,74.77,0
CUST-100649,Male,0,No,No,28,Yes,Yes,Fiber optic,Yes,Yes,No,No,No,Yes,Month-to-month,Yes,Credit card (automatic),94.71,2659.77,1
CUST-101605,Female,0,No,Yes,1,Yes,No,DSL,No,No,No,No,No,No,Month-to-month,No,Mailed check,46.1,45.51,1
CUST-103759,Male,0,No,No,46,Yes,Yes,Fiber optic,No,Yes,Yes,No,Yes,No,One year,Yes,Credit card (automatic),94.77,4424.5,0
CUST-102570,Female,0,Yes,No,56,Yes,Yes,Fiber optic,No,No,Yes,Yes,Yes,Yes,Two year,No,Bank transfer (automatic),103.71,5744.57,0
CUST-105859,Female,0,Yes,No,72,Yes,Yes,DSL,Yes,Yes,No,Yes,Yes,Yes,Two year,Yes,Bank transfer (automatic),86.25,6058.53,0
CUST-104177,Female,0,No,No,43,Yes,Yes,DSL,No,Yes,Yes,Yes,Yes,Yes,One year,No,Credit card (automatic),85.01,3663.62,0
CUST-102022,Female,1,No,No,20,Yes,Yes,DSL,No,No,No,No,No,Yes,Month-to-month,Yes,Mailed check,61.6,1170.74,1
CUST-105344,Female,1,No,No,8,Yes,No,Fiber optic,No,No,Yes,No,Yes,Yes,Month-to-month,Yes,Credit card (automatic),94.55,743.64,1
CUST-103746,Female,0,No,No,29,Yes,Yes,DSL,Yes,No,No,No,No,Yes,Month-to-month,Yes,Electronic check,66.24,1911.42,0
CUST-105616,Female,0,Yes,No,15,Yes,No,Fiber optic,Yes,No,Yes,No,Yes,Yes,Month-to-month,No,Electronic check,101.2,1670.57,0
CUST-100828,Female,0,No,No,4,Yes,No,DSL,No,No,No,No,No,No,Month-to-month,Yes,Mailed check,45.37,196.92,1
CUST-100786,Male,0,No,No,18,No,No phone service,DSL,Yes,No,Yes,No,No,No,Month-to-month,No,Mailed check,33.5,553.35,0
CUST-103754,Male,0,Yes,Yes,0,Yes,No,No,No internet service,No internet service,No internet service,No internet service,No internet service,No internet service,One year,Yes,Mailed check,19.61,,0
CUST-103972,Female,1,No,No,52,Yes,Yes,Fiber optic,Yes,Yes,Yes,No,Yes,Yes,Month-to-month,No,Credit card (automatic),108.09,5837.96,0
CUST-104606,Female,0,No,No,10,No,No phone service,DSL,No,Yes,No,Yes,No,No,Month-to-month,No,Electronic check,36.03,373.71,0
CUST-103691,Female,0,No,No,71,Yes,Yes,Fiber optic,Yes,Yes,Yes,Yes,Yes,Yes,Two year,No,Mailed check,111.11,7986.4,0
CUST-106597,Female,0,No,No,3,No,No phone service,DSL,No,No,No,No,No,No,Month-to-month,No,Electronic check,25.3,62.08,1
CUST-100890,Male,0,Yes,No,40,Yes,Yes,Fiber optic,No,Yes,No,No,Yes,Yes,Month-to-month,Yes,Electronic check,101.01,4109.83,1
CUST-105155,Male,0,Yes,Yes,69,Yes,No,Fiber optic,No,Yes,No,Yes,Yes,No,Two year,Yes,Mailed check,92.59,6482.34,0
CUST-104877,Male,0,No,No,1,Yes,No,DSL,No,No,No,No,No,No,Month-to-month,Yes,Bank transfer (automatic),44.01,41.87,0
CUST-106477,Male,0,Yes,Yes,72,Yes,Yes,Fiber optic,Yes,No,Yes,No,Yes,Yes,Two year,Yes,Bank transfer (automatic),105.39,7543.13,0
CUST-103596,Male,0,Yes,Yes,12,Yes,No,No,No internet service,No internet service,No internet service,No internet service,No internet service,No internet service,Month-to-month,Yes,Electronic check,19.35,235.31,0
CUST-103423,Female,0,No,No,59,Yes,Yes,DSL,Yes,No,No,Yes,No,Yes,One year,No,Bank transfer (automatic),68.33,4070.18,0
CUST-101086,Male,0,Yes,Yes,72,Yes,Yes,Fiber optic,No,No,Yes,No,No,Yes,Two year,Yes,Credit card (automatic),90.8,6510.84,0
CUST-102921,Female,0,Yes,Yes,18,Yes,No,No,No internet service,No internet service,No internet service,No internet service,No internet service,No internet service,Month-to-month,No,Mailed check,20.49,357.64,0
CUST-100597,Male,0,No,No,5,Yes,No,DSL,No,Yes,No,No,No,No,Month-to-month,Yes,Electronic check,51.27,258.65,0
CUST-102636,Female,0,Yes,Yes,67,Yes,Yes,DSL,Yes,Yes,No,Yes,Yes,No,Two year,No,Credit card (automatic),73.9,4865.13,0
CUST-101518,Male,0,No,No,59,Yes,Yes,Fiber optic,No,Yes,Yes,Yes,Yes,Yes,Month-to-month,Yes,Electronic check,111.02,6516.6,0
CUST-102007,Female,0,No,No,25,Yes,Yes,DSL,Yes,Yes,Yes,Yes,Yes,No,Month-to-month,Yes,Bank transfer (automatic),78.24,1839.94,0
CUST-103568,Female,0,Yes,Yes,72,Yes,Yes,DSL,Yes,No,Yes,Yes,Yes,Yes,Two year,Yes,Bank transfer (automatic),84.34,5985.55,0
CUST-101517,Female,0,No,No,46,Yes,No,Fiber optic,No,No,Yes,No,No,No,Month-to-month,Yes,Credit card (automatic),74.89,3550.49,0
CUST-105348,Female,1,Yes,No,63,Yes,Yes,Fiber optic,No,Yes,Yes,No,Yes,Yes,Month-to-month,Yes,Electronic check,103.34,6479.21,0
CUST-106237,Female,1,Yes,No,32,Yes,Yes,Fiber optic,No,No,No,No,Yes,No,Month-to-month,Yes,Credit card (automatic),85.86,2631.43,1
CUST-104560,Female,0,No,No,22,Yes,No,Fiber optic,No,Yes,No,No,No,Yes,Month-to-month,Yes,Mailed check,84.37,1855.7,1
CUST-107000,Male,0,No,No,11,No,No phone service,DSL,No,No,Yes,No,Yes,No,One year,Yes,Electronic check,41.4,467.39,1
CUST-103377,Male,0,Yes,Yes,7,Yes,No,DSL,Yes,No,No,No,Yes,Yes,Month-to-month,No,Credit card (automatic),69.9,515.84,0
CUST-106782,Female,1,No,No,36,Yes,Yes,Fiber optic,No,No,No,No,No,No,Month-to-month,Yes,Bank transfer (automatic),75.23,2661.76,0
CUST-100660,Male,0,No,No,22,Yes,Yes,Fiber optic,Yes,No,No,No,Yes,Yes,Month-to-month,Yes,Bank transfer (automatic),101.56,2315.56,1
CUST-102424,Male,0,No,No,3,Yes,No,Fiber optic,No,No,No,No,No,No,Month-to-month,Yes,Mailed check,69.99,222.24,0
CUST-102986,Male,0,No,No,6,Yes,No,DSL,Yes,No,Yes,Yes,Yes,Yes,Two year,Yes,Mailed check,80.18,491.56,0
CUST-106356,Male,0,No,No,1,Yes,No,DSL,No,No,No,No,No,No,Month-to-month,No,Credit card (automatic),46.17,48.34,1
CUST-104753,Female,0,No,No,29,Yes,No,No,No internet service,No internet service,No internet service,No internet service,No internet service,No internet service,Two year,No,Mailed check,19.44,551.81,0
CUST-101346,Female,0,Yes,Yes,9,Yes,No,DSL,Yes,No,No,No,No,No,One year,No,Mailed check,48.38,420.48,0
CUST-102152,Male,0,No,No,2,Yes,No,No,No internet service,No internet service,No internet service,No internet service,No internet service,No internet service,Month-to-month,No,Mailed check,20.5,37.02,0
CUST-103739,Female,0,Yes,Yes,55,Yes,Yes,DSL,Yes,Yes,No,Yes,No,Yes,One year,Yes,Bank transfer (automatic),75.93,4261.67,0
CUST-106987,Female,0,No,No,65,Yes,Yes,No,No internet service,No internet service,No internet service,No internet service,No internet service,No internet service,Two year,No,Bank transfer (automatic),26.36,1697.45,0
CUST-100416,Male,0,Yes,Yes,72,Yes,Yes,Fiber optic,Yes,Yes,No,Yes,Yes,Yes,Two year,Yes,Credit card (automatic),107.41,7919.0,0
CUST-105212,Female,1,No,No,1,Yes,No,Fiber optic,No,Yes,No,No,No,No,Month-to-month,Yes,Electronic check,73.11,74.7,1
CUST-101306,Male,0,Yes,No,6,Yes,Yes,Fiber optic,No,No,No,No,No,No,Month-to-month,Yes,Electronic check,75.63,437.26,1
CUST-101432,Female,0,No,No,16,Yes,Yes,DSL,No,No,No,No,No,Yes,Month-to-month,Yes,Bank transfer (automatic),62.97,1065.87,0
CUST-102286,Female,0,No,No,26,Yes,No,DSL,No,Yes,Yes,No,No,No,One year,Yes,Mailed check,56.15,1551.94,0
CUST-106562,Female,0,No,No,66,No,No phone service,DSL,Yes,Yes,Yes,Yes,No,No,Two year,Yes,Mailed check,47.23,3176.75,0
CUST-103014,Female,0,Yes,Yes,72,Yes,Yes,DSL,Yes,Yes,Yes,Yes,No,No,Two year,Yes,Bank transfer (automatic),70.35,5165.25,0
CUST-100186,Male,0,Yes,No,72,Yes,Yes,DSL,Yes,Yes,Yes,Yes,Yes,Yes,Two year,Yes,Credit card (automatic),92.01,6780.88,0
CUST-102806,Male,0,Yes,Yes,43,Yes,Yes,No,No internet service,No internet service,No internet service,No internet service,No internet service,No internet service,Two year,No,Mailed check,24.05,1076.26,0
CUST-100581,Male,0,No,No,5,Yes,No,DSL,No,No,Yes,Yes,Yes,Yes,Month-to-month,No,Bank transfer (automatic),75.22,396.54,0
CUST-101353,Male,0,No,Yes,21,Yes,Yes,No,No internet service,No internet service,No internet service,No internet service,No internet service,No internet service,Month-to-month,No,Mailed check,24.66,469.58,0
CUST-103536,Female,0,No,No,39,Yes,No,Fiber optic,Yes,No,Yes,Yes,Yes,No,One year,Yes,Electronic check,95.36,3691.86,1
CUST-104216,Male,1,Yes,No,7,Yes,Yes,Fiber optic,Yes,Yes,No,No,No,Yes,Month-to-month,Yes,Credit card (automatic),94.89,672.31,1
CUST-105566,Male,0,No,No,7,Yes,No,No,No internet service,No internet service,No internet service,No internet service,No internet service,No internet service,One year,No,Mailed check,19.25,131.92,0
CUST-101876,Male,0,No,No,1,Yes,No,DSL,No,No,No,No,No,No,Month-to-month,No,Mailed check,44.42,45.6,1
CUST-105964,Female,0,No,No,21,Yes,No,Fiber optic,No,Yes,No,Yes,Yes,Yes,Month-to-month,Yes,Bank transfer (automatic),99.08,1954.0,0
CUST-105757,Male,0,Yes,Yes,25,Yes,No,No,No internet service,No internet service,No internet service,No internet service,No internet service,No internet service,One year,No,Electronic check,20.08,504.08,0
CUST-106727,Male,0,No,No,62,No,No phone service,DSL,Yes,Yes,Yes,Yes,No,No,Two year,Yes,Bank transfer (automatic),43.35,2618.17,0
CUST-107015,Male,0,No,No,16,Yes,No,No,No internet service,No internet service,No internet service,No internet service,No internet service,No internet service,Month-to-month,Yes,Credit card (automatic),20.54,329.68,0
CUST-106831,Male,0,Yes,Yes,69,Yes,Yes,No,No internet service,No internet service,No internet service,No internet service,No internet service,No internet service,Two year,Yes,Bank transfer (automatic),26.06,1794.5,0
CUST-103235,Female,0,No,No,17,Yes,No,No,No internet service,No internet service,No internet service,No internet service,No internet service,No internet service,One year,No,Bank transfer (automatic),20.06,322.13,0
CUST-103629,Male,0,Yes,Yes,71,Yes,Yes,Fiber optic,No,Yes,No,Yes,No,No,Two year,Yes,Electronic check,84.62,6150.93,0
CUST-102331,Female,0,No,No,20,Yes,Yes,Fiber optic,Yes,No,No,No,Yes,No,Month-to-month,Yes,Bank transfer (automatic),89.3,1879.79,0
CUST-105716,Female,0,Yes,Yes,37,Yes,No,No,No internet service,No internet service,No internet service,No internet service,No internet service,No internet service,Month-to-month,No,Electronic check,19.07,682.24,0
CUST-104061,Male,0,Yes,No,60,Yes,Yes,Fiber optic,Yes,No,Yes,Yes,Yes,Yes,Month-to-month,Yes,Bank transfer (automatic),109.09,6570.85,0
CUST-100083,Female,0,Yes,Yes,3,Yes,Yes,Fiber optic,No,No,No,No,No,Yes,Month-to-month,Yes,Bank transfer (automatic),84.72,264.46,1
CUST-102475,Female,0,No,No,68,No,No phone service,DSL,No,Yes,No,Yes,No,Yes,Month-to-month,No,Electronic check,45.29,3081.64,0
CUST-104045,Female,1,Yes,No,72,Yes,Yes,Fiber optic,No,Yes,Yes,No,Yes,Yes,One year,Yes,Credit card (automatic),106.12,7628.99,0
CUST-102054,Male,0,Yes,Yes,61,Yes,No,DSL,Yes,Yes,Yes,Yes,Yes,Yes,One year,No,Bank transfer (automatic),84.91,5263.84,0
CUST-100163,Male,0,No,No,6,Yes,No,Fiber optic,No,Yes,No,No,No,Yes,Month-to-month,Yes,Electronic check,84.23,557.96,1
CUST-102944,Male,0,No,No,1,Yes,No,DSL,No,No,No,No,No,No,Month-to-month,No,Mailed check,46.39,47.04,1
CUST-101791,Female,0,No,No,43,Yes,Yes,Fiber optic,No,Yes,Yes,No,Yes,Yes,Two year,Yes,Electronic check,104.85,4759.74,1
CUST-106214,Male,0,No,No,3,Yes,Yes,DSL,No,No,No,No,No,No,Month-to-month,No,Bank transfer (automatic),50.11,135.98,0
CUST-101049,Female,0,No,No,1,Yes,No,DSL,No,No,No,No,No,No,Month-to-month,No,Mailed check,44.56,44.47,0
CUST-103061,Female,1,No,No,37,Yes,Yes,Fiber optic,Yes,Yes,No,No,Yes,Yes,Month-to-month,Yes,Bank transfer (automatic),106.76,4057.59,1
CUST-105421,Male,0,No,No,51,Yes,Yes,No,No internet service,No internet service,No internet service,No internet service,No internet service,No internet service,Two year,No,Mailed check,24.78,1235.49,0
CUST-105277,Male,0,Yes,Yes,17,Yes,Yes,DSL,Yes,No,Yes,No,Yes,No,One year,Yes,Bank transfer (automatic),70.34,1200.51,0
CUST-105209,Male,0,Yes,Yes,7,Yes,No,No,No internet service,No internet service,No internet service,No internet service,No internet service,No internet service,One year,No,Mailed check,20.57,148.02,0
CUST-105488,Female,0,Yes,Yes,65,Yes,Yes,DSL,Yes,Yes,Yes,Yes,Yes,Yes,Two year,Yes,Mailed check,90.58,5960.42,0
CUST-106479,Female,0,No,No,25,Yes,No,No,No internet service,No internet service,No internet service,No internet service,No internet service,No internet service,Two year,No,Credit card (automatic),19.51,473.55,0
CUST-103304,Female,0,No,Yes,61,Yes,Yes,No,No internet service,No internet service,No internet service,No internet service,No internet service,No internet service,Two year,Yes,Credit card (automatic),24.78,1500.75,0
CUST-106103,Male,1,No,No,12,Yes,Yes,Fiber optic,No,No,Yes,No,Yes,Yes,Month-to-month,Yes,Electronic check,99.44,1200.72,1
CUST-105309,Male,0,No,No,24,Yes,No,Fiber optic,No,Yes,Yes,No,No,Yes,Month-to-month,Yes,Electronic check,89.53,2187.62,0
CUST-100626,Male,0,Yes,No,22,Yes,No,DSL,Yes,No,No,No,Yes,No,One year,Yes,Bank transfer (automatic),59.96,1373.36,0
CUST-105127,Male,0,Yes,No,56,No,No phone service,DSL,No,No,Yes,Yes,Yes,Yes,One year,Yes,Bank transfer (automatic),53.91,2959.67,0
CUST-106221,Female,0,No,No,1,Yes,No,DSL,No,No,No,Yes,No,No,Month-to-month,Yes,Electronic check,50.71,52.53,1
CUST-104224,Male,0,No,No,4,No,No phone service,DSL,No,No,Yes,No,No,No,Month-to-month,Yes,Electronic check,29.64,118.47,1
CUST-101013,Female,0,Yes,No,7,Yes,No,Fiber optic,No,No,No,No,Yes,No,Month-to-month,Yes,Electronic check,81.18,574.06,1
CUST-102656,Male,1,Yes,No,61,Yes,Yes,No,No internet service,No internet service,No internet service,No internet service,No internet service,No internet service,Two year,No,Bank transfer (automatic),25.17,1501.45,0
CUST-102075,Male,1,Yes,No,64,Yes,Yes,Fiber optic,No,Yes,Yes,No,No,Yes,Month-to-month,Yes,Electronic check,94.13,6081.9,0
CUST-104510,Female,1,No,No,5,Yes,No,Fiber optic,No,No,Yes,No,No,No,Month-to-month,Yes,Credit card (automatic),75.83,351.17,1
CUST-106309,Female,0,No,No,5,Yes,No,DSL,No,No,No,No,No,No,Month-to-month,Yes,Credit card (automatic),44.4,200.58,0
CUST-106354,Male,0,Yes,No,46,Yes,Yes,Fiber optic,No,Yes,Yes,No,Yes,No,One year,Yes,Electronic check,94.52,4312.79,0
CUST-101640,Male,0,Yes,Yes,0,Yes,Yes,No,No internet service,No internet service,No internet service,No internet service,No internet service,No internet service,Two year,No,Mailed check,25.13,,0
CUST-106054,Female,0,Yes,No,47,Yes,Yes,Fiber optic,No,No,Yes,No,Yes,Yes,Month-to-month,Yes,Electronic check,100.03,4707.17,0
CUST-103315,Female,0,Yes,No,32,Yes,No,No,No internet service,No internet service,No internet service,No internet service,No internet service,No internet service,One year,No,Mailed check,19.4,592.57,0
CUST-106904,Male,0,Yes,Yes,27,Yes,Yes,Fiber optic,No,Yes,No,Yes,No,No,Month-to-month,Yes,Credit card (automatic),85.22,2150.51,0
CUST-102026,Male,1,Yes,No,72,No,No phone service,DSL,Yes,Yes,Yes,Yes,Yes,Yes,Two year,Yes,Bank transfer (automatic),63.24,4686.28,0
CUST-103834,Female,0,Yes,Yes,72,Yes,Yes,Fiber optic,Yes,Yes,Yes,Yes,Yes,Yes,Two year,Yes,Bank transfer (automatic),117.01,8477.11,0
CUST-100472,Male,0,No,No,1,No,No phone service,DSL,No,No,No,No,No,Yes,Month-to-month,Yes,Electronic check,35.49,37.83,1
CUST-100189,Female,0,Yes,Yes,16,Yes,Yes,Fiber optic,No,Yes,No,No,No,No,Month-to-month,Yes,Credit card (automatic),80.11,1267.1,0
CUST-105803,Female,0,No,No,70,No,No phone service,DSL,Yes,No,Yes,Yes,Yes,Yes,Two year,Yes,Bank transfer (automatic),58.31,4215.23,0
CUST-103454,Male,1,No,No,16,Yes,No,Fiber optic,No,No,No,No,No,No,Month-to-month,No,Electronic check,69.43,1043.51,0
CUST-101795,Female,0,Yes,Yes,68,Yes,Yes,DSL,No,Yes,Yes,Yes,Yes,Yes,Two year,No,Bank transfer (automatic),85.09,5558.95,0
CUST-104375,Female,0,No,No,60,Yes,No,Fiber optic,Yes,No,Yes,Yes,Yes,Yes,Month-to-month,Yes,Bank transfer (automatic),104.78,6235.12,0
CUST-103916,Male,0,No,Yes,3,Yes,No,No,No internet service,No internet service,No internet service,No internet service,No internet service,No internet service,Month-to-month,No,Bank transfer (automatic),20.03,52.23,0
CUST-104499,Male,1,Yes,No,1,Yes,Yes,Fiber optic,No,No,No,No,No,No,Month-to-month,No,Electronic check,74.52,74.48,0
CUST-102855,Male,0,No,No,10,Yes,Yes,Fiber optic,No,Yes,No,No,No,No,Month-to-month,Yes,Bank transfer (automatic),80.63,788.71,1
CUST-100788,Male,0,Yes,No,71,Yes,Yes,Fiber optic,Yes,Yes,Yes,Yes,Yes,Yes,Two year,Yes,Electronic check,116.36,8562.51,0
CUST-103792,Female,0,Yes,Yes,15,Yes,No,No,No internet service,No internet service,No internet service,No internet service,No internet service,No internet service,One year,No,Credit card (automatic),20.52,335.0,0
CUST-100958,Female,0,No,No,9,Yes,No,DSL,No,No,No,No,No,No,Month-to-month,No,Electronic check,45.17,417.59,1
CUST-102259,Male,0,Yes,No,45,Yes,No,DSL,Yes,No,Yes,No,No,No,Two year,No,Credit card (automatic),53.15,2295.84,0
CUST-104880,Male,0,Yes,Yes,70,Yes,Yes,No,No internet service,No internet service,No internet service,No internet service,No internet service,No internet service,Two year,No,Mailed check,25.4,1781.83,0
CUST-104232,Male,0,No,No,22,No,No phone service,DSL,No,Yes,Yes,No,No,Yes,One year,Yes,Bank transfer (automatic),43.77,902.9,1
CUST-102369,Female,0,No,No,1,No,No phone service,DSL,Yes,No,No,No,No,No,Month-to-month,No,Mailed check,30.15,30.96,0
CUST-105462,Female,0,Yes,Yes,61,Yes,No,No,No internet service,No internet service,No internet service,No internet service,No internet service,No internet service,Month-to-month,Yes,Mailed check,19.44,1181.83,1
CUST-106950,Male,1,Yes,No,2,Yes,No,Fiber optic,No,No,Yes,No,No,No,Month-to-month,Yes,Electronic check,74.33,138.45,0
CUST-104383,Female,0,Yes,No,53,Yes,Yes,Fiber optic,No,Yes,No,No,Yes,Yes,Month-to-month,Yes,Credit card (automatic),98.51,5150.01,1
CUST-105526,Male,0,No,No,1,Yes,No,DSL,No,No,Yes,Yes,Yes,Yes,Month-to-month,Yes,Electronic check,75.51,76.33,0
CUST-103275,Female,1,Yes,No,66,Yes,Yes,Fiber optic,No,Yes,Yes,No,Yes,Yes,One year,No,Credit card (automatic),104.45,6819.76,0
CUST-107024,Male,0,No,No,16,Yes,Yes,Fiber optic,No,Yes,No,No,No,No,Month-to-month,Yes,Mailed check,80.33,1248.58,0
CUST-106867,Male,0,No,No,1,No,No phone service,DSL,No,No,No,No,No,Yes,Month-to-month,Yes,Bank transfer (automatic),35.18,35.53,1
CUST-104081,Female,0,Yes,Yes,27,Yes,Yes,No,No internet service,No internet service,No internet service,No internet service,No internet service,No internet service,Two year,No,Electronic check,24.52,760.66,0
CUST-103701,Female,0,No,No,66,Yes,Yes,DSL,Yes,Yes,Yes,Yes,Yes,Yes,Two year,Yes,Credit card (automatic),89.99,5967.36,0
CUST-104964,Male,0,No,No,30,Yes,No,Fiber optic,No,No,No,No,Yes,Yes,Month-to-month,Yes,Electronic check,90.16,2755.85,1
CUST-102735,Male,0,Yes,No,63,Yes,Yes,DSL,Yes,Yes,Yes,Yes,No,Yes,One year,No,Credit card (automatic),80.03,5038.66,0
CUST-106062,Female,0,No,No,13,Yes,No,No,No internet service,No internet service,No internet service,No internet service,No internet service,No internet service,One year,No,Electronic check,19.92,244.95,0
CUST-101868,Female,0,Yes,No,72,Yes,Yes,No,No internet service,No internet service,No internet service,No internet service,No internet service,No internet service,Two year,No,Credit card (automatic),26.57,1913.52,0
CUST-103458,Male,0,Yes,No,67,Yes,Yes,Fiber optic,No,Yes,No,No,Yes,No,One year,Yes,Bank transfer (automatic),88.37,5796.67,0
CUST-106827,Male,0,No,No,1,Yes,No,No,No internet service,No internet service,No internet service,No internet service,No internet service,No internet service,Month-to-month,No,Mailed check,19.52,19.15,0
CUST-103136,Male,1,Yes,No,69,No,No phone service,DSL,No,No,Yes,No,No,No,One year,Yes,Credit card (automatic),29.95,2135.29,0
CUST-106381,Male,0,Yes,No,31,Yes,No,Fiber optic,No,No,Yes,No,Yes,Yes,One year,Yes,Electronic check,93.7,2941.2,0
CUST-106882,Female,0,No,No,9,Yes,No,No,No internet service,No internet service,No internet service,No internet service,No internet service,No internet service,Month-to-month,No,Mailed check,20.19,186.75,0
CUST-102639,Male,0,No,No,36,Yes,Yes,Fiber optic,No,No,No,No,No,Yes,Month-to-month,Yes,Electronic check,84.9,3051.69,1
CUST-102740,Male,0,No,No,20,Yes,Yes,DSL,Yes,No,No,Yes,No,No,Month-to-month,No,Bank transfer (automatic),59.06,1191.32,0
CUST-104032,Male,0,No,No,4,Yes,No,Fiber optic,No,No,Yes,No,No,No,Month-to-month,Yes,Bank transfer (automatic),74.63,321.84,1
CUST-104121,Female,0,No,No,32,Yes,No,No,No internet service,No internet service,No internet service,No internet service,No internet service,No internet service,One year,No,Bank transfer (automatic),20.51,653.97,0
CUST-101628,Female,0,Yes,Yes,27,Yes,No,No,No internet service,No internet service,No internet service,No internet service,No internet service,No internet service,One year,Yes,Mailed check,20.41,580.6,0
CUST-106796,Female,1,No,No,6,Yes,No,Fiber optic,No,No,Yes,No,No,No,Month-to-month,No,Electronic check,74.33,434.65,1
CUST-100463,Male,0,No,No,7,Yes,No,DSL,No,No,No,No,No,No,Month-to-month,No,Mailed check,44.05,278.08,0
CUST-106778,Male,0,Yes,No,72,Yes,Yes,DSL,Yes,Yes,Yes,Yes,Yes,Yes,Two year,No,Credit card (automatic),92.03,6718.58,0
CUST-103670,Female,0,No,No,60,Yes,Yes,DSL,No,No,Yes,Yes,Yes,Yes,One year,No,Credit card (automatic),80.49,4846.9,0
CUST-103808,Male,0,Yes,Yes,70,Yes,Yes,DSL,Yes,No,Yes,No,Yes,No,Two year,No,Credit card (automatic),69.08,4857.83,0
CUST-105441,Male,0,Yes,Yes,72,Yes,Yes,No,No internet service,No internet service,No internet service,No internet service,No internet service,No internet service,Two year,No,Bank transfer (automatic),25.11,1739.28,0
CUST-102948,Female,0,No,No,56,Yes,No,DSL,Yes,No,Yes,Yes,No,No,One year,Yes,Credit card (automatic),60.25,3285.17,0
CUST-101158,Female,0,No,No,61,Yes,No,No,No internet service,No internet service,No internet service,No internet service,No internet service,No internet service,One year,No,Bank transfer (automatic),19.26,1335.78,0
CUST-104594,Female,0,No,No,39,No,No phone service,DSL,No,Yes,Yes,Yes,No,No,Month-to-month,No,Bank transfer (automatic),41.3,1596.42,0
CUST-100337,Female,0,Yes,Yes,36,Yes,No,DSL,Yes,No,No,No,No,No,Month-to-month,No,Credit card (automatic),50.93,1817.03,0
CUST-101331,Male,0,No,No,4,Yes,No,Fiber optic,No,No,No,No,No,Yes,Month-to-month,Yes,Electronic check,79.89,325.82,1
CUST-101173,Female,0,Yes,Yes,13,Yes,No,DSL,Yes,No,No,Yes,No,No,One year,No,Bank transfer (automatic),54.21,699.84,0
CUST-105596,Female,0,No,No,3,Yes,No,Fiber optic,No,Yes,No,No,Yes,Yes,Month-to-month,Yes,Electronic check,95.15,306.73,1
CUST-101746,Male,0,No,No,35,Yes,No,Fiber optic,No,Yes,Yes,No,Yes,Yes,One year,Yes,Bank transfer (automatic),102.14,3627.97,1
CUST-106564,Female,0,Yes,Yes,1,Yes,No,No,No internet service,No internet service,No internet service,No internet service,No internet service,No internet service,Month-to-month,Yes,Credit card (automatic),20.19,21.29,1
CUST-105933,Male,1,Yes,No,66,Yes,Yes,Fiber optic,No,Yes,Yes,Yes,Yes,Yes,One year,Yes,Electronic check,111.08,7491.26,1
CUST-100711,Female,0,No,No,68,Yes,Yes,DSL,No,Yes,Yes,No,Yes,Yes,Two year,Yes,Electronic check,80.49,5331.48,0
CUST-102293,Male,0,Yes,Yes,63,Yes,Yes,No,No internet service,No internet service,No internet service,No internet service,No internet service,No internet service,Two year,No,Mailed check,25.05,1572.36,0
CUST-100301,Female,1,No,No,2,Yes,Yes,Fiber optic,No,No,No,No,Yes,Yes,Month-to-month,Yes,Electronic check,93.87,169.71,1
CUST-106493,Female,0,No,No,4,Yes,No,No,No internet service,No internet service,No internet service,No internet service,No internet service,No internet service,Month-to-month,No,Mailed check,20.01,82.22,0
CUST-104905,Male,1,No,No,11,Yes,Yes,DSL,Yes,Yes,No,No,No,No,Month-to-month,No,Bank transfer (automatic),60.5,664.57,0
CUST-106911,Male,1,No,No,35,Yes,Yes,Fiber optic,No,No,Yes,No,Yes,Yes,Month-to-month,Yes,Electronic check,100.86,3495.02,1
CUST-104405,Male,0,Yes,Yes,8,Yes,No,Fiber optic,No,No,Yes,No,Yes,Yes,Month-to-month,Yes,Electronic check,94.7,757.76,0
CUST-103257,Male,0,No,No,72,Yes,Yes,DSL,Yes,Yes,No,Yes,Yes,Yes,Two year,No,Credit card (automatic),86.0,6306.97,0
CUST-100520,Female,1,No,No,32,Yes,No,Fiber optic,No,Yes,No,No,No,No,Month-to-month,Yes,Electronic check,74.4,2275.41,1
CUST-102238,Male,1,No,No,55,Yes,Yes,Fiber optic,Yes,No,No,No,Yes,Yes,Month-to-month,Yes,Electronic check,98.81,5617.46,1
CUST-103615,Female,0,No,No,6,Yes,Yes,Fiber optic,Yes,No,No,No,No,No,Month-to-month,Yes,Electronic check,79.05,434.79,1
CUST-106333,Male,0,No,No,1,Yes,No,No,No internet service,No internet service,No internet service,No internet service,No internet service,No internet service,Month-to-month,No,Mailed check,19.74,23.19,1
CUST-101069,Male,0,No,No,12,Yes,Yes,Fiber optic,No,Yes,Yes,Yes,Yes,Yes,Month-to-month,Yes,Mailed check,112.91,1381.58,1
CUST-103339,Male,0,Yes,Yes,45,Yes,No,DSL,Yes,Yes,Yes,Yes,Yes,Yes,Two year,Yes,Mailed check,84.34,3856.81,0
CUST-103510,Female,1,Yes,Yes,29,No,No phone service,DSL,No,Yes,Yes,No,No,No,Month-to-month,Yes,Mailed check,35.75,1021.28,0
CUST-105936,Female,0,No,No,22,Yes,No,DSL,Yes,No,No,No,No,No,Month-to-month,Yes,Electronic check,49.86,1049.41,0
CUST-105498,Male,0,Yes,No,56,Yes,No,Fiber optic,No,No,No,No,Yes,Yes,Month-to-month,No,Mailed check,89.56,4954.48,0
CUST-105145,Female,0,No,No,9,Yes,No,Fiber optic,No,No,No,No,Yes,Yes,Month-to-month,Yes,Bank transfer (automatic),90.99,810.13,1
CUST-101039,Male,0,Yes,Yes,48,Yes,Yes,No,No internet service,No internet service,No internet service,No internet service,No internet service,No internet service,Two year,No,Mailed check,23.38,1175.24,0
CUST-102317,Male,0,No,No,10,Yes,Yes,DSL,Yes,No,No,No,No,No,Month-to-month,Yes,Credit card (automatic),54.68,567.78,0
CUST-101731,Female,0,No,No,1,Yes,Yes,Fiber optic,No,Yes,No,No,No,No,Month-to-month,Yes,Mailed check,80.65,80.57,1
CUST-103267,Male,1,Yes,No,55,Yes,Yes,Fiber optic,No,Yes,Yes,Yes,Yes,Yes,Two year,Yes,Electronic check,113.67,6293.29,0
CUST-100705,Male,0,No,Yes,0,Yes,Yes,DSL,Yes,Yes,No,Yes,No,No,Two year,Yes,Bank transfer (automatic),62.01,,0
CUST-103621,Female,0,Yes,Yes,51,Yes,Yes,Fiber optic,Yes,No,No,Yes,Yes,No,One year,Yes,Mailed check,95.37,5002.04,0
CUST-105499,Female,0,Yes,Yes,18,Yes,No,No,No internet service,No internet service,No internet service,No internet service,No internet service,No internet service,Month-to-month,Yes,Mailed check,20.12,403.68,0
CUST-102241,Male,1,Yes,Yes,11,Yes,Yes,Fiber optic,No,No,No,No,No,No,Month-to-month,Yes,Credit card (automatic),75.53,774.46,0
CUST-105178,Male,0,Yes,No,42,Yes,Yes,DSL,Yes,No,No,No,No,No,One year,No,Credit card (automatic),56.21,2388.65,0
CUST-104619,Female,0,No,No,28,No,No phone service,DSL,No,No,Yes,Yes,No,No,Month-to-month,Yes,Mailed check,35.64,962.64,0
CUST-102742,Male,0,No,No,12,Yes,Yes,Fiber optic,No,No,No,No,Yes,No,Month-to-month,Yes,Electronic check,84.99,1061.62,1
CUST-103687,Female,0,Yes,No,31,Yes,No,Fiber optic,No,Yes,No,No,No,Yes,Month-to-month,Yes,Bank transfer (automatic),83.7,2671.85,0
CUST-100063,Male,0,No,No,69,Yes,No,No,No internet service,No internet service,No internet service,No internet service,No internet service,No internet service,Two year,Yes,Mailed check,19.07,1269.19,0
CUST-102146,Female,0,Yes,Yes,61,Yes,No,No,No internet service,No internet service,No internet service,No internet service,No internet service,No internet service,One year,No,Credit card (automatic),18.81,1145.93,0
CUST-102941,Female,0,Yes,Yes,7,No,No phone service,DSL,No,No,No,No,No,No,Month-to-month,Yes,Electronic check,24.62,149.1,0
CUST-105538,Male,0,No,No,69,Yes,Yes,Fiber optic,No,Yes,Yes,Yes,Yes,No,Two year,Yes,Credit card (automatic),97.73,6744.71,0
CUST-106349,Female,0,No,No,47,Yes,Yes,DSL,Yes,No,Yes,Yes,No,No,Two year,Yes,Mailed check,65.11,2878.44,0
CUST-100380,Female,1,No,No,27,Yes,Yes,Fiber optic,Yes,Yes,Yes,No,Yes,Yes,One year,Yes,Bank transfer (automatic),110.32,2857.48,0
CUST-104730,Female,0,No,No,11,Yes,No,DSL,Yes,No,No,Yes,No,No,One year,Yes,Mailed check,54.52,617.71,0
CUST-101023,Male,0,Yes,No,52,Yes,Yes,Fiber optic,No,Yes,No,Yes,No,Yes,Month-to-month,Yes,Credit card (automatic),95.47,5087.0,0
CUST-105470,Female,0,No,No,22,No,No phone service,DSL,No,Yes,No,No,Yes,Yes,Month-to-month,Yes,Electronic check,50.42,1099.06,0
CUST-101546,Male,0,No,No,17,No,No phone service,DSL,No,No,No,No,No,No,Month-to-month,Yes,Mailed check,25.79,441.07,0
CUST-102115,Male,0,No,No,20,Yes,No,DSL,No,Yes,No,No,No,No,Month-to-month,Yes,Mailed check,51.89,1024.44,0
CUST-101426,Male,0,No,No,47,Yes,Yes,Fiber optic,No,Yes,Yes,No,Yes,Yes,One year,Yes,Electronic check,103.15,4888.14,0
CUST-102928,Male,0,No,No,51,Yes,No,Fiber optic,No,Yes,Yes,No,Yes,Yes,Month-to-month,Yes,Electronic check,98.93,5040.1,0
CUST-106408,Male,0,Yes,Yes,4,Yes,No,Fiber optic,No,No,No,No,No,No,Month-to-month,Yes,Mailed check,69.5,287.62,0
CUST-101580,Male,0,Yes,No,8,Yes,No,Fiber optic,Yes,No,No,No,No,No,Month-to-month,Yes,Mailed check,75.18,658.45,0
CUST-102480,Male,0,No,Yes,4,Yes,No,DSL,Yes,No,No,No,No,No,Month-to-month,Yes,Electronic check,49.46,184.65,1
CUST-105279,Female,0,Yes,No,25,Yes,No,No,No internet service,No internet service,No internet service,No internet service,No internet service,No internet service,One year,Yes,Bank transfer (automatic),19.96,504.86,0
CUST-105373,Male,0,No,No,1,Yes,No,DSL,No,No,No,No,No,No,Month-to-month,No,Electronic check,45.83,44.76,1
CUST-103978,Female,0,No,No,45,Yes,Yes,DSL,Yes,No,No,Yes,No,Yes,Two year,No,Mailed check,73.39,3347.04,0
CUST-103650,Female,0,No,No,4,No,No phone service,DSL,No,No,No,No,No,No,Month-to-month,Yes,Electronic check,24.3,85.15,1
CUST-101849,Female,1,No,No,1,Yes,No,Fiber optic,No,No,No,No,No,No,Month-to-month,Yes,Electronic check,69.68,69.28,1
CUST-101707,Female,0,No,No,29,No,No phone service,DSL,No,No,No,No,No,No,Month-to-month,Yes,Credit card (automatic),25.3,713.33,1
CUST-106523,Male,0,No,No,6,Yes,No,DSL,No,No,Yes,No,Yes,No,Month-to-month,No,Mailed check,60.77,412.49,0
CUST-102000,Female,0,No,No,3,Yes,No,Fiber optic,Yes,No,No,No,No,No,Month-to-month,Yes,Electronic check,74.59,234.09,0
CUST-102035,Female,0,Yes,Yes,27,Yes,No,DSL,Yes,Yes,Yes,Yes,No,No,One year,No,Mailed check,66.17,1877.32,0
CUST-104248,Male,0,Yes,No,61,Yes,No,No,No internet service,No internet service,No internet service,No internet service,No internet service,No internet service,One year,Yes,Credit card (automatic),20.38,1250.04,0
CUST-102866,Male,0,No,No,63,Yes,Yes,DSL,Yes,No,Yes,Yes,No,Yes,Two year,Yes,Bank transfer (automatic),72.1,4480.12,0
CUST-100867,Female,0,No,No,1,No,No phone service,DSL,No,No,No,No,No,No,Month-to-month,No,Mailed check,24.17,24.31,0
CUST-105831,Male,0,No,No,15,Yes,Yes,Fiber optic,No,No,No,No,Yes,Yes,Month-to-month,Yes,Electronic check,93.74,1444.5,1
CUST-105345,Male,0,Yes,Yes,12,Yes,No,DSL,No,No,No,No,No,Yes,One year,No,Credit card (automatic),53.49,697.15,1
CUST-102608,Female,0,No,No,1,Yes,No,DSL,No,No,No,No,No,No,Month-to-month,No,Mailed check,44.87,45.44,0
CUST-102977,Male,0,Yes,No,71,Yes,Yes,No,No internet service,No internet service,No internet service,No internet service,No internet service,No internet service,Two year,No,Bank transfer (automatic),24.39,1726.75,0
CUST-106723,Male,0,Yes,Yes,8,Yes,No,No,No internet service,No internet service,No internet service,No internet service,No internet service,No internet service,Two year,No,Mailed check,20.27,165.08,0
CUST-106266,Female,0,No,No,5,Yes,No,DSL,No,Yes,No,No,No,No,Month-to-month,No,Bank transfer (automatic),50.38,245.75,0
CUST-106132,Female,0,No,No,6,Yes,No,DSL,No,No,No,No,No,Yes,Month-to-month,Yes,Electronic check,55.07,341.48,0
CUST-101966,Male,0,Yes,No,63,Yes,Yes,Fiber optic,Yes,No,No,Yes,No,No,Two year,Yes,Credit card (automatic),85.1,5378.62,0
CUST-106284,Female,0,Yes,Yes,56,Yes,Yes,DSL,Yes,Yes,No,No,No,Yes,One year,No,Bank transfer (automatic),68.87,3815.85,0
CUST-105613,Female,0,No,No,36,Yes,Yes,Fiber optic,No,Yes,Yes,No,Yes,Yes,One year,Yes,Bank transfer (automatic),104.84,3886.39,0
CUST-104588,Male,0,No,No,71,Yes,Yes,Fiber optic,No,Yes,No,No,No,No,One year,Yes,Credit card (automatic),78.84,5552.79,0
CUST-102514,Male,0,Yes,No,60,Yes,Yes,Fiber optic,No,No,Yes,No,Yes,Yes,Two year,No,Credit card (automatic),101.36,6068.28,0
CUST-101048,Female,0,No,No,1,Yes,No,No,No internet service,No internet service,No internet service,No internet service,No internet service,No internet service,Month-to-month,Yes,Mailed check,20.43,22.97,1
CUST-103039,Female,0,Yes,No,62,Yes,No,DSL,Yes,No,Yes,Yes,Yes,Yes,Two year,No,Mailed check,81.17,4984.98,0
CUST-105190,Male,0,Yes,Yes,72,Yes,No,No,No internet service,No internet service,No internet service,No internet service,No internet service,No internet service,Two year,No,Electronic check,20.73,1432.44,0
CUST-103795,Male,0,No,No,1,Yes,No,No,No internet service,No internet service,No internet service,No internet service,No internet service,No internet service,Month-to-month,No,Mailed check,20.24,20.35,1
CUST-101985,Female,0,No,No,6,Yes,No,No,No internet service,No internet service,No internet service,No internet service,No internet service,No internet service,Month-to-month,No,Mailed check,20.44,108.26,0
CUST-106893,Female,1,Yes,No,72,Yes,Yes,DSL,Yes,Yes,Yes,No,Yes,Yes,Two year,Yes,Credit card (automatic),84.24,6128.21,0
CUST-100840,Female,0,Yes,Yes,72,Yes,Yes,Fiber optic,Yes,Yes,No,Yes,No,No,Two year,Yes,Bank transfer (automatic),90.1,6564.15,0
CUST-104926,Male,0,No,No,27,Yes,Yes,Fiber optic,No,No,Yes,No,Yes,Yes,One year,Yes,Bank transfer (automatic),100.56,2673.06,0
CUST-102069,Male,0,Yes,No,61,Yes,Yes,DSL,Yes,Yes,Yes,Yes,No,Yes,Two year,Yes,Bank transfer (automatic),80.77,4861.37,0
CUST-101566,Female,0,Yes,Yes,5,Yes,No,Fiber optic,No,No,No,Yes,Yes,No,Month-to-month,Yes,Electronic check,85.89,473.3,1
CUST-106661,Male,0,No,No,21,Yes,No,No,No internet service,No internet service,No internet service,No internet service,No internet service,No internet service,Month-to-month,No,Credit card (automatic),20.29,405.63,0
CUST-105660,Female,0,No,No,8,Yes,No,No,No internet service,No internet service,No internet service,No internet service,No internet service,No internet service,Two year,No,Mailed check,20.81,160.69,0
CUST-106035,Female,0,Yes,No,60,No,No phone service,DSL,Yes,Yes,No,Yes,No,No,Two year,No,Bank transfer (automatic),37.59,2286.9,0
CUST-106896,Female,0,No,No,19,Yes,No,Fiber optic,Yes,No,Yes,Yes,Yes,Yes,Month-to-month,Yes,Electronic check,106.5,1932.52,1
CUST-100264,Male,0,No,No,9,Yes,Yes,Fiber optic,Yes,No,No,No,No,No,Month-to-month,Yes,Electronic check,81.03,782.33,0
CUST-102819,Female,0,Yes,Yes,17,Yes,Yes,Fiber optic,Yes,No,Yes,No,Yes,No,Month-to-month,No,Electronic check,94.48,1606.13,1
CUST-102564,Male,0,Yes,No,17,Yes,No,DSL,Yes,Yes,No,No,No,Yes,One year,No,Mailed check,64.91,1178.59,0
CUST-100057,Female,0,No,No,1,Yes,No,Fiber optic,No,No,No,No,No,Yes,Month-to-month,Yes,Electronic check,81.79,82.11,1
CUST-102257,Male,1,No,No,1,Yes,Yes,Fiber optic,No,No,No,No,No,No,Month-to-month,Yes,Electronic check,75.84,76.32,1
CUST-103186,Female,0,Yes,Yes,65,Yes,Yes,Fiber optic,No,Yes,Yes,No,Yes,Yes,Month-to-month,Yes,Electronic check,105.41,6987.37,1
CUST-105243,Female,0,Yes,No,69,Yes,Yes,Fiber optic,No,Yes,Yes,No,No,No,Month-to-month,Yes,Bank transfer (automatic),85.64,5868.62,0
CUST-102535,Male,0,No,No,62,Yes,Yes,Fiber optic,No,No,Yes,No,Yes,Yes,One year,Yes,Electronic check,96.82,6126.9,1
CUST-104936,Male,0,No,Yes,53,Yes,No,DSL,Yes,Yes,No,Yes,No,No,One year,No,Credit card (automatic),62.92,3418.06,0
CUST-103773,Female,0,Yes,No,41,Yes,No,Fiber optic,Yes,Yes,Yes,No,Yes,Yes,One year,Yes,Bank transfer (automatic),104.5,4162.88,0
CUST-103888,Female,0,No,No,3,No,No phone service,DSL,No,No,No,No,Yes,No,Month-to-month,No,Credit card (automatic),35.03,107.61,1
CUST-103085,Male,0,Yes,No,71,Yes,Yes,DSL,Yes,Yes,Yes,Yes,No,Yes,Two year,Yes,Mailed check,80.29,5585.21,0
CUST-100847,Male,0,No,No,60,Yes,No,DSL,Yes,Yes,Yes,No,No,No,Two year,No,Electronic check,61.63,3638.77,0
CUST-105053,Male,1,No,No,52,No,No phone service,DSL,Yes,No,No,No,Yes,Yes,Month-to-month,Yes,Credit card (automatic),48.89,2556.11,0
CUST-101015,Male,0,Yes,No,69,Yes,Yes,Fiber optic,Yes,Yes,Yes,Yes,No,Yes,One year,Yes,Credit card (automatic),107.3,7316.08,0
CUST-100447,Female,0,No,No,23,Yes,Yes,No,No internet service,No internet service,No internet service,No internet service,No internet service,No internet service,One year,No,Credit card (automatic),25.01,613.69,0
CUST-101937,Female,0,Yes,Yes,72,Yes,Yes,DSL,Yes,Yes,Yes,Yes,Yes,Yes,Two year,No,Credit card (automatic),89.82,6595.63,0
CUST-101828,Female,0,No,No,7,Yes,No,No,No internet service,No internet service,No internet service,No internet service,No internet service,No internet service,Month-to-month,No,Mailed check,21.0,158.8,0
CUST-101227,Female,0,No,No,5,Yes,No,No,No internet service,No internet service,No internet service,No internet service,No internet service,No internet service,Month-to-month,No,Mailed check,20.04,109.74,0
CUST-106909,Male,0,No,No,9,Yes,No,No,No internet service,No internet service,No internet service,No internet service,No internet service,No internet service,Month-to-month,No,Mailed check,20.26,178.73,1
CUST-103398,Male,0,Yes,Yes,38,Yes,Yes,Fiber optic,No,No,Yes,No,Yes,Yes,Month-to-month,Yes,Credit card (automatic),101.12,3956.37,0
CUST-104641,Female,0,No,No,2,Yes,Yes,Fiber optic,No,No,No,No,Yes,Yes,Month-to-month,Yes,Electronic check,95.95,174.42,1
CUST-103919,Female,0,Yes,No,32,Yes,No,Fiber optic,No,Yes,No,No,No,Yes,Month-to-month,No,Bank transfer (automatic),84.07,2584.82,1
CUST-101354,Male,0,Yes,Yes,27,Yes,Yes,DSL,No,No,No,Yes,Yes,Yes,Month-to-month,No,Bank transfer (automatic),71.54,1957.6,0
CUST-104693,Male,0,Yes,Yes,69,Yes,No,No,No internet service,No internet service,No internet service,No internet service,No internet service,No internet service,One year,Yes,Credit card (automatic),20.38,1404.56,0
CUST-103463,Female,0,Yes,Yes,38,Yes,No,No,No internet service,No internet service,No internet service,No internet service,No internet service,No internet service,Two year,Yes,Mailed check,19.71,758.36,0
CUST-100152,Female,0,No,Yes,39,No,No phone service,DSL,No,No,Yes,No,No,No,Month-to-month,No,Credit card (automatic),30.11,1128.73,1
CUST-100074,Male,1,No,No,13,Yes,Yes,Fiber optic,No,Yes,Yes,No,Yes,Yes,Month-to-month,Yes,Electronic check,106.87,1364.14,1
CUST-100601,Male,0,No,No,48,Yes,Yes,Fiber optic,Yes,No,No,Yes,No,Yes,Month-to-month,Yes,Electronic check,95.22,4446.84,0
CUST-101372,Male,0,No,No,52,Yes,Yes,Fiber optic,No,Yes,Yes,No,Yes,Yes,Month-to-month,Yes,Electronic check,102.95,5363.28,0
CUST-103587,Female,0,No,No,3,Yes,Yes,Fiber optic,No,No,No,No,No,No,Month-to-month,No,Electronic check,75.91,259.08,0
CUST-103215,Female,0,Yes,Yes,49,Yes,Yes,DSL,No,Yes,No,Yes,Yes,Yes,Two year,No,Bank transfer (automatic),79.23,3903.9,0
CUST-105767,Male,0,No,No,27,Yes,No,DSL,Yes,Yes,No,No,No,No,One year,No,Bank transfer (automatic),55.61,1476.54,0
CUST-105882,Female,0,Yes,Yes,55,Yes,No,No,No internet service,No internet service,No internet service,No internet service,No internet service,No internet service,One year,No,Credit card (automatic),18.97,996.58,0
CUST-100752,Male,0,No,No,40,Yes,Yes,Fiber optic,No,Yes,Yes,No,Yes,Yes,Month-to-month,Yes,Credit card (automatic),104.69,4034.22,1
CUST-105064,Female,0,Yes,No,72,Yes,Yes,Fiber optic,Yes,Yes,No,No,No,No,Two year,Yes,Bank transfer (automatic),84.04,6054.38,0
CUST-105412,Male,0,No,No,1,Yes,No,DSL,No,Yes,No,No,No,No,Month-to-month,Yes,Electronic check,51.0,51.68,1
CUST-103182,Female,0,Yes,Yes,72,Yes,Yes,Fiber optic,Yes,No,Yes,Yes,Yes,Yes,Two year,Yes,Bank transfer (automatic),110.54,8057.47,0
CUST-101866,Female,1,Yes,No,3,Yes,No,Fiber optic,No,No,No,Yes,Yes,No,Month-to-month,Yes,Mailed check,83.97,266.5,1
CUST-104005,Male,0,No,No,1,Yes,Yes,Fiber optic,No,No,No,No,Yes,Yes,Month-to-month,Yes,Electronic check,95.71,98.45,1
CUST-104379,Male,0,No,No,23,Yes,Yes,Fiber optic,No,No,Yes,Yes,Yes,Yes,Month-to-month,Yes,Mailed check,104.09,2470.91,1
CUST-104813,Female,0,No,No,18,Yes,No,No,No internet service,No internet service,No internet service,No internet service,No internet service,No internet service,Month-to-month,Yes,Mailed check,19.76,389.41,0
CUST-101450,Male,0,No,No,24,Yes,Yes,Fiber optic,No,Yes,No,No,Yes,Yes,Month-to-month,Yes,Bank transfer (automatic),99.94,2404.93,0
CUST-106397,Female,0,No,No,12,Yes,Yes,DSL,Yes,No,Yes,Yes,No,No,Month-to-month,Yes,Mailed check,61.7,712.6,1
CUST-105248,Female,1,No,No,22,Yes,No,No,No internet service,No internet service,No internet service,No internet service,No internet service,No internet service,One year,Yes,Mailed check,20.15,414.47,0
CUST-100369,Female,0,No,No,50,Yes,Yes,Fiber optic,Yes,Yes,No,Yes,Yes,Yes,Two year,Yes,Electronic check,109.75,5552.12,1
CUST-101632,Female,0,No,No,1,Yes,Yes,DSL,No,No,No,No,No,No,Month-to-month,Yes,Bank transfer (automatic),49.84,49.35,1
CUST-102068,Male,1,No,No,9,Yes,Yes,Fiber optic,No,No,No,No,No,Yes,Month-to-month,Yes,Electronic check,83.95,789.99,1
CUST-100695,Male,0,Yes,Yes,1,Yes,No,No,No internet service,No internet service,No internet service,No internet service,No internet service,No internet service,One year,No,Mailed check,18.8,17.98,0
CUST-101090,Male,0,Yes,No,34,Yes,Yes,Fiber optic,No,No,Yes,No,Yes,Yes,Month-to-month,Yes,Electronic check,99.74,3478.57,1
CUST-101678,Male,1,Yes,No,23,Yes,Yes,Fiber optic,No,Yes,Yes,No,Yes,Yes,Month-to-month,Yes,Electronic check,104.5,2187.25,0
CUST-102769,Female,0,Yes,Yes,24,Yes,No,No,No internet service,No internet service,No internet service,No internet service,No internet service,No internet service,Two year,No,Mailed check,19.84,454.73,0
CUST-104904,Male,0,No,No,55,Yes,Yes,Fiber optic,No,No,No,No,Yes,Yes,Month-to-month,Yes,Electronic check,96.75,5284.78,1
CUST-101912,Male,0,Yes,Yes,8,Yes,No,No,No internet service,No internet service,No internet service,No internet service,No internet service,No internet service,Two year,No,Credit card (automatic),19.89,125.66,0
CUST-102201,Female,0,Yes,Yes,7,Yes,Yes,DSL,No,No,No,No,No,No,Month-to-month,No,Electronic check,49.36,351.06,0
CUST-103081,Female,0,No,No,4,Yes,Yes,Fiber optic,No,Yes,No,Yes,No,Yes,Month-to-month,Yes,Electronic check,93.4,361.19,1
CUST-100511,Female,1,Yes,No,72,Yes,Yes,DSL,Yes,Yes,Yes,Yes,Yes,Yes,Two year,Yes,Bank transfer (automatic),89.71,6696.6,0
CUST-106185,Female,0,Yes,Yes,22,Yes,No,DSL,No,Yes,No,No,Yes,Yes,One year,Yes,Bank transfer (automatic),69.63,1497.32,1
CUST-105844,Male,0,Yes,Yes,32,No,No phone service,DSL,No,No,Yes,Yes,No,No,One year,Yes,Mailed check,36.45,1151.92,0
CUST-106292,Female,0,Yes,Yes,1,No,No phone service,DSL,Yes,No,No,No,No,No,Month-to-month,No,Bank transfer (automatic),30.61,29.4,1
CUST-104088,Male,0,Yes,Yes,68,Yes,Yes,DSL,No,Yes,No,Yes,No,Yes,Two year,No,Credit card (automatic),70.95,4860.23,0
CUST-106174,Male,0,Yes,Yes,28,Yes,Yes,Fiber optic,Yes,Yes,No,No,Yes,Yes,One year,No,Electronic check,106.18,2848.08,1
CUST-104501,Male,0,Yes,Yes,12,Yes,No,No,No internet service,No internet service,No internet service,No internet service,No internet service,No internet service,Two year,No,Mailed check,19.75,258.94,0
CUST-101401,Male,0,Yes,Yes,1,Yes,No,No,No internet service,No internet service,No internet service,No internet service,No internet service,No internet service,Month-to-month,No,Mailed check,19.18,21.47,0
CUST-103269,Male,1,Yes,No,16,Yes,Yes,Fiber optic,No,No,No,No,Yes,No,Month-to-month,Yes,Credit card (automatic),85.17,1390.33,0
CUST-102436,Female,0,No,No,8,Yes,Yes,DSL,Yes,Yes,Yes,No,No,No,Month-to-month,Yes,Bank transfer (automatic),65.69,571.66,0
CUST-101475,Female,1,Yes,No,72,Yes,Yes,No,No internet service,No internet service,No internet service,No internet service,No internet service,No internet service,Two year,Yes,Credit card (automatic),25.76,1938.56,0
CUST-103266,Female,0,No,No,3,No,No phone service,DSL,No,No,No,No,Yes,No,Month-to-month,Yes,Credit card (automatic),34.65,115.21,0
CUST-104525,Female,0,Yes,No,2,Yes,No,DSL,No,No,Yes,No,Yes,Yes,Month-to-month,No,Credit card (automatic),68.97,148.0,0
CUST-101909,Female,1,No,No,1,Yes,No,Fiber optic,No,No,No,No,Yes,No,Month-to-month,No,Electronic check,78.42,77.26,1
CUST-103158,Male,0,Yes,No,59,No,No phone service,DSL,No,Yes,No,No,No,Yes,Month-to-month,Yes,Bank transfer (automatic),41.28,2452.26,1
CUST-102498,Male,0,Yes,Yes,22,Yes,No,DSL,Yes,Yes,No,Yes,No,No,Month-to-month,Yes,Mailed check,58.08,1272.91,0
CUST-105984,Male,0,Yes,Yes,23,Yes,No,No,No internet service,No internet service,No internet service,No internet service,No internet service,No internet service,Two year,No,Credit card (automatic),19.47,426.83,0
CUST-100851,Female,0,No,No,10,Yes,Yes,No,No internet service,No internet service,No internet service,No internet service,No internet service,No internet service,Month-to-month,Yes,Mailed check,24.38,269.56,0
CUST-103478,Male,0,No,No,37,Yes,No,Fiber optic,No,Yes,No,No,Yes,Yes,Month-to-month,Yes,Credit card (automatic),95.99,3645.46,0
CUST-102160,Male,1,Yes,No,52,Yes,Yes,Fiber optic,No,Yes,Yes,No,Yes,Yes,One year,Yes,Bank transfer (automatic),105.32,5377.52,0
CUST-103543,Male,0,Yes,Yes,67,Yes,Yes,Fiber optic,Yes,Yes,No,Yes,No,No,One year,No,Electronic check,89.51,6038.35,0
CUST-102305,Female,0,No,No,1,Yes,No,No,No internet service,No internet service,No internet service,No internet service,No internet service,No internet service,Month-to-month,No,Electronic check,19.71,18.67,0
CUST-103319,Male,0,No,No,21,Yes,No,No,No internet service,No internet service,No internet service,No internet service,No internet service,No internet service,One year,Yes,Mailed check,20.37,422.09,0
CUST-105059,Female,1,No,No,1,Yes,No,Fiber optic,No,No,No,No,No,No,Month-to-month,Yes,Electronic check,69.57,67.48,1
CUST-105332,Female,0,Yes,No,54,Yes,Yes,Fiber optic,Yes,Yes,Yes,Yes,Yes,Yes,One year,Yes,Mailed check,114.59,6049.88,0
CUST-105254,Female,0,No,No,1,Yes,No,Fiber optic,No,No,Yes,No,No,No,Month-to-month,No,Electronic check,75.55,77.51,1
CUST-100116,Male,0,Yes,Yes,22,Yes,Yes,DSL,No,No,Yes,Yes,Yes,Yes,One year,Yes,Mailed check,78.65,1662.74,0
CUST-106938,Male,0,Yes,No,70,Yes,Yes,DSL,Yes,No,Yes,Yes,No,Yes,Two year,No,Credit card (automatic),77.4,5502.3,0
CUST-102296,Male,0,No,No,3,Yes,No,DSL,No,No,No,Yes,No,Yes,Month-to-month,No,Mailed check,60.52,199.93,0
CUST-106026,Male,0,Yes,Yes,71,Yes,Yes,No,No internet service,No internet service,No internet service,No internet service,No internet service,No internet service,Two year,No,Credit card (automatic),25.45,1848.76,0
CUST-106173,Male,0,No,No,26,Yes,Yes,Fiber optic,No,No,Yes,No,Yes,Yes,Month-to-month,Yes,Electronic check,98.31,2515.04,1
CUST-102486,Male,0,Yes,Yes,24,Yes,Yes,DSL,Yes,No,No,No,Yes,Yes,One year,No,Mailed check,75.05,1820.23,0
CUST-106167,Female,0,Yes,No,21,Yes,Yes,Fiber optic,No,No,No,No,Yes,Yes,Month-to-month,Yes,Electronic check,94.15,1948.11,0
CUST-101169,Male,1,Yes,No,33,Yes,Yes,Fiber optic,No,No,No,No,Yes,Yes,Month-to-month,Yes,Electronic check,94.52,3105.29,1
CUST-102308,Male,1,Yes,No,53,Yes,Yes,Fiber optic,No,Yes,No,No,Yes,Yes,Month-to-month,Yes,Electronic check,102.01,5549.76,1
CUST-102335,Male,1,Yes,No,16,Yes,No,Fiber optic,No,Yes,No,No,No,No,Month-to-month,Yes,Credit card (automatic),74.3,1178.37,1
CUST-104362,Female,0,No,No,5,No,No phone service,DSL,No,No,Yes,No,No,Yes,Month-to-month,No,Electronic check,39.56,211.37,1
CUST-100506,Female,1,Yes,No,72,Yes,Yes,Fiber optic,Yes,Yes,No,No,Yes,Yes,One year,Yes,Bank transfer (automatic),106.84,7677.75,0
CUST-106114,Male,0,No,No,43,Yes,Yes,No,No internet service,No internet service,No internet service,No internet service,No internet service,No internet service,Two year,No,Bank transfer (automatic),26.24,1109.64,0
CUST-102158,Female,0,Yes,Yes,53,Yes,No,Fiber optic,No,Yes,Yes,Yes,Yes,Yes,Month-to-month,Yes,Bank transfer (automatic),108.6,5936.42,0
CUST-106064,Male,0,No,No,1,Yes,No,No,No internet service,No internet service,No internet service,No internet service,No internet service,No internet service,Month-to-month,Yes,Mailed check,19.94,18.95,0
CUST-104793,Female,0,Yes,Yes,27,Yes,No,No,No internet service,No internet service,No internet service,No internet service,No internet service,No internet service,Two year,No,Mailed check,19.85,549.42,0
CUST-105731,Male,0,No,No,3,Yes,No,No,No internet service,No internet service,No internet service,No internet service,No internet service,No internet service,One year,Yes,Mailed check,19.74,69.18,0
CUST-103843,Male,1,No,No,5,Yes,No,Fiber optic,No,Yes,No,No,No,Yes,Month-to-month,Yes,Electronic check,85.55,407.42,0
CUST-101883,Female,0,No,No,68,Yes,No,DSL,Yes,Yes,Yes,Yes,Yes,Yes,Two year,Yes,Credit card (automatic),82.41,5648.0,0
CUST-105045,Female,0,Yes,No,45,Yes,No,DSL,No,No,Yes,No,No,No,Month-to-month,Yes,Credit card (automatic),50.29,2222.55,0
CUST-103212,Female,1,No,No,1,Yes,Yes,Fiber optic,No,No,No,No,No,No,Month-to-month,Yes,Mailed check,74.65,76.99,1
CUST-100332,Male,0,Yes,No,51,Yes,No,DSL,Yes,Yes,Yes,Yes,Yes,Yes,Two year,Yes,Credit card (automatic),82.99,4088.37,0
CUST-102534,Male,0,Yes,No,70,Yes,No,Fiber optic,Yes,Yes,Yes,Yes,Yes,Yes,One year,Yes,Bank transfer (automatic),109.38,7534.68,1
CUST-101800,Female,0,No,No,1,Yes,No,DSL,No,No,No,No,No,No,Month-to-month,Yes,Bank transfer (automatic),45.03,42.93,1
CUST-104397,Female,0,No,No,1,Yes,No,Fiber optic,No,No,No,No,No,No,Month-to-month,No,Electronic check,71.12,71.43,1
CUST-101072,Male,0,No,No,1,Yes,No,No,No internet service,No internet service,No internet service,No internet service,No internet service,No internet service,Month-to-month,No,Mailed check,18.76,19.86,0
CUST-100277,Female,0,Yes,Yes,43,Yes,Yes,No,No internet service,No internet service,No internet service,No internet service,No internet service,No internet service,One year,Yes,Bank transfer (automatic),24.36,993.15,0
CUST-102685,Female,1,Yes,No,65,Yes,Yes,Fiber optic,No,Yes,Yes,No,Yes,Yes,Month-to-month,Yes,Bank transfer (automatic),108.68,7080.92,0
CUST-102952,Female,0,No,No,36,Yes,Yes,DSL,No,No,Yes,No,No,No,One year,No,Electronic check,56.21,1940.99,0
CUST-106358,Female,0,Yes,Yes,60,Yes,Yes,Fiber optic,Yes,Yes,No,No,Yes,No,One year,No,Bank transfer (automatic),94.2,5813.99,0
CUST-105282,Female,0,No,No,15,Yes,Yes,No,No internet service,No internet service,No internet service,No internet service,No internet service,No internet service,Two year,No,Bank transfer (automatic),25.19,370.65,0
CUST-102611,Male,0,Yes,Yes,67,Yes,Yes,Fiber optic,Yes,No,No,Yes,Yes,Yes,Two year,No,Bank transfer (automatic),104.71,6886.08,0
CUST-105627,Male,0,Yes,Yes,63,Yes,Yes,Fiber optic,No,Yes,No,No,No,Yes,One year,Yes,Electronic check,91.59,5761.93,0
CUST-100541,Male,0,Yes,No,4,Yes,Yes,Fiber optic,No,No,No,No,No,No,Month-to-month,Yes,Electronic check,74.31,300.18,1
CUST-104057,Female,0,Yes,Yes,51,Yes,No,DSL,Yes,Yes,Yes,Yes,Yes,Yes,Two year,No,Credit card (automatic),85.49,4421.25,0
CUST-101850,Female,0,Yes,No,2,Yes,No,DSL,No,No,No,No,No,No,Month-to-month,Yes,Credit card (automatic),44.77,80.03,1
CUST-106973,Female,0,Yes,Yes,37,Yes,No,DSL,Yes,Yes,No,No,Yes,Yes,One year,No,Bank transfer (automatic),75.34,2660.05,0
CUST-100125,Male,0,Yes,Yes,69,Yes,No,No,No internet service,No internet service,No internet service,No internet service,No internet service,No internet service,Two year,No,Bank transfer (automatic),20.28,1375.25,0
CUST-106910,Female,0,Yes,Yes,67,Yes,Yes,DSL,No,No,Yes,Yes,No,Yes,Two year,Yes,Bank transfer (automatic),69.96,4616.54,0
CUST-102275,Female,0,Yes,Yes,13,Yes,No,No,No internet service,No internet service,No internet service,No internet service,No internet service,No internet service,Two year,No,Mailed check,19.4,265.21,0
CUST-100224,Male,0,No,No,6,Yes,No,Fiber optic,No,No,No,No,Yes,No,Month-to-month,Yes,Credit card (automatic),80.55,464.33,1
CUST-103786,Male,0,No,Yes,66,Yes,No,DSL,No,Yes,Yes,Yes,Yes,Yes,Two year,Yes,Credit card (automatic),79.56,5198.18,0
CUST-100759,Female,0,No,No,29,Yes,No,DSL,Yes,Yes,Yes,No,No,Yes,Month-to-month,Yes,Bank transfer (automatic),68.81,1966.97,1
CUST-106036,Female,0,Yes,Yes,43,No,No phone service,DSL,Yes,Yes,No,Yes,Yes,No,One year,Yes,Bank transfer (automatic),51.3,2148.02,0
CUST-105144,Male,0,No,No,44,Yes,No,No,No internet service,No internet service,No internet service,No internet service,No internet service,No internet service,Two year,No,Mailed check,20.08,846.35,0
CUST-102957,Female,1,No,No,45,Yes,No,Fiber optic,Yes,Yes,No,Yes,No,No,Month-to-month,Yes,Bank transfer (automatic),85.88,3777.76,0
CUST-104631,Male,0,No,No,17,Yes,No,DSL,Yes,Yes,No,No,No,No,Month-to-month,Yes,Credit card (automatic),55.53,933.82,0
CUST-104902,Male,0,No,No,12,Yes,Yes,DSL,Yes,Yes,No,Yes,No,No,Month-to-month,Yes,Electronic check,66.89,831.37,0
CUST-106169,Female,0,No,No,63,Yes,Yes,Fiber optic,No,Yes,Yes,Yes,Yes,Yes,Month-to-month,Yes,Credit card (automatic),109.94,7002.84,0
CUST-100724,Male,0,No,No,2,Yes,Yes,Fiber optic,Yes,No,No,No,No,Yes,Month-to-month,No,Mailed check,90.9,175.87,0
CUST-103800,Male,0,Yes,Yes,43,Yes,Yes,Fiber optic,Yes,No,Yes,Yes,No,No,One year,Yes,Credit card (automatic),91.25,4015.6,0
CUST-106820,Male,0,No,No,18,Yes,No,No,No internet service,No internet service,No internet service,No internet service,No internet service,No internet service,Month-to-month,No,Mailed check,19.27,329.19,0
CUST-105779,Male,0,Yes,Yes,4,Yes,No,DSL,No,No,No,No,No,No,Month-to-month,No,Mailed check,45.37,152.5,0
CUST-104972,Female,0,Yes,Yes,72,Yes,No,DSL,Yes,Yes,Yes,No,No,Yes,Two year,No,Credit card (automatic),68.56,4885.92,0
CUST-105236,Female,0,No,No,72,Yes,No,DSL,Yes,Yes,Yes,Yes,No,Yes,Two year,Yes,Credit card (automatic),73.15,5265.01,0
CUST-106969,Male,0,No,No,26,Yes,No,Fiber optic,No,Yes,No,No,No,No,One year,No,Bank transfer (automatic),75.35,2017.71,0
CUST-101977,Male,0,Yes,Yes,39,Yes,Yes,No,No internet service,No internet service,No internet service,No internet service,No internet service,No internet service,Two year,No,Mailed check,25.13,989.96,0
CUST-107006,Female,1,No,No,26,Yes,No,Fiber optic,No,No,No,No,Yes,Yes,Month-to-month,Yes,Electronic check,91.2,2352.03,1
CUST-102078,Male,0,No,No,4,Yes,No,DSL,No,Yes,No,Yes,Yes,No,Month-to-month,Yes,Bank transfer (automatic),63.9,227.19,0
CUST-104254,Male,0,Yes,Yes,58,Yes,Yes,Fiber optic,No,Yes,No,Yes,Yes,No,One year,Yes,Credit card (automatic),94.66,5431.28,0
CUST-101278,Female,0,No,No,24,Yes,Yes,Fiber optic,Yes,No,No,Yes,No,No,Month-to-month,Yes,Electronic check,84.11,1939.23,0
CUST-104663,Female,0,Yes,Yes,62,Yes,Yes,DSL,No,No,No,No,Yes,Yes,Month-to-month,Yes,Credit card (automatic),70.73,4302.78,0
CUST-102292,Female,0,Yes,Yes,65,Yes,Yes,No,No internet service,No internet service,No internet service,No internet service,No internet service,No internet service,Two year,No,Credit card (automatic),25.74,1654.85,0
CUST-106267,Male,0,No,No,1,Yes,No,DSL,No,No,No,No,No,No,Month-to-month,Yes,Mailed check,45.69,46.35,1
CUST-105567,Male,0,No,No,52,Yes,Yes,Fiber optic,No,No,Yes,No,No,Yes,Two year,Yes,Credit card (automatic),89.44,4576.43,0
CUST-105284,Male,0,No,No,7,No,No phone service,DSL,No,No,No,No,No,No,One year,Yes,Credit card (automatic),24.07,151.36,0
CUST-105746,Female,0,Yes,No,7,Yes,No,Fiber optic,No,No,No,No,No,No,Month-to-month,Yes,Bank transfer (automatic),68.84,478.23,0
CUST-106979,Female,0,Yes,Yes,54,Yes,Yes,Fiber optic,Yes,Yes,No,No,Yes,Yes,Month-to-month,Yes,Bank transfer (automatic),104.1,5643.67,0
CUST-106534,Female,0,No,No,9,Yes,No,DSL,No,Yes,No,Yes,Yes,No,Month-to-month,No,Mailed check,66.19,619.33,1
CUST-100992,Male,0,No,No,29,Yes,No,No,No internet service,No internet service,No internet service,No internet service,No internet service,No internet service,One year,Yes,Mailed check,19.78,570.1,0
CUST-105240,Female,0,No,No,35,Yes,Yes,Fiber optic,No,No,Yes,No,Yes,Yes,Month-to-month,Yes,Electronic check,100.44,3526.77,1
CUST-101555,Male,0,Yes,No,60,No,No phone service,DSL,No,Yes,Yes,Yes,Yes,Yes,Month-to-month,Yes,Bank transfer (automatic),60.37,3582.48,0
CUST-105623,Female,0,No,No,56,No,No phone service,DSL,Yes,Yes,Yes,Yes,No,No,Two year,No,Bank transfer (automatic),44.86,2559.36,0
CUST-100310,Female,0,No,No,1,No,No phone service,DSL,No,No,Yes,Yes,No,No,Month-to-month,No,Mailed check,36.04,37.54,0
CUST-106766,Female,0,No,No,4,Yes,Yes,Fiber optic,No,No,No,No,No,No,Month-to-month,No,Electronic check,75.59,338.79,1
CUST-102030,Female,0,Yes,Yes,69,Yes,Yes,Fiber optic,Yes,Yes,Yes,Yes,Yes,No,One year,Yes,Credit card (automatic),105.01,7232.31,0
CUST-103610,Female,0,No,No,1,No,No phone service,DSL,No,No,No,Yes,No,No,Month-to-month,No,Mailed check,30.94,28.48,0
CUST-100251,Female,0,Yes,No,20,Yes,No,No,No internet service,No internet service,No internet service,No internet service,No internet service,No internet service,One year,No,Mailed check,20.08,394.38,0
CUST-102145,Female,1,No,No,25,Yes,Yes,Fiber optic,No,Yes,No,No,No,Yes,Month-to-month,Yes,Electronic check,89.64,2190.6,1
CUST-104288,Female,1,No,No,8,Yes,No,No,No internet service,No internet service,No internet service,No internet service,No internet service,No internet service,Month-to-month,No,Electronic check,19.41,165.02,1
CUST-103783,Female,0,No,No,1,Yes,No,No,No internet service,No internet service,No internet service,No internet service,No internet service,No internet service,Month-to-month,Yes,Mailed check,19.53,19.93,0
CUST-100202,Male,0,Yes,No,35,Yes,No,DSL,Yes,Yes,Yes,No,No,No,Month-to-month,No,Mailed check,60.94,2128.22,0
CUST-106465,Male,0,No,No,28,Yes,Yes,Fiber optic,No,Yes,No,No,Yes,Yes,One year,No,Electronic check,100.4,2690.66,0
CUST-101766,Female,1,Yes,Yes,28,No,No phone service,DSL,No,No,No,No,Yes,No,Month-to-month,Yes,Electronic check,35.94,974.94,0
CUST-101025,Male,0,No,No,1,Yes,No,No,No internet service,No internet service,No internet service,No internet service,No internet service,No internet service,Month-to-month,No,Electronic check,19.02,19.59,0
CUST-100106,Female,0,No,No,1,Yes,No,Fiber optic,No,Yes,No,No,No,No,Month-to-month,Yes,Electronic check,75.0,72.92,1
CUST-103728,Female,0,Yes,Yes,56,Yes,No,No,No internet service,No internet service,No internet service,No internet service,No internet service,No internet service,Two year,Yes,Credit card (automatic),19.88,1118.8,0
CUST-105531,Male,0,No,No,1,Yes,No,DSL,No,No,No,No,No,No,Month-to-month,Yes,Mailed check,45.81,46.36,0
CUST-102124,Male,0,No,No,1,Yes,No,DSL,No,No,No,No,No,No,Month-to-month,Yes,Mailed check,45.93,45.15,1
CUST-101920,Female,0,No,No,31,Yes,Yes,DSL,Yes,No,Yes,Yes,No,No,Month-to-month,No,Credit card (automatic),65.56,1995.19,1
CUST-100495,Male,0,Yes,No,11,Yes,No,DSL,No,No,No,No,Yes,No,Month-to-month,Yes,Bank transfer (automatic),55.17,608.46,0
CUST-102051,Male,0,Yes,Yes,71,Yes,No,Fiber optic,Yes,Yes,Yes,Yes,Yes,No,Two year,No,Credit card (automatic),100.0,7209.7,0
CUST-101634,Female,0,No,No,1,Yes,No,DSL,No,No,No,No,No,No,Month-to-month,No,Bank transfer (automatic),43.9,43.34,0
CUST-102088,Female,0,No,No,56,Yes,Yes,Fiber optic,No,Yes,Yes,No,Yes,Yes,One year,Yes,Electronic check,106.91,5912.89,0
CUST-105813,Female,0,Yes,Yes,1,Yes,No,No,No internet service,No internet service,No internet service,No internet service,No internet service,No internet service,Two year,No,Mailed check,20.2,20.76,0
CUST-104201,Female,0,Yes,Yes,34,No,No phone service,DSL,Yes,No,Yes,Yes,Yes,Yes,One year,No,Mailed check,61.19,1991.1,0
CUST-100561,Male,0,No,No,64,Yes,Yes,Fiber optic,No,Yes,No,Yes,Yes,Yes,One year,Yes,Credit card (automatic),105.91,6901.08,1
CUST-105227,Female,0,No,No,15,Yes,No,DSL,Yes,No,Yes,Yes,No,No,Month-to-month,No,Electronic check,58.85,955.5,0
CUST-104445,Male,0,Yes,No,71,Yes,No,DSL,No,Yes,Yes,Yes,Yes,Yes,Two year,Yes,Credit card (automatic),79.12,5565.95,0
CUST-101028,Male,1,Yes,No,9,Yes,No,No,No internet service,No internet service,No internet service,No internet service,No internet service,No internet service,One year,No,Credit card (automatic),19.8,185.26,0
CUST-100535,Male,0,Yes,No,43,Yes,No,DSL,No,No,No,No,Yes,No,One year,Yes,Mailed check,56.51,2392.77,0
CUST-101521,Female,0,No,No,27,Yes,No,No,No internet service,No internet service,No internet service,No internet service,No internet service,No internet service,One year,No,Mailed check,18.69,499.26,0
CUST-101043,Female,0,Yes,No,71,Yes,Yes,No,No internet service,No internet service,No internet service,No internet service,No internet service,No internet service,Two year,No,Mailed check,23.73,1671.84,0
CUST-105303,Male,0,Yes,Yes,34,Yes,Yes,Fiber optic,No,Yes,No,No,Yes,Yes,Month-to-month,Yes,Bank transfer (automatic),97.72,3410.23,0
CUST-101667,Female,0,No,No,53,Yes,No,Fiber optic,No,Yes,Yes,Yes,No,Yes,One year,Yes,Credit card (automatic),94.56,5041.81,0
CUST-101717,Male,0,No,No,11,Yes,No,No,No internet service,No internet service,No internet service,No internet service,No internet service,No internet service,Month-to-month,No,Mailed check,19.78,207.67,0
CUST-105055,Male,0,Yes,No,51,Yes,Yes,Fiber optic,No,No,No,No,Yes,Yes,Month-to-month,Yes,Electronic check,94.69,4809.73,1
CUST-103593,Male,1,Yes,No,33,Yes,Yes,Fiber optic,No,Yes,No,No,Yes,Yes,Month-to-month,Yes,Bank transfer (automatic),100.29,3271.12,0
CUST-106369,Male,0,No,No,3,Yes,No,Fiber optic,No,No,No,No,Yes,No,Month-to-month,No,Electronic check,79.37,270.02,1
CUST-105782,Male,0,No,No,37,Yes,No,Fiber optic,No,No,No,No,No,No,Month-to-month,Yes,Mailed check,70.27,2550.82,0
CUST-106334,Female,1,No,No,3,Yes,No,Fiber optic,No,No,No,No,No,No,Month-to-month,Yes,Electronic check,70.46,202.48,1
CUST-101814,Male,1,Yes,No,72,Yes,Yes,DSL,No,No,Yes,No,Yes,Yes,Two year,Yes,Credit card (automatic),73.52,5328.73,0
CUST-104219,Female,0,No,No,2,Yes,Yes,DSL,No,No,No,No,No,No,Month-to-month,Yes,Electronic check,49.53,105.97,1
CUST-101178,Female,1,No,No,2,Yes,Yes,Fiber optic,No,No,No,No,No,Yes,Month-to-month,Yes,Electronic check,84.1,185.51,0
CUST-105704,Female,0,No,Yes,9,Yes,No,Fiber optic,Yes,No,Yes,Yes,No,Yes,Month-to-month,No,Bank transfer (automatic),92.89,867.97,0
CUST-103496,Male,0,No,No,21,Yes,No,No,No internet service,No internet service,No internet service,No internet service,No internet service,No internet service,Month-to-month,No,Mailed check,20.17,418.06,0
CUST-106486,Female,0,Yes,Yes,71,Yes,Yes,Fiber optic,Yes,Yes,Yes,No,Yes,No,Two year,No,Bank transfer (automatic),100.38,7029.51,0
CUST-101305,Male,0,Yes,Yes,1,Yes,No,DSL,No,No,No,No,No,No,Month-to-month,Yes,Mailed check,45.71,45.52,1
CUST-106413,Female,0,Yes,Yes,33,Yes,Yes,DSL,No,No,Yes,Yes,Yes,Yes,One year,Yes,Electronic check,79.25,2529.04,0
CUST-104015,Female,1,Yes,No,51,Yes,Yes,Fiber optic,Yes,No,No,No,No,No,Month-to-month,Yes,Electronic check,77.61,3807.51,1
CUST-103748,Male,0,Yes,No,71,Yes,Yes,Fiber optic,Yes,Yes,Yes,Yes,Yes,Yes,Two year,Yes,Bank transfer (automatic),116.32,8312.63,0
CUST-105176,Male,1,No,No,67,Yes,Yes,No,No internet service,No internet service,No internet service,No internet service,No internet service,No internet service,Two year,No,Credit card (automatic),24.79,1672.06,0
CUST-104711,Female,1,No,No,14,Yes,Yes,Fiber optic,No,No,Yes,No,No,No,Month-to-month,Yes,Bank transfer (automatic),80.79,1056.92,0
CUST-103651,Female,0,No,No,28,No,No phone service,DSL,No,No,Yes,No,No,No,Month-to-month,Yes,Mailed check,29.88,791.99,0
CUST-102478,Male,0,Yes,No,64,Yes,Yes,Fiber optic,Yes,Yes,Yes,No,No,No,One year,No,Bank transfer (automatic),89.4,5690.32,0
CUST-101063,Female,0,Yes,No,5,Yes,Yes,DSL,No,No,Yes,Yes,Yes,No,Month-to-month,No,Bank transfer (automatic),67.84,350.88,1
CUST-106409,Male,0,No,No,51,Yes,Yes,Fiber optic,No,No,Yes,No,No,No,Month-to-month,No,Credit card (automatic),80.17,4241.85,1
CUST-106773,Female,1,Yes,Yes,12,No,No phone service,DSL,No,No,No,Yes,No,No,Month-to-month,Yes,Mailed check,29.14,358.38,0
CUST-104339,Male,0,No,No,2,Yes,No,Fiber optic,No,No,No,No,No,No,Month-to-month,Yes,Credit card (automatic),71.25,158.56,0
CUST-104901,Male,1,Yes,Yes,72,No,No phone service,DSL,Yes,Yes,Yes,Yes,Yes,Yes,Two year,Yes,Bank transfer (automatic),64.72,4734.95,0
CUST-103029,Male,1,Yes,Yes,35,Yes,No,DSL,No,Yes,No,Yes,Yes,Yes,Month-to-month,Yes,Electronic check,76.16,2746.71,0
CUST-100887,Female,0,No,Yes,50,Yes,No,No,No internet service,No internet service,No internet service,No internet service,No internet service,No internet service,Two year,No,Credit card (automatic),20.21,969.87,0
CUST-104611,Female,0,Yes,No,10,Yes,Yes,Fiber optic,Yes,No,No,No,No,No,Month-to-month,Yes,Credit card (automatic),78.55,767.3,0
CUST-100953,Male,0,No,No,2,Yes,No,Fiber optic,No,No,No,No,No,Yes,Month-to-month,Yes,Electronic check,80.33,182.05,1
CUST-101085,Male,0,No,No,8,Yes,Yes,DSL,No,No,No,No,Yes,No,Month-to-month,Yes,Electronic check,59.01,438.94,0
CUST-102469,Female,0,Yes,No,59,Yes,Yes,Fiber optic,No,No,Yes,Yes,Yes,No,Month-to-month,No,Electronic check,93.37,5386.07,0
CUST-103841,Female,0,No,No,36,Yes,Yes,DSL,No,Yes,No,Yes,No,Yes,One year,Yes,Mailed check,70.91,2512.6,0
CUST-105707,Female,0,Yes,Yes,70,Yes,No,DSL,No,Yes,Yes,Yes,Yes,Yes,Two year,Yes,Bank transfer (automatic),80.22,5718.23,0
CUST-102249,Female,1,No,No,5,Yes,No,Fiber optic,No,No,Yes,No,Yes,No,Month-to-month,Yes,Mailed check,84.75,414.93,1
CUST-105019,Female,1,No,No,69,Yes,Yes,Fiber optic,Yes,No,Yes,Yes,Yes,Yes,Two year,No,Credit card (automatic),110.23,7467.64,0
CUST-101234,Male,0,No,No,5,Yes,No,No,No internet service,No internet service,No internet service,No internet service,No internet service,No internet service,Month-to-month,No,Mailed check,20.32,109.58,0
CUST-100127,Female,0,No,No,15,Yes,No,DSL,No,No,Yes,No,No,Yes,Month-to-month,Yes,Electronic check,59.51,893.99,1
CUST-103223,Female,0,Yes,No,49,Yes,Yes,Fiber optic,Yes,Yes,Yes,Yes,No,Yes,Two year,No,Credit card (automatic),106.88,5176.5,0
CUST-101452,Male,0,No,No,36,Yes,No,No,No internet service,No internet service,No internet service,No internet service,No internet service,No internet service,One year,Yes,Credit card (automatic),20.24,694.92,0
CUST-105956,Female,0,Yes,Yes,31,Yes,No,DSL,Yes,No,Yes,Yes,Yes,Yes,One year,Yes,Mailed check,81.24,2545.01,0
CUST-102658,Female,0,No,No,64,Yes,Yes,DSL,Yes,Yes,Yes,Yes,Yes,Yes,Two year,Yes,Credit card (automatic),86.39,5442.01,0
CUST-101963,Female,0,No,No,43,Yes,Yes,No,No internet service,No internet service,No internet service,No internet service,No internet service,No internet service,Two year,Yes,Credit card (automatic),25.49,1187.5,0
CUST-102509,Female,0,No,No,1,Yes,No,Fiber optic,No,No,No,No,No,No,Month-to-month,Yes,Electronic check,70.35,71.57,0
CUST-103508,Female,0,Yes,No,60,Yes,Yes,Fiber optic,No,Yes,Yes,No,Yes,Yes,Month-to-month,Yes,Electronic check,106.13,6410.87,0
CUST-100967,Female,1,No,No,11,Yes,Yes,Fiber optic,No,No,No,No,No,Yes,Month-to-month,Yes,Credit card (automatic),84.66,907.3,1
CUST-100906,Female,0,No,No,52,Yes,No,DSL,Yes,No,No,No,No,No,Month-to-month,Yes,Bank transfer (automatic),50.17,2536.32,0
CUST-105679,Female,0,Yes,No,61,Yes,Yes,Fiber optic,No,No,Yes,Yes,Yes,Yes,One year,Yes,Bank transfer (automatic),103.46,6519.21,0
CUST-100101,Male,0,Yes,No,72,Yes,Yes,No,No internet service,No internet service,No internet service,No internet service,No internet service,No internet service,Two year,No,Credit card (automatic),24.57,1872.37,0
CUST-104282,Female,0,No,No,39,No,No phone service,DSL,No,No,Yes,No,Yes,Yes,Month-to-month,Yes,Electronic check,50.73,2008.28,1
CUST-100377,Male,0,Yes,Yes,57,Yes,No,No,No internet service,No internet service,No internet service,No internet service,No internet service,No internet service,One year,No,Mailed check,19.26,1061.36,0
CUST-105370,Female,0,Yes,Yes,6,Yes,No,DSL,Yes,Yes,No,No,No,No,Month-to-month,No,Credit card (automatic),55.58,363.6,1
CUST-100021,Female,0,Yes,No,16,Yes,Yes,Fiber optic,No,No,No,No,Yes,No,Month-to-month,Yes,Electronic check,84.44,1377.42,1
CUST-103262,Female,0,Yes,Yes,23,Yes,No,DSL,Yes,Yes,Yes,Yes,No,No,One year,Yes,Mailed check,66.25,1537.35,0
CUST-102634,Female,0,Yes,Yes,60,No,No phone service,DSL,Yes,No,Yes,Yes,Yes,Yes,Two year,No,Credit card (automatic),59.88,3589.26,0
CUST-100313,Male,0,Yes,No,41,Yes,No,No,No internet service,No internet service,No internet service,No internet service,No internet service,No internet service,Two year,Yes,Electronic check,19.5,900.56,0
CUST-106227,Male,0,Yes,Yes,17,Yes,Yes,DSL,Yes,No,No,Yes,No,No,One year,Yes,Mailed check,62.02,1098.81,0
CUST-102180,Female,0,No,No,1,Yes,No,Fiber optic,No,No,No,No,No,No,Month-to-month,Yes,Electronic check,70.05,70.56,1
CUST-102954,Male,0,Yes,No,30,Yes,Yes,Fiber optic,No,No,No,No,Yes,Yes,Month-to-month,Yes,Credit card (automatic),94.09,2865.43,1
CUST-100319,Male,0,No,No,67,Yes,No,DSL,Yes,No,Yes,No,No,Yes,Two year,No,Bank transfer (automatic),65.62,4362.08,0
CUST-101961,Male,0,No,No,27,Yes,No,DSL,Yes,No,No,No,No,No,Month-to-month,No,Mailed check,50.54,1409.29,0
CUST-102370,Male,0,Yes,Yes,31,Yes,No,DSL,No,No,Yes,Yes,No,No,Month-to-month,No,Mailed check,54.22,1649.27,0
CUST-102635,Male,0,Yes,Yes,11,Yes,No,Fiber optic,No,No,No,No,Yes,No,Month-to-month,Yes,Bank transfer (automatic),79.55,866.5,1
CUST-106129,Male,0,Yes,Yes,60,Yes,No,No,No internet service,No internet service,No internet service,No internet service,No internet service,No internet service,Two year,No,Mailed check,20.48,1204.49,0
CUST-103308,Male,0,No,No,72,Yes,No,No,No internet service,No internet service,No internet service,No internet service,No internet service,No internet service,Two year,No,Bank transfer (automatic),19.51,1431.93,0
CUST-102499,Male,0,Yes,Yes,50,Yes,No,No,No internet service,No internet service,No internet service,No internet service,No internet service,No internet service,One year,Yes,Mailed check,20.39,942.12,0
CUST-105594,Male,0,No,No,2,Yes,No,Fiber optic,No,No,No,No,No,Yes,Month-to-month,Yes,Electronic check,80.89,171.25,1
CUST-105735,Female,0,No,Yes,4,Yes,No,No,No internet service,No internet service,No internet service,No internet service,No internet service,No internet service,One year,Yes,Mailed check,20.67,85.04,0
CUST-104432,Male,0,No,No,4,Yes,No,Fiber optic,No,No,No,No,Yes,No,Month-to-month,No,Electronic check,77.37,300.37,1
CUST-101376,Male,1,Yes,No,44,Yes,Yes,Fiber optic,No,No,Yes,No,Yes,No,Month-to-month,Yes,Electronic check,89.33,4040.48,0
CUST-101236,Female,0,No,No,18,Yes,Yes,DSL,Yes,No,Yes,No,No,No,Month-to-month,Yes,Mailed check,60.6,1156.53,0
CUST-105828,Male,0,Yes,Yes,21,No,No phone service,DSL,No,No,No,No,No,No,Month-to-month,Yes,Electronic check,25.83,566.91,0
CUST-100523,Female,1,Yes,No,48,Yes,No,Fiber optic,No,No,No,No,No,No,Month-to-month,Yes,Bank transfer (automatic),70.57,3544.55,0
CUST-105361,Male,0,Yes,Yes,7,Yes,No,DSL,Yes,No,Yes,Yes,No,Yes,Month-to-month,Yes,Credit card (automatic),71.34,518.55,0
CUST-102126,Female,1,No,No,8,Yes,Yes,Fiber optic,No,No,No,No,No,No,Month-to-month,Yes,Electronic check,75.77,601.86,1
CUST-106691,Female,0,No,No,11,No,No phone service,DSL,No,No,No,No,Yes,No,Month-to-month,Yes,Mailed check,35.88,361.53,0
CUST-100311,Male,0,No,No,2,No,No phone service,DSL,No,No,No,No,No,No,Month-to-month,Yes,Credit card (automatic),25.02,50.37,0
CUST-102134,Female,0,No,No,35,Yes,Yes,Fiber optic,No,No,No,No,Yes,No,Month-to-month,Yes,Electronic check,86.58,3027.35,1
CUST-100946,Female,1,Yes,No,70,Yes,Yes,Fiber optic,No,Yes,No,Yes,Yes,Yes,One year,Yes,Bank transfer (automatic),105.56,7195.07,0
CUST-101879,Female,0,No,No,18,Yes,Yes,Fiber optic,No,Yes,No,No,Yes,No,Month-to-month,Yes,Credit card (automatic),90.13,1525.26,1
CUST-100192,Male,0,No,No,69,Yes,Yes,DSL,Yes,Yes,Yes,Yes,Yes,Yes,Two year,No,Mailed check,90.61,6324.94,0
CUST-101692,Male,0,Yes,Yes,63,Yes,Yes,No,No internet service,No internet service,No internet service,No internet service,No internet service,No internet service,Two year,No,Credit card (automatic),24.71,1575.35,0
CUST-101573,Male,0,No,No,16,Yes,No,Fiber optic,No,No,No,No,No,No,Month-to-month,Yes,Credit card (automatic),69.85,1205.71,0
CUST-102437,Male,0,Yes,Yes,52,Yes,No,DSL,Yes,Yes,Yes,No,Yes,Yes,Two year,No,Electronic check,79.32,4015.46,0
CUST-107032,Female,0,No,No,6,Yes,No,Fiber optic,No,No,Yes,No,No,Yes,Month-to-month,No,Electronic check,83.94,495.53,1
CUST-104419,Male,0,Yes,No,65,Yes,Yes,Fiber optic,No,Yes,No,No,Yes,No,Month-to-month,Yes,Bank transfer (automatic),91.62,5942.5,1
CUST-101399,Female,0,Yes,Yes,67,Yes,Yes,Fiber optic,No,Yes,No,Yes,Yes,No,Two year,No,Credit card (automatic),94.34,6302.0,0
CUST-107039,Female,0,No,No,14,Yes,Yes,DSL,No,Yes,No,No,No,No,One year,Yes,Mailed check,54.46,773.48,0
CUST-101852,Female,0,Yes,No,72,Yes,Yes,DSL,Yes,Yes,Yes,Yes,Yes,Yes,Two year,Yes,Bank transfer (automatic),91.51,6637.73,0
CUST-100964,Male,1,Yes,No,33,No,No phone service,DSL,No,Yes,Yes,Yes,Yes,No,Month-to-month,Yes,Electronic check,50.12,1751.09,0
CUST-100785,Male,0,No,Yes,30,No,No phone service,DSL,No,No,No,No,Yes,Yes,Month-to-month,Yes,Electronic check,44.64,1308.45,0
CUST-105186,Female,0,No,No,1,Yes,No,Fiber optic,No,No,No,No,Yes,No,Month-to-month,No,Electronic check,79.44,79.06,1
CUST-102378,Male,0,No,No,6,Yes,No,No,No internet service,No internet service,No internet service,No internet service,No internet service,No internet service,Month-to-month,No,Mailed check,20.82,109.31,0
CUST-103966,Male,0,Yes,No,38,Yes,Yes,DSL,No,No,Yes,Yes,No,Yes,One year,No,Credit card (automatic),68.77,2669.91,0
CUST-105035,Male,0,No,No,1,Yes,No,No,No internet service,No internet service,No internet service,No internet service,No internet service,No internet service,Month-to-month,Yes,Mailed check,20.35,20.24,0
CUST-102720,Male,0,No,No,8,Yes,No,Fiber optic,No,No,No,No,No,No,Month-to-month,No,Bank transfer (automatic),70.87,554.88,0
CUST-104283,Male,0,No,Yes,1,Yes,No,No,No internet service,No internet service,No internet service,No internet service,No internet service,No internet service,Month-to-month,No,Mailed check,20.6,24.18,0
CUST-101867,Male,0,No,Yes,1,Yes,No,No,No internet service,No internet service,No internet service,No internet service,No internet service,No internet service,Month-to-month,No,Mailed check,19.23,19.32,1
CUST-103353,Female,1,Yes,No,72,Yes,Yes,DSL,Yes,Yes,Yes,Yes,No,Yes,Two year,No,Bank transfer (automatic),78.65,5682.27,0
CUST-100199,Male,0,No,No,6,Yes,No,DSL,No,Yes,No,No,Yes,No,Month-to-month,No,Electronic check,59.34,358.22,0
CUST-105261,Female,0,Yes,No,55,Yes,No,DSL,Yes,Yes,No,Yes,No,No,Two year,No,Mailed check,56.41,3113.53,0
CUST-104026,Female,0,Yes,No,52,Yes,Yes,Fiber optic,No,Yes,No,Yes,Yes,Yes,Month-to-month,Yes,Credit card (automatic),102.71,5138.79,0
CUST-101233,Male,0,Yes,No,64,Yes,No,Fiber optic,Yes,No,No,No,No,No,Month-to-month,Yes,Mailed check,73.8,4764.36,0
CUST-101491,Female,0,Yes,No,72,Yes,Yes,No,No internet service,No internet service,No internet service,No internet service,No internet service,No internet service,Two year,Yes,Mailed check,25.94,1775.36,0
CUST-101254,Male,0,No,No,1,Yes,No,Fiber optic,No,No,No,No,Yes,No,Month-to-month,Yes,Electronic check,79.26,77.47,1
CUST-103556,Male,0,No,No,13,Yes,No,Fiber optic,No,Yes,Yes,No,No,No,Month-to-month,Yes,Electronic check,79.99,974.88,1
CUST-100512,Female,0,No,No,1,Yes,No,Fiber optic,No,Yes,No,No,No,No,Month-to-month,No,Electronic check,75.44,73.58,1
CUST-104590,Male,1,Yes,Yes,72,Yes,Yes,Fiber optic,Yes,Yes,Yes,Yes,Yes,Yes,Two year,Yes,Bank transfer (automatic),114.98,8195.76,0
CUST-105336,Male,0,Yes,Yes,55,Yes,No,No,No internet service,No internet service,No internet service,No internet service,No internet service,No internet service,Two year,No,Bank transfer (automatic),19.33,1152.17,0
CUST-105275,Female,0,Yes,Yes,72,Yes,Yes,No,No internet service,No internet service,No internet service,No internet service,No internet service,No internet service,Two year,No,Mailed check,24.63,1858.34,0
CUST-104615,Female,0,Yes,No,48,Yes,Yes,DSL,Yes,No,No,Yes,No,No,One year,Yes,Bank transfer (automatic),60.26,2985.45,0
CUST-103400,Female,0,Yes,Yes,68,Yes,Yes,DSL,Yes,Yes,Yes,Yes,Yes,Yes,Two year,No,Credit card (automatic),87.88,6158.11,0
CUST-102326,Female,0,Yes,No,27,Yes,Yes,Fiber optic,No,No,No,No,Yes,Yes,Month-to-month,No,Credit card (automatic),95.02,2462.81,0
CUST-106162,Female,0,No,No,16,No,No phone service,DSL,Yes,No,No,No,Yes,No,Month-to-month,Yes,Electronic check,38.92,665.68,0
CUST-103646,Male,0,Yes,No,17,No,No phone service,DSL,No,No,Yes,Yes,Yes,Yes,One year,No,Electronic check,54.64,933.16,0
CUST-105729,Male,0,Yes,Yes,39,Yes,No,DSL,Yes,Yes,Yes,No,No,No,One year,No,Electronic check,59.83,2346.81,0
CUST-102192,Male,0,No,No,58,Yes,Yes,Fiber optic,No,No,No,Yes,No,No,Month-to-month,No,Bank transfer (automatic),80.61,4806.85,0
CUST-101498,Male,1,No,No,1,Yes,No,No,No internet service,No internet service,No internet service,No internet service,No internet service,No internet service,Month-to-month,No,Mailed check,19.67,19.63,1
CUST-102696,Male,0,Yes,Yes,24,Yes,Yes,DSL,Yes,No,No,No,No,No,Month-to-month,No,Electronic check,54.42,1338.31,1
CUST-106302,Male,0,No,No,65,Yes,Yes,No,No internet service,No internet service,No internet service,No internet service,No internet service,No internet service,Two year,Yes,Bank transfer (automatic),25.07,1725.43,0
CUST-101251,Male,0,Yes,Yes,53,Yes,Yes,DSL,Yes,Yes,No,Yes,No,No,One year,No,Bank transfer (automatic),63.99,3493.05,0
CUST-104521,Male,0,No,No,32,Yes,No,Fiber optic,No,No,No,Yes,Yes,Yes,Month-to-month,Yes,Electronic check,95.82,3181.58,1
CUST-103855,Female,1,No,No,57,No,No phone service,DSL,No,Yes,Yes,No,Yes,Yes,Month-to-month,Yes,Electronic check,55.1,3094.48,0
CUST-104557,Male,0,No,No,7,No,No phone service,DSL,Yes,No,Yes,No,No,No,One year,No,Mailed check,35.44,264.34,0
CUST-104227,Male,0,No,No,5,Yes,Yes,DSL,No,No,No,No,No,No,Month-to-month,No,Electronic check,47.07,222.69,1
CUST-103825,Female,0,No,No,12,Yes,No,No,No internet service,No internet service,No internet service,No internet service,No internet service,No internet service,Month-to-month,No,Mailed check,20.25,221.73,0
CUST-103417,Female,0,Yes,Yes,72,Yes,Yes,DSL,Yes,Yes,No,Yes,Yes,No,Two year,No,Mailed check,74.59,5429.94,0
CUST-102042,Female,0,No,No,41,Yes,Yes,Fiber optic,Yes,Yes,Yes,Yes,Yes,Yes,Month-to-month,Yes,Bank transfer (automatic),114.63,4526.27,1
CUST-104906,Male,0,No,No,1,Yes,No,DSL,No,No,Yes,No,No,No,Month-to-month,No,Mailed check,51.05,49.79,1
CUST-104215,Female,1,Yes,No,29,Yes,Yes,Fiber optic,No,No,Yes,No,Yes,Yes,Month-to-month,Yes,Bank transfer (automatic),99.55,2952.31,1
CUST-106892,Male,0,No,No,71,Yes,Yes,Fiber optic,Yes,No,No,Yes,No,Yes,One year,No,Credit card (automatic),97.19,6687.21,0
CUST-103745,Female,0,No,No,4,Yes,No,Fiber optic,No,No,No,No,No,No,Month-to-month,Yes,Electronic check,70.4,269.57,1
CUST-106839,Male,0,No,No,1,Yes,No,DSL,No,No,No,No,No,Yes,Month-to-month,Yes,Mailed check,55.63,54.5,1
CUST-104596,Male,0,No,No,3,Yes,No,Fiber optic,No,No,Yes,No,No,Yes,Month-to-month,No,Credit card (automatic),85.69,258.31,0
CUST-102560,Female,0,Yes,Yes,50,Yes,No,No,No internet service,No internet service,No internet service,No internet service,No internet service,No internet service,Two year,No,Bank transfer (automatic),20.02,931.98,0
CUST-105610,Female,0,Yes,Yes,22,Yes,Yes,No,No internet service,No internet service,No internet service,No internet service,No internet service,No internet service,Two year,No,Credit card (automatic),25.06,553.55,0
CUST-106492,Male,1,Yes,No,1,Yes,Yes,Fiber optic,No,No,No,No,Yes,No,Month-to-month,Yes,Electronic check,85.87,84.94,1
CUST-100739,Male,0,Yes,No,71,Yes,No,DSL,Yes,No,No,Yes,No,No,Two year,No,Bank transfer (automatic),54.21,3776.94,0
CUST-103368,Male,1,Yes,No,54,No,No phone service,DSL,No,No,No,No,No,No,Month-to-month,Yes,Bank transfer (automatic),24.74,1362.89,0
CUST-101035,Male,0,No,Yes,29,No,No phone service,DSL,Yes,Yes,Yes,Yes,No,No,Month-to-month,Yes,Mailed check,45.24,1241.06,0
CUST-107041,Male,0,Yes,Yes,44,Yes,No,DSL,No,Yes,No,Yes,No,No,Month-to-month,Yes,Bank transfer (automatic),55.06,2548.83,0
CUST-106737,Female,0,No,No,18,Yes,Yes,Fiber optic,No,No,Yes,Yes,No,Yes,Month-to-month,Yes,Bank transfer (automatic),95.06,1682.43,0
CUST-102107,Male,0,Yes,Yes,1,Yes,No,Fiber optic,No,No,No,No,No,No,Month-to-month,Yes,Mailed check,70.63,70.85,1
CUST-104140,Female,0,No,No,4,Yes,No,DSL,No,Yes,No,No,Yes,Yes,Month-to-month,Yes,Bank transfer (automatic),68.51,261.3,1
CUST-103373,Male,0,No,Yes,1,Yes,No,DSL,No,No,No,Yes,No,Yes,Month-to-month,Yes,Mailed check,59.64,60.82,0
CUST-101761,Female,1,No,No,17,Yes,No,No,No internet service,No internet service,No internet service,No internet service,No internet service,No internet service,One year,No,Mailed check,20.69,329.71,0
CUST-103553,Female,0,No,Yes,1,Yes,Yes,No,No internet service,No internet service,No internet service,No internet service,No internet service,No internet service,Month-to-month,No,Mailed check,25.31,20.73,0
CUST-100187,Female,0,Yes,No,72,Yes,Yes,No,No internet service,No internet service,No internet service,No internet service,No internet service,No internet service,Two year,No,Electronic check,24.59,1751.86,0
CUST-101614,Female,0,No,No,1,Yes,No,No,No internet service,No internet service,No internet service,No internet service,No internet service,No internet service,Month-to-month,Yes,Mailed check,20.24,18.17,1
CUST-100795,Female,0,No,Yes,46,Yes,Yes,Fiber optic,No,No,Yes,Yes,No,No,Month-to-month,Yes,Bank transfer (automatic),84.55,3959.31,0
CUST-102805,Female,1,No,No,6,Yes,No,Fiber optic,Yes,No,No,No,No,No,Month-to-month,Yes,Electronic check,74.18,450.7,0
CUST-103726,Male,1,No,No,52,Yes,Yes,Fiber optic,No,No,No,No,No,No,Month-to-month,Yes,Bank transfer (automatic),73.13,3827.82,0
CUST-102116,Female,0,No,No,19,No,No phone service,DSL,No,Yes,No,No,No,Yes,Month-to-month,Yes,Electronic check,39.73,710.7,0
CUST-104539,Female,0,Yes,No,49,Yes,No,No,No internet service,No internet service,No internet service,No internet service,No internet service,No internet service,One year,Yes,Bank transfer (automatic),20.17,920.49,0
CUST-104363,Male,0,No,No,1,Yes,No,Fiber optic,No,No,No,No,No,No,Month-to-month,Yes,Mailed check,71.36,70.35,1
CUST-101975,Male,0,No,No,17,Yes,Yes,Fiber optic,No,No,Yes,Yes,No,Yes,Month-to-month,Yes,Bank transfer (automatic),95.6,1638.45,0
CUST-106029,Male,1,Yes,No,23,Yes,No,No,No internet service,No internet service,No internet service,No internet service,No internet service,No internet service,One year,Yes,Electronic check,20.57,485.12,0
CUST-106753,Male,0,No,No,52,Yes,No,No,No internet service,No internet service,No internet service,No internet service,No internet service,No internet service,Two year,No,Bank transfer (automatic),21.14,1108.57,0
CUST-103230,Male,0,No,No,1,Yes,No,Fiber optic,No,Yes,No,No,No,Yes,Month-to-month,Yes,Electronic check,84.74,84.82,0
CUST-104500,Male,1,No,No,16,Yes,Yes,Fiber optic,No,No,No,No,Yes,No,Month-to-month,Yes,Electronic check,86.59,1280.19,1
CUST-101463,Female,0,Yes,No,33,Yes,No,No,No internet service,No internet service,No internet service,No internet service,No internet service,No internet service,Month-to-month,No,Mailed check,19.73,669.75,0
CUST-105818,Female,0,Yes,Yes,24,Yes,No,No,No internet service,No internet service,No internet service,No internet service,No internet service,No internet service,Two year,Yes,Credit card (automatic),21.16,490.43,0
CUST-106152,Female,0,Yes,No,72,Yes,Yes,Fiber optic,Yes,Yes,Yes,No,Yes,Yes,Two year,Yes,Credit card (automatic),110.66,8065.53,0
CUST-100154,Female,0,No,No,72,Yes,Yes,Fiber optic,No,Yes,Yes,Yes,Yes,Yes,Two year,Yes,Credit card (automatic),108.18,7804.97,0
CUST-103494,Female,0,No,Yes,1,Yes,No,Fiber optic,No,No,No,No,No,No,Month-to-month,Yes,Electronic check,69.8,69.5,1
CUST-101044,Female,0,Yes,No,72,Yes,Yes,Fiber optic,Yes,Yes,Yes,Yes,Yes,Yes,Two year,Yes,Bank transfer (automatic),115.59,8313.27,0
CUST-105493,Female,0,Yes,No,64,Yes,Yes,No,No internet service,No internet service,No internet service,No internet service,No internet service,No internet service,Two year,No,Credit card (automatic),24.83,1587.16,0
CUST-101231,Male,1,No,No,17,Yes,No,Fiber optic,No,Yes,Yes,No,Yes,Yes,Month-to-month,Yes,Electronic check,101.47,1751.1,0
CUST-103484,Female,0,No,No,41,Yes,No,No,No internet service,No internet service,No internet service,No internet service,No internet service,No internet service,Two year,No,Mailed check,20.02,809.42,0
CUST-104411,Male,0,No,No,6,Yes,No,Fiber optic,No,No,No,No,No,No,Month-to-month,Yes,Electronic check,68.86,436.51,0
CUST-103270,Male,0,No,No,56,Yes,Yes,No,No internet service,No internet service,No internet service,No internet service,No internet service,No internet service,One year,No,Electronic check,25.15,1332.28,1
CUST-100895,Male,0,No,No,72,Yes,No,No,No internet service,No internet service,No internet service,No internet service,No internet service,No internet service,Two year,Yes,Credit card (automatic),19.92,1468.95,0
CUST-106088,Male,0,No,No,1,Yes,No,No,No internet service,No internet service,No internet service,No internet service,No internet service,No internet service,Month-to-month,No,Mailed check,20.29,20.67,0
CUST-101723,Female,0,Yes,Yes,35,Yes,Yes,No,No internet service,No internet service,No internet service,No internet service,No internet service,No internet service,Two year,Yes,Credit card (automatic),25.13,947.91,0
CUST-102646,Female,0,No,No,49,Yes,No,DSL,Yes,Yes,Yes,Yes,No,No,Two year,No,Bank transfer (automatic),67.4,3305.11,0
CUST-105644,Female,0,Yes,Yes,72,Yes,Yes,Fiber optic,Yes,Yes,Yes,Yes,Yes,Yes,Two year,Yes,Bank transfer (automatic),117.94,8307.76,0
CUST-105377,Male,0,Yes,Yes,50,Yes,Yes,Fiber optic,Yes,Yes,Yes,No,Yes,Yes,One year,Yes,Electronic check,108.11,5433.93,0
CUST-106777,Male,0,No,No,12,Yes,No,Fiber optic,No,No,No,No,No,Yes,Month-to-month,Yes,Bank transfer (automatic),79.85,1045.12,0
CUST-100090,Male,0,No,No,32,Yes,No,Fiber optic,No,No,No,No,Yes,Yes,Month-to-month,No,Electronic check,90.77,2871.95,0
CUST-103772,Male,0,No,No,44,Yes,No,Fiber optic,No,Yes,No,Yes,Yes,Yes,Month-to-month,No,Electronic check,100.53,4397.23,1
CUST-101079,Female,0,Yes,Yes,24,Yes,Yes,DSL,Yes,Yes,Yes,No,No,No,Two year,No,Electronic check,64.25,1558.55,0
CUST-105189,Female,0,No,No,48,Yes,Yes,No,No internet service,No internet service,No internet service,No internet service,No internet service,No internet service,One year,No,Credit card (automatic),24.82,1170.66,0
CUST-103987,Female,0,No,No,1,Yes,No,Fiber optic,No,No,No,No,No,Yes,Month-to-month,Yes,Electronic check,79.71,78.74,1
CUST-102230,Female,0,No,No,10,Yes,No,No,No internet service,No internet service,No internet service,No internet service,No internet service,No internet service,Month-to-month,No,Mailed check,19.16,162.54,0
CUST-100683,Male,0,Yes,Yes,71,Yes,Yes,Fiber optic,No,Yes,Yes,No,Yes,Yes,Two year,Yes,Bank transfer (automatic),105.74,7724.29,1
CUST-105491,Male,0,No,No,8,Yes,No,DSL,No,No,No,No,No,No,Month-to-month,Yes,Mailed check,45.31,439.39,1
CUST-106259,Female,0,Yes,Yes,54,Yes,Yes,DSL,No,Yes,Yes,No,No,No,Two year,Yes,Bank transfer (automatic),60.01,3247.72,0
CUST-102500,Male,0,No,No,1,Yes,No,No,No internet service,No internet service,No internet service,No internet service,No internet service,No internet service,Month-to-month,Yes,Mailed check,19.74,16.91,0
CUST-102343,Female,0,Yes,Yes,55,Yes,Yes,No,No internet service,No internet service,No internet service,No internet service,No internet service,No internet service,Two year,Yes,Credit card (automatic),25.45,1390.24,0
CUST-105124,Female,0,No,No,1,Yes,No,Fiber optic,No,No,Yes,No,No,No,Month-to-month,Yes,Mailed check,74.83,74.28,1
CUST-104718,Female,0,No,No,50,Yes,No,Fiber optic,No,No,Yes,Yes,No,Yes,Two year,Yes,Bank transfer (automatic),89.72,4305.02,0
CUST-102095,Male,0,Yes,Yes,66,Yes,No,DSL,Yes,Yes,Yes,Yes,No,No,Two year,No,Mailed check,65.69,4098.95,0
CUST-106321,Female,0,Yes,No,68,Yes,Yes,DSL,Yes,No,No,Yes,No,No,One year,No,Bank transfer (automatic),58.15,3974.74,0
CUST-104667,Male,0,No,No,7,Yes,No,No,No internet service,No internet service,No internet service,No internet service,No internet service,No internet service,Two year,No,Mailed check,19.29,166.66,0
CUST-101593,Male,0,No,No,21,Yes,No,No,No internet service,No internet service,No internet service,No internet service,No internet service,No internet service,Month-to-month,Yes,Mailed check,20.01,418.02,0
CUST-107008,Female,1,Yes,No,42,Yes,Yes,Fiber optic,No,No,No,No,Yes,Yes,Month-to-month,Yes,Electronic check,94.99,3943.81,0
CUST-101037,Female,0,No,No,3,Yes,Yes,Fiber optic,No,No,No,No,Yes,Yes,Month-to-month,Yes,Electronic check,96.89,291.4,1
CUST-106869,Female,0,No,No,57,Yes,No,DSL,No,Yes,Yes,Yes,Yes,No,Two year,No,Mailed check,69.78,3894.32,0
CUST-100070,Female,0,Yes,No,30,Yes,No,DSL,No,Yes,Yes,Yes,No,Yes,One year,No,Bank transfer (automatic),70.34,2200.85,0
CUST-105808,Male,0,Yes,Yes,62,Yes,No,No,No internet service,No internet service,No internet service,No internet service,No internet service,No internet service,Two year,No,Bank transfer (automatic),20.34,1296.59,0
CUST-104518,Male,0,No,No,27,Yes,No,No,No internet service,No internet service,No internet service,No internet service,No internet service,No internet service,Month-to-month,Yes,Credit card (automatic),19.42,459.13,0
CUST-104729,Female,0,Yes,No,19,Yes,No,DSL,No,No,No,No,No,No,Month-to-month,No,Mailed check,44.97,838.38,0
CUST-103326,Male,0,No,No,2,No,No phone service,DSL,No,No,Yes,No,Yes,Yes,Month-to-month,Yes,Electronic check,49.13,89.4,1
CUST-101803,Female,0,Yes,Yes,68,Yes,Yes,Fiber optic,No,Yes,Yes,No,No,No,Two year,Yes,Credit card (automatic),84.7,5745.96,0
CUST-101916,Female,0,Yes,Yes,17,Yes,Yes,Fiber optic,No,No,No,No,No,Yes,Month-to-month,Yes,Electronic check,85.31,1452.66,1
CUST-103033,Female,0,No,No,13,Yes,Yes,Fiber optic,No,Yes,Yes,Yes,No,No,Month-to-month,No,Electronic check,89.32,1129.44,1
CUST-102663,Male,0,No,No,9,Yes,Yes,Fiber optic,No,No,No,No,Yes,No,Month-to-month,Yes,Electronic check,85.4,789.42,0
CUST-101613,Male,1,No,No,67,Yes,Yes,Fiber optic,No,No,No,No,No,No,Month-to-month,Yes,Mailed check,75.97,5055.87,0
CUST-103483,Male,1,Yes,No,7,Yes,No,Fiber optic,No,No,No,No,Yes,Yes,Month-to-month,Yes,Electronic check,89.55,675.89,1
CUST-100908,Female,0,No,Yes,2,Yes,Yes,Fiber optic,No,No,No,No,Yes,Yes,Month-to-month,Yes,Bank transfer (automatic),93.79,192.29,1
CUST-105129,Female,0,No,No,40,Yes,No,Fiber optic,No,Yes,No,No,No,No,Month-to-month,No,Credit card (automatic),74.84,2970.75,0
CUST-100647,Male,0,No,No,67,Yes,Yes,Fiber optic,Yes,Yes,Yes,Yes,Yes,Yes,Two year,No,Credit card (automatic),115.96,7752.12,1
CUST-106355,Male,1,No,No,33,No,No phone service,DSL,No,No,Yes,Yes,Yes,Yes,Month-to-month,Yes,Electronic check,54.63,1800.91,0
CUST-105606,Female,0,Yes,Yes,15,Yes,No,No,No internet service,No internet service,No internet service,No internet service,No internet service,No internet service,Month-to-month,No,Mailed check,20.06,274.3,0
CUST-105686,Male,1,No,No,1,Yes,No,Fiber optic,No,No,No,No,No,No,Month-to-month,Yes,Electronic check,69.32,71.58,1
CUST-100309,Male,0,Yes,No,51,Yes,Yes,Fiber optic,No,Yes,No,No,No,Yes,One year,Yes,Credit card (automatic),90.34,4612.94,0
CUST-103089,Female,0,No,No,7,Yes,No,Fiber optic,No,No,No,No,Yes,No,Month-to-month,Yes,Electronic check,79.03,522.96,1
CUST-101089,Male,1,Yes,Yes,52,Yes,Yes,DSL,No,Yes,Yes,No,Yes,Yes,One year,Yes,Electronic check,81.16,4079.7,0
CUST-105130,Male,1,Yes,No,65,Yes,Yes,Fiber optic,Yes,No,No,No,Yes,Yes,One year,Yes,Electronic check,100.53,6672.16,0
CUST-105357,Female,0,Yes,Yes,42,Yes,Yes,Fiber optic,Yes,Yes,No,No,Yes,No,One year,Yes,Credit card (automatic),94.68,3923.63,0
CUST-101523,Male,1,No,No,54,No,No phone service,DSL,No,Yes,Yes,No,Yes,Yes,One year,Yes,Electronic check,55.6,2966.22,0
CUST-101454,Female,0,No,Yes,4,Yes,No,Fiber optic,No,No,Yes,Yes,Yes,Yes,Month-to-month,Yes,Bank transfer (automatic),97.87,395.8,1
CUST-103658,Male,0,No,No,5,Yes,Yes,Fiber optic,No,No,No,No,Yes,Yes,Month-to-month,Yes,Bank transfer (automatic),95.11,463.63,1
CUST-103202,Female,0,Yes,Yes,17,Yes,No,DSL,Yes,No,No,Yes,No,No,Month-to-month,Yes,Credit card (automatic),55.26,921.93,0
CUST-105054,Female,0,No,No,12,Yes,No,Fiber optic,No,No,Yes,No,Yes,Yes,One year,No,Mailed check,95.62,1114.6,1
CUST-100030,Male,1,Yes,No,4,No,No phone service,DSL,No,No,Yes,No,No,No,Month-to-month,Yes,Electronic check,29.95,117.38,0
CUST-106804,Male,0,No,No,49,Yes,Yes,Fiber optic,No,No,No,No,No,No,Month-to-month,Yes,Bank transfer (automatic),74.64,3719.07,0
CUST-106716,Female,0,Yes,No,67,Yes,Yes,Fiber optic,Yes,No,Yes,Yes,Yes,Yes,One year,Yes,Electronic check,111.15,7511.3,0
CUST-100628,Female,0,No,No,40,Yes,No,DSL,Yes,Yes,No,No,Yes,No,Month-to-month,No,Mailed check,65.31,2584.23,0
CUST-103049,Male,0,Yes,Yes,50,Yes,Yes,DSL,No,No,Yes,Yes,Yes,No,One year,Yes,Electronic check,69.78,3443.03,0
CUST-106559,Female,0,Yes,No,13,Yes,Yes,Fiber optic,No,Yes,Yes,No,Yes,No,Month-to-month,No,Electronic check,94.08,1215.06,1
CUST-101176,Female,0,No,No,7,Yes,Yes,Fiber optic,No,No,No,No,No,No,Month-to-month,Yes,Bank transfer (automatic),75.16,553.36,1
CUST-104786,Female,0,No,No,25,Yes,No,Fiber optic,Yes,Yes,No,No,No,No,Month-to-month,Yes,Bank transfer (automatic),79.88,2014.2,1
CUST-103107,Male,0,Yes,Yes,72,Yes,Yes,DSL,Yes,Yes,Yes,Yes,Yes,Yes,Two year,Yes,Bank transfer (automatic),87.43,6463.12,0
CUST-100607,Male,0,Yes,Yes,13,Yes,Yes,No,No internet service,No internet service,No internet service,No internet service,No internet service,No internet service,One year,No,Bank transfer (automatic),24.37,342.73,0
CUST-103951,Male,0,Yes,Yes,31,Yes,Yes,Fiber optic,Yes,No,Yes,No,Yes,No,One year,No,Bank transfer (automatic),97.99,3084.34,0
CUST-105620,Female,0,Yes,Yes,13,Yes,No,DSL,Yes,No,Yes,No,No,Yes,Month-to-month,Yes,Mailed check,63.23,814.94,0
CUST-104705,Female,0,No,No,9,Yes,No,DSL,No,No,No,Yes,Yes,No,Month-to-month,Yes,Bank transfer (automatic),59.62,527.82,0
CUST-106341,Male,1,Yes,No,72,Yes,Yes,Fiber optic,Yes,Yes,Yes,Yes,Yes,Yes,Two year,Yes,Bank transfer (automatic),116.18,8402.03,0
CUST-100993,Female,0,Yes,Yes,34,Yes,No,DSL,Yes,Yes,Yes,Yes,Yes,Yes,Two year,No,Mailed check,84.57,2840.82,0
CUST-106061,Male,0,No,No,26,Yes,No,No,No internet service,No internet service,No internet service,No internet service,No internet service,No internet service,One year,Yes,Credit card (automatic),20.76,596.08,0
CUST-105903,Female,1,No,No,5,Yes,Yes,Fiber optic,No,No,No,No,Yes,No,Month-to-month,Yes,Credit card (automatic),83.14,447.53,1
CUST-105413,Male,0,Yes,Yes,30,Yes,Yes,DSL,Yes,Yes,Yes,Yes,No,No,Month-to-month,No,Electronic check,67.59,2001.79,0
CUST-102590,Male,0,Yes,No,15,Yes,Yes,Fiber optic,No,No,Yes,No,Yes,Yes,Month-to-month,Yes,Electronic check,101.42,1502.92,1
CUST-106342,Male,0,No,No,3,Yes,No,Fiber optic,No,No,No,No,No,No,Month-to-month,Yes,Mailed check,69.69,208.25,0
CUST-103077,Male,0,No,No,23,Yes,No,Fiber optic,No,Yes,No,No,Yes,Yes,Month-to-month,No,Mailed check,95.42,2192.52,0
CUST-104441,Male,0,No,No,1,Yes,No,DSL,No,No,No,No,No,Yes,Month-to-month,Yes,Electronic check,55.22,54.19,1
CUST-105204,Male,0,Yes,No,8,Yes,Yes,Fiber optic,No,No,No,No,No,Yes,Month-to-month,Yes,Bank transfer (automatic),85.62,659.36,0
CUST-106874,Male,0,Yes,Yes,67,Yes,No,DSL,Yes,No,Yes,Yes,No,Yes,Two year,No,Mailed check,67.79,4629.5,0
CUST-104754,Female,0,No,No,50,Yes,No,No,No internet service,No internet service,No internet service,No internet service,No internet service,No internet service,One year,No,Bank transfer (automatic),19.83,988.54,0
CUST-106186,Male,0,Yes,No,70,Yes,Yes,No,No internet service,No internet service,No internet service,No internet service,No internet service,No internet service,Two year,No,Bank transfer (automatic),25.06,1942.8,0
CUST-103083,Female,0,Yes,Yes,17,Yes,Yes,No,No internet service,No internet service,No internet service,No internet service,No internet service,No internet service,Month-to-month,No,Mailed check,24.32,409.34,1
CUST-103603,Female,1,Yes,No,25,Yes,No,Fiber optic,No,No,No,No,No,No,Month-to-month,Yes,Electronic check,69.28,1814.28,0
CUST-104757,Male,1,Yes,No,20,Yes,No,Fiber optic,No,Yes,No,No,No,No,Month-to-month,Yes,Electronic check,73.75,1462.21,1
CUST-101487,Female,1,Yes,Yes,28,No,No phone service,DSL,No,Yes,No,No,No,Yes,One year,Yes,Electronic check,39.03,1095.68,0
CUST-104488,Female,0,Yes,Yes,1,Yes,No,No,No internet service,No internet service,No internet service,No internet service,No internet service,No internet service,Month-to-month,No,Mailed check,19.34,20.31,1
CUST-103350,Female,1,No,No,28,Yes,Yes,Fiber optic,No,Yes,Yes,No,Yes,Yes,Month-to-month,Yes,Electronic check,105.98,3152.41,1
CUST-104125,Female,0,Yes,Yes,51,Yes,No,No,No internet service,No internet service,No internet service,No internet service,No internet service,No internet service,Two year,No,Mailed check,20.0,1030.04,0
CUST-105983,Female,0,No,No,4,Yes,No,Fiber optic,No,No,No,No,Yes,No,Month-to-month,Yes,Electronic check,78.77,302.3,1
CUST-106542,Male,0,Yes,Yes,2,Yes,No,DSL,No,No,No,No,No,No,Month-to-month,Yes,Electronic check,44.68,88.24,0
CUST-105674,Male,0,Yes,No,72,Yes,No,No,No internet service,No internet service,No internet service,No internet service,No internet service,No internet service,Two year,No,Bank transfer (automatic),20.57,1491.92,0
CUST-105737,Male,0,No,No,22,Yes,No,Fiber optic,No,Yes,No,No,Yes,Yes,Month-to-month,Yes,Mailed check,93.21,2156.52,0
CUST-106271,Female,1,No,No,2,Yes,No,DSL,No,No,No,No,No,No,Month-to-month,Yes,Electronic check,44.24,89.27,0
CUST-101024,Female,1,Yes,Yes,62,Yes,Yes,Fiber optic,No,Yes,Yes,No,No,Yes,Month-to-month,Yes,Credit card (automatic),96.02,6018.49,0
CUST-103112,Female,0,Yes,No,42,Yes,Yes,DSL,Yes,Yes,No,Yes,No,No,Month-to-month,Yes,Credit card (automatic),66.49,2727.5,0
CUST-106436,Female,0,Yes,No,11,Yes,Yes,Fiber optic,No,No,No,No,Yes,Yes,Month-to-month,Yes,Electronic check,93.49,1077.02,1
CUST-104576,Male,0,No,No,12,Yes,No,Fiber optic,No,No,No,No,Yes,No,Month-to-month,Yes,Electronic check,81.49,912.04,0
CUST-104437,Male,0,No,No,1,Yes,No,DSL,Yes,No,No,No,No,No,Month-to-month,No,Electronic check,48.07,50.24,0
CUST-106419,Female,0,Yes,No,3,Yes,Yes,Fiber optic,No,No,No,No,No,No,Month-to-month,Yes,Electronic check,75.95,255.34,1
CUST-102798,Female,1,No,No,56,Yes,Yes,Fiber optic,Yes,Yes,Yes,No,Yes,Yes,One year,No,Electronic check,110.56,6141.18,0
CUST-105766,Female,0,Yes,Yes,72,Yes,Yes,Fiber optic,Yes,Yes,No,No,Yes,Yes,One year,Yes,Electronic check,104.07,7301.99,0
CUST-104280,Female,1,Yes,No,38,Yes,Yes,Fiber optic,Yes,Yes,No,No,No,Yes,One year,No,Credit card (automatic),95.03,3590.13,0
CUST-102828,Male,1,Yes,No,31,Yes,Yes,Fiber optic,Yes,No,No,No,Yes,No,Month-to-month,No,Electronic check,89.46,2807.63,0
CUST-101510,Female,0,Yes,Yes,72,Yes,Yes,Fiber optic,Yes,Yes,Yes,Yes,Yes,Yes,Two year,Yes,Bank transfer (automatic),118.53,8671.21,0
CUST-105725,Female,0,Yes,Yes,57,Yes,No,Fiber optic,No,Yes,No,No,Yes,Yes,One year,Yes,Electronic check,95.17,5536.48,0
CUST-102495,Male,0,Yes,No,72,Yes,Yes,DSL,Yes,Yes,Yes,Yes,No,Yes,Two year,No,Bank transfer (automatic),78.69,5763.47,0
CUST-106693,Female,1,Yes,No,58,Yes,Yes,Fiber optic,No,No,No,Yes,Yes,Yes,Month-to-month,Yes,Bank transfer (automatic),100.12,5749.74,0
CUST-105842,Male,0,No,Yes,2,Yes,No,No,No internet service,No internet service,No internet service,No internet service,No internet service,No internet service,Month-to-month,No,Mailed check,19.06,47.4,0
CUST-100837,Male,0,No,No,7,Yes,No,DSL,Yes,No,No,No,No,No,Month-to-month,Yes,Mailed check,50.58,354.11,1
CUST-103101,Female,0,No,No,6,Yes,Yes,Fiber optic,No,Yes,No,No,Yes,No,Month-to-month,Yes,Electronic check,90.07,523.52,1
CUST-102897,Female,0,No,No,66,Yes,Yes,Fiber optic,Yes,Yes,Yes,Yes,Yes,No,One year,Yes,Bank transfer (automatic),104.81,6778.02,0
CUST-106108,Female,0,No,No,3,Yes,No,DSL,No,No,No,No,No,Yes,Month-to-month,Yes,Electronic check,55.41,195.5,1
CUST-100444,Female,0,No,Yes,46,Yes,No,Fiber optic,Yes,Yes,No,Yes,Yes,Yes,One year,Yes,Bank transfer (automatic),104.97,4821.82,1
CUST-105372,Female,0,Yes,No,72,Yes,Yes,Fiber optic,No,Yes,Yes,Yes,Yes,Yes,One year,Yes,Bank transfer (automatic),108.45,8003.53,0
CUST-101464,Female,0,No,No,51,Yes,Yes,Fiber optic,No,Yes,Yes,Yes,Yes,Yes,One year,Yes,Electronic check,111.43,5704.25,0
CUST-103990,Female,0,No,Yes,72,Yes,No,No,No internet service,No internet service,No internet service,No internet service,No internet service,No internet service,Two year,Yes,Mailed check,19.79,1568.88,0
CUST-100135,Female,1,Yes,Yes,68,No,No phone service,DSL,No,Yes,Yes,No,Yes,Yes,Two year,Yes,Electronic check,52.95,3657.76,0
CUST-101247,Male,0,No,No,1,Yes,No,DSL,No,No,No,No,No,No,Month-to-month,Yes,Electronic check,45.93,44.68,1
CUST-100704,Male,0,Yes,No,29,Yes,Yes,Fiber optic,No,Yes,No,No,No,No,Month-to-month,Yes,Bank transfer (automatic),80.25,2266.56,1
CUST-100325,Female,0,Yes,No,56,Yes,Yes,Fiber optic,No,No,No,No,Yes,No,Month-to-month,Yes,Bank transfer (automatic),85.61,4903.93,0
CUST-105008,Female,0,Yes,Yes,23,Yes,No,No,No internet service,No internet service,No internet service,No internet service,No internet service,No internet service,Two year,Yes,Mailed check,19.86,452.25,0
CUST-102345,Female,0,No,No,18,Yes,Yes,Fiber optic,No,No,No,No,Yes,No,Month-to-month,Yes,Electronic check,85.46,1551.71,1
CUST-101328,Male,0,No,No,9,Yes,No,Fiber optic,No,No,Yes,No,No,No,Month-to-month,Yes,Electronic check,73.67,706.91,0
CUST-101575,Male,0,No,No,28,Yes,No,No,No internet service,No internet service,No internet service,No internet service,No internet service,No internet service,One year,No,Credit card (automatic),17.99,534.16,0
CUST-105894,Male,0,No,No,20,Yes,No,Fiber optic,No,No,No,No,No,No,Month-to-month,No,Credit card (automatic),70.77,1491.76,0
CUST-101579,Male,1,No,No,32,Yes,Yes,Fiber optic,No,No,No,No,Yes,Yes,Month-to-month,Yes,Credit card (automatic),96.33,3019.4,1
CUST-103802,Male,0,No,No,14,Yes,No,No,No internet service,No internet service,No internet service,No internet service,No internet service,No internet service,Month-to-month,No,Credit card (automatic),19.64,300.24,0
CUST-103030,Male,0,Yes,No,31,Yes,Yes,DSL,No,No,No,No,Yes,No,Month-to-month,Yes,Credit card (automatic),59.12,1883.05,0
CUST-100343,Female,0,Yes,No,48,Yes,Yes,Fiber optic,No,Yes,No,Yes,Yes,Yes,Month-to-month,Yes,Credit card (automatic),104.93,5084.34,0
CUST-105958,Male,0,No,No,9,Yes,No,DSL,Yes,No,Yes,Yes,Yes,No,Month-to-month,Yes,Mailed check,69.61,654.25,0
CUST-106010,Male,1,No,No,30,Yes,Yes,Fiber optic,Yes,No,No,No,No,Yes,Month-to-month,Yes,Credit card (automatic),90.16,2596.92,0
CUST-104910,Female,0,No,No,1,Yes,No,Fiber optic,No,No,No,No,No,No,Month-to-month,Yes,Mailed check,69.89,69.12,1
CUST-105698,Female,1,No,No,15,Yes,No,Fiber optic,No,Yes,No,No,No,No,Month-to-month,Yes,Credit card (automatic),75.45,1146.89,1
CUST-103331,Female,0,No,No,1,Yes,No,No,No internet service,No internet service,No internet service,No internet service,No internet service,No internet service,Month-to-month,No,Mailed check,20.98,20.14,1
CUST-104595,Male,0,Yes,Yes,17,Yes,No,No,No internet service,No internet service,No internet service,No internet service,No internet service,No internet service,One year,No,Bank transfer (automatic),19.96,330.51,0
CUST-104001,Male,0,No,No,66,Yes,No,No,No internet service,No internet service,No internet service,No internet service,No internet service,No internet service,Two year,No,Bank transfer (automatic),19.6,1251.08,0
CUST-103362,Male,0,No,No,6,Yes,No,Fiber optic,No,Yes,No,No,Yes,No,Month-to-month,Yes,Electronic check,84.85,521.91,1
CUST-104154,Female,0,No,No,40,Yes,Yes,Fiber optic,No,No,No,No,No,Yes,Month-to-month,No,Bank transfer (automatic),83.87,3531.3,0
CUST-104975,Female,0,Yes,Yes,69,Yes,No,No,No internet service,No internet service,No internet service,No internet service,No internet service,No internet service,Two year,No,Bank transfer (automatic),19.51,1395.62,0
CUST-105490,Female,0,Yes,No,4,Yes,Yes,Fiber optic,No,Yes,No,No,Yes,No,Month-to-month,Yes,Electronic check,91.55,364.42,1
CUST-105501,Male,0,No,No,51,Yes,Yes,No,No internet service,No internet service,No internet service,No internet service,No internet service,No internet service,One year,Yes,Bank transfer (automatic),24.62,1266.28,0
CUST-105819,Male,0,No,No,16,Yes,Yes,DSL,No,Yes,No,No,No,No,Month-to-month,No,Electronic check,55.16,872.54,0
CUST-100026,Female,0,No,No,61,Yes,Yes,DSL,No,Yes,Yes,Yes,Yes,Yes,Two year,No,Credit card (automatic),88.89,5321.94,0
CUST-105234,Female,0,Yes,No,70,Yes,Yes,Fiber optic,No,No,Yes,No,Yes,Yes,One year,Yes,Electronic check,97.45,6984.42,0
CUST-102620,Female,0,No,No,18,Yes,No,Fiber optic,No,No,No,No,No,No,Month-to-month,Yes,Electronic check,71.14,1245.39,0
CUST-103760,Male,1,Yes,No,30,Yes,No,DSL,No,Yes,No,No,No,No,Month-to-month,Yes,Bank transfer (automatic),50.55,1526.56,1
CUST-100150,Male,1,Yes,No,32,Yes,Yes,Fiber optic,No,No,Yes,Yes,Yes,Yes,Month-to-month,Yes,Electronic check,105.15,3351.99,1
CUST-106933,Female,0,Yes,No,58,Yes,Yes,Fiber optic,Yes,Yes,Yes,No,Yes,Yes,One year,Yes,Credit card (automatic),111.08,6525.54,0
CUST-101226,Female,0,Yes,No,12,No,No phone service,DSL,No,No,Yes,No,Yes,Yes,Month-to-month,Yes,Bank transfer (automatic),49.93,613.91,0
CUST-104236,Male,0,No,No,1,Yes,No,Fiber optic,No,No,No,No,No,No,Month-to-month,Yes,Electronic check,68.71,68.98,1
CUST-105121,Male,0,No,No,9,Yes,No,Fiber optic,Yes,No,No,No,No,No,Month-to-month,No,Electronic check,75.64,661.22,0
CUST-103932,Female,0,Yes,Yes,71,Yes,No,No,No internet service,No internet service,No internet service,No internet service,No internet service,No internet service,Two year,No,Bank transfer (automatic),20.38,1500.79,0
CUST-101342,Female,0,Yes,No,15,Yes,No,Fiber optic,No,No,Yes,No,Yes,No,Month-to-month,Yes,Electronic check,84.22,1309.37,1
CUST-101384,Female,1,No,No,33,Yes,Yes,Fiber optic,No,Yes,Yes,Yes,Yes,Yes,Month-to-month,Yes,Electronic check,110.44,3653.37,1
CUST-104565,Female,1,No,No,4,Yes,No,Fiber optic,No,Yes,Yes,No,Yes,Yes,Month-to-month,Yes,Credit card (automatic),99.72,444.27,1
CUST-106168,Male,0,Yes,Yes,53,Yes,Yes,Fiber optic,No,Yes,Yes,No,Yes,Yes,One year,Yes,Electronic check,105.36,5579.05,0
CUST-104868,Female,0,Yes,No,64,Yes,Yes,DSL,No,No,Yes,Yes,No,No,One year,No,Bank transfer (automatic),58.16,3755.39,0
CUST-106079,Male,0,Yes,No,27,Yes,No,DSL,Yes,No,No,No,No,No,One year,No,Credit card (automatic),48.85,1421.26,0
CUST-103935,Female,0,No,No,10,Yes,Yes,Fiber optic,No,No,No,No,No,No,Month-to-month,Yes,Mailed check,75.89,777.87,0
CUST-103584,Male,0,No,No,69,Yes,Yes,DSL,Yes,Yes,Yes,Yes,No,Yes,Two year,Yes,Credit card (automatic),81.26,5554.07,0
CUST-101363,Female,0,Yes,No,71,Yes,Yes,No,No internet service,No internet service,No internet service,No internet service,No internet service,No internet service,Two year,Yes,Credit card (automatic),24.01,1731.86,0
CUST-103869,Female,0,No,No,26,No,No phone service,DSL,No,No,Yes,No,Yes,Yes,Month-to-month,Yes,Credit card (automatic),49.9,1278.36,0
CUST-104526,Female,0,Yes,No,8,Yes,No,No,No internet service,No internet service,No internet service,No internet service,No internet service,No internet service,Month-to-month,No,Bank transfer (automatic),20.17,156.26,1
CUST-103476,Female,0,Yes,No,53,Yes,No,Fiber optic,Yes,Yes,Yes,Yes,Yes,Yes,One year,No,Electronic check,110.66,5835.21,0
CUST-104034,Female,0,Yes,Yes,72,Yes,Yes,Fiber optic,Yes,Yes,No,No,Yes,No,Two year,Yes,Bank transfer (automatic),95.67,6956.2,0
CUST-104798,Female,0,Yes,No,58,Yes,Yes,DSL,Yes,No,No,Yes,No,No,One year,Yes,Bank transfer (automatic),60.98,3478.25,0
CUST-102175,Female,0,Yes,No,55,Yes,No,Fiber optic,Yes,No,No,No,Yes,Yes,One year,Yes,Electronic check,94.64,5274.44,0
CUST-101235,Female,1,Yes,No,2,Yes,Yes,Fiber optic,No,No,Yes,No,No,No,Month-to-month,No,Electronic check,79.17,174.64,1
CUST-101164,Male,0,No,No,48,Yes,No,No,No internet service,No internet service,No internet service,No internet service,No internet service,No internet service,One year,No,Bank transfer (automatic),20.13,1005.06,0
CUST-102407,Male,0,No,No,71,Yes,Yes,No,No internet service,No internet service,No internet service,No internet service,No internet service,No internet service,Two year,No,Bank transfer (automatic),25.45,1897.76,0
CUST-103498,Female,0,Yes,Yes,59,Yes,Yes,DSL,Yes,Yes,Yes,Yes,Yes,Yes,Two year,No,Credit card (automatic),90.58,5193.22,0
CUST-100889,Male,0,Yes,Yes,61,Yes,No,DSL,Yes,Yes,Yes,Yes,No,No,Two year,Yes,Bank transfer (automatic),67.83,4159.48,0
CUST-105978,Male,0,Yes,Yes,42,Yes,No,DSL,Yes,Yes,No,No,No,No,Month-to-month,No,Mailed check,54.35,2300.34,0
CUST-100627,Female,0,No,No,69,Yes,Yes,Fiber optic,No,No,Yes,Yes,Yes,Yes,Two year,No,Electronic check,104.09,7028.53,0
CUST-101836,Male,1,No,No,20,Yes,No,DSL,Yes,No,No,Yes,No,No,One year,No,Mailed check,54.05,1054.23,0
CUST-101041,Male,0,No,No,1,Yes,No,Fiber optic,No,No,No,No,No,No,Month-to-month,Yes,Electronic check,70.29,68.89,1
CUST-106192,Female,1,No,No,15,Yes,No,Fiber optic,Yes,No,Yes,Yes,No,Yes,Month-to-month,Yes,Mailed check,96.2,1426.0,1
CUST-105682,Female,0,Yes,Yes,69,Yes,Yes,DSL,Yes,Yes,No,Yes,Yes,No,One year,No,Credit card (automatic),73.87,4884.33,0
CUST-104433,Male,1,Yes,No,54,Yes,Yes,Fiber optic,No,No,Yes,No,Yes,Yes,Month-to-month,Yes,Credit card (automatic),98.75,5297.97,0
CUST-104674,Female,0,No,No,55,Yes,No,DSL,Yes,No,No,No,No,No,Month-to-month,Yes,Credit card (automatic),50.21,2830.95,0
CUST-105756,Male,1,No,No,39,Yes,Yes,Fiber optic,No,Yes,No,No,No,Yes,Month-to-month,No,Electronic check,90.64,3412.64,0
CUST-102281,Male,0,Yes,Yes,69,Yes,Yes,Fiber optic,Yes,Yes,Yes,Yes,Yes,Yes,Two year,Yes,Bank transfer (automatic),114.44,7665.3,0
CUST-104358,Female,0,No,No,28,Yes,No,DSL,Yes,No,No,Yes,No,No,One year,No,Mailed check,54.08,1548.63,0
CUST-100225,Male,0,No,No,42,Yes,Yes,Fiber optic,No,No,No,Yes,Yes,Yes,Month-to-month,Yes,Electronic check,100.29,4221.05,0
CUST-102355,Male,0,Yes,Yes,72,No,No phone service,DSL,Yes,No,Yes,Yes,Yes,No,Two year,No,Mailed check,48.76,3527.34,0
CUST-100054,Male,0,No,No,49,Yes,Yes,Fiber optic,No,Yes,No,No,Yes,Yes,Month-to-month,No,Electronic check,98.66,4920.7,0
CUST-101107,Male,0,No,No,5,No,No phone service,DSL,Yes,No,Yes,Yes,No,No,Month-to-month,No,Mailed check,40.22,224.43,1
CUST-105285,Male,0,No,No,7,Yes,No,No,No internet service,No internet service,No internet service,No internet service,No internet service,No internet service,Month-to-month,Yes,Mailed check,18.62,132.19,0
CUST-101402,Male,1,No,No,1,Yes,No,Fiber optic,No,No,No,No,No,No,Month-to-month,Yes,Bank transfer (automatic),69.17,69.1,1
CUST-101002,Male,1,Yes,No,32,Yes,No,Fiber optic,No,No,No,No,No,Yes,Month-to-month,Yes,Credit card (automatic),80.4,2483.82,1
CUST-102689,Male,0,Yes,Yes,8,Yes,No,No,No internet service,No internet service,No internet service,No internet service,No internet service,No internet service,Month-to-month,Yes,Mailed check,19.18,151.44,0
CUST-101892,Female,0,Yes,Yes,70,Yes,Yes,DSL,Yes,No,No,No,No,Yes,One year,No,Bank transfer (automatic),65.45,4542.41,0
CUST-105662,Male,0,No,No,10,Yes,Yes,Fiber optic,No,No,No,No,No,No,Month-to-month,No,Electronic check,75.46,787.51,0
CUST-104080,Male,0,No,No,47,Yes,Yes,Fiber optic,Yes,Yes,No,No,Yes,No,One year,No,Bank transfer (automatic),94.41,4536.02,0
CUST-104900,Female,0,No,No,34,Yes,No,DSL,Yes,Yes,No,No,No,No,One year,No,Mailed check,54.63,1884.74,0
CUST-101413,Female,1,No,No,15,Yes,Yes,Fiber optic,No,No,No,No,No,No,Month-to-month,Yes,Mailed check,74.44,1142.25,1
CUST-101031,Male,0,No,No,9,No,No phone service,DSL,Yes,No,Yes,Yes,No,Yes,One year,No,Mailed check,50.88,465.18,0
CUST-105366,Male,0,Yes,Yes,20,Yes,Yes,Fiber optic,No,Yes,No,Yes,Yes,No,Month-to-month,No,Mailed check,96.69,1826.42,0
CUST-100059,Male,0,Yes,No,69,No,No phone service,DSL,No,Yes,Yes,Yes,Yes,Yes,One year,Yes,Credit card (automatic),60.95,4262.19,0
CUST-100662,Female,0,Yes,Yes,20,Yes,Yes,DSL,Yes,No,No,No,Yes,Yes,One year,No,Bank transfer (automatic),76.19,1589.96,0
CUST-106917,Male,1,Yes,No,55,Yes,Yes,Fiber optic,No,No,No,No,No,No,Month-to-month,Yes,Electronic check,74.14,4050.07,0
CUST-100712,Female,1,No,No,18,Yes,No,Fiber optic,No,Yes,No,No,No,No,Month-to-month,Yes,Electronic check,74.54,1293.85,0
CUST-105770,Female,0,Yes,Yes,71,Yes,No,Fiber optic,No,No,Yes,No,No,No,Two year,No,Electronic check,76.0,5435.68,0
CUST-102840,Female,0,Yes,Yes,28,Yes,Yes,DSL,No,No,No,No,No,No,Month-to-month,No,Mailed check,49.87,1408.52,0
CUST-105865,Female,0,No,No,70,Yes,Yes,DSL,Yes,Yes,Yes,Yes,Yes,Yes,Two year,No,Credit card (automatic),89.62,6369.87,0
CUST-103348,Female,0,Yes,Yes,23,Yes,No,Fiber optic,No,Yes,Yes,Yes,No,No,Month-to-month,No,Electronic check,83.87,1897.66,1
CUST-102797,Female,0,Yes,Yes,32,Yes,No,DSL,Yes,Yes,Yes,Yes,No,Yes,Two year,No,Mailed check,73.85,2316.22,0
CUST-105921,Female,0,Yes,Yes,33,Yes,No,No,No internet service,No internet service,No internet service,No internet service,No internet service,No internet service,Two year,No,Credit card (automatic),20.13,640.16,0
CUST-106179,Male,0,No,Yes,1,Yes,No,DSL,No,No,Yes,No,No,No,Month-to-month,Yes,Electronic check,49.85,49.51,0
CUST-105890,Female,0,No,No,11,Yes,No,DSL,No,No,Yes,Yes,No,Yes,One year,No,Credit card (automatic),64.79,699.16,0
CUST-102493,Female,0,Yes,No,19,Yes,No,DSL,No,Yes,No,No,No,Yes,Month-to-month,Yes,Mailed check,60.07,1132.14,0
CUST-105734,Male,1,No,No,11,Yes,No,Fiber optic,No,No,No,No,No,Yes,Month-to-month,Yes,Credit card (automatic),79.32,828.87,0
CUST-102614,Male,1,No,No,52,Yes,Yes,Fiber optic,No,Yes,Yes,Yes,Yes,Yes,Month-to-month,Yes,Electronic check,110.62,5828.99,0
CUST-105454,Female,0,No,No,1,Yes,No,Fiber optic,No,No,No,No,No,No,Month-to-month,Yes,Electronic check,71.3,70.81,1
CUST-101145,Female,0,No,No,11,Yes,No,Fiber optic,Yes,No,No,No,No,No,Month-to-month,No,Electronic check,76.55,839.33,0
CUST-103588,Male,0,Yes,No,12,Yes,No,Fiber optic,Yes,Yes,Yes,No,No,No,Month-to-month,Yes,Electronic check,84.48,959.67,0
CUST-104572,Female,0,Yes,No,69,Yes,No,Fiber optic,Yes,Yes,No,Yes,Yes,Yes,One year,Yes,Credit card (automatic),105.99,7251.08,0
CUST-101076,Female,0,Yes,No,46,Yes,Yes,DSL,Yes,No,No,No,No,No,Month-to-month,No,Bank transfer (automatic),54.78,2476.78,0
CUST-105022,Female,0,No,No,1,Yes,No,DSL,No,No,No,No,No,No,Month-to-month,No,Electronic check,44.82,43.77,1
CUST-100650,Female,0,Yes,Yes,10,Yes,Yes,Fiber optic,Yes,No,No,No,Yes,Yes,Month-to-month,Yes,Electronic check,100.31,1065.91,1
CUST-103150,Female,0,Yes,No,71,Yes,Yes,DSL,No,No,Yes,Yes,Yes,Yes,Two year,Yes,Bank transfer (automatic),80.48,5662.07,0
CUST-105845,Male,0,No,No,57,Yes,No,DSL,Yes,No,Yes,No,Yes,Yes,Two year,Yes,Bank transfer (automatic),74.62,4316.39,0
CUST-105950,Male,0,No,Yes,44,Yes,No,No,No internet service,No internet service,No internet service,No internet service,No internet service,No internet service,Two year,No,Bank transfer (automatic),19.8,819.98,0
CUST-106387,Male,0,Yes,No,61,Yes,Yes,No,No internet service,No internet service,No internet service,No internet service,No internet service,No internet service,Two year,No,Bank transfer (automatic),25.3,1538.29,0
CUST-100141,Male,0,No,Yes,27,Yes,No,DSL,Yes,Yes,No,No,No,No,One year,No,Mailed check,56.08,1567.49,0
CUST-102110,Male,0,No,No,12,Yes,No,Fiber optic,No,No,Yes,No,Yes,Yes,One year,No,Electronic check,95.47,1184.15,0
CUST-100385,Female,0,No,No,30,Yes,Yes,DSL,Yes,No,Yes,No,Yes,Yes,One year,Yes,Credit card (automatic),79.5,2426.24,0
CUST-106623,Male,1,Yes,No,61,Yes,Yes,Fiber optic,No,Yes,No,No,No,No,Month-to-month,Yes,Electronic check,82.32,4906.28,0
CUST-103167,Male,0,No,No,31,Yes,Yes,Fiber optic,No,No,No,Yes,No,No,One year,No,Credit card (automatic),81.64,2545.83,0
CUST-100824,Female,1,No,No,37,Yes,Yes,Fiber optic,No,No,No,No,Yes,Yes,Month-to-month,Yes,Electronic check,96.4,3576.93,1
CUST-101485,Male,0,No,No,4,Yes,No,No,No internet service,No internet service,No internet service,No internet service,No internet service,No internet service,Month-to-month,No,Mailed check,19.09,78.72,0
CUST-102387,Male,0,Yes,Yes,5,Yes,No,No,No internet service,No internet service,No internet service,No internet service,No internet service,No internet service,Month-to-month,No,Mailed check,19.06,85.86,0
CUST-103883,Male,0,No,No,24,Yes,Yes,Fiber optic,No,Yes,No,No,No,No,Month-to-month,Yes,Electronic check,80.68,1861.97,1
CUST-106068,Male,0,Yes,Yes,23,Yes,No,No,No internet service,No internet service,No internet service,No internet service,No internet service,No internet service,Two year,No,Mailed check,20.63,454.77,0
CUST-101851,Female,0,Yes,Yes,12,Yes,Yes,Fiber optic,No,Yes,Yes,No,No,No,Month-to-month,Yes,Electronic check,84.75,917.35,1
CUST-104307,Female,1,No,No,3,Yes,Yes,Fiber optic,No,No,No,No,No,No,Month-to-month,Yes,Credit card (automatic),75.17,254.09,1
CUST-105641,Female,0,No,No,54,Yes,No,Fiber optic,No,No,Yes,No,Yes,Yes,One year,Yes,Credit card (automatic),94.34,5059.06,0
CUST-103391,Male,0,Yes,Yes,1,Yes,No,No,No internet service,No internet service,No internet service,No internet service,No internet service,No internet service,Month-to-month,No,Bank transfer (automatic),19.75,18.21,1
CUST-100191,Female,0,No,No,17,Yes,No,No,No internet service,No internet service,No internet service,No internet service,No internet service,No internet service,One year,No,Credit card (automatic),20.0,335.68,0
CUST-104765,Male,0,No,No,11,Yes,No,Fiber optic,No,No,No,Yes,No,No,Month-to-month,Yes,Electronic check,74.08,924.72,1
CUST-100585,Male,0,No,No,45,Yes,Yes,Fiber optic,No,No,Yes,Yes,Yes,Yes,Month-to-month,Yes,Bank transfer (automatic),103.53,4746.76,0
CUST-104099,Male,0,No,No,52,Yes,No,No,No internet service,No internet service,No internet service,No internet service,No internet service,No internet service,Two year,No,Mailed check,19.77,1024.96,0
CUST-100145,Male,0,Yes,Yes,72,Yes,Yes,Fiber optic,No,No,No,No,No,Yes,Two year,Yes,Credit card (automatic),84.34,6130.43,0
CUST-101660,Male,0,No,No,12,Yes,Yes,Fiber optic,No,Yes,Yes,No,Yes,Yes,Month-to-month,Yes,Electronic check,106.66,1255.95,1
CUST-105472,Female,0,Yes,Yes,5,Yes,No,Fiber optic,No,No,No,No,No,No,Month-to-month,No,Credit card (automatic),69.93,320.63,0
CUST-103327,Male,0,No,Yes,50,No,No phone service,DSL,Yes,Yes,No,No,Yes,No,One year,Yes,Bank transfer (automatic),43.06,2207.05,0
CUST-105521,Female,0,No,No,23,Yes,Yes,Fiber optic,No,No,No,No,Yes,Yes,Month-to-month,Yes,Electronic check,93.12,2341.43,0
CUST-100348,Female,0,Yes,No,72,Yes,Yes,No,No internet service,No internet service,No internet service,No internet service,No internet service,No internet service,Two year,No,Bank transfer (automatic),24.68,1829.98,0
CUST-105810,Female,0,Yes,Yes,58,Yes,No,No,No internet service,No internet service,No internet service,No internet service,No internet service,No internet service,Two year,Yes,Mailed check,19.88,1156.58,0
CUST-106400,Male,0,No,Yes,54,Yes,Yes,DSL,No,Yes,No,No,No,No,Month-to-month,Yes,Credit card (automatic),55.02,3092.27,1
CUST-100883,Male,0,Yes,Yes,7,Yes,No,No,No internet service,No internet service,No internet service,No internet service,No internet service,No internet service,Month-to-month,Yes,Bank transfer (automatic),20.12,176.43,0
CUST-105794,Male,0,No,No,50,Yes,No,No,No internet service,No internet service,No internet service,No internet service,No internet service,No internet service,One year,No,Credit card (automatic),19.98,990.31,0
CUST-105979,Female,0,No,No,2,Yes,No,DSL,No,Yes,No,No,No,No,Month-to-month,Yes,Credit card (automatic),48.9,89.6,1
CUST-102131,Male,1,Yes,Yes,68,Yes,Yes,Fiber optic,No,Yes,Yes,No,No,No,Month-to-month,Yes,Electronic check,84.39,5681.54,0
CUST-103793,Male,0,Yes,Yes,16,Yes,No,No,No internet service,No internet service,No internet service,No internet service,No internet service,No internet service,Two year,No,Mailed check,20.7,291.98,0
CUST-100920,Female,1,No,No,1,Yes,No,Fiber optic,No,No,No,No,No,No,Month-to-month,Yes,Electronic check,70.26,73.25,0
CUST-103845,Male,0,Yes,Yes,54,Yes,No,Fiber optic,No,Yes,No,Yes,No,No,Two year,Yes,Bank transfer (automatic),80.02,4362.58,0
CUST-106840,Female,0,Yes,No,72,Yes,Yes,DSL,Yes,Yes,Yes,Yes,Yes,Yes,Two year,Yes,Electronic check,92.62,6786.54,0
CUST-105546,Female,0,No,No,13,Yes,No,Fiber optic,No,No,No,No,Yes,No,Month-to-month,Yes,Mailed check,81.87,1025.28,0
CUST-106791,Male,0,No,No,21,Yes,No,No,No internet service,No internet service,No internet service,No internet service,No internet service,No internet service,Two year,No,Mailed check,19.34,390.19,0
CUST-102766,Female,0,Yes,Yes,46,Yes,No,No,No internet service,No internet service,No internet service,No internet service,No internet service,No internet service,Two year,No,Credit card (automatic),19.2,959.71,0
CUST-100318,Female,1,No,No,51,Yes,No,No,No internet service,No internet service,No internet service,No internet service,No internet service,No internet service,Two year,No,Credit card (automatic),19.49,970.07,0
CUST-106678,Male,0,Yes,No,72,Yes,Yes,DSL,Yes,Yes,Yes,Yes,Yes,Yes,Two year,Yes,Bank transfer (automatic),88.66,6254.33,0
CUST-100853,Female,0,Yes,No,60,Yes,Yes,Fiber optic,Yes,Yes,No,No,No,Yes,Month-to-month,Yes,Credit card (automatic),94.16,5477.41,0
CUST-106577,Male,0,Yes,Yes,34,No,No phone service,DSL,Yes,No,No,No,No,No,One year,No,Bank transfer (automatic),30.46,940.75,0
CUST-101106,Male,0,Yes,Yes,62,Yes,Yes,Fiber optic,Yes,Yes,No,No,Yes,No,One year,Yes,Credit card (automatic),95.17,5793.41,0
CUST-104042,Female,0,No,No,1,Yes,No,No,No internet service,No internet service,No internet service,No internet service,No internet service,No internet service,Month-to-month,No,Mailed check,19.48,19.4,0
CUST-105091,Male,0,Yes,Yes,45,Yes,No,DSL,Yes,No,No,Yes,No,No,Two year,No,Bank transfer (automatic),55.11,2553.73,0
CUST-106475,Male,0,Yes,No,28,Yes,No,DSL,Yes,No,No,Yes,No,No,One year,No,Mailed check,54.41,1426.36,0
CUST-100098,Female,0,Yes,No,3,Yes,No,No,No internet service,No internet service,No internet service,No internet service,No internet service,No internet service,Month-to-month,Yes,Mailed check,19.84,53.41,0
CUST-105793,Male,0,No,No,5,Yes,No,Fiber optic,No,No,No,Yes,Yes,Yes,Month-to-month,Yes,Electronic check,96.11,454.45,1
CUST-105929,Male,0,No,No,26,Yes,No,Fiber optic,No,Yes,No,No,Yes,No,Month-to-month,Yes,Electronic check,85.88,2147.8,0
CUST-105404,Male,0,No,No,4,Yes,No,DSL,No,No,No,No,No,Yes,Month-to-month,Yes,Mailed check,55.29,239.01,0
CUST-103084,Male,0,Yes,No,10,Yes,No,Fiber optic,No,No,No,No,Yes,No,Month-to-month,Yes,Electronic check,79.81,854.5,1
CUST-104328,Female,0,No,No,15,Yes,No,No,No internet service,No internet service,No internet service,No internet service,No internet service,No internet service,Month-to-month,No,Bank transfer (automatic),19.26,289.52,1
CUST-106948,Male,0,Yes,Yes,69,Yes,No,DSL,Yes,Yes,Yes,Yes,Yes,No,Two year,Yes,Bank transfer (automatic),75.76,5385.97,0
CUST-103383,Male,0,Yes,Yes,23,Yes,No,DSL,Yes,No,No,Yes,No,No,One year,No,Credit card (automatic),57.36,1423.05,0
CUST-103156,Male,0,Yes,No,64,Yes,Yes,DSL,Yes,No,No,No,Yes,No,One year,Yes,Credit card (automatic),66.09,4390.9,0
CUST-106044,Male,1,No,No,2,Yes,No,DSL,Yes,No,Yes,No,Yes,No,Month-to-month,No,Bank transfer (automatic),66.35,95.88,1
CUST-104085,Male,0,Yes,Yes,5,Yes,No,Fiber optic,Yes,No,Yes,No,No,Yes,Month-to-month,Yes,Mailed check,90.59,433.05,0
CUST-100910,Female,0,Yes,No,46,No,No phone service,DSL,No,No,No,No,Yes,Yes,Month-to-month,Yes,Electronic check,43.73,2004.98,0
CUST-106538,Female,0,Yes,Yes,62,Yes,No,DSL,Yes,No,Yes,Yes,Yes,No,One year,Yes,Bank transfer (automatic),70.5,4264.54,0
CUST-103744,Female,0,No,Yes,24,Yes,No,No,No internet service,No internet service,No internet service,No internet service,No internet service,No internet service,Two year,No,Mailed check,19.84,499.3,0
CUST-106456,Male,0,No,No,36,Yes,No,DSL,No,Yes,No,Yes,No,Yes,One year,Yes,Mailed check,65.33,2500.24,1
CUST-102529,Female,0,No,No,2,Yes,No,Fiber optic,No,No,No,No,No,Yes,Month-to-month,No,Electronic check,80.76,160.56,1
CUST-105755,Female,0,Yes,No,20,Yes,No,No,No internet service,No internet service,No internet service,No internet service,No internet service,No internet service,One year,Yes,Mailed check,19.77,417.1,0
CUST-101689,Male,0,Yes,Yes,23,Yes,No,No,No internet service,No internet service,No internet service,No internet service,No internet service,No internet service,One year,Yes,Credit card (automatic),20.13,444.65,0
CUST-105988,Female,0,No,No,27,Yes,Yes,Fiber optic,No,No,No,No,Yes,Yes,Month-to-month,Yes,Mailed check,94.7,2725.82,1
CUST-100758,Female,0,No,No,40,Yes,Yes,Fiber optic,No,No,Yes,Yes,Yes,Yes,One year,Yes,Credit card (automatic),105.65,4333.19,0
CUST-106675,Male,0,Yes,Yes,55,Yes,No,DSL,Yes,Yes,No,Yes,No,No,Two year,No,Bank transfer (automatic),57.58,3046.42,1
CUST-104361,Male,0,No,No,13,Yes,No,No,No internet service,No internet service,No internet service,No internet service,No internet service,No internet service,Two year,No,Mailed check,20.05,266.41,0
CUST-100808,Male,0,Yes,No,67,Yes,Yes,Fiber optic,No,Yes,Yes,No,No,Yes,Two year,Yes,Electronic check,93.34,6369.08,0
CUST-104781,Female,0,Yes,Yes,42,Yes,No,Fiber optic,No,No,Yes,Yes,Yes,Yes,Two year,Yes,Electronic check,100.22,4303.56,0
CUST-103696,Male,0,Yes,No,72,Yes,Yes,Fiber optic,No,Yes,Yes,Yes,Yes,Yes,Two year,Yes,Credit card (automatic),110.44,7962.31,0
CUST-104063,Male,0,No,No,1,Yes,No,Fiber optic,No,No,No,No,No,Yes,Month-to-month,Yes,Electronic check,80.75,81.37,1
CUST-100498,Female,0,Yes,Yes,11,Yes,Yes,No,No internet service,No internet service,No internet service,No internet service,No internet service,No internet service,Two year,No,Mailed check,25.19,299.25,0
CUST-103073,Male,1,Yes,No,57,Yes,Yes,Fiber optic,No,Yes,No,No,No,Yes,Month-to-month,Yes,Electronic check,89.66,4924.31,0
CUST-106632,Male,0,No,No,4,Yes,No,No,No internet service,No internet service,No internet service,No internet service,No internet service,No internet service,Month-to-month,No,Mailed check,18.97,70.76,0
CUST-102036,Female,1,No,No,45,Yes,Yes,DSL,Yes,No,No,Yes,No,Yes,Month-to-month,Yes,Electronic check,69.87,3061.95,0
CUST-106360,Male,0,No,Yes,29,Yes,Yes,Fiber optic,No,Yes,Yes,Yes,No,Yes,One year,No,Credit card (automatic),100.68,2828.98,0
CUST-105461,Female,0,Yes,Yes,13,Yes,No,No,No internet service,No internet service,No internet service,No internet service,No internet service,No internet service,Month-to-month,No,Mailed check,18.6,252.47,0
CUST-100064,Male,0,Yes,Yes,69,No,No phone service,DSL,Yes,No,Yes,Yes,No,No,Two year,No,Mailed check,38.85,2779.25,0
CUST-102893,Female,0,No,No,15,Yes,No,Fiber optic,No,Yes,Yes,No,Yes,Yes,Month-to-month,Yes,Electronic check,101.44,1455.95,1
CUST-101245,Male,0,No,No,2,Yes,No,Fiber optic,No,No,Yes,No,No,Yes,Month-to-month,Yes,Electronic check,85.99,171.81,1
CUST-101629,Male,0,No,No,10,Yes,No,DSL,No,No,No,No,No,No,Month-to-month,Yes,Credit card (automatic),45.05,435.19,1
CUST-102767,Male,0,Yes,No,15,Yes,Yes,Fiber optic,No,No,Yes,Yes,Yes,Yes,Month-to-month,Yes,Electronic check,103.3,1540.27,0
CUST-102472,Male,1,No,No,3,Yes,Yes,Fiber optic,No,No,No,No,No,No,Month-to-month,Yes,Electronic check,77.07,237.85,1
CUST-102503,Male,0,No,Yes,52,Yes,Yes,DSL,Yes,Yes,No,Yes,Yes,Yes,Two year,Yes,Mailed check,85.02,4462.54,0
CUST-106526,Male,0,No,No,7,Yes,No,Fiber optic,No,No,No,No,No,No,Month-to-month,Yes,Electronic check,69.35,520.06,0
CUST-102568,Male,0,Yes,Yes,50,Yes,Yes,DSL,Yes,No,No,Yes,Yes,No,Two year,Yes,Credit card (automatic),70.42,3483.96,0
CUST-101437,Female,0,No,No,1,Yes,No,Fiber optic,No,No,No,No,No,No,Month-to-month,Yes,Mailed check,70.38,68.34,0
CUST-103598,Male,0,Yes,Yes,6,Yes,No,No,No internet service,No internet service,No internet service,No internet service,No internet service,No internet service,One year,No,Mailed check,19.78,114.36,0
CUST-100554,Male,0,Yes,Yes,70,Yes,No,No,No internet service,No internet service,No internet service,No internet service,No internet service,No internet service,Two year,No,Credit card (automatic),20.51,1458.88,0
CUST-105549,Female,0,No,No,34,Yes,No,Fiber optic,No,No,No,No,No,No,Month-to-month,Yes,Credit card (automatic),69.99,2416.26,1
CUST-101784,Female,0,Yes,Yes,8,Yes,No,DSL,Yes,Yes,No,No,No,No,Month-to-month,No,Mailed check,54.76,483.76,0
CUST-105173,Male,0,No,No,34,Yes,Yes,Fiber optic,No,Yes,Yes,No,Yes,Yes,Month-to-month,Yes,Electronic check,106.51,3549.04,1
CUST-100721,Male,0,No,No,2,Yes,No,DSL,No,No,No,No,No,No,Month-to-month,No,Bank transfer (automatic),44.78,113.92,0
CUST-104428,Male,0,Yes,Yes,38,Yes,No,DSL,Yes,No,Yes,Yes,Yes,Yes,Two year,No,Credit card (automatic),80.99,3083.91,0
CUST-100052,Female,0,Yes,Yes,71,Yes,No,No,No internet service,No internet service,No internet service,No internet service,No internet service,No internet service,Two year,No,Credit card (automatic),19.91,1397.07,0
CUST-106293,Female,0,No,No,1,Yes,Yes,Fiber optic,No,No,Yes,No,No,No,Month-to-month,Yes,Mailed check,79.7,78.87,1
CUST-105938,Female,1,Yes,No,16,Yes,Yes,Fiber optic,No,No,No,No,No,Yes,Month-to-month,Yes,Credit card (automatic),85.45,1377.01,1
CUST-106393,Female,0,Yes,Yes,72,No,No phone service,DSL,Yes,Yes,Yes,Yes,Yes,Yes,Two year,No,Bank transfer (automatic),65.88,4577.08,0
CUST-101940,Male,1,Yes,No,38,Yes,Yes,Fiber optic,No,Yes,Yes,No,Yes,Yes,Month-to-month,Yes,Electronic check,102.43,4010.63,0
CUST-102824,Male,1,Yes,No,68,No,No phone service,DSL,Yes,Yes,Yes,No,No,No,Two year,Yes,Electronic check,41.69,2965.2,0
CUST-100857,Male,1,Yes,No,21,Yes,No,DSL,Yes,Yes,No,No,No,Yes,Month-to-month,Yes,Bank transfer (automatic),65.18,1341.7,0
CUST-102943,Male,0,No,No,62,Yes,Yes,Fiber optic,Yes,Yes,No,Yes,No,Yes,One year,No,Electronic check,102.26,6531.26,1
CUST-103414,Male,0,No,No,65,Yes,Yes,Fiber optic,Yes,No,Yes,Yes,Yes,Yes,One year,Yes,Credit card (automatic),110.24,7141.26,0
CUST-102196,Female,0,Yes,No,25,Yes,Yes,No,No internet service,No internet service,No internet service,No internet service,No internet service,No internet service,One year,Yes,Mailed check,26.93,732.37,0
CUST-105846,Male,0,Yes,Yes,62,Yes,Yes,No,No internet service,No internet service,No internet service,No internet service,No internet service,No internet service,One year,No,Bank transfer (automatic),24.81,1475.88,0
CUST-106832,Female,1,No,No,17,Yes,Yes,Fiber optic,No,No,Yes,No,No,No,Month-to-month,Yes,Credit card (automatic),82.52,1470.61,0
CUST-102823,Female,0,Yes,Yes,61,Yes,Yes,No,No internet service,No internet service,No internet service,No internet service,No internet service,No internet service,Two year,Yes,Mailed check,24.09,1548.94,0
CUST-106668,Male,1,Yes,No,13,Yes,No,Fiber optic,No,No,No,No,No,No,Month-to-month,No,Bank transfer (automatic),70.54,846.99,0
CUST-101726,Male,0,No,No,31,Yes,Yes,Fiber optic,No,Yes,No,No,No,No,Month-to-month,Yes,Electronic check,80.64,2428.19,0
CUST-104996,Female,0,Yes,Yes,72,Yes,Yes,DSL,Yes,No,Yes,Yes,No,No,Two year,No,Bank transfer (automatic),66.51,4759.48,0
CUST-105667,Female,0,Yes,Yes,64,Yes,Yes,DSL,No,Yes,No,No,No,No,One year,Yes,Bank transfer (automatic),53.64,3398.81,0
CUST-101969,Male,0,Yes,Yes,72,Yes,Yes,DSL,Yes,Yes,Yes,Yes,Yes,Yes,Two year,No,Credit card (automatic),88.71,6500.33,0
CUST-101701,Female,1,No,No,43,No,No phone service,DSL,Yes,Yes,No,No,No,No,Month-to-month,Yes,Credit card (automatic),33.58,1500.45,0
CUST-102429,Male,0,Yes,No,68,Yes,Yes,DSL,Yes,Yes,Yes,Yes,Yes,Yes,Two year,Yes,Credit card (automatic),90.76,6303.77,0
CUST-102189,Male,0,Yes,No,72,Yes,Yes,DSL,Yes,Yes,Yes,Yes,No,No,Two year,Yes,Bank transfer (automatic),67.65,4804.28,0
CUST-100918,Male,0,No,No,1,Yes,No,DSL,No,No,No,No,No,Yes,Month-to-month,No,Mailed check,55.66,53.75,0
CUST-103286,Female,0,No,No,20,Yes,No,DSL,No,No,No,No,No,No,Month-to-month,Yes,Electronic check,44.16,926.37,0
CUST-104491,Male,0,No,No,24,Yes,No,DSL,Yes,No,No,No,No,No,Month-to-month,Yes,Bank transfer (automatic),49.79,1208.12,1
CUST-106039,Male,1,Yes,No,50,Yes,Yes,Fiber optic,Yes,Yes,Yes,No,Yes,No,One year,Yes,Bank transfer (automatic),101.46,5263.57,0
CUST-106793,Female,1,No,No,59,Yes,Yes,Fiber optic,No,No,Yes,No,Yes,Yes,One year,Yes,Electronic check,99.85,5887.93,0
CUST-103278,Male,0,Yes,Yes,0,Yes,Yes,No,No internet service,No internet service,No internet service,No internet service,No internet service,No internet service,Two year,No,Mailed check,25.86,,0
CUST-100143,Female,0,No,No,40,Yes,No,No,No internet service,No internet service,No internet service,No internet service,No internet service,No internet service,Two year,No,Credit card (automatic),19.79,829.23,0
CUST-102028,Male,0,Yes,No,12,Yes,No,Fiber optic,Yes,No,No,Yes,No,No,Month-to-month,No,Bank transfer (automatic),80.64,868.59,1
CUST-102919,Female,0,No,No,1,Yes,No,DSL,No,No,No,No,Yes,No,Month-to-month,Yes,Electronic check,54.44,53.1,0
CUST-104347,Female,0,Yes,No,58,Yes,Yes,Fiber optic,No,No,Yes,Yes,Yes,Yes,Month-to-month,Yes,Credit card (automatic),102.05,5886.43,1
CUST-106151,Female,0,No,No,19,Yes,No,No,No internet service,No internet service,No internet service,No internet service,No internet service,No internet service,One year,No,Credit card (automatic),20.24,384.19,0
CUST-106336,Male,0,No,No,72,No,No phone service,DSL,Yes,Yes,Yes,Yes,Yes,Yes,Two year,Yes,Bank transfer (automatic),65.43,4808.73,0
CUST-106113,Female,1,No,No,3,Yes,No,DSL,No,No,No,No,No,No,Month-to-month,No,Electronic check,45.07,127.33,1
CUST-106584,Female,0,No,No,3,Yes,Yes,Fiber optic,No,No,No,No,No,No,Month-to-month,Yes,Electronic check,75.06,212.42,0
CUST-102321,Female,0,No,No,8,Yes,No,DSL,Yes,No,No,Yes,No,Yes,Month-to-month,No,Bank transfer (automatic),66.06,572.75,0
CUST-104474,Male,0,No,No,25,Yes,No,Fiber optic,Yes,No,Yes,Yes,Yes,Yes,Month-to-month,Yes,Electronic check,105.56,2686.57,0
CUST-106776,Male,1,Yes,Yes,10,No,No phone service,DSL,No,No,No,No,No,Yes,Month-to-month,Yes,Bank transfer (automatic),34.56,363.79,0
CUST-104811,Female,0,Yes,No,64,Yes,No,Fiber optic,Yes,No,Yes,No,Yes,Yes,Two year,Yes,Bank transfer (automatic),99.3,6377.15,0
CUST-104540,Male,0,Yes,No,61,Yes,Yes,Fiber optic,Yes,Yes,No,No,Yes,Yes,Month-to-month,Yes,Electronic check,106.08,6373.53,0
CUST-104115,Male,1,Yes,No,48,Yes,Yes,Fiber optic,No,No,Yes,No,No,Yes,Month-to-month,Yes,Credit card (automatic),90.78,4370.21,0
CUST-105435,Female,0,No,No,11,Yes,No,No,No internet service,No internet service,No internet service,No internet service,No internet service,No internet service,Month-to-month,No,Bank transfer (automatic),20.3,245.12,0
CUST-106115,Male,0,No,No,1,Yes,No,Fiber optic,No,No,No,No,Yes,Yes,Month-to-month,Yes,Electronic check,90.55,90.49,1
CUST-100484,Female,0,No,No,1,Yes,No,Fiber optic,No,No,No,No,No,No,Month-to-month,Yes,Mailed check,70.03,71.11,1
CUST-102556,Female,1,No,No,2,Yes,No,Fiber optic,No,No,No,No,No,No,Month-to-month,Yes,Electronic check,70.49,142.48,1
CUST-104808,Female,0,Yes,No,8,Yes,Yes,Fiber optic,No,No,No,Yes,No,Yes,Month-to-month,Yes,Electronic check,90.01,744.8,0
CUST-106092,Male,0,Yes,Yes,60,Yes,No,DSL,Yes,Yes,Yes,No,No,No,Two year,No,Bank transfer (automatic),60.55,3697.16,0
CUST-106217,Male,0,No,No,22,Yes,No,No,No internet service,No internet service,No internet service,No internet service,No internet service,No internet service,One year,No,Mailed check,19.63,425.36,0
CUST-105752,Female,0,Yes,No,24,Yes,No,No,No internet service,No internet service,No internet service,No internet service,No internet service,No internet service,One year,No,Credit card (automatic),20.54,481.68,0
CUST-100500,Male,0,No,No,68,Yes,Yes,Fiber optic,Yes,Yes,Yes,No,Yes,No,One year,No,Bank transfer (automatic),101.7,7109.12,0
CUST-106795,Male,0,No,No,56,Yes,Yes,Fiber optic,No,Yes,No,No,Yes,Yes,Month-to-month,No,Electronic check,98.72,5582.91,0
CUST-103457,Female,0,No,No,23,Yes,No,No,No internet service,No internet service,No internet service,No internet service,No internet service,No internet service,Month-to-month,Yes,Bank transfer (automatic),20.46,472.15,0
CUST-101497,Male,1,No,No,39,Yes,Yes,Fiber optic,No,No,No,No,Yes,Yes,Month-to-month,Yes,Bank transfer (automatic),95.61,3758.67,1
CUST-101490,Male,0,No,No,1,Yes,No,No,No internet service,No internet service,No internet service,No internet service,No internet service,No internet service,Month-to-month,No,Electronic check,19.46,19.44,0
CUST-102551,Female,0,Yes,Yes,16,Yes,Yes,Fiber optic,Yes,No,Yes,Yes,Yes,Yes,Month-to-month,Yes,Electronic check,112.64,1880.54,0
CUST-102865,Male,0,No,No,35,Yes,Yes,Fiber optic,No,No,No,No,No,No,Month-to-month,No,Credit card (automatic),75.27,2635.59,1
CUST-100815,Female,0,No,No,7,Yes,No,Fiber optic,No,No,No,No,No,No,Month-to-month,Yes,Mailed check,69.89,498.31,0
CUST-102788,Male,0,No,No,2,Yes,Yes,Fiber optic,No,No,No,No,No,Yes,Month-to-month,Yes,Electronic check,86.31,166.15,1
CUST-102395,Female,0,Yes,Yes,7,Yes,No,No,No internet service,No internet service,No internet service,No internet service,No internet service,No internet service,One year,No,Mailed check,20.58,134.56,0
CUST-101606,Female,0,Yes,Yes,34,Yes,Yes,No,No internet service,No internet service,No internet service,No internet service,No internet service,No internet service,Two year,No,Credit card (automatic),24.77,893.13,0
CUST-102876,Male,0,Yes,Yes,70,Yes,No,Fiber optic,No,Yes,Yes,Yes,Yes,Yes,One year,Yes,Electronic check,105.64,7477.02,0
CUST-103996,Female,0,No,No,9,Yes,No,No,No internet service,No internet service,No internet service,No internet service,No internet service,No internet service,Month-to-month,No,Mailed check,19.11,157.47,0
CUST-102763,Male,0,No,No,28,Yes,No,Fiber optic,No,No,Yes,Yes,No,Yes,Month-to-month,No,Electronic check,91.34,2625.94,0
CUST-101461,Male,1,Yes,No,71,Yes,Yes,Fiber optic,Yes,Yes,Yes,Yes,No,No,One year,Yes,Electronic check,92.26,6585.46,0
CUST-100459,Female,0,Yes,Yes,4,Yes,Yes,Fiber optic,No,No,No,No,No,Yes,Month-to-month,Yes,Electronic check,86.39,382.22,1
CUST-102936,Male,0,No,No,56,Yes,Yes,Fiber optic,No,Yes,No,Yes,No,Yes,Month-to-month,Yes,Electronic check,94.54,5123.36,1
CUST-105274,Male,0,No,No,59,Yes,No,DSL,No,No,Yes,Yes,Yes,No,Month-to-month,Yes,Electronic check,64.66,3736.31,0
CUST-105973,Male,0,No,No,8,Yes,No,DSL,No,No,No,No,No,Yes,Month-to-month,Yes,Credit card (automatic),54.83,440.74,0
CUST-101397,Male,0,No,No,38,Yes,No,DSL,Yes,Yes,No,Yes,Yes,No,One year,No,Mailed check,70.56,2710.42,0
CUST-100182,Female,1,No,No,50,Yes,Yes,Fiber optic,No,Yes,No,Yes,Yes,Yes,One year,Yes,Electronic check,106.29,5348.74,0
CUST-101446,Male,0,No,No,19,Yes,No,Fiber optic,No,No,Yes,Yes,Yes,No,Month-to-month,No,Mailed check,89.92,1683.13,0
CUST-100427,Female,0,No,No,26,Yes,No,Fiber optic,Yes,No,Yes,Yes,No,No,One year,Yes,Credit card (automatic),87.0,2276.83,0
CUST-103668,Female,0,Yes,Yes,22,No,No phone service,DSL,No,Yes,No,No,Yes,No,Month-to-month,No,Electronic check,39.2,851.08,0
CUST-100300,Female,0,No,No,28,Yes,No,DSL,Yes,Yes,No,Yes,No,No,One year,Yes,Electronic check,59.54,1654.83,0
CUST-102127,Male,0,No,No,8,Yes,Yes,Fiber optic,No,No,No,No,No,No,Month-to-month,Yes,Electronic check,74.84,572.68,0
CUST-100661,Female,0,Yes,No,43,Yes,Yes,Fiber optic,Yes,Yes,No,No,No,Yes,Month-to-month,Yes,Electronic check,94.21,4109.04,0
CUST-106898,Male,0,Yes,Yes,12,Yes,Yes,No,No internet service,No internet service,No internet service,No internet service,No internet service,No internet service,One year,No,Mailed check,26.2,312.48,0
CUST-103514,Female,0,Yes,Yes,49,Yes,No,DSL,No,Yes,Yes,No,Yes,Yes,One year,No,Credit card (automatic),78.05,3824.63,0
CUST-103694,Female,0,No,No,7,Yes,No,Fiber optic,No,No,Yes,No,No,No,Month-to-month,Yes,Electronic check,75.34,525.28,0
CUST-105098,Male,0,Yes,Yes,1,Yes,No,Fiber optic,No,No,No,No,No,No,Month-to-month,Yes,Electronic check,69.83,67.2,1
CUST-104222,Male,0,Yes,No,29,Yes,Yes,Fiber optic,Yes,Yes,No,No,No,No,Month-to-month,Yes,Electronic check,84.49,2466.38,1
CUST-100346,Male,1,No,No,21,Yes,No,DSL,No,No,Yes,No,Yes,No,Month-to-month,Yes,Bank transfer (automatic),60.37,1236.43,1
CUST-100502,Male,0,No,No,15,Yes,Yes,Fiber optic,No,No,No,No,No,No,Month-to-month,Yes,Mailed check,76.05,1129.89,1
CUST-106120,Male,0,No,No,16,Yes,No,No,No internet service,No internet service,No internet service,No internet service,No internet service,No internet service,Month-to-month,No,Mailed check,19.98,274.48,0
CUST-102669,Female,0,Yes,Yes,20,Yes,No,No,No internet service,No internet service,No internet service,No internet service,No internet service,No internet service,One year,No,Bank transfer (automatic),20.01,394.0,0
CUST-101277,Male,0,Yes,Yes,29,Yes,Yes,DSL,Yes,No,No,Yes,Yes,No,One year,No,Bank transfer (automatic),68.97,1956.47,0
CUST-102247,Male,0,No,Yes,39,No,No phone service,DSL,No,No,Yes,Yes,Yes,Yes,One year,No,Bank transfer (automatic),54.89,2189.83,0
CUST-100470,Female,0,Yes,No,68,Yes,No,DSL,Yes,No,No,Yes,No,No,One year,No,Bank transfer (automatic),56.21,3847.19,0
CUST-104350,Male,1,No,No,70,No,No phone service,DSL,No,No,No,No,Yes,Yes,One year,Yes,Electronic check,45.58,3265.5,1
CUST-106448,Male,0,No,No,38,Yes,No,Fiber optic,No,No,No,No,No,No,One year,Yes,Bank transfer (automatic),70.76,2595.01,1
CUST-103375,Female,0,No,No,2,Yes,No,No,No internet service,No internet service,No internet service,No internet service,No internet service,No internet service,Month-to-month,No,Mailed check,19.61,30.41,1
CUST-103470,Female,0,Yes,Yes,52,Yes,No,No,No internet service,No internet service,No internet service,No internet service,No internet service,No internet service,One year,No,Credit card (automatic),19.09,1012.48,0
CUST-106370,Male,0,Yes,Yes,18,Yes,No,DSL,Yes,No,Yes,Yes,Yes,Yes,Month-to-month,No,Electronic check,83.27,1611.23,0
CUST-105751,Female,0,No,No,1,Yes,No,DSL,No,No,Yes,Yes,Yes,Yes,One year,No,Credit card (automatic),74.17,72.61,0
CUST-103985,Female,1,Yes,No,57,Yes,Yes,Fiber optic,No,Yes,Yes,No,No,Yes,Month-to-month,No,Credit card (automatic),94.27,5440.34,0
CUST-103337,Male,0,Yes,Yes,34,No,No phone service,DSL,No,No,Yes,Yes,Yes,No,Month-to-month,Yes,Electronic check,44.88,1445.22,0
CUST-104247,Male,0,Yes,No,48,Yes,Yes,Fiber optic,Yes,Yes,Yes,No,Yes,Yes,Month-to-month,Yes,Bank transfer (automatic),111.59,5316.57,0
CUST-101821,Female,1,Yes,Yes,65,Yes,Yes,Fiber optic,No,Yes,Yes,No,Yes,Yes,One year,Yes,Electronic check,108.0,7045.78,0
CUST-103426,Male,0,Yes,Yes,60,Yes,Yes,Fiber optic,Yes,No,Yes,Yes,Yes,Yes,Two year,Yes,Electronic check,110.64,6586.8,0
CUST-102024,Female,1,Yes,No,6,Yes,Yes,Fiber optic,No,No,No,No,No,Yes,Month-to-month,Yes,Electronic check,84.57,473.59,1
CUST-106437,Female,0,Yes,No,58,Yes,Yes,DSL,Yes,No,No,Yes,No,Yes,One year,Yes,Electronic check,68.17,3970.59,0
CUST-100117,Male,0,No,No,34,Yes,Yes,No,No internet service,No internet service,No internet service,No internet service,No internet service,No internet service,Two year,No,Bank transfer (automatic),26.23,978.68,0
CUST-106740,Male,0,No,No,35,Yes,No,No,No internet service,No internet service,No internet service,No internet service,No internet service,No internet service,One year,No,Bank transfer (automatic),20.76,755.97,0
CUST-106645,Female,0,Yes,Yes,72,Yes,Yes,Fiber optic,Yes,Yes,No,No,Yes,No,Two year,Yes,Electronic check,95.07,6841.36,0
CUST-104945,Female,0,Yes,No,12,Yes,No,No,No internet service,No internet service,No internet service,No internet service,No internet service,No internet service,Two year,Yes,Electronic check,20.03,263.76,0
CUST-102993,Female,0,No,Yes,15,Yes,No,DSL,Yes,Yes,Yes,Yes,No,No,One year,No,Credit card (automatic),65.74,1008.28,0
CUST-103025,Female,0,No,No,7,Yes,No,DSL,No,No,No,No,Yes,Yes,Month-to-month,Yes,Electronic check,66.92,456.41,0
CUST-101893,Female,0,No,No,22,Yes,No,DSL,No,Yes,Yes,No,Yes,No,One year,No,Bank transfer (automatic),65.17,1439.81,0
CUST-100085,Female,0,No,No,2,Yes,No,DSL,No,No,Yes,Yes,Yes,Yes,Month-to-month,No,Electronic check,76.29,160.57,1
CUST-101320,Male,0,Yes,Yes,15,Yes,Yes,Fiber optic,No,No,No,No,No,No,Month-to-month,Yes,Bank transfer (automatic),74.99,1108.35,1
CUST-105341,Female,1,No,No,47,Yes,Yes,Fiber optic,No,Yes,Yes,No,No,No,Month-to-month,Yes,Bank transfer (automatic),85.35,3967.3,1
CUST-103949,Female,0,Yes,No,58,Yes,Yes,DSL,Yes,No,Yes,Yes,Yes,Yes,Two year,Yes,Electronic check,84.55,4916.41,0
CUST-105830,Female,0,Yes,No,9,Yes,No,DSL,No,Yes,No,No,No,No,Month-to-month,No,Mailed check,51.13,467.2,0
CUST-100984,Female,1,Yes,No,31,No,No phone service,DSL,Yes,Yes,Yes,No,No,Yes,One year,Yes,Credit card (automatic),50.13,1578.05,0
CUST-105018,Female,0,Yes,Yes,6,Yes,No,No,No internet service,No internet service,No internet service,No internet service,No internet service,No internet service,Two year,No,Mailed check,20.11,98.77,0
CUST-103104,Male,0,No,Yes,40,Yes,No,No,No internet service,No internet service,No internet service,No internet service,No internet service,No internet service,One year,Yes,Bank transfer (automatic),20.72,854.03,0
CUST-106038,Female,0,Yes,Yes,72,Yes,No,Fiber optic,Yes,Yes,Yes,Yes,Yes,Yes,Two year,Yes,Bank transfer (automatic),108.73,7725.31,0
CUST-103885,Male,0,No,No,2,Yes,No,DSL,Yes,No,Yes,No,No,No,Month-to-month,No,Electronic check,53.15,119.75,0
CUST-103335,Male,0,Yes,Yes,53,Yes,Yes,DSL,Yes,No,Yes,Yes,Yes,Yes,Month-to-month,No,Electronic check,85.75,4615.84,0
CUST-106592,Male,0,No,No,3,No,No phone service,DSL,No,No,No,Yes,No,No,Month-to-month,Yes,Electronic check,29.66,96.26,0
CUST-106374,Male,0,No,No,10,Yes,Yes,Fiber optic,No,Yes,Yes,No,No,Yes,Month-to-month,Yes,Electronic check,95.4,1021.22,0
CUST-101476,Female,0,Yes,Yes,71,Yes,Yes,DSL,Yes,Yes,Yes,Yes,No,No,Two year,No,Mailed check,71.22,5224.71,0
CUST-106372,Male,0,Yes,Yes,12,Yes,No,No,No internet service,No internet service,No internet service,No internet service,No internet service,No internet service,Month-to-month,No,Mailed check,20.49,253.86,0
CUST-106296,Female,0,No,No,56,Yes,No,No,No internet service,No internet service,No internet service,No internet service,No internet service,No internet service,Two year,No,Bank transfer (automatic),19.88,1053.14,0
CUST-103662,Female,0,Yes,No,60,No,No phone service,DSL,No,Yes,Yes,Yes,Yes,Yes,Two year,No,Credit card (automatic),60.98,3601.87,0
CUST-101270,Female,0,Yes,Yes,57,Yes,Yes,DSL,Yes,No,Yes,Yes,Yes,Yes,Two year,Yes,Electronic check,84.56,4843.56,0
CUST-106390,Male,0,Yes,No,2,Yes,Yes,Fiber optic,No,No,Yes,No,Yes,No,Month-to-month,Yes,Electronic check,91.55,171.42,0
CUST-106418,Female,1,Yes,No,62,Yes,Yes,Fiber optic,Yes,No,Yes,No,Yes,Yes,One year,Yes,Electronic check,104.57,6310.89,0
CUST-106327,Female,0,No,Yes,5,Yes,No,DSL,No,No,No,No,No,No,Month-to-month,No,Mailed check,46.11,221.8,1
CUST-100690,Female,0,Yes,Yes,65,Yes,Yes,DSL,No,Yes,No,Yes,Yes,Yes,Two year,Yes,Bank transfer (automatic),79.36,5071.29,0
CUST-100036,Female,0,No,No,35,Yes,No,DSL,Yes,Yes,Yes,No,No,No,Month-to-month,No,Electronic check,60.31,1982.94,0
CUST-103318,Male,0,No,No,35,Yes,No,No,No internet service,No internet service,No internet service,No internet service,No internet service,No internet service,Two year,Yes,Mailed check,20.43,685.39,0
CUST-101431,Male,0,No,No,27,Yes,Yes,Fiber optic,No,No,Yes,No,No,No,Month-to-month,Yes,Electronic check,81.3,2274.03,0
CUST-103232,Male,0,Yes,Yes,18,Yes,No,DSL,No,No,Yes,No,No,Yes,Month-to-month,No,Electronic check,57.31,990.44,1
CUST-102172,Male,0,No,No,19,Yes,No,No,No internet service,No internet service,No internet service,No internet service,No internet service,No internet service,Two year,Yes,Mailed check,19.75,372.16,0
CUST-104084,Female,0,No,No,36,No,No phone service,DSL,Yes,Yes,Yes,Yes,No,Yes,Two year,Yes,Mailed check,53.04,1900.41,0
CUST-102403,Male,0,No,No,4,Yes,No,DSL,No,No,No,No,Yes,No,Month-to-month,Yes,Electronic check,56.31,235.3,0
CUST-100171,Female,1,No,No,3,Yes,No,Fiber optic,No,No,No,No,No,No,Month-to-month,Yes,Electronic check,70.33,233.95,1
CUST-100386,Male,1,Yes,No,52,Yes,No,Fiber optic,Yes,No,Yes,Yes,Yes,Yes,One year,Yes,Bank transfer (automatic),104.3,5482.42,0
CUST-102056,Female,0,No,No,2,Yes,No,DSL,No,Yes,No,No,Yes,No,Month-to-month,Yes,Electronic check,58.71,114.87,0
CUST-105905,Male,0,No,Yes,1,Yes,No,No,No internet service,No internet service,No internet service,No internet service,No internet service,No internet service,Month-to-month,Yes,Mailed check,21.04,21.72,0
CUST-106575,Male,0,No,No,24,Yes,No,No,No internet service,No internet service,No internet service,No internet service,No internet service,No internet service,Two year,No,Mailed check,20.76,488.16,0
CUST-103892,Male,1,No,No,1,Yes,No,Fiber optic,No,No,No,Yes,No,No,Month-to-month,No,Electronic check,74.48,73.35,0
CUST-102951,Male,1,Yes,No,30,Yes,No,Fiber optic,No,Yes,Yes,No,No,No,Month-to-month,Yes,Mailed check,79.65,2364.48,1
CUST-100979,Female,0,No,No,2,Yes,Yes,Fiber optic,No,No,Yes,No,No,No,Month-to-month,No,Mailed check,80.73,155.78,1
CUST-106527,Female,0,No,No,36,Yes,Yes,Fiber optic,No,Yes,No,No,Yes,Yes,Month-to-month,Yes,Electronic check,99.09,3617.93,1
CUST-104839,Female,0,Yes,Yes,72,Yes,Yes,DSL,Yes,No,Yes,Yes,Yes,Yes,Two year,Yes,Credit card (automatic),85.91,6112.26,0
CUST-101265,Male,0,Yes,Yes,4,Yes,No,DSL,No,No,No,No,No,No,Month-to-month,No,Electronic check,44.66,170.96,0
CUST-106252,Female,0,No,No,62,Yes,Yes,Fiber optic,No,No,No,No,Yes,Yes,One year,Yes,Bank transfer (automatic),93.75,5754.61,0
CUST-106441,Female,0,Yes,Yes,59,Yes,No,No,No internet service,No internet service,No internet service,No internet service,No internet service,No internet service,Two year,No,Mailed check,20.56,1281.96,0
CUST-102783,Male,0,No,No,22,Yes,Yes,Fiber optic,No,Yes,No,No,No,No,Month-to-month,Yes,Mailed check,78.83,1599.07,0
CUST-105475,Male,0,Yes,No,58,Yes,No,No,No internet service,No internet service,No internet service,No internet service,No internet service,No internet service,Two year,No,Mailed check,20.54,1187.86,0
CUST-102724,Male,0,Yes,No,35,Yes,Yes,Fiber optic,No,No,No,Yes,No,Yes,Month-to-month,Yes,Bank transfer (automatic),89.87,3161.18,0
CUST-102932,Male,1,No,No,9,Yes,No,DSL,No,No,No,Yes,No,No,Month-to-month,No,Mailed check,49.05,447.1,0
CUST-102596,Male,0,Yes,No,5,Yes,Yes,Fiber optic,No,Yes,No,No,No,No,Month-to-month,Yes,Electronic check,78.76,409.78,1
CUST-103371,Male,0,Yes,Yes,15,Yes,No,Fiber optic,Yes,No,No,No,No,No,Month-to-month,No,Mailed check,75.16,1153.16,0
CUST-103693,Female,0,Yes,Yes,72,Yes,Yes,Fiber optic,Yes,Yes,Yes,Yes,Yes,Yes,Two year,No,Credit card (automatic),117.36,8671.06,0
CUST-100259,Male,0,No,No,22,Yes,Yes,Fiber optic,No,Yes,No,No,No,No,Month-to-month,Yes,Electronic check,79.27,1731.98,1
CUST-102101,Female,0,Yes,Yes,1,Yes,No,No,No internet service,No internet service,No internet service,No internet service,No internet service,No internet service,Month-to-month,Yes,Mailed check,18.83,16.58,0
CUST-104395,Male,0,No,No,7,Yes,Yes,Fiber optic,No,No,No,No,No,Yes,Month-to-month,Yes,Electronic check,86.85,618.98,1
CUST-102362,Male,0,No,No,14,Yes,No,No,No internet service,No internet service,No internet service,No internet service,No internet service,No internet service,One year,No,Mailed check,19.12,325.11,0
CUST-106299,Female,0,Yes,No,71,No,No phone service,DSL,No,Yes,Yes,Yes,Yes,Yes,Two year,Yes,Credit card (automatic),61.35,4307.51,0
CUST-103042,Male,0,No,No,5,Yes,No,Fiber optic,No,Yes,No,No,No,No,Month-to-month,Yes,Electronic check,74.76,383.37,0
CUST-106196,Male,0,Yes,Yes,49,Yes,Yes,Fiber optic,No,No,No,No,Yes,No,Month-to-month,No,Electronic check,84.19,4255.16,1
CUST-105601,Male,0,Yes,No,53,Yes,Yes,Fiber optic,No,Yes,No,Yes,No,Yes,One year,No,Bank transfer (automatic),97.8,5042.49,0
CUST-104524,Female,0,Yes,Yes,52,Yes,No,No,No internet service,No internet service,No internet service,No internet service,No internet service,No internet service,Two year,No,Mailed check,20.08,1068.72,0
CUST-104920,Male,0,No,No,13,Yes,No,Fiber optic,No,No,Yes,No,Yes,No,Month-to-month,Yes,Electronic check,83.31,1060.79,1
CUST-102234,Male,0,Yes,Yes,62,Yes,Yes,Fiber optic,Yes,Yes,Yes,Yes,Yes,Yes,Two year,No,Bank transfer (automatic),115.54,7157.79,0
CUST-105122,Male,0,No,No,4,Yes,No,No,No internet service,No internet service,No internet service,No internet service,No internet service,No internet service,One year,No,Mailed check,19.93,117.52,0
CUST-104874,Female,1,Yes,No,3,Yes,No,Fiber optic,No,No,No,No,Yes,No,Month-to-month,Yes,Electronic check,80.1,223.26,1
CUST-102377,Female,0,No,No,68,Yes,Yes,No,No internet service,No internet service,No internet service,No internet service,No internet service,No internet service,Two year,No,Bank transfer (automatic),25.78,1821.9,0
CUST-103340,Female,0,Yes,Yes,35,Yes,Yes,DSL,Yes,Yes,No,No,No,No,Month-to-month,Yes,Credit card (automatic),59.29,2135.25,0
CUST-104848,Female,0,No,No,1,Yes,No,DSL,No,No,Yes,No,No,No,Month-to-month,Yes,Mailed check,50.35,54.91,1
CUST-105487,Male,1,No,No,1,Yes,No,DSL,No,No,No,No,No,No,Month-to-month,No,Electronic check,44.98,44.13,1
CUST-106772,Female,0,No,No,43,Yes,No,No,No internet service,No internet service,No internet service,No internet service,No internet service,No internet service,Two year,Yes,Bank transfer (automatic),19.77,778.86,0
CUST-103939,Female,0,Yes,Yes,35,Yes,Yes,No,No internet service,No internet service,No internet service,No internet service,No internet service,No internet service,Two year,No,Bank transfer (automatic),24.05,822.93,0
CUST-103943,Female,1,No,No,2,Yes,No,Fiber optic,No,No,No,No,No,Yes,Month-to-month,Yes,Bank transfer (automatic),79.75,160.87,1
CUST-104186,Male,0,Yes,Yes,72,Yes,Yes,Fiber optic,Yes,No,Yes,No,Yes,Yes,Two year,No,Bank transfer (automatic),105.19,7607.1,0
CUST-102698,Male,0,No,Yes,35,Yes,No,DSL,No,No,No,Yes,Yes,Yes,One year,Yes,Mailed check,72.26,2496.06,0
CUST-105633,Male,0,No,No,22,Yes,Yes,No,No internet service,No internet service,No internet service,No internet service,No internet service,No internet service,Two year,No,Mailed check,25.2,568.52,0
CUST-100698,Female,0,No,No,8,Yes,Yes,Fiber optic,No,No,No,No,Yes,Yes,Month-to-month,No,Bank transfer (automatic),95.59,777.07,1
CUST-106591,Female,0,No,No,1,Yes,No,No,No internet service,No internet service,No internet service,No internet service,No internet service,No internet service,Month-to-month,No,Mailed check,20.39,19.76,1
CUST-102010,Female,1,Yes,No,65,Yes,Yes,Fiber optic,Yes,Yes,Yes,No,Yes,Yes,Month-to-month,Yes,Credit card (automatic),109.3,7223.88,0
CUST-102133,Male,0,Yes,Yes,2,Yes,No,No,No internet service,No internet service,No internet service,No internet service,No internet service,No internet service,Month-to-month,No,Mailed check,20.5,39.52,0
CUST-103298,Female,0,Yes,No,7,Yes,No,DSL,No,No,No,No,No,No,Month-to-month,Yes,Mailed check,44.5,312.86,0
CUST-106325,Female,0,Yes,Yes,71,Yes,No,DSL,Yes,Yes,Yes,Yes,No,No,Two year,No,Credit card (automatic),64.01,4493.4,0
CUST-101951,Female,0,Yes,Yes,57,Yes,Yes,Fiber optic,No,Yes,No,No,Yes,Yes,Month-to-month,Yes,Electronic check,100.73,5611.96,0
CUST-104422,Female,0,Yes,Yes,40,Yes,Yes,Fiber optic,No,No,Yes,Yes,No,No,Month-to-month,Yes,Electronic check,84.9,3302.35,1
CUST-102430,Female,0,No,No,72,Yes,Yes,DSL,Yes,Yes,No,No,No,No,Two year,No,Bank transfer (automatic),59.81,4266.6,0
CUST-100108,Male,0,No,No,1,Yes,No,No,No internet service,No internet service,No internet service,No internet service,No internet service,No internet service,Two year,No,Mailed check,20.22,21.65,0
CUST-104462,Female,0,Yes,No,62,Yes,Yes,No,No internet service,No internet service,No internet service,No internet service,No internet service,No internet service,Two year,No,Bank transfer (automatic),23.34,1419.29,0
CUST-101010,Male,0,Yes,Yes,8,Yes,No,DSL,No,No,No,No,No,No,One year,Yes,Mailed check,43.65,346.32,0
CUST-100454,Female,0,No,No,72,Yes,Yes,No,No internet service,No internet service,No internet service,No internet service,No internet service,No internet service,Two year,No,Credit card (automatic),25.44,1868.09,0
CUST-106116,Male,0,Yes,Yes,72,Yes,Yes,DSL,Yes,Yes,Yes,Yes,No,Yes,Two year,No,Credit card (automatic),80.78,5748.16,0
CUST-104285,Male,0,No,No,1,Yes,No,DSL,No,Yes,No,No,No,No,Month-to-month,No,Electronic check,50.64,53.34,1
CUST-106887,Female,1,No,No,53,Yes,No,Fiber optic,Yes,Yes,No,Yes,No,Yes,One year,Yes,Mailed check,96.64,5203.45,0
CUST-100349,Male,0,Yes,No,72,Yes,Yes,No,No internet service,No internet service,No internet service,No internet service,No internet service,No internet service,Two year,Yes,Bank transfer (automatic),23.9,1723.15,0
CUST-103706,Male,0,No,No,38,Yes,Yes,Fiber optic,Yes,Yes,No,No,Yes,Yes,One year,Yes,Electronic check,104.46,3886.04,0
CUST-104928,Female,0,Yes,Yes,48,Yes,No,No,No internet service,No internet service,No internet service,No internet service,No internet service,No internet service,Two year,No,Mailed check,19.85,885.73,0
CUST-105913,Female,0,Yes,No,18,Yes,No,Fiber optic,No,No,Yes,No,Yes,Yes,Month-to-month,Yes,Credit card (automatic),96.08,1745.61,0
CUST-106232,Female,1,Yes,Yes,14,Yes,Yes,Fiber optic,No,No,No,No,Yes,Yes,Month-to-month,Yes,Electronic check,95.82,1347.85,0
CUST-103880,Male,0,No,No,1,Yes,No,No,No internet service,No internet service,No internet service,No internet service,No internet service,No internet service,Month-to-month,No,Electronic check,20.6,18.96,1
CUST-101957,Male,1,Yes,Yes,66,Yes,Yes,Fiber optic,No,No,Yes,No,Yes,Yes,Month-to-month,Yes,Credit card (automatic),99.49,6823.73,1
CUST-104675,Male,0,No,No,26,Yes,Yes,Fiber optic,Yes,Yes,No,No,Yes,No,Month-to-month,Yes,Credit card (automatic),92.46,2351.88,0
CUST-106070,Male,0,No,No,29,Yes,Yes,DSL,No,Yes,Yes,No,No,Yes,One year,No,Credit card (automatic),70.71,1963.98,0
CUST-102264,Female,1,No,No,56,Yes,Yes,Fiber optic,No,Yes,Yes,Yes,Yes,Yes,One year,Yes,Electronic check,111.83,6420.27,1
CUST-101065,Male,0,No,No,9,Yes,No,Fiber optic,No,No,No,No,No,No,Month-to-month,Yes,Electronic check,70.69,597.95,0
CUST-102226,Male,0,No,Yes,52,Yes,Yes,No,No internet service,No internet service,No internet service,No internet service,No internet service,No internet service,Two year,No,Credit card (automatic),25.27,1335.4,0
CUST-104266,Female,0,Yes,No,42,Yes,Yes,No,No internet service,No internet service,No internet service,No internet service,No internet service,No internet service,Two year,No,Electronic check,25.1,1106.74,0
CUST-100885,Male,1,Yes,Yes,60,Yes,Yes,Fiber optic,Yes,No,No,No,No,No,Month-to-month,Yes,Electronic check,81.2,4860.13,0
CUST-101589,Male,0,Yes,Yes,47,Yes,Yes,DSL,No,Yes,No,No,No,No,Month-to-month,No,Electronic check,54.51,2536.12,0
CUST-100845,Female,0,Yes,Yes,69,No,No phone service,DSL,Yes,Yes,Yes,Yes,No,No,Two year,No,Bank transfer (automatic),46.37,3123.19,0
CUST-102870,Male,0,Yes,No,71,Yes,No,No,No internet service,No internet service,No internet service,No internet service,No internet service,No internet service,One year,No,Electronic check,20.48,1541.03,0
CUST-101695,Male,0,Yes,No,63,Yes,No,Fiber optic,Yes,No,Yes,No,Yes,Yes,Two year,No,Credit card (automatic),99.72,6329.76,0
CUST-103435,Male,0,Yes,No,37,Yes,No,No,No internet service,No internet service,No internet service,No internet service,No internet service,No internet service,Month-to-month,No,Bank transfer (automatic),20.49,696.45,0
CUST-104135,Male,1,Yes,Yes,66,Yes,Yes,Fiber optic,No,Yes,Yes,Yes,Yes,Yes,One year,Yes,Electronic check,108.7,7078.16,0
CUST-103071,Male,1,No,No,8,Yes,No,Fiber optic,No,Yes,No,No,No,No,Month-to-month,Yes,Electronic check,74.71,608.62,1
CUST-104834,Male,0,Yes,Yes,19,Yes,No,No,No internet service,No internet service,No internet service,No internet service,No internet service,No internet service,Two year,No,Mailed check,19.95,386.37,0
CUST-100772,Male,0,Yes,Yes,5,Yes,Yes,DSL,No,No,No,Yes,No,No,Month-to-month,Yes,Mailed check,55.64,260.6,0
CUST-101541,Male,0,No,No,52,Yes,No,Fiber optic,No,Yes,Yes,Yes,Yes,Yes,One year,Yes,Bank transfer (automatic),105.35,5424.67,1
CUST-105051,Female,0,Yes,No,25,Yes,No,DSL,Yes,Yes,No,Yes,No,Yes,Month-to-month,Yes,Mailed check,70.94,1841.19,0
CUST-101564,Female,0,Yes,Yes,34,Yes,Yes,No,No internet service,No internet service,No internet service,No internet service,No internet service,No internet service,One year,Yes,Credit card (automatic),25.49,917.56,0
CUST-103462,Male,0,No,No,3,Yes,No,No,No internet service,No internet service,No internet service,No internet service,No internet service,No internet service,Month-to-month,Yes,Mailed check,19.01,54.21,0
CUST-105172,Female,1,No,No,22,Yes,No,DSL,Yes,No,Yes,Yes,No,Yes,Month-to-month,Yes,Mailed check,69.86,1545.24,0
CUST-103242,Female,0,No,No,33,Yes,Yes,Fiber optic,No,No,No,No,No,Yes,Month-to-month,Yes,Electronic check,83.65,2758.85,1
CUST-101633,Female,0,No,No,1,Yes,No,DSL,No,No,No,No,No,Yes,Month-to-month,Yes,Electronic check,55.31,58.03,1
CUST-105238,Female,1,Yes,No,39,Yes,No,Fiber optic,Yes,Yes,No,No,Yes,Yes,One year,No,Mailed check,99.14,3878.6,0
CUST-102581,Female,0,No,No,66,Yes,Yes,Fiber optic,No,No,Yes,No,Yes,No,One year,Yes,Bank transfer (automatic),91.76,6054.91,0
CUST-101113,Female,0,Yes,Yes,42,Yes,No,Fiber optic,No,No,No,No,Yes,No,Month-to-month,Yes,Credit card (automatic),77.69,3385.14,1
CUST-105607,Female,1,Yes,No,3,No,No phone service,DSL,No,Yes,No,No,No,No,Month-to-month,Yes,Electronic check,30.73,81.31,0
CUST-102155,Male,0,Yes,No,59,Yes,Yes,Fiber optic,Yes,Yes,Yes,Yes,Yes,Yes,Two year,No,Electronic check,113.69,6559.21,0
CUST-101053,Male,0,Yes,Yes,68,No,No phone service,DSL,Yes,Yes,No,No,Yes,No,One year,No,Mailed check,44.75,2983.34,0
CUST-100126,Male,0,No,No,4,Yes,No,Fiber optic,No,No,Yes,No,No,No,Month-to-month,Yes,Electronic check,74.02,279.58,1
CUST-102349,Male,0,No,No,10,Yes,Yes,DSL,No,No,No,No,Yes,Yes,Month-to-month,Yes,Credit card (automatic),71.91,794.61,1
CUST-100328,Male,0,Yes,No,59,Yes,Yes,Fiber optic,Yes,Yes,Yes,No,Yes,Yes,One year,Yes,Electronic check,110.09,6447.86,1
CUST-104541,Male,0,No,No,1,No,No phone service,DSL,No,No,No,No,No,Yes,Month-to-month,No,Electronic check,35.61,35.16,1
CUST-104050,Female,0,No,No,17,Yes,No,Fiber optic,No,Yes,No,No,Yes,No,Month-to-month,Yes,Electronic check,83.7,1327.63,0
CUST-101407,Female,0,No,No,1,Yes,No,No,No internet service,No internet service,No internet service,No internet service,No internet service,No internet service,Month-to-month,No,Mailed check,19.48,18.15,0
CUST-104170,Female,0,Yes,Yes,60,Yes,Yes,Fiber optic,Yes,Yes,Yes,Yes,Yes,Yes,Two year,No,Credit card (automatic),115.21,6757.7,0
CUST-104416,Female,0,No,No,4,No,No phone service,DSL,No,No,No,No,No,No,Month-to-month,Yes,Mailed check,23.95,96.54,1
CUST-105876,Female,0,Yes,Yes,4,Yes,Yes,DSL,No,Yes,No,Yes,No,No,Month-to-month,Yes,Mailed check,58.72,224.17,0
CUST-105092,Female,1,Yes,No,71,Yes,No,Fiber optic,Yes,Yes,Yes,Yes,Yes,No,Two year,Yes,Electronic check,99.68,7166.15,0
CUST-101960,Male,0,Yes,Yes,52,Yes,Yes,No,No internet service,No internet service,No internet service,No internet service,No internet service,No internet service,Two year,No,Mailed check,25.49,1344.36,0
CUST-104451,Male,0,No,No,2,Yes,Yes,Fiber optic,No,No,No,No,No,No,Month-to-month,Yes,Credit card (automatic),73.23,129.77,1
CUST-103715,Male,0,No,Yes,1,Yes,No,DSL,Yes,Yes,No,Yes,No,Yes,Month-to-month,Yes,Bank transfer (automatic),70.68,70.98,0
CUST-104737,Female,1,No,No,5,Yes,No,Fiber optic,No,No,No,No,No,Yes,Month-to-month,No,Electronic check,78.8,377.93,1
CUST-103102,Male,0,No,Yes,3,Yes,No,No,No internet service,No internet service,No internet service,No internet service,No internet service,No internet service,Month-to-month,No,Mailed check,20.92,60.23,0
CUST-102485,Female,0,No,No,29,Yes,Yes,DSL,No,Yes,No,No,No,No,One year,Yes,Electronic check,55.48,1619.1,0
CUST-105804,Male,0,No,No,16,No,No phone service,DSL,Yes,Yes,Yes,Yes,Yes,No,Two year,No,Mailed check,54.96,916.24,0
CUST-104110,Male,0,Yes,Yes,64,Yes,Yes,Fiber optic,No,No,Yes,No,No,Yes,One year,No,Credit card (automatic),90.12,5630.64,0
CUST-102536,Female,1,Yes,No,48,Yes,Yes,Fiber optic,Yes,Yes,Yes,Yes,Yes,Yes,Month-to-month,No,Electronic check,117.54,5440.26,1
CUST-100099,Male,1,No,No,47,Yes,No,Fiber optic,Yes,No,No,No,No,Yes,Month-to-month,No,Mailed check,85.85,4041.05,1
CUST-101812,Female,0,Yes,Yes,72,Yes,Yes,DSL,Yes,Yes,Yes,Yes,Yes,Yes,Two year,No,Credit card (automatic),89.68,6510.62,0
CUST-100391,Male,1,No,No,10,Yes,No,Fiber optic,No,No,No,No,No,Yes,Month-to-month,Yes,Electronic check,79.06,794.08,1
CUST-103999,Female,0,No,No,28,Yes,Yes,DSL,Yes,No,Yes,No,No,No,One year,No,Mailed check,58.98,1653.03,0
CUST-100400,Female,0,Yes,Yes,25,No,No phone service,DSL,Yes,Yes,Yes,No,Yes,Yes,Month-to-month,Yes,Credit card (automatic),58.64,1501.17,1
CUST-102224,Female,0,Yes,No,70,Yes,Yes,DSL,No,Yes,Yes,Yes,Yes,Yes,Two year,Yes,Bank transfer (automatic),84.76,5918.91,0
CUST-104460,Female,0,No,No,13,Yes,No,No,No internet service,No internet service,No internet service,No internet service,No internet service,No internet service,One year,No,Mailed check,19.96,273.79,0
CUST-105213,Male,1,Yes,No,71,Yes,Yes,Fiber optic,Yes,Yes,Yes,Yes,Yes,Yes,Two year,Yes,Bank transfer (automatic),115.06,8015.81,0
CUST-102528,Male,1,Yes,No,70,Yes,Yes,Fiber optic,No,Yes,Yes,No,Yes,Yes,One year,Yes,Electronic check,104.71,7308.89,0
CUST-105745,Male,0,No,No,11,Yes,No,No,No internet service,No internet service,No internet service,No internet service,No internet service,No internet service,Two year,No,Mailed check,20.29,230.0,0
CUST-105134,Female,1,Yes,No,24,No,No phone service,DSL,No,No,Yes,No,No,Yes,Month-to-month,Yes,Credit card (automatic),40.44,934.9,1
CUST-102686,Female,0,No,No,18,Yes,Yes,Fiber optic,No,No,No,No,No,No,Month-to-month,Yes,Electronic check,73.94,1346.54,0
CUST-102197,Female,1,No,No,1,Yes,No,Fiber optic,No,No,No,No,Yes,Yes,Month-to-month,Yes,Electronic check,91.61,90.83,1
CUST-100665,Female,0,Yes,No,72,Yes,Yes,Fiber optic,Yes,Yes,Yes,No,Yes,Yes,Two year,Yes,Electronic check,110.72,7753.86,0
CUST-102066,Male,0,No,No,10,Yes,No,DSL,No,No,No,No,No,No,Month-to-month,Yes,Electronic check,45.49,399.03,1
CUST-101773,Female,0,No,No,63,Yes,Yes,Fiber optic,Yes,Yes,Yes,No,Yes,No,Two year,No,Credit card (automatic),98.08,6217.18,0
CUST-105736,Female,1,No,No,26,Yes,No,Fiber optic,Yes,No,No,No,Yes,No,Month-to-month,Yes,Credit card (automatic),85.6,2194.23,0
CUST-105226,Female,0,Yes,No,32,Yes,No,No,No internet service,No internet service,No internet service,No internet service,No internet service,No internet service,Month-to-month,No,Bank transfer (automatic),19.4,639.88,0
CUST-100411,Female,0,Yes,No,26,Yes,No,DSL,No,Yes,Yes,Yes,Yes,Yes,Month-to-month,No,Bank transfer (automatic),81.73,2077.81,0
CUST-103654,Female,0,No,No,10,No,No phone service,DSL,Yes,No,No,No,No,No,Month-to-month,No,Mailed check,29.92,303.41,0
CUST-100870,Male,0,No,No,1,Yes,No,No,No internet service,No internet service,No internet service,No internet service,No internet service,No internet service,Month-to-month,No,Mailed check,20.14,19.08,0
CUST-101650,Male,0,No,No,7,Yes,Yes,Fiber optic,No,No,No,No,Yes,Yes,Month-to-month,Yes,Electronic check,93.67,637.1,1
CUST-100833,Male,1,Yes,No,21,Yes,No,Fiber optic,No,No,Yes,No,Yes,No,Month-to-month,No,Bank transfer (automatic),86.7,1856.09,0
CUST-102510,Female,0,No,No,54,Yes,No,No,No internet service,No internet service,No internet service,No internet service,No internet service,No internet service,Two year,Yes,Mailed check,20.76,1035.18,0
CUST-105790,Male,0,No,No,3,No,No phone service,DSL,No,No,No,No,No,No,Month-to-month,No,Electronic check,24.9,66.27,1
CUST-103191,Male,0,No,No,22,Yes,No,No,No internet service,No internet service,No internet service,No internet service,No internet service,No internet service,One year,No,Credit card (automatic),20.18,466.09,0
CUST-103903,Female,0,No,No,38,Yes,No,Fiber optic,No,Yes,Yes,Yes,No,No,Month-to-month,Yes,Credit card (automatic),84.37,3263.78,1
CUST-101720,Female,0,No,Yes,15,Yes,No,No,No internet service,No internet service,No internet service,No internet service,No internet service,No internet service,One year,No,Mailed check,19.34,270.79,0
CUST-104011,Female,1,No,No,23,Yes,No,Fiber optic,Yes,No,No,No,No,No,Month-to-month,Yes,Bank transfer (automatic),75.06,1644.52,0
CUST-100317,Female,0,No,Yes,1,No,No phone service,DSL,No,No,No,No,No,No,Month-to-month,No,Mailed check,24.84,26.54,0
CUST-100546,Male,0,No,No,1,Yes,No,No,No internet service,No internet service,No internet service,No internet service,No internet service,No internet service,Month-to-month,No,Mailed check,19.63,20.59,0
CUST-103118,Female,0,No,No,1,Yes,No,Fiber optic,Yes,Yes,No,Yes,No,No,Month-to-month,Yes,Mailed check,83.52,84.06,0
CUST-102750,Male,0,No,No,45,Yes,No,Fiber optic,Yes,Yes,Yes,Yes,Yes,Yes,One year,No,Credit card (automatic),112.21,5030.13,0
CUST-105256,Male,0,No,No,9,Yes,No,No,No internet service,No internet service,No internet service,No internet service,No internet service,No internet service,Month-to-month,Yes,Mailed check,18.81,185.13,1
CUST-104059,Female,0,Yes,Yes,53,Yes,Yes,Fiber optic,Yes,Yes,Yes,Yes,No,Yes,Two year,Yes,Bank transfer (automatic),104.13,5570.09,0
CUST-101212,Male,0,No,No,19,Yes,Yes,Fiber optic,Yes,No,Yes,No,No,No,Month-to-month,Yes,Electronic check,84.87,1651.98,0
CUST-104799,Male,0,No,No,33,Yes,No,Fiber optic,No,Yes,No,Yes,No,No,Two year,No,Bank transfer (automatic),80.6,2652.21,0
CUST-103320,Male,0,Yes,Yes,72,Yes,Yes,Fiber optic,No,Yes,No,No,Yes,No,One year,Yes,Electronic check,89.59,6588.67,0
CUST-105995,Male,1,Yes,No,41,No,No phone service,DSL,No,Yes,Yes,No,Yes,Yes,Month-to-month,Yes,Electronic check,54.15,2214.78,0
CUST-105311,Female,0,No,No,12,Yes,No,No,No internet service,No internet service,No internet service,No internet service,No internet service,No internet service,Month-to-month,No,Mailed check,20.79,265.05,0
CUST-101524,Male,0,No,No,29,Yes,No,Fiber optic,No,No,No,Yes,Yes,Yes,Month-to-month,Yes,Electronic check,94.19,2607.07,0
CUST-106263,Male,1,Yes,No,15,Yes,Yes,Fiber optic,No,No,No,No,No,Yes,Month-to-month,Yes,Bank transfer (automatic),85.38,1348.98,1
CUST-104803,Female,0,Yes,No,42,Yes,No,No,No internet service,No internet service,No internet service,No internet service,No internet service,No internet service,Month-to-month,No,Credit card (automatic),20.56,873.0,0
CUST-102484,Female,0,Yes,Yes,54,Yes,Yes,DSL,Yes,No,No,Yes,No,No,Two year,No,Bank transfer (automatic),60.01,3274.58,0
CUST-106569,Male,0,No,No,1,Yes,No,No,No internet service,No internet service,No internet service,No internet service,No internet service,No internet service,Month-to-month,Yes,Mailed check,20.34,19.0,0
CUST-106104,Female,0,Yes,No,68,Yes,Yes,Fiber optic,Yes,Yes,Yes,No,Yes,Yes,Two year,Yes,Bank transfer (automatic),110.93,7551.6,0
CUST-106474,Female,0,No,No,31,Yes,Yes,Fiber optic,No,No,Yes,No,No,Yes,Month-to-month,Yes,Electronic check,90.0,2807.09,1
CUST-104308,Female,0,No,No,1,Yes,No,No,No internet service,No internet service,No internet service,No internet service,No internet service,No internet service,Month-to-month,No,Mailed check,20.38,20.48,0
CUST-104037,Male,0,No,No,7,Yes,No,No,No internet service,No internet service,No internet service,No internet service,No internet service,No internet service,Month-to-month,No,Mailed check,20.9,143.02,0
CUST-106190,Male,0,Yes,No,69,Yes,Yes,Fiber optic,Yes,Yes,Yes,Yes,Yes,Yes,Two year,Yes,Bank transfer (automatic),112.55,7806.71,0
CUST-101661,Female,0,No,No,21,Yes,No,Fiber optic,No,No,No,No,No,No,Month-to-month,Yes,Electronic check,68.15,1492.74,0
CUST-103876,Female,0,Yes,No,52,Yes,Yes,Fiber optic,No,Yes,Yes,No,Yes,No,Month-to-month,No,Bank transfer (automatic),94.81,5024.61,0
CUST-102654,Male,0,Yes,No,63,Yes,Yes,Fiber optic,No,No,Yes,No,Yes,Yes,Two year,No,Electronic check,102.61,6299.17,0
CUST-103858,Male,0,No,No,3,No,No phone service,DSL,No,No,Yes,No,Yes,No,Month-to-month,Yes,Mailed check,40.18,128.38,1
CUST-106249,Male,0,Yes,Yes,67,Yes,No,DSL,Yes,No,Yes,Yes,No,No,Two year,Yes,Bank transfer (automatic),60.54,3953.0,0
CUST-104700,Female,0,No,No,42,No,No phone service,DSL,Yes,Yes,Yes,Yes,No,Yes,One year,Yes,Electronic check,54.76,2346.37,0
CUST-103623,Female,1,Yes,Yes,48,No,No phone service,DSL,No,Yes,No,No,No,No,One year,No,Bank transfer (automatic),29.79,1389.25,0
CUST-104790,Female,0,No,No,9,Yes,No,No,No internet service,No internet service,No internet service,No internet service,No internet service,No internet service,Month-to-month,Yes,Electronic check,19.5,177.19,0
CUST-102822,Male,0,No,No,61,Yes,Yes,Fiber optic,Yes,No,Yes,No,Yes,Yes,One year,No,Electronic check,103.94,6363.67,0
CUST-104961,Female,0,Yes,Yes,50,Yes,Yes,DSL,Yes,Yes,Yes,Yes,No,Yes,One year,Yes,Bank transfer (automatic),79.91,4040.88,0
CUST-103960,Female,0,Yes,Yes,40,Yes,No,DSL,Yes,Yes,No,Yes,No,Yes,Month-to-month,Yes,Mailed check,71.28,2846.05,0
CUST-103852,Female,0,Yes,Yes,64,Yes,Yes,Fiber optic,Yes,No,No,Yes,Yes,Yes,One year,Yes,Bank transfer (automatic),104.48,6718.59,0
CUST-100716,Female,0,Yes,Yes,58,Yes,Yes,Fiber optic,No,Yes,Yes,No,Yes,Yes,One year,Yes,Credit card (automatic),105.09,6222.55,0
CUST-106544,Female,1,Yes,Yes,34,Yes,Yes,Fiber optic,No,Yes,No,No,No,No,Month-to-month,Yes,Mailed check,79.58,2719.41,1
CUST-106994,Male,0,Yes,No,17,No,No phone service,DSL,Yes,No,Yes,No,No,No,Month-to-month,No,Mailed check,34.6,592.56,0
CUST-101658,Male,0,Yes,Yes,72,Yes,Yes,No,No internet service,No internet service,No internet service,No internet service,No internet service,No internet service,Two year,Yes,Credit card (automatic),25.02,1792.74,0
CUST-103175,Female,0,Yes,Yes,48,Yes,No,No,No internet service,No internet service,No internet service,No internet service,No internet service,No internet service,Two year,No,Bank transfer (automatic),20.44,1027.71,0
CUST-100691,Male,0,Yes,Yes,18,Yes,No,Fiber optic,No,No,Yes,No,Yes,Yes,Month-to-month,No,Mailed check,95.14,1780.03,1
CUST-105414,Male,0,Yes,Yes,2,Yes,No,Fiber optic,No,No,No,No,No,No,Month-to-month,No,Mailed check,69.94,140.59,0
CUST-102955,Female,0,No,No,2,Yes,No,Fiber optic,Yes,Yes,No,No,Yes,No,Month-to-month,Yes,Electronic check,91.48,166.54,0
CUST-105096,Male,1,No,No,1,Yes,No,Fiber optic,No,No,No,No,No,No,Month-to-month,Yes,Electronic check,69.59,67.66,1
CUST-102216,Male,0,No,No,53,Yes,No,No,No internet service,No internet service,No internet service,No internet service,No internet service,No internet service,Two year,No,Credit card (automatic),19.49,1050.04,0
CUST-100978,Male,1,Yes,No,23,Yes,Yes,Fiber optic,No,No,No,No,No,Yes,Month-to-month,No,Electronic check,87.09,1976.63,0
CUST-101481,Male,0,Yes,Yes,16,Yes,No,No,No internet service,No internet service,No internet service,No internet service,No internet service,No internet service,Month-to-month,No,Electronic check,19.92,312.49,0
CUST-104103,Female,0,No,No,40,Yes,No,DSL,No,No,Yes,No,No,No,One year,Yes,Mailed check,50.48,2023.51,0
CUST-102527,Female,0,Yes,No,71,Yes,Yes,No,No internet service,No internet service,No internet service,No internet service,No internet service,No internet service,Two year,No,Credit card (automatic),24.97,1873.73,0
CUST-101899,Male,0,No,No,24,Yes,Yes,No,No internet service,No internet service,No internet service,No internet service,No internet service,No internet service,One year,No,Electronic check,24.56,592.82,0
CUST-101162,Female,0,No,No,13,No,No phone service,DSL,No,No,No,No,No,Yes,Month-to-month,Yes,Electronic check,35.07,445.5,1
CUST-103796,Male,0,No,No,9,Yes,No,Fiber optic,No,No,No,Yes,Yes,Yes,Month-to-month,Yes,Bank transfer (automatic),96.01,827.8,0
CUST-101686,Female,0,No,No,1,Yes,No,No,No internet service,No internet service,No internet service,No internet service,No internet service,No internet service,Month-to-month,Yes,Mailed check,19.56,19.05,1
CUST-102002,Female,0,No,No,33,Yes,Yes,Fiber optic,Yes,No,No,No,No,Yes,Month-to-month,Yes,Electronic check,90.71,2989.26,0
CUST-100855,Female,0,No,No,25,Yes,Yes,Fiber optic,No,Yes,Yes,Yes,Yes,Yes,Two year,No,Electronic check,108.99,2807.7,0
CUST-105252,Male,0,No,No,71,Yes,Yes,Fiber optic,No,No,Yes,Yes,No,No,Two year,Yes,Credit card (automatic),86.28,6170.5,0
CUST-103282,Male,0,No,No,26,Yes,No,No,No internet service,No internet service,No internet service,No internet service,No internet service,No internet service,One year,Yes,Bank transfer (automatic),19.57,472.22,0
CUST-101576,Male,0,No,No,25,Yes,No,No,No internet service,No internet service,No internet service,No internet service,No internet service,No internet service,Month-to-month,Yes,Mailed check,20.07,536.14,0
CUST-100147,Female,0,Yes,No,43,Yes,Yes,DSL,Yes,Yes,No,Yes,Yes,Yes,Two year,No,Credit card (automatic),86.6,3575.73,0
CUST-103564,Male,1,Yes,No,6,Yes,No,Fiber optic,No,No,Yes,No,Yes,Yes,Month-to-month,Yes,Electronic check,95.79,571.35,1
CUST-103927,Male,0,No,No,15,Yes,Yes,DSL,No,No,No,No,No,No,Month-to-month,No,Electronic check,51.65,766.47,1
CUST-102372,Male,0,No,No,46,No,No phone service,DSL,No,Yes,No,No,No,No,Month-to-month,No,Bank transfer (automatic),30.1,1381.98,1
CUST-100007,Female,1,No,No,15,Yes,Yes,Fiber optic,No,Yes,No,No,Yes,No,Month-to-month,No,Credit card (automatic),89.11,1288.06,0
CUST-104420,Male,1,Yes,No,67,Yes,Yes,Fiber optic,No,No,No,No,Yes,Yes,Month-to-month,Yes,Credit card (automatic),94.69,6078.81,0
CUST-104389,Female,0,Yes,Yes,72,No,No phone service,DSL,Yes,Yes,Yes,Yes,Yes,Yes,Two year,No,Bank transfer (automatic),64.31,4528.17,0
CUST-105712,Male,0,Yes,Yes,8,Yes,No,No,No internet service,No internet service,No internet service,No internet service,No internet service,No internet service,One year,No,Credit card (automatic),19.72,155.18,0
CUST-103592,Male,1,Yes,No,65,Yes,Yes,Fiber optic,No,Yes,Yes,No,Yes,Yes,Month-to-month,Yes,Electronic check,104.33,6579.2,0
CUST-103964,Female,0,No,No,3,Yes,Yes,Fiber optic,No,No,No,No,No,No,Month-to-month,Yes,Credit card (automatic),75.21,269.41,1
CUST-102690,Male,0,Yes,No,40,Yes,No,Fiber optic,No,Yes,Yes,No,No,No,Month-to-month,Yes,Electronic check,80.09,3167.71,0
CUST-105638,Male,0,Yes,No,6,Yes,Yes,No,No internet service,No internet service,No internet service,No internet service,No internet service,No internet service,One year,No,Mailed check,25.4,170.66,0
CUST-105011,Male,0,No,Yes,38,Yes,Yes,Fiber optic,No,Yes,No,No,No,No,Month-to-month,Yes,Mailed check,81.76,3140.1,0
CUST-102176,Female,0,No,No,3,Yes,No,No,No internet service,No internet service,No internet service,No internet service,No internet service,No internet service,Month-to-month,Yes,Mailed check,19.37,59.45,1
CUST-103771,Male,0,No,Yes,1,Yes,No,No,No internet service,No internet service,No internet service,No internet service,No internet service,No internet service,Month-to-month,No,Mailed check,19.95,19.62,0
CUST-105614,Male,0,No,No,45,Yes,No,No,No internet service,No internet service,No internet service,No internet service,No internet service,No internet service,One year,No,Bank transfer (automatic),19.44,867.93,0
CUST-103581,Female,0,Yes,Yes,13,Yes,No,DSL,No,No,No,No,No,Yes,Month-to-month,No,Electronic check,56.0,733.23,1
CUST-100999,Male,0,Yes,No,71,Yes,Yes,DSL,No,Yes,Yes,Yes,Yes,Yes,Two year,No,Credit card (automatic),84.16,5956.1,0
CUST-104349,Male,0,Yes,No,61,No,No phone service,DSL,Yes,No,Yes,Yes,Yes,Yes,Two year,Yes,Mailed check,62.18,3779.13,0
CUST-104626,Male,1,No,No,35,Yes,Yes,Fiber optic,Yes,No,No,No,No,Yes,Month-to-month,No,Credit card (automatic),91.05,3179.96,0
CUST-104055,Male,0,Yes,No,47,Yes,No,DSL,No,Yes,Yes,No,Yes,Yes,Two year,No,Electronic check,73.4,3522.2,0
CUST-106899,Female,0,Yes,No,37,Yes,No,No,No internet service,No internet service,No internet service,No internet service,No internet service,No internet service,Month-to-month,No,Bank transfer (automatic),19.43,805.31,0
CUST-101550,Male,0,Yes,No,27,Yes,Yes,DSL,Yes,No,No,Yes,Yes,Yes,One year,No,Mailed check,81.09,2202.71,0
CUST-100617,Male,0,No,No,7,Yes,No,No,No internet service,No internet service,No internet service,No internet service,No internet service,No internet service,Month-to-month,No,Electronic check,19.03,111.62,1
CUST-105450,Female,0,No,No,5,Yes,No,Fiber optic,No,No,No,No,Yes,No,Month-to-month,Yes,Credit card (automatic),81.14,390.31,1
CUST-103080,Female,0,No,No,33,Yes,Yes,DSL,Yes,Yes,No,No,No,No,Month-to-month,Yes,Mailed check,60.82,2032.88,0
CUST-102473,Female,0,Yes,Yes,66,Yes,No,DSL,No,No,No,Yes,No,No,One year,Yes,Credit card (automatic),49.57,3249.31,0
CUST-103389,Male,0,No,No,41,Yes,No,Fiber optic,No,Yes,No,Yes,Yes,Yes,Two year,Yes,Credit card (automatic),99.66,4218.96,0
CUST-105744,Female,0,Yes,No,68,Yes,Yes,Fiber optic,Yes,Yes,No,No,No,No,Two year,Yes,Bank transfer (automatic),84.81,5710.81,0
CUST-105533,Male,0,No,Yes,15,Yes,Yes,No,No internet service,No internet service,No internet service,No internet service,No internet service,No internet service,Month-to-month,Yes,Electronic check,24.93,322.41,0
CUST-105382,Male,0,Yes,Yes,8,Yes,Yes,No,No internet service,No internet service,No internet service,No internet service,No internet service,No internet service,One year,No,Mailed check,24.43,201.86,0
CUST-105720,Female,0,No,No,23,Yes,Yes,DSL,Yes,No,No,No,No,No,Month-to-month,No,Electronic check,54.09,1249.27,0
CUST-104029,Female,0,Yes,Yes,54,Yes,Yes,No,No internet service,No internet service,No internet service,No internet service,No internet service,No internet service,One year,Yes,Bank transfer (automatic),24.74,1342.96,0
CUST-102595,Male,0,Yes,Yes,72,Yes,Yes,Fiber optic,Yes,Yes,Yes,Yes,Yes,Yes,Two year,Yes,Credit card (automatic),114.31,8056.99,0
CUST-101046,Male,1,Yes,No,61,Yes,Yes,Fiber optic,No,Yes,Yes,Yes,Yes,No,One year,Yes,Mailed check,98.14,6066.81,0
CUST-106556,Male,0,No,No,1,Yes,No,No,No internet service,No internet service,No internet service,No internet service,No internet service,No internet service,Month-to-month,No,Mailed check,19.92,21.18,0
CUST-106489,Female,0,No,No,54,Yes,Yes,Fiber optic,No,No,No,Yes,Yes,Yes,Month-to-month,Yes,Electronic check,100.22,5442.05,1
CUST-103290,Male,0,Yes,No,49,Yes,No,Fiber optic,No,Yes,No,No,Yes,No,Month-to-month,Yes,Credit card (automatic),85.3,4298.57,0
CUST-102217,Female,1,No,No,15,Yes,Yes,DSL,No,No,No,Yes,No,No,Month-to-month,No,Credit card (automatic),54.78,756.67,1
CUST-106642,Male,0,No,No,1,Yes,No,DSL,No,No,Yes,No,No,No,Month-to-month,Yes,Mailed check,49.95,49.16,1
CUST-106357,Female,0,No,No,5,Yes,Yes,DSL,No,Yes,No,No,No,Yes,Month-to-month,Yes,Electronic check,64.05,368.76,0
CUST-105005,Male,0,No,No,1,Yes,No,Fiber optic,No,No,Yes,No,Yes,No,Month-to-month,Yes,Electronic check,84.67,84.07,1
CUST-105459,Female,0,No,No,12,Yes,Yes,Fiber optic,Yes,No,No,No,No,No,Month-to-month,Yes,Electronic check,78.76,926.15,1
CUST-105940,Female,0,Yes,No,65,Yes,Yes,Fiber optic,Yes,No,Yes,No,Yes,Yes,Month-to-month,Yes,Electronic check,105.22,6915.0,0
CUST-103128,Male,0,No,Yes,19,Yes,No,No,No internet service,No internet service,No internet service,No internet service,No internet service,No internet service,Two year,No,Credit card (automatic),20.61,467.14,0
CUST-101653,Male,0,No,Yes,53,Yes,No,Fiber optic,Yes,Yes,Yes,No,No,Yes,One year,No,Electronic check,95.97,5036.68,0
CUST-100480,Female,0,Yes,No,42,Yes,Yes,Fiber optic,No,No,Yes,Yes,No,No,Month-to-month,Yes,Electronic check,84.54,3588.17,1
CUST-106178,Female,0,No,No,68,No,No phone service,DSL,Yes,Yes,Yes,Yes,Yes,Yes,Two year,No,Credit card (automatic),64.44,4539.63,0
CUST-105396,Female,0,No,No,3,Yes,No,DSL,No,No,Yes,No,Yes,Yes,One year,Yes,Electronic check,69.81,221.09,0
CUST-101421,Female,0,Yes,Yes,1,Yes,No,No,No internet service,No internet service,No internet service,No internet service,No internet service,No internet service,Month-to-month,Yes,Electronic check,20.22,17.11,1
CUST-102344,Male,0,Yes,Yes,41,Yes,Yes,Fiber optic,No,No,Yes,Yes,Yes,Yes,One year,Yes,Electronic check,102.67,4212.98,1
CUST-106545,Male,0,No,No,66,Yes,Yes,DSL,Yes,Yes,Yes,No,No,Yes,Two year,Yes,Credit card (automatic),74.29,4798.63,0
CUST-104064,Female,0,Yes,Yes,1,Yes,No,DSL,No,No,No,No,No,No,Month-to-month,Yes,Bank transfer (automatic),44.41,42.4,1
CUST-102465,Male,0,No,No,48,Yes,No,DSL,No,Yes,Yes,Yes,Yes,Yes,Two year,No,Credit card (automatic),78.81,3770.77,0
CUST-101195,Male,0,Yes,Yes,45,Yes,Yes,DSL,No,Yes,Yes,No,Yes,Yes,One year,No,Credit card (automatic),78.77,3604.27,0
CUST-101824,Female,0,Yes,No,41,No,No phone service,DSL,No,Yes,No,Yes,No,No,One year,No,Mailed check,35.36,1391.57,0
CUST-105360,Male,0,No,No,39,No,No phone service,DSL,Yes,Yes,No,Yes,Yes,No,Month-to-month,Yes,Credit card (automatic),49.12,1881.83,1
CUST-106177,Female,1,Yes,No,55,Yes,Yes,DSL,No,No,No,No,No,No,Month-to-month,No,Bank transfer (automatic),51.49,2840.33,0
CUST-104087,Male,0,No,No,22,Yes,No,Fiber optic,No,Yes,Yes,Yes,No,Yes,Month-to-month,Yes,Bank transfer (automatic),94.6,2142.17,0
CUST-103443,Male,0,No,No,15,Yes,Yes,No,No internet service,No internet service,No internet service,No internet service,No internet service,No internet service,Month-to-month,Yes,Electronic check,26.47,378.49,0
CUST-100058,Female,0,Yes,Yes,4,Yes,No,No,No internet service,No internet service,No internet service,No internet service,No internet service,No internet service,Month-to-month,No,Mailed check,20.96,62.73,0
CUST-100796,Female,1,Yes,No,70,Yes,Yes,DSL,Yes,Yes,Yes,Yes,Yes,Yes,Two year,Yes,Bank transfer (automatic),91.99,6474.96,0
CUST-100700,Female,1,Yes,No,44,Yes,Yes,Fiber optic,No,No,Yes,Yes,Yes,Yes,Month-to-month,No,Electronic check,104.03,4496.27,0
CUST-104022,Female,0,No,Yes,16,Yes,No,No,No internet service,No internet service,No internet service,No internet service,No internet service,No internet service,One year,Yes,Bank transfer (automatic),19.65,361.81,0
CUST-104455,Male,0,No,No,27,Yes,Yes,DSL,No,No,No,No,No,No,Month-to-month,No,Mailed check,49.03,1290.01,0
CUST-104096,Male,0,No,No,1,Yes,Yes,DSL,No,No,Yes,No,No,No,Month-to-month,No,Electronic check,54.21,56.08,1
CUST-106558,Female,0,No,No,7,Yes,No,No,No internet service,No internet service,No internet service,No internet service,No internet service,No internet service,Month-to-month,No,Bank transfer (automatic),19.54,136.04,1
CUST-103255,Female,1,Yes,No,20,Yes,No,Fiber optic,No,No,No,No,Yes,Yes,One year,Yes,Bank transfer (automatic),90.7,1858.89,0
CUST-104647,Female,0,No,No,37,Yes,Yes,Fiber optic,No,Yes,Yes,No,Yes,Yes,Month-to-month,Yes,Bank transfer (automatic),102.01,3544.57,1
CUST-101175,Female,0,Yes,Yes,14,Yes,Yes,Fiber optic,No,No,Yes,No,No,Yes,Month-to-month,Yes,Electronic check,87.45,1260.98,1
CUST-105187,Male,0,Yes,No,61,Yes,Yes,DSL,Yes,No,Yes,Yes,No,Yes,Two year,No,Credit card (automatic),75.2,4730.13,0
CUST-100351,Female,0,No,No,30,Yes,No,Fiber optic,No,No,No,Yes,Yes,Yes,One year,Yes,Bank transfer (automatic),94.46,2638.15,0
CUST-105959,Female,0,No,No,69,Yes,Yes,DSL,Yes,Yes,No,Yes,No,No,Two year,Yes,Mailed check,66.95,4576.43,0
CUST-105160,Female,0,Yes,No,25,No,No phone service,DSL,No,No,No,No,Yes,No,Month-to-month,Yes,Bank transfer (automatic),33.82,852.92,1
CUST-103532,Male,0,No,No,11,Yes,No,No,No internet service,No internet service,No internet service,No internet service,No internet service,No internet service,Month-to-month,Yes,Credit card (automatic),20.41,239.7,0
CUST-105371,Female,1,No,No,15,Yes,No,Fiber optic,No,No,No,No,Yes,Yes,Month-to-month,Yes,Electronic check,91.55,1401.94,0
CUST-104859,Female,0,Yes,No,8,Yes,No,Fiber optic,No,Yes,Yes,No,Yes,Yes,Month-to-month,No,Electronic check,101.44,845.24,1
CUST-104863,Male,1,Yes,No,72,Yes,No,Fiber optic,Yes,Yes,No,Yes,No,No,Two year,Yes,Credit card (automatic),84.88,6141.89,0
CUST-102301,Male,0,No,No,1,Yes,Yes,Fiber optic,No,Yes,No,No,No,No,Month-to-month,Yes,Electronic check,79.03,77.87,1
CUST-101052,Female,0,Yes,Yes,58,No,No phone service,DSL,Yes,No,Yes,Yes,Yes,Yes,Two year,No,Mailed check,59.53,3625.24,0
CUST-104987,Male,0,Yes,Yes,44,Yes,No,Fiber optic,No,No,Yes,No,Yes,Yes,Month-to-month,Yes,Bank transfer (automatic),93.07,4122.1,0
CUST-101938,Female,0,Yes,No,57,Yes,Yes,Fiber optic,No,Yes,Yes,Yes,Yes,Yes,One year,Yes,Bank transfer (automatic),109.48,6252.42,0
CUST-104414,Male,0,No,Yes,1,Yes,Yes,Fiber optic,No,No,No,No,Yes,Yes,Month-to-month,Yes,Electronic check,93.24,93.59,1
CUST-103161,Female,1,No,No,21,No,No phone service,DSL,Yes,No,No,No,Yes,No,Month-to-month,Yes,Electronic check,42.22,836.99,1
CUST-103349,Male,0,No,No,9,No,No phone service,DSL,Yes,Yes,Yes,No,No,No,One year,No,Mailed check,39.12,371.81,0
CUST-103928,Female,0,Yes,No,71,Yes,Yes,No,No internet service,No internet service,No internet service,No internet service,No internet service,No internet service,Two year,No,Bank transfer (automatic),24.61,1835.22,0
CUST-100829,Female,0,No,No,1,Yes,No,Fiber optic,No,No,No,No,No,No,Month-to-month,Yes,Electronic check,69.54,70.0,1
CUST-106719,Female,0,Yes,No,72,Yes,Yes,Fiber optic,Yes,Yes,Yes,No,Yes,Yes,Two year,Yes,Electronic check,109.84,8163.57,0
CUST-101783,Female,0,No,No,18,Yes,No,Fiber optic,No,No,No,No,No,No,Month-to-month,Yes,Electronic check,70.06,1222.76,0
CUST-101252,Male,0,Yes,Yes,59,No,No phone service,DSL,Yes,No,Yes,No,No,No,One year,No,Mailed check,34.65,1980.45,0
CUST-106154,Female,0,No,No,6,Yes,No,Fiber optic,No,No,No,No,Yes,Yes,Month-to-month,Yes,Electronic check,89.6,575.41,1
CUST-104176,Female,0,Yes,Yes,1,Yes,No,No,No internet service,No internet service,No internet service,No internet service,No internet service,No internet service,Month-to-month,No,Electronic check,19.35,20.02,0
CUST-102427,Male,0,Yes,Yes,33,Yes,No,No,No internet service,No internet service,No internet service,No internet service,No internet service,No internet service,One year,No,Mailed check,20.63,692.77,0
CUST-106955,Male,0,No,No,29,No,No phone service,DSL,No,No,No,No,No,No,One year,Yes,Mailed check,24.39,787.51,0
CUST-104284,Female,0,No,No,4,Yes,No,DSL,No,No,No,No,No,No,Month-to-month,Yes,Mailed check,45.57,193.2,1
CUST-104802,Female,1,Yes,No,47,Yes,Yes,Fiber optic,Yes,No,No,No,No,No,Month-to-month,No,Electronic check,80.22,3827.52,1
CUST-101347,Female,1,No,No,5,Yes,No,Fiber optic,No,No,No,No,No,No,Month-to-month,Yes,Mailed check,69.19,318.82,1
CUST-103312,Female,1,No,No,10,No,No phone service,DSL,No,No,No,No,No,Yes,Month-to-month,Yes,Electronic check,34.56,329.38,1
CUST-100258,Male,0,No,No,3,Yes,Yes,Fiber optic,No,No,No,No,No,No,Month-to-month,Yes,Electronic check,76.72,229.64,1
CUST-101869,Male,1,Yes,No,37,Yes,Yes,Fiber optic,No,No,No,No,Yes,No,Month-to-month,Yes,Electronic check,85.68,3171.05,1
CUST-105951,Male,0,Yes,No,72,Yes,Yes,Fiber optic,Yes,Yes,Yes,Yes,Yes,Yes,Two year,No,Bank transfer (automatic),114.9,8348.83,0
CUST-102657,Female,0,No,No,1,Yes,No,No,No internet service,No internet service,No internet service,No internet service,No internet service,No internet service,Month-to-month,No,Mailed check,19.5,20.18,0
CUST-104498,Female,0,No,No,54,Yes,No,Fiber optic,Yes,Yes,No,No,Yes,Yes,One year,Yes,Credit card (automatic),100.16,5299.81,0
CUST-103166,Female,0,Yes,Yes,61,Yes,Yes,Fiber optic,No,Yes,No,No,Yes,Yes,Month-to-month,Yes,Electronic check,99.22,6008.55,1
CUST-105484,Male,0,No,No,4,Yes,No,DSL,No,No,No,No,No,Yes,Month-to-month,No,Electronic check,54.24,194.9,1
CUST-104233,Male,0,No,No,1,Yes,No,Fiber optic,No,No,No,No,No,No,Month-to-month,Yes,Electronic check,70.66,71.55,0
CUST-101646,Male,0,Yes,Yes,29,Yes,No,Fiber optic,No,No,No,No,No,No,Month-to-month,Yes,Electronic check,70.83,1973.84,1
CUST-104485,Female,0,Yes,Yes,42,Yes,No,Fiber optic,No,No,Yes,No,Yes,Yes,Month-to-month,Yes,Electronic check,92.21,3876.39,0
CUST-104825,Female,0,Yes,Yes,56,Yes,No,No,No internet service,No internet service,No internet service,No internet service,No internet service,No internet service,Two year,No,Mailed check,19.84,1093.08,0
CUST-103890,Female,0,No,No,37,Yes,Yes,Fiber optic,Yes,Yes,Yes,No,No,No,Month-to-month,No,Bank transfer (automatic),90.88,3383.09,0
CUST-100684,Male,1,No,No,34,Yes,No,Fiber optic,No,No,No,No,No,No,Month-to-month,No,Credit card (automatic),69.05,2275.6,0
CUST-104402,Male,1,Yes,No,59,No,No phone service,DSL,Yes,No,Yes,Yes,Yes,Yes,Two year,Yes,Credit card (automatic),63.8,3886.58,0
CUST-105772,Female,0,Yes,No,11,Yes,Yes,Fiber optic,No,Yes,No,No,Yes,Yes,Month-to-month,Yes,Electronic check,102.54,1142.68,1
CUST-105308,Female,0,No,No,3,Yes,No,No,No internet service,No internet service,No internet service,No internet service,No internet service,No internet service,Month-to-month,No,Mailed check,19.85,57.55,0
CUST-101934,Male,1,No,No,55,Yes,Yes,Fiber optic,Yes,Yes,Yes,Yes,Yes,Yes,Month-to-month,Yes,Electronic check,116.53,6382.15,0
CUST-104051,Male,0,Yes,Yes,72,Yes,Yes,DSL,Yes,Yes,Yes,Yes,Yes,Yes,Two year,Yes,Credit card (automatic),92.17,6613.77,0
CUST-100336,Female,0,Yes,No,3,Yes,Yes,Fiber optic,No,No,No,No,Yes,Yes,Month-to-month,Yes,Electronic check,95.01,293.33,1
CUST-102147,Female,0,No,No,2,Yes,Yes,DSL,No,Yes,No,No,No,No,Month-to-month,No,Mailed check,54.03,101.12,0
CUST-105469,Male,1,Yes,No,1,Yes,No,Fiber optic,No,No,No,No,No,No,Month-to-month,Yes,Electronic check,70.5,69.93,1
CUST-101671,Male,0,No,No,4,Yes,No,DSL,No,No,No,Yes,Yes,No,Month-to-month,Yes,Electronic check,61.42,251.15,0
CUST-105646,Female,1,No,No,46,Yes,Yes,Fiber optic,Yes,Yes,Yes,No,Yes,Yes,One year,Yes,Electronic check,110.16,4875.98,1
CUST-100407,Male,0,Yes,No,72,Yes,Yes,Fiber optic,Yes,Yes,Yes,Yes,Yes,Yes,Two year,No,Credit card (automatic),115.88,8333.17,0
CUST-105456,Male,1,No,No,14,Yes,Yes,Fiber optic,No,No,No,No,Yes,Yes,Month-to-month,Yes,Electronic check,95.67,1274.6,0
CUST-105765,Female,0,Yes,Yes,71,Yes,No,No,No internet service,No internet service,No internet service,No internet service,No internet service,No internet service,Two year,No,Credit card (automatic),19.52,1415.33,0
CUST-101843,Female,0,No,Yes,24,Yes,No,No,No internet service,No internet service,No internet service,No internet service,No internet service,No internet service,One year,No,Bank transfer (automatic),21.19,532.23,0
CUST-100421,Male,1,Yes,Yes,24,Yes,Yes,Fiber optic,Yes,No,No,No,No,No,Month-to-month,Yes,Electronic check,79.65,1858.02,0
CUST-102544,Male,0,No,No,1,Yes,No,Fiber optic,No,No,No,No,No,No,Month-to-month,Yes,Electronic check,70.12,67.33,1
CUST-102666,Male,1,No,No,66,Yes,Yes,Fiber optic,No,Yes,Yes,Yes,Yes,Yes,One year,No,Credit card (automatic),110.9,7434.4,1
CUST-105835,Female,0,Yes,Yes,39,Yes,No,Fiber optic,No,No,Yes,Yes,No,No,Month-to-month,Yes,Bank transfer (automatic),81.48,3106.71,0
CUST-104555,Female,0,No,Yes,11,Yes,No,No,No internet service,No internet service,No internet service,No internet service,No internet service,No internet service,Month-to-month,No,Credit card (automatic),19.77,215.09,0
CUST-103144,Male,0,Yes,Yes,64,Yes,Yes,Fiber optic,Yes,No,Yes,No,No,Yes,Two year,No,Bank transfer (automatic),93.23,5822.8,0
CUST-105355,Male,0,No,No,3,Yes,No,DSL,No,No,No,No,Yes,No,Month-to-month,No,Credit card (automatic),53.41,187.89,1
CUST-104805,Female,1,Yes,No,26,Yes,No,Fiber optic,No,Yes,No,No,No,Yes,Month-to-month,No,Electronic check,85.28,2168.96,1
CUST-103482,Male,0,No,No,42,Yes,No,No,No internet service,No internet service,No internet service,No internet service,No internet service,No internet service,One year,No,Bank transfer (automatic),20.18,849.26,0
CUST-101793,Female,0,No,No,19,Yes,Yes,No,No internet service,No internet service,No internet service,No internet service,No internet service,No internet service,Month-to-month,No,Bank transfer (automatic),24.84,465.34,0
CUST-102045,Female,0,No,No,1,Yes,No,DSL,No,No,No,No,No,No,Month-to-month,Yes,Mailed check,45.12,44.52,1
CUST-102970,Female,0,No,No,9,Yes,No,No,No internet service,No internet service,No internet service,No internet service,No internet service,No internet service,Month-to-month,No,Bank transfer (automatic),20.25,235.59,0
CUST-100105,Male,1,Yes,No,6,Yes,No,Fiber optic,No,Yes,No,No,No,Yes,Month-to-month,Yes,Electronic check,84.19,520.38,1
CUST-105207,Male,0,No,Yes,49,Yes,Yes,Fiber optic,No,No,No,No,No,No,Month-to-month,No,Credit card (automatic),74.91,3676.86,1
CUST-101420,Male,0,No,No,1,Yes,No,No,No internet service,No internet service,No internet service,No internet service,No internet service,No internet service,Month-to-month,No,Mailed check,20.39,19.82,0
CUST-104853,Male,0,Yes,Yes,61,Yes,Yes,Fiber optic,No,No,Yes,No,Yes,Yes,One year,Yes,Electronic check,100.1,6242.08,0
CUST-101974,Female,0,Yes,Yes,1,Yes,No,No,No internet service,No internet service,No internet service,No internet service,No internet service,No internet service,Month-to-month,No,Electronic check,19.91,21.84,0
CUST-104118,Male,0,No,Yes,48,Yes,Yes,DSL,Yes,Yes,Yes,No,No,No,One year,Yes,Bank transfer (automatic),64.32,3035.52,0
CUST-105693,Male,1,No,No,14,Yes,Yes,Fiber optic,No,No,No,No,No,No,Month-to-month,Yes,Electronic check,75.02,1037.86,1
CUST-100436,Female,0,No,No,13,Yes,No,DSL,Yes,No,No,No,Yes,Yes,Month-to-month,Yes,Electronic check,72.19,921.35,0
CUST-103557,Male,0,No,No,20,No,No phone service,DSL,Yes,Yes,Yes,Yes,Yes,No,Month-to-month,Yes,Credit card (automatic),54.76,1167.35,0
CUST-102704,Female,0,No,No,12,Yes,No,No,No internet service,No internet service,No internet service,No internet service,No internet service,No internet service,One year,No,Mailed check,19.55,229.04,0
CUST-106323,Male,0,No,No,52,Yes,Yes,Fiber optic,Yes,No,Yes,Yes,Yes,Yes,Two year,Yes,Electronic check,109.62,5731.98,0
CUST-102032,Female,0,No,No,1,Yes,No,No,No internet service,No internet service,No internet service,No internet service,No internet service,No internet service,Month-to-month,No,Mailed check,20.83,21.85,1
CUST-104108,Male,0,Yes,No,72,Yes,Yes,DSL,Yes,No,Yes,Yes,Yes,Yes,Two year,No,Credit card (automatic),86.63,6092.82,0
CUST-101959,Male,0,No,No,7,Yes,Yes,No,No internet service,No internet service,No internet service,No internet service,No internet service,No internet service,Month-to-month,Yes,Bank transfer (automatic),24.81,151.34,0
CUST-101253,Male,0,Yes,Yes,72,Yes,Yes,No,No internet service,No internet service,No internet service,No internet service,No internet service,No internet service,Two year,No,Bank transfer (automatic),24.28,1641.85,0
CUST-106694,Male,0,No,No,66,No,No phone service,DSL,No,No,No,Yes,No,No,One year,No,Credit card (automatic),29.27,1985.51,0
CUST-105432,Female,0,No,No,2,Yes,No,No,No internet service,No internet service,No internet service,No internet service,No internet service,No internet service,Month-to-month,Yes,Mailed check,20.61,33.82,0
CUST-100433,Female,1,Yes,No,46,Yes,Yes,Fiber optic,No,No,No,Yes,Yes,Yes,One year,No,Electronic check,100.19,4754.06,0
CUST-100751,Female,0,No,No,6,Yes,No,No,No internet service,No internet service,No internet service,No internet service,No internet service,No internet service,Two year,No,Mailed check,19.55,126.44,0
CUST-101300,Female,0,No,No,2,Yes,Yes,Fiber optic,No,Yes,No,No,No,No,Month-to-month,No,Electronic check,79.2,153.79,0
CUST-105250,Female,0,No,No,29,Yes,No,DSL,Yes,No,Yes,Yes,No,No,One year,No,Credit card (automatic),58.33,1735.9,0
CUST-101989,Female,0,Yes,No,62,Yes,Yes,Fiber optic,No,No,Yes,No,Yes,Yes,Month-to-month,Yes,Electronic check,101.07,6167.31,0
CUST-104017,Female,0,Yes,No,72,Yes,Yes,DSL,Yes,Yes,Yes,No,Yes,Yes,Two year,Yes,Credit card (automatic),82.56,5920.02,0
CUST-100939,Female,1,Yes,No,43,No,No phone service,DSL,No,Yes,Yes,No,Yes,Yes,Month-to-month,No,Credit card (automatic),55.67,2342.32,1
CUST-102265,Male,0,Yes,No,1,Yes,No,Fiber optic,No,No,Yes,No,No,No,Month-to-month,No,Credit card (automatic),75.51,76.08,0
CUST-104160,Male,0,Yes,No,30,Yes,Yes,DSL,No,No,No,No,No,No,Month-to-month,No,Electronic check,50.11,1441.33,0
CUST-102261,Female,0,No,No,23,Yes,Yes,DSL,Yes,No,Yes,No,Yes,Yes,One year,Yes,Electronic check,78.89,1843.72,0
CUST-106536,Female,0,No,No,18,Yes,Yes,Fiber optic,No,No,No,Yes,Yes,No,Month-to-month,Yes,Electronic check,88.22,1637.66,1
CUST-100914,Male,0,Yes,No,32,Yes,Yes,Fiber optic,No,No,Yes,No,No,No,Month-to-month,Yes,Electronic check,79.23,2448.76,1
CUST-106883,Female,0,No,No,24,Yes,Yes,No,No internet service,No internet service,No internet service,No internet service,No internet service,No internet service,Two year,No,Credit card (automatic),25.22,552.96,0
CUST-100014,Female,1,Yes,No,12,Yes,No,DSL,Yes,No,Yes,Yes,Yes,Yes,One year,Yes,Electronic check,79.32,944.37,0
CUST-102882,Male,0,Yes,Yes,65,Yes,Yes,DSL,Yes,Yes,Yes,No,No,Yes,One year,No,Credit card (automatic),72.42,4655.64,1
CUST-106924,Female,1,No,No,13,Yes,No,Fiber optic,No,No,Yes,No,No,No,Month-to-month,Yes,Electronic check,74.39,940.46,1
CUST-101703,Female,0,Yes,No,17,Yes,Yes,Fiber optic,No,No,No,No,Yes,Yes,Month-to-month,No,Electronic check,92.56,1580.28,0
CUST-101373,Female,1,Yes,No,69,Yes,No,Fiber optic,Yes,Yes,No,No,No,Yes,One year,No,Credit card (automatic),87.5,6054.32,0
CUST-104070,Male,1,No,No,1,Yes,No,DSL,No,No,No,No,No,No,Month-to-month,Yes,Mailed check,45.89,45.14,0
CUST-102974,Male,0,No,No,2,Yes,No,Fiber optic,No,No,No,No,No,No,Month-to-month,Yes,Electronic check,69.66,144.39,0
CUST-102058,Male,0,No,No,60,Yes,No,DSL,Yes,No,Yes,Yes,Yes,Yes,One year,No,Mailed check,78.54,4801.38,0
CUST-104554,Female,0,No,No,35,Yes,Yes,Fiber optic,No,Yes,No,Yes,No,No,Month-to-month,No,Credit card (automatic),85.42,2916.22,1
CUST-100553,Female,0,No,No,46,Yes,Yes,Fiber optic,No,No,No,No,Yes,Yes,Month-to-month,No,Bank transfer (automatic),95.75,4400.93,1
CUST-101820,Male,0,Yes,Yes,65,Yes,Yes,DSL,Yes,Yes,No,No,No,Yes,Two year,Yes,Mailed check,69.77,4457.96,0
CUST-104075,Male,0,Yes,No,5,Yes,No,No,No internet service,No internet service,No internet service,No internet service,No internet service,No internet service,Month-to-month,No,Mailed check,19.68,124.24,1
CUST-103502,Male,0,Yes,No,67,Yes,Yes,Fiber optic,No,Yes,Yes,No,Yes,Yes,One year,No,Electronic check,104.24,7040.14,1
CUST-106807,Male,0,Yes,Yes,38,Yes,Yes,DSL,Yes,No,Yes,Yes,Yes,Yes,Two year,Yes,Bank transfer (automatic),85.64,3298.4,0
CUST-106962,Male,0,No,No,3,Yes,No,DSL,No,No,No,Yes,Yes,Yes,Month-to-month,Yes,Electronic check,69.56,193.8,1
CUST-103117,Female,0,No,No,23,Yes,Yes,Fiber optic,No,Yes,No,No,No,No,Month-to-month,Yes,Electronic check,79.26,1674.15,1
CUST-104941,Male,0,Yes,Yes,28,Yes,No,Fiber optic,No,Yes,Yes,Yes,Yes,No,One year,No,Bank transfer (automatic),92.84,2766.41,0
CUST-101875,Female,1,Yes,No,66,Yes,Yes,Fiber optic,No,Yes,No,No,Yes,Yes,Month-to-month,Yes,Electronic check,100.76,6687.71,0
CUST-104789,Female,0,No,No,11,Yes,No,DSL,No,No,No,No,No,No,Month-to-month,Yes,Mailed check,44.59,470.3,0
CUST-101202,Female,0,No,No,1,Yes,No,No,No internet service,No internet service,No internet service,No internet service,No internet service,No internet service,Month-to-month,No,Mailed check,19.67,21.22,1
CUST-104318,Female,0,Yes,Yes,59,Yes,Yes,Fiber optic,No,Yes,Yes,No,Yes,Yes,One year,Yes,Electronic check,105.91,6257.48,0
CUST-105637,Female,0,Yes,Yes,23,Yes,Yes,DSL,Yes,Yes,Yes,Yes,Yes,Yes,Two year,Yes,Credit card (automatic),91.01,2198.48,0
CUST-103171,Male,0,No,No,16,Yes,No,Fiber optic,Yes,No,No,No,Yes,Yes,Month-to-month,Yes,Electronic check,94.95,1485.81,1
CUST-104841,Male,0,Yes,Yes,32,Yes,Yes,Fiber optic,Yes,No,No,No,Yes,Yes,Month-to-month,Yes,Credit card (automatic),99.3,3203.85,1
CUST-102959,Male,0,No,No,15,Yes,No,No,No internet service,No internet service,No internet service,No internet service,No internet service,No internet service,Month-to-month,Yes,Mailed check,19.61,307.0,0
CUST-102188,Male,0,No,No,29,No,No phone service,DSL,No,Yes,No,Yes,No,No,Month-to-month,No,Electronic check,34.37,1005.21,0
CUST-105103,Male,0,Yes,Yes,49,No,No phone service,DSL,No,Yes,No,No,Yes,Yes,One year,Yes,Bank transfer (automatic),52.25,2541.63,1
CUST-106596,Female,0,No,No,1,Yes,No,Fiber optic,No,No,No,No,No,No,Month-to-month,Yes,Electronic check,70.18,71.68,1
CUST-104294,Female,0,No,No,7,Yes,No,DSL,No,No,No,Yes,Yes,No,Month-to-month,Yes,Mailed check,59.29,415.99,1
CUST-102112,Female,1,No,No,1,Yes,Yes,Fiber optic,No,No,No,No,Yes,No,Month-to-month,Yes,Electronic check,85.59,84.22,1
CUST-102031,Male,0,No,No,69,Yes,No,Fiber optic,No,Yes,Yes,Yes,Yes,Yes,One year,Yes,Bank transfer (automatic),103.73,7260.76,1
CUST-102235,Male,0,No,Yes,23,Yes,No,DSL,No,Yes,No,Yes,No,No,Month-to-month,Yes,Bank transfer (automatic),55.14,1282.6,0
CUST-101790,Female,0,No,No,2,Yes,No,Fiber optic,No,No,Yes,No,No,Yes,Month-to-month,Yes,Mailed check,86.3,178.0,1
CUST-105417,Female,0,No,No,23,Yes,No,Fiber optic,No,Yes,No,Yes,No,No,Month-to-month,Yes,Mailed check,79.12,1784.35,0
CUST-101268,Male,0,Yes,No,32,Yes,Yes,DSL,Yes,No,No,Yes,Yes,No,One year,Yes,Credit card (automatic),72.59,2331.98,0
CUST-104337,Female,0,Yes,No,26,No,No phone service,DSL,Yes,Yes,Yes,No,Yes,No,One year,No,Bank transfer (automatic),47.5,1190.94,0
CUST-104372,Female,0,No,No,1,Yes,No,No,No internet service,No internet service,No internet service,No internet service,No internet service,No internet service,Month-to-month,No,Credit card (automatic),19.35,21.42,0
CUST-101442,Female,0,No,No,39,No,No phone service,DSL,No,No,Yes,No,Yes,Yes,Month-to-month,Yes,Credit card (automatic),50.65,1903.29,0
CUST-102883,Male,0,Yes,No,63,Yes,Yes,DSL,No,Yes,No,Yes,No,Yes,Two year,No,Mailed check,67.14,4233.69,0
CUST-102975,Female,0,Yes,Yes,62,Yes,Yes,Fiber optic,No,Yes,No,Yes,Yes,Yes,One year,Yes,Credit card (automatic),106.21,6705.37,0
CUST-106583,Female,0,Yes,Yes,48,Yes,No,DSL,Yes,No,Yes,Yes,Yes,No,One year,No,Bank transfer (automatic),69.73,3025.35,0
CUST-100046,Female,0,No,No,8,Yes,Yes,DSL,Yes,No,No,Yes,No,Yes,Month-to-month,No,Electronic check,70.94,566.18,1
CUST-101778,Male,1,Yes,No,7,Yes,Yes,Fiber optic,No,No,No,No,No,No,Month-to-month,Yes,Electronic check,74.77,484.65,0
CUST-105778,Male,0,Yes,Yes,46,Yes,No,No,No internet service,No internet service,No internet service,No internet service,No internet service,No internet service,Two year,Yes,Mailed check,20.15,918.34,0
CUST-102001,Female,0,Yes,Yes,61,Yes,No,DSL,Yes,No,No,No,No,No,One year,Yes,Bank transfer (automatic),49.82,2961.63,0
CUST-103345,Male,0,Yes,No,2,Yes,No,Fiber optic,No,No,No,Yes,Yes,Yes,Month-to-month,Yes,Electronic check,94.43,165.74,1
CUST-105615,Male,0,Yes,Yes,65,Yes,Yes,DSL,No,Yes,Yes,Yes,Yes,Yes,Two year,Yes,Bank transfer (automatic),84.14,5325.39,0
CUST-101722,Male,0,No,No,9,Yes,No,DSL,No,No,No,No,No,No,Month-to-month,Yes,Mailed check,44.84,347.69,0
CUST-106549,Female,0,No,No,21,Yes,No,Fiber optic,No,Yes,Yes,Yes,Yes,Yes,One year,Yes,Mailed check,104.62,2239.9,0
CUST-105815,Male,0,No,No,70,Yes,Yes,Fiber optic,Yes,Yes,Yes,Yes,Yes,Yes,Two year,Yes,Bank transfer (automatic),114.8,7709.86,0
CUST-101275,Male,0,Yes,Yes,15,Yes,No,DSL,No,Yes,Yes,Yes,No,Yes,Month-to-month,Yes,Mailed check,69.56,1069.45,0
CUST-104698,Male,0,No,No,46,Yes,No,DSL,No,No,No,No,No,No,Month-to-month,Yes,Credit card (automatic),44.88,2066.38,0
CUST-104976,Male,0,No,No,58,Yes,Yes,No,No internet service,No internet service,No internet service,No internet service,No internet service,No internet service,Two year,Yes,Credit card (automatic),24.42,1512.04,0
CUST-103205,Female,0,Yes,Yes,38,Yes,No,No,No internet service,No internet service,No internet service,No internet service,No internet service,No internet service,One year,No,Mailed check,20.18,749.0,0
CUST-103695,Male,0,No,No,1,Yes,No,No,No internet service,No internet service,No internet service,No internet service,No internet service,No internet service,Month-to-month,No,Bank transfer (automatic),19.96,19.46,0
CUST-100146,Female,0,No,No,1,Yes,No,Fiber optic,No,No,No,No,Yes,Yes,Month-to-month,No,Electronic check,90.6,89.85,1
CUST-100177,Female,0,No,Yes,10,Yes,No,Fiber optic,No,No,Yes,Yes,Yes,No,Month-to-month,Yes,Electronic check,90.9,965.6,0
CUST-100532,Male,1,Yes,Yes,38,Yes,Yes,Fiber optic,No,Yes,No,No,Yes,Yes,Month-to-month,No,Electronic check,101.13,3741.62,0
CUST-100065,Male,0,No,Yes,17,Yes,No,DSL,Yes,No,No,No,No,No,Month-to-month,Yes,Mailed check,50.3,844.14,0
CUST-104443,Male,0,No,No,8,Yes,Yes,Fiber optic,No,No,No,No,No,Yes,Month-to-month,No,Bank transfer (automatic),84.23,661.62,1
CUST-102137,Female,0,Yes,No,28,Yes,Yes,No,No internet service,No internet service,No internet service,No internet service,No internet service,No internet service,One year,No,Mailed check,25.51,673.1,0
CUST-104652,Male,0,Yes,Yes,10,Yes,No,No,No internet service,No internet service,No internet service,No internet service,No internet service,No internet service,Month-to-month,Yes,Credit card (automatic),19.9,220.65,0
CUST-106294,Male,0,No,No,2,Yes,No,Fiber optic,No,No,No,No,No,No,Month-to-month,No,Credit card (automatic),71.02,142.8,1
CUST-105395,Female,0,No,No,45,Yes,Yes,Fiber optic,No,Yes,No,No,Yes,No,Month-to-month,Yes,Credit card (automatic),89.26,4014.83,1
CUST-100651,Male,0,No,No,8,No,No phone service,DSL,No,No,No,No,No,No,Month-to-month,Yes,Credit card (automatic),25.04,184.97,0
CUST-102520,Male,0,No,Yes,27,Yes,No,No,No internet service,No internet service,No internet service,No internet service,No internet service,No internet service,Month-to-month,No,Mailed check,19.26,536.25,0
CUST-106522,Female,0,Yes,Yes,41,Yes,Yes,Fiber optic,Yes,Yes,No,No,Yes,No,Month-to-month,Yes,Bank transfer (automatic),94.06,3893.55,0
CUST-102799,Female,0,Yes,Yes,27,Yes,No,Fiber optic,Yes,No,No,No,No,No,Month-to-month,No,Mailed check,74.57,1970.38,0
CUST-102846,Female,1,No,No,44,Yes,Yes,Fiber optic,Yes,Yes,Yes,No,Yes,Yes,One year,Yes,Credit card (automatic),109.97,4857.49,0
CUST-102555,Male,1,Yes,Yes,34,Yes,Yes,Fiber optic,No,Yes,Yes,Yes,Yes,Yes,Month-to-month,Yes,Electronic check,108.98,3625.25,0
CUST-102741,Female,0,No,Yes,1,Yes,No,Fiber optic,No,No,No,No,No,Yes,Month-to-month,No,Electronic check,78.82,79.24,1
CUST-106638,Male,0,No,No,1,Yes,No,No,No internet service,No internet service,No internet service,No internet service,No internet service,No internet service,Month-to-month,No,Mailed check,20.21,20.91,1
CUST-105954,Female,0,No,Yes,26,Yes,No,Fiber optic,No,Yes,Yes,Yes,Yes,Yes,Two year,Yes,Electronic check,105.33,2713.16,0
CUST-106313,Female,0,Yes,Yes,71,Yes,Yes,DSL,Yes,Yes,Yes,Yes,Yes,Yes,Two year,No,Bank transfer (automatic),89.94,6344.7,0
CUST-104195,Male,0,No,No,1,Yes,No,No,No internet service,No internet service,No internet service,No internet service,No internet service,No internet service,Month-to-month,No,Bank transfer (automatic),20.1,19.85,1
CUST-106277,Female,0,No,Yes,9,Yes,No,DSL,No,No,Yes,Yes,Yes,Yes,Month-to-month,Yes,Mailed check,72.73,650.28,1
CUST-105016,Female,0,No,No,46,Yes,No,No,No internet service,No internet service,No internet service,No internet service,No internet service,No internet service,Two year,Yes,Electronic check,21.11,937.13,0
CUST-100376,Male,0,Yes,No,31,Yes,Yes,Fiber optic,No,No,Yes,No,Yes,No,Month-to-month,No,Credit card (automatic),88.68,2684.89,0
CUST-100766,Female,1,No,No,72,Yes,Yes,Fiber optic,Yes,Yes,No,Yes,Yes,Yes,Two year,Yes,Bank transfer (automatic),109.85,7746.19,0
CUST-102616,Male,0,No,No,69,Yes,Yes,Fiber optic,Yes,Yes,Yes,No,Yes,Yes,Two year,Yes,Credit card (automatic),110.14,7429.55,0
CUST-105701,Male,0,No,No,10,Yes,No,No,No internet service,No internet service,No internet service,No internet service,No internet service,No internet service,One year,No,Mailed check,19.78,227.45,0
CUST-106717,Female,0,Yes,Yes,32,Yes,No,DSL,Yes,Yes,No,Yes,No,No,Month-to-month,No,Bank transfer (automatic),61.42,1864.94,0
CUST-105148,Male,0,No,No,5,Yes,No,DSL,No,No,Yes,No,Yes,Yes,Month-to-month,Yes,Electronic check,70.03,348.22,1
CUST-106077,Female,0,No,No,10,Yes,No,No,No internet service,No internet service,No internet service,No internet service,No internet service,No internet service,Month-to-month,Yes,Electronic check,21.53,222.48,0
CUST-103854,Male,0,No,Yes,33,No,No phone service,DSL,Yes,No,No,Yes,No,No,One year,No,Credit card (automatic),33.81,1111.54,0
CUST-106373,Female,0,No,No,13,No,No phone service,DSL,No,No,Yes,Yes,No,No,Two year,No,Mailed check,35.67,449.95,0
CUST-103082,Male,1,Yes,No,37,Yes,Yes,Fiber optic,No,No,No,No,Yes,Yes,Month-to-month,Yes,Electronic check,92.46,3474.14,1
CUST-104487,Male,0,No,No,49,Yes,Yes,Fiber optic,No,Yes,Yes,No,Yes,Yes,Month-to-month,Yes,Bank transfer (automatic),103.68,5036.44,1
CUST-102873,Female,0,Yes,Yes,1,Yes,No,No,No internet service,No internet service,No internet service,No internet service,No internet service,No internet service,Month-to-month,Yes,Electronic check,21.09,23.12,1
CUST-100097,Female,0,No,No,7,Yes,No,DSL,No,No,Yes,Yes,No,Yes,Month-to-month,No,Bank transfer (automatic),62.82,418.63,0
CUST-101840,Male,0,No,Yes,62,Yes,Yes,No,No internet service,No internet service,No internet service,No internet service,No internet service,No internet service,Two year,Yes,Mailed check,24.53,1409.96,0
CUST-106757,Female,0,No,No,36,Yes,No,DSL,Yes,Yes,Yes,Yes,Yes,No,One year,Yes,Mailed check,76.25,2603.71,0
CUST-101436,Male,0,No,No,69,Yes,No,No,No internet service,No internet service,No internet service,No internet service,No internet service,No internet service,Two year,No,Credit card (automatic),20.0,1402.01,0
CUST-103644,Female,1,No,No,20,Yes,No,Fiber optic,No,No,No,No,Yes,No,Month-to-month,No,Bank transfer (automatic),80.85,1614.53,0
CUST-105474,Male,0,No,No,1,Yes,No,No,No internet service,No internet service,No internet service,No internet service,No internet service,No internet service,Month-to-month,Yes,Mailed check,19.42,19.64,0
CUST-103704,Male,0,Yes,Yes,68,Yes,Yes,No,No internet service,No internet service,No internet service,No internet service,No internet service,No internet service,Two year,No,Bank transfer (automatic),25.72,1621.41,0
CUST-106685,Female,1,No,No,64,Yes,Yes,Fiber optic,Yes,No,Yes,Yes,Yes,Yes,Month-to-month,Yes,Bank transfer (automatic),108.88,7111.98,0
CUST-104704,Male,0,No,No,5,Yes,No,No,No internet service,No internet service,No internet service,No internet service,No internet service,No internet service,Month-to-month,No,Mailed check,20.97,111.47,1
CUST-100623,Female,0,Yes,No,2,Yes,No,Fiber optic,No,No,No,No,No,No,Month-to-month,Yes,Electronic check,70.42,118.6,0
CUST-103119,Female,0,No,No,46,Yes,No,DSL,No,No,No,No,No,No,Month-to-month,No,Bank transfer (automatic),44.87,2168.19,0
CUST-103421,Female,0,No,No,1,Yes,No,No,No internet service,No internet service,No internet service,No internet service,No internet service,No internet service,Month-to-month,No,Bank transfer (automatic),20.02,18.58,0
CUST-106697,Female,0,No,No,34,Yes,No,Fiber optic,No,Yes,Yes,Yes,Yes,Yes,Month-to-month,Yes,Electronic check,105.11,3634.66,0
CUST-106724,Male,1,No,No,41,Yes,Yes,Fiber optic,No,No,Yes,No,Yes,Yes,Month-to-month,Yes,Electronic check,98.23,4185.84,1
CUST-101992,Male,0,No,No,1,Yes,Yes,Fiber optic,No,No,No,No,No,No,Month-to-month,Yes,Electronic check,74.92,73.02,1
CUST-105640,Male,0,Yes,Yes,35,Yes,No,Fiber optic,No,Yes,No,Yes,Yes,No,One year,Yes,Electronic check,89.72,3167.41,0
CUST-103554,Female,0,No,No,1,Yes,Yes,Fiber optic,No,No,No,No,No,Yes,Month-to-month,Yes,Mailed check,85.33,86.29,1
CUST-105154,Male,0,No,No,64,Yes,Yes,Fiber optic,No,Yes,Yes,No,Yes,Yes,Two year,Yes,Bank transfer (automatic),104.36,6695.18,0
CUST-105141,Female,1,Yes,No,13,No,No phone service,DSL,No,No,No,No,Yes,Yes,Month-to-month,No,Electronic check,45.24,527.01,0
CUST-101116,Female,0,Yes,No,68,Yes,No,DSL,Yes,Yes,No,Yes,Yes,Yes,Two year,Yes,Bank transfer (automatic),79.88,5515.61,0
CUST-101665,Male,0,No,Yes,57,Yes,No,No,No internet service,No internet service,No internet service,No internet service,No internet service,No internet service,Two year,Yes,Mailed check,19.69,1171.03,0
CUST-104355,Male,0,Yes,No,72,Yes,Yes,Fiber optic,Yes,Yes,Yes,Yes,Yes,Yes,Two year,Yes,Credit card (automatic),113.98,8087.95,0
CUST-104466,Male,1,Yes,No,12,Yes,Yes,Fiber optic,No,Yes,No,No,Yes,Yes,Month-to-month,Yes,Electronic check,101.55,1220.63,1
CUST-104787,Male,0,No,No,7,Yes,No,DSL,No,No,No,No,Yes,No,Month-to-month,No,Mailed check,54.91,372.61,0
CUST-105228,Male,0,No,No,35,Yes,Yes,Fiber optic,No,No,No,No,Yes,No,Month-to-month,No,Electronic check,83.29,2846.9,0
CUST-106281,Male,0,Yes,Yes,25,Yes,Yes,No,No internet service,No internet service,No internet service,No internet service,No internet service,No internet service,Month-to-month,Yes,Bank transfer (automatic),25.34,545.75,0
CUST-104548,Male,0,No,No,35,Yes,Yes,Fiber optic,No,No,Yes,Yes,Yes,No,Month-to-month,No,Electronic check,95.78,3419.0,0
CUST-103183,Male,0,No,No,10,No,No phone service,DSL,No,Yes,No,Yes,No,No,Month-to-month,No,Electronic check,35.9,389.64,0
CUST-101126,Female,0,No,No,68,No,No phone service,DSL,Yes,No,Yes,Yes,No,No,Two year,No,Mailed check,38.33,2718.92,0
CUST-105500,Female,0,No,Yes,12,Yes,Yes,Fiber optic,Yes,No,No,No,No,No,Month-to-month,Yes,Electronic check,78.28,909.45,1
CUST-103344,Male,0,No,No,3,Yes,Yes,Fiber optic,No,No,No,No,No,Yes,Month-to-month,Yes,Electronic check,85.01,262.86,1
CUST-103053,Male,0,Yes,Yes,25,Yes,No,No,No internet service,No internet service,No internet service,No internet service,No internet service,No internet service,Month-to-month,Yes,Mailed check,18.85,473.64,0
CUST-101119,Female,0,Yes,Yes,41,Yes,No,DSL,Yes,Yes,No,Yes,Yes,Yes,Two year,No,Electronic check,78.6,3126.83,0
CUST-104429,Male,0,Yes,Yes,21,Yes,Yes,Fiber optic,No,Yes,Yes,No,Yes,Yes,Month-to-month,No,Electronic check,104.18,2154.96,1
CUST-105095,Female,0,No,No,31,Yes,Yes,Fiber optic,No,No,No,No,No,No,Month-to-month,Yes,Electronic check,75.8,2228.42,0
CUST-101750,Male,0,No,Yes,2,Yes,Yes,DSL,Yes,Yes,No,No,No,No,Month-to-month,No,Bank transfer (automatic),61.16,133.08,0
CUST-106674,Male,0,No,No,63,Yes,Yes,Fiber optic,Yes,Yes,Yes,Yes,Yes,No,One year,No,Credit card (automatic),104.19,6593.3,0
CUST-100730,Male,0,Yes,Yes,25,Yes,No,Fiber optic,No,Yes,No,No,No,No,Month-to-month,Yes,Electronic check,75.78,1898.69,0
CUST-106919,Male,0,Yes,No,64,Yes,Yes,DSL,No,Yes,Yes,Yes,Yes,No,Two year,Yes,Bank transfer (automatic),76.09,4819.74,0
CUST-101042,Male,0,Yes,Yes,69,Yes,Yes,Fiber optic,No,Yes,Yes,No,Yes,Yes,Two year,Yes,Electronic check,105.0,7297.98,0
CUST-106100,Male,0,No,No,3,Yes,Yes,Fiber optic,No,No,Yes,No,Yes,Yes,Month-to-month,Yes,Electronic check,100.9,329.82,1
CUST-101615,Female,0,No,No,48,Yes,Yes,No,No internet service,No internet service,No internet service,No internet service,No internet service,No internet service,One year,No,Bank transfer (automatic),24.5,1204.56,0
CUST-101219,Female,0,No,No,13,Yes,No,DSL,Yes,Yes,No,Yes,No,Yes,Month-to-month,No,Bank transfer (automatic),67.9,844.58,0
CUST-100455,Male,0,No,Yes,28,Yes,No,DSL,No,Yes,No,Yes,No,No,One year,Yes,Credit card (automatic),54.5,1517.86,0
CUST-101020,Male,0,No,No,11,Yes,No,No,No internet service,No internet service,No internet service,No internet service,No internet service,No internet service,Month-to-month,No,Mailed check,20.22,217.15,0
CUST-102502,Female,0,Yes,Yes,43,Yes,No,No,No internet service,No internet service,No internet service,No internet service,No internet service,No internet service,One year,No,Mailed check,20.05,819.23,0
CUST-104092,Female,0,Yes,Yes,57,Yes,No,DSL,Yes,Yes,No,No,No,No,One year,No,Electronic check,53.11,3053.18,0
CUST-104931,Male,0,Yes,No,24,Yes,No,No,No internet service,No internet service,No internet service,No internet service,No internet service,No internet service,Two year,No,Mailed check,19.66,481.76,0
CUST-101323,Female,0,No,No,34,Yes,No,No,No internet service,No internet service,No internet service,No internet service,No internet service,No internet service,Month-to-month,No,Mailed check,20.01,670.03,0
CUST-101071,Female,0,No,No,64,Yes,Yes,Fiber optic,No,No,Yes,No,Yes,Yes,One year,Yes,Credit card (automatic),99.87,6256.54,1
CUST-100505,Male,0,Yes,Yes,72,Yes,Yes,Fiber optic,No,Yes,Yes,No,Yes,Yes,Two year,Yes,Electronic check,103.35,7373.69,1
CUST-100624,Female,0,No,No,45,Yes,Yes,Fiber optic,Yes,Yes,No,No,No,Yes,One year,No,Bank transfer (automatic),96.94,4442.82,0
CUST-104366,Male,0,Yes,Yes,41,Yes,Yes,DSL,Yes,Yes,Yes,No,Yes,No,Month-to-month,Yes,Credit card (automatic),74.84,3024.29,0
CUST-106470,Female,1,Yes,Yes,56,Yes,No,DSL,Yes,No,No,Yes,Yes,Yes,Two year,Yes,Credit card (automatic),72.39,4081.01,0
CUST-103227,Female,0,No,No,3,Yes,No,DSL,No,No,No,No,Yes,No,Month-to-month,Yes,Electronic check,54.1,139.69,0
CUST-100742,Male,0,No,No,1,Yes,No,DSL,Yes,No,No,No,No,No,Month-to-month,Yes,Mailed check,48.6,50.42,1
CUST-105742,Female,0,Yes,Yes,72,Yes,Yes,No,No internet service,No internet service,No internet service,No internet service,No internet service,No internet service,Two year,Yes,Bank transfer (automatic),24.0,1711.75,0
CUST-104345,Female,0,Yes,No,64,Yes,No,Fiber optic,Yes,No,No,Yes,Yes,Yes,One year,Yes,Mailed check,97.02,6315.69,0
CUST-102589,Male,0,No,No,26,Yes,No,DSL,No,No,No,No,No,No,Month-to-month,No,Electronic check,45.51,1234.3,0
CUST-104796,Male,0,Yes,Yes,72,Yes,No,No,No internet service,No internet service,No internet service,No internet service,No internet service,No internet service,Two year,Yes,Credit card (automatic),19.91,1415.99,0
CUST-106472,Male,1,No,No,56,Yes,Yes,Fiber optic,No,No,Yes,No,Yes,Yes,Month-to-month,Yes,Electronic check,100.59,5592.82,0
CUST-100699,Female,0,No,No,16,Yes,No,No,No internet service,No internet service,No internet service,No internet service,No internet service,No internet service,One year,No,Credit card (automatic),19.29,293.29,0
CUST-101718,Male,0,No,Yes,12,Yes,No,No,No internet service,No internet service,No internet service,No internet service,No internet service,No internet service,Month-to-month,No,Credit card (automatic),21.13,235.43,0
CUST-100363,Male,1,No,No,53,No,No phone service,DSL,No,Yes,Yes,No,Yes,Yes,Month-to-month,Yes,Electronic check,54.48,2853.69,1
CUST-106828,Male,0,Yes,Yes,71,Yes,No,DSL,No,Yes,No,Yes,Yes,Yes,Two year,Yes,Credit card (automatic),73.6,5155.17,0
CUST-101223,Female,1,No,No,22,Yes,No,Fiber optic,Yes,Yes,No,No,No,No,Month-to-month,No,Electronic check,81.73,1821.08,0
CUST-105895,Female,0,No,No,21,Yes,No,Fiber optic,No,Yes,Yes,No,No,Yes,Month-to-month,Yes,Electronic check,90.35,1863.86,0
CUST-102829,Male,0,No,Yes,18,Yes,Yes,Fiber optic,No,No,Yes,No,No,No,Month-to-month,Yes,Credit card (automatic),80.71,1403.48,0
CUST-100282,Male,1,No,No,67,Yes,Yes,Fiber optic,No,No,Yes,No,Yes,Yes,Month-to-month,Yes,Credit card (automatic),101.24,6838.75,0
CUST-100166,Male,1,Yes,No,23,Yes,No,Fiber optic,Yes,Yes,No,No,No,Yes,Month-to-month,Yes,Electronic check,90.12,2023.37,0
CUST-103027,Female,0,No,No,6,Yes,Yes,Fiber optic,No,No,No,No,No,No,Month-to-month,Yes,Mailed check,73.88,401.3,0
CUST-100803,Male,0,Yes,Yes,22,Yes,No,No,No internet service,No internet service,No internet service,No internet service,No internet service,No internet service,One year,No,Bank transfer (automatic),20.17,488.91,0
CUST-105334,Female,1,Yes,No,26,Yes,No,Fiber optic,No,No,Yes,No,Yes,No,Month-to-month,Yes,Credit card (automatic),85.82,2067.52,0
CUST-101359,Male,0,Yes,No,42,Yes,Yes,Fiber optic,No,Yes,Yes,Yes,No,Yes,Month-to-month,Yes,Electronic check,99.3,4139.8,1
CUST-102667,Female,0,No,No,4,Yes,Yes,No,No internet service,No internet service,No internet service,No internet service,No internet service,No internet service,Two year,Yes,Credit card (automatic),25.39,118.85,0
CUST-103346,Male,0,No,No,4,Yes,Yes,Fiber optic,No,Yes,No,No,No,Yes,Month-to-month,Yes,Electronic check,90.09,367.7,1
CUST-102278,Male,0,No,No,3,Yes,Yes,Fiber optic,No,No,No,No,No,No,Month-to-month,No,Mailed check,75.35,206.74,1
CUST-101022,Male,0,Yes,Yes,70,Yes,Yes,Fiber optic,No,Yes,No,No,Yes,Yes,Two year,No,Bank transfer (automatic),98.27,6857.59,1
CUST-101294,Female,1,No,No,57,Yes,No,DSL,Yes,No,Yes,Yes,Yes,No,Two year,No,Bank transfer (automatic),69.85,4004.31,0
CUST-106808,Male,0,No,No,44,Yes,No,DSL,Yes,No,No,Yes,Yes,No,One year,No,Electronic check,65.32,2771.91,0
CUST-103934,Female,0,Yes,Yes,11,No,No phone service,DSL,Yes,No,No,No,No,No,Month-to-month,Yes,Electronic check,29.58,346.16,0
CUST-104479,Male,0,No,No,65,Yes,Yes,Fiber optic,No,Yes,Yes,Yes,Yes,Yes,Month-to-month,Yes,Electronic check,109.2,6941.51,1
CUST-100985,Male,0,No,No,27,Yes,No,No,No internet service,No internet service,No internet service,No internet service,No internet service,No internet service,Month-to-month,Yes,Electronic check,19.61,531.67,0
CUST-103822,Female,0,Yes,No,40,Yes,No,No,No internet service,No internet service,No internet service,No internet service,No internet service,No internet service,Two year,No,Mailed check,18.86,781.67,0
CUST-102203,Female,0,Yes,Yes,23,Yes,No,Fiber optic,Yes,Yes,No,Yes,No,No,Month-to-month,No,Mailed check,84.62,1937.5,0
CUST-104241,Male,1,No,No,7,Yes,Yes,Fiber optic,No,No,No,No,No,No,Month-to-month,No,Mailed check,73.74,541.78,1
CUST-101131,Male,0,No,No,11,Yes,No,No,No internet service,No internet service,No internet service,No internet service,No internet service,No internet service,One year,No,Mailed check,19.95,227.77,0
CUST-101918,Female,0,No,No,2,Yes,No,No,No internet service,No internet service,No internet service,No internet service,No internet service,No internet service,Month-to-month,Yes,Bank transfer (automatic),20.66,40.21,0
CUST-104377,Male,0,No,No,1,Yes,No,No,No internet service,No internet service,No internet service,No internet service,No internet service,No internet service,Month-to-month,No,Mailed check,20.43,20.26,0
CUST-100396,Female,0,No,No,9,Yes,No,Fiber optic,No,No,Yes,No,No,Yes,Month-to-month,Yes,Credit card (automatic),85.56,781.96,0
CUST-105126,Female,0,No,No,48,Yes,No,DSL,Yes,Yes,No,No,No,No,Two year,No,Credit card (automatic),55.79,2625.64,0
CUST-103950,Male,0,Yes,No,72,Yes,Yes,DSL,No,Yes,Yes,No,Yes,Yes,Two year,No,Bank transfer (automatic),82.1,5786.51,0
CUST-106912,Female,1,No,No,11,Yes,Yes,Fiber optic,No,No,No,No,Yes,Yes,Month-to-month,Yes,Bank transfer (automatic),94.99,997.4,1
CUST-101054,Male,1,Yes,No,57,Yes,No,Fiber optic,No,Yes,Yes,No,Yes,No,One year,Yes,Electronic check,90.73,5200.49,0
CUST-104332,Male,1,Yes,No,8,No,No phone service,DSL,No,Yes,Yes,No,No,Yes,Month-to-month,Yes,Mailed check,43.59,371.7,0
CUST-103110,Female,0,No,No,8,Yes,No,No,No internet service,No internet service,No internet service,No internet service,No internet service,No internet service,Two year,No,Mailed check,20.18,140.22,0
CUST-103477,Male,0,Yes,Yes,64,No,No phone service,DSL,Yes,No,Yes,Yes,Yes,Yes,Two year,Yes,Bank transfer (automatic),59.84,3845.1,0
CUST-101362,Female,0,No,No,1,Yes,No,DSL,No,No,No,No,No,No,Month-to-month,No,Electronic check,43.84,44.41,0
CUST-104654,Female,0,No,No,7,Yes,Yes,Fiber optic,No,No,No,No,No,No,Month-to-month,Yes,Electronic check,74.86,542.04,1
CUST-102938,Male,0,Yes,Yes,10,Yes,No,No,No internet service,No internet service,No internet service,No internet service,No internet service,No internet service,One year,No,Mailed check,20.21,242.77,0
CUST-106212,Female,0,Yes,No,37,Yes,Yes,Fiber optic,Yes,No,Yes,Yes,No,Yes,One year,Yes,Electronic check,99.25,3755.92,1
CUST-102881,Female,1,Yes,Yes,72,Yes,Yes,DSL,Yes,Yes,Yes,Yes,Yes,Yes,Two year,Yes,Credit card (automatic),89.68,6449.32,0
CUST-105511,Male,0,No,No,13,Yes,No,No,No internet service,No internet service,No internet service,No internet service,No internet service,No internet service,Month-to-month,Yes,Electronic check,20.38,251.65,0
CUST-102782,Female,0,Yes,Yes,58,Yes,No,DSL,No,No,No,No,No,No,One year,Yes,Mailed check,43.73,2416.42,0
CUST-106220,Female,0,Yes,Yes,72,Yes,No,No,No internet service,No internet service,No internet service,No internet service,No internet service,No internet service,Two year,No,Bank transfer (automatic),20.0,1466.44,0
CUST-101551,Male,0,No,No,51,Yes,Yes,Fiber optic,No,No,No,No,No,Yes,Month-to-month,No,Bank transfer (automatic),83.37,4150.23,0
CUST-102994,Female,0,Yes,Yes,1,Yes,No,No,No internet service,No internet service,No internet service,No internet service,No internet service,No internet service,Month-to-month,No,Mailed check,20.26,21.2,1
CUST-102087,Female,0,Yes,Yes,69,No,No phone service,DSL,No,Yes,Yes,No,Yes,Yes,Two year,Yes,Credit card (automatic),54.9,3771.12,0
CUST-103439,Male,0,Yes,Yes,1,Yes,Yes,Fiber optic,No,No,No,No,No,No,Month-to-month,Yes,Electronic check,74.5,74.8,1
CUST-107031,Male,0,No,No,11,Yes,No,No,No internet service,No internet service,No internet service,No internet service,No internet service,No internet service,Two year,No,Credit card (automatic),19.14,222.53,0
CUST-100527,Male,0,No,No,2,Yes,No,No,No internet service,No internet service,No internet service,No internet service,No internet service,No internet service,Month-to-month,No,Mailed check,20.47,45.27,0
CUST-100925,Female,0,No,No,23,Yes,Yes,Fiber optic,No,No,No,No,No,No,Month-to-month,No,Bank transfer (automatic),75.69,1759.82,1
CUST-100233,Female,0,No,No,18,Yes,No,No,No internet service,No internet service,No internet service,No internet service,No internet service,No internet service,Month-to-month,No,Mailed check,19.33,389.96,0
CUST-102683,Female,1,No,No,32,Yes,No,DSL,No,Yes,No,Yes,No,No,Month-to-month,No,Bank transfer (automatic),54.57,1829.06,0
CUST-101470,Female,0,No,No,2,Yes,No,DSL,No,No,No,No,No,No,Month-to-month,No,Electronic check,45.64,85.16,0
CUST-103113,Male,1,No,No,31,Yes,Yes,Fiber optic,No,Yes,No,No,Yes,No,Month-to-month,Yes,Electronic check,90.96,2847.4,0
CUST-100547,Male,0,No,Yes,1,Yes,No,Fiber optic,No,Yes,No,No,No,No,Month-to-month,Yes,Electronic check,75.35,74.27,1
CUST-104073,Male,0,Yes,No,8,Yes,No,No,No internet service,No internet service,No internet service,No internet service,No internet service,No internet service,Month-to-month,No,Mailed check,20.54,158.08,0
CUST-103141,Male,0,Yes,No,14,Yes,Yes,Fiber optic,No,No,No,No,No,Yes,Month-to-month,Yes,Electronic check,85.1,1138.92,1
CUST-103216,Female,0,No,No,63,Yes,Yes,DSL,Yes,Yes,Yes,Yes,Yes,No,Two year,Yes,Credit card (automatic),79.7,4863.62,0
CUST-100733,Female,1,No,No,40,Yes,No,Fiber optic,No,No,No,No,Yes,Yes,Month-to-month,Yes,Electronic check,91.59,3675.46,0
CUST-101188,Female,0,Yes,No,72,Yes,Yes,Fiber optic,Yes,No,Yes,Yes,Yes,No,Two year,Yes,Bank transfer (automatic),98.0,7015.95,0
CUST-105079,Female,0,Yes,Yes,7,Yes,No,DSL,Yes,No,No,No,No,No,Month-to-month,No,Mailed check,50.54,348.7,0
CUST-101388,Female,0,Yes,No,49,Yes,No,No,No internet service,No internet service,No internet service,No internet service,No internet service,No internet service,Two year,Yes,Bank transfer (automatic),20.42,971.79,0
CUST-101183,Male,0,No,No,3,Yes,No,Fiber optic,No,No,No,No,No,Yes,Month-to-month,Yes,Electronic check,80.52,256.14,0
CUST-100884,Male,0,No,No,17,Yes,No,Fiber optic,No,Yes,Yes,No,No,Yes,Month-to-month,Yes,Credit card (automatic),90.86,1615.49,0
CUST-106543,Female,0,No,No,11,Yes,No,DSL,No,No,No,Yes,Yes,Yes,Month-to-month,No,Mailed check,70.32,830.93,0
CUST-101349,Male,0,No,No,40,Yes,No,Fiber optic,No,Yes,No,Yes,No,Yes,One year,Yes,Credit card (automatic),89.47,3486.12,0
CUST-104077,Male,0,Yes,Yes,36,Yes,Yes,No,No internet service,No internet service,No internet service,No internet service,No internet service,No internet service,Two year,No,Credit card (automatic),24.89,930.72,0
CUST-101356,Female,0,Yes,No,72,Yes,Yes,No,No internet service,No internet service,No internet service,No internet service,No internet service,No internet service,Two year,Yes,Bank transfer (automatic),25.15,1844.26,0
CUST-101171,Female,1,No,No,9,Yes,Yes,Fiber optic,No,No,No,No,No,No,Month-to-month,Yes,Electronic check,74.41,621.49,1
CUST-104578,Male,0,No,Yes,29,Yes,No,No,No internet service,No internet service,No internet service,No internet service,No internet service,No internet service,One year,No,Mailed check,19.9,535.68,0
CUST-106171,Female,0,Yes,Yes,26,Yes,No,No,No internet service,No internet service,No internet service,No internet service,No internet service,No internet service,Month-to-month,Yes,Credit card (automatic),20.15,493.18,0
CUST-104618,Female,0,Yes,No,21,Yes,No,Fiber optic,No,No,No,Yes,Yes,No,Month-to-month,Yes,Electronic check,85.95,1819.04,0
CUST-103116,Female,0,Yes,No,46,Yes,Yes,No,No internet service,No internet service,No internet service,No internet service,No internet service,No internet service,One year,Yes,Bank transfer (automatic),24.58,1066.69,0
CUST-105558,Male,0,No,No,3,Yes,No,DSL,Yes,No,Yes,No,Yes,Yes,Month-to-month,Yes,Electronic check,77.66,204.52,0
CUST-103471,Male,0,Yes,Yes,6,Yes,No,Fiber optic,No,Yes,No,No,No,Yes,Month-to-month,Yes,Credit card (automatic),83.81,478.02,1
CUST-103585,Male,0,No,No,3,Yes,No,No,No internet service,No internet service,No internet service,No internet service,No internet service,No internet service,One year,No,Mailed check,19.53,60.08,0
CUST-103751,Female,0,Yes,No,44,Yes,Yes,Fiber optic,Yes,Yes,Yes,Yes,No,No,Month-to-month,Yes,Credit card (automatic),94.81,4060.24,0
CUST-104423,Female,0,No,No,41,No,No phone service,DSL,No,Yes,No,No,No,Yes,Month-to-month,Yes,Electronic check,40.45,1676.07,0
CUST-104651,Male,0,No,Yes,23,Yes,No,DSL,No,Yes,No,Yes,No,No,Month-to-month,No,Electronic check,54.27,1310.37,0
CUST-106696,Male,0,Yes,No,30,Yes,No,No,No internet service,No internet service,No internet service,No internet service,No internet service,No internet service,Two year,No,Mailed check,19.25,637.0,0
CUST-102575,Male,0,Yes,No,47,Yes,No,No,No internet service,No internet service,No internet service,No internet service,No internet service,No internet service,One year,No,Bank transfer (automatic),19.94,945.53,0
CUST-105365,Male,0,Yes,No,35,Yes,Yes,Fiber optic,No,No,No,No,No,No,Month-to-month,Yes,Electronic check,75.0,2577.28,1
CUST-105868,Female,0,Yes,No,21,Yes,No,DSL,Yes,No,Yes,Yes,Yes,Yes,One year,No,Mailed check,81.03,1715.45,0
CUST-103332,Female,1,Yes,No,1,Yes,No,DSL,No,No,No,No,No,No,Month-to-month,No,Electronic check,46.08,45.37,1
CUST-100357,Male,0,No,No,2,Yes,No,DSL,No,No,No,Yes,Yes,Yes,Month-to-month,No,Electronic check,70.21,132.12,0
CUST-104461,Male,0,No,No,1,Yes,Yes,Fiber optic,No,No,No,No,No,No,Month-to-month,Yes,Electronic check,75.57,74.36,1
CUST-100457,Female,1,Yes,No,1,Yes,No,DSL,Yes,No,No,No,No,No,Month-to-month,Yes,Electronic check,49.38,49.1,1
CUST-101902,Female,0,No,No,65,Yes,Yes,Fiber optic,No,Yes,Yes,No,Yes,No,One year,Yes,Electronic check,95.17,6153.35,0
CUST-100245,Female,1,Yes,No,5,Yes,Yes,Fiber optic,No,No,No,No,No,No,Month-to-month,Yes,Electronic check,74.49,335.03,1
CUST-100734,Male,0,No,No,38,Yes,Yes,DSL,Yes,Yes,Yes,Yes,No,No,Month-to-month,No,Electronic check,70.15,2653.33,0
CUST-102625,Male,1,Yes,No,66,Yes,Yes,Fiber optic,No,No,No,Yes,Yes,Yes,Month-to-month,Yes,Credit card (automatic),99.83,6868.8,1
CUST-103018,Female,0,No,No,1,Yes,No,No,No internet service,No internet service,No internet service,No internet service,No internet service,No internet service,Month-to-month,No,Mailed check,20.27,20.14,1
CUST-102728,Male,0,Yes,Yes,15,Yes,No,No,No internet service,No internet service,No internet service,No internet service,No internet service,No internet service,One year,No,Mailed check,19.35,332.3,0
CUST-106972,Male,0,No,No,15,Yes,Yes,Fiber optic,Yes,No,No,No,Yes,Yes,Month-to-month,Yes,Electronic check,100.03,1568.59,0
CUST-102187,Female,0,No,No,1,No,No phone service,DSL,No,No,No,No,No,No,Month-to-month,Yes,Mailed check,25.36,23.22,0
CUST-100413,Female,0,Yes,No,24,Yes,Yes,DSL,Yes,Yes,Yes,No,No,No,Month-to-month,No,Mailed check,65.91,1561.51,0
CUST-103011,Male,0,No,No,49,Yes,No,No,No internet service,No internet service,No internet service,No internet service,No internet service,No internet service,Two year,Yes,Credit card (automatic),19.9,1021.82,0
CUST-105486,Female,0,No,No,1,Yes,Yes,Fiber optic,No,No,No,No,Yes,Yes,Month-to-month,Yes,Electronic check,94.77,94.96,1
CUST-103833,Female,0,No,No,64,Yes,Yes,Fiber optic,Yes,Yes,Yes,Yes,Yes,Yes,Two year,Yes,Bank transfer (automatic),115.17,7333.73,0
CUST-100449,Male,0,Yes,Yes,47,Yes,Yes,Fiber optic,No,Yes,No,No,Yes,Yes,Month-to-month,Yes,Electronic check,99.41,4748.14,1
CUST-103162,Male,0,Yes,Yes,50,Yes,No,Fiber optic,No,Yes,Yes,Yes,Yes,Yes,One year,Yes,Bank transfer (automatic),103.67,5238.52,0
CUST-101788,Female,0,No,No,16,Yes,Yes,Fiber optic,No,No,No,No,No,No,Month-to-month,Yes,Credit card (automatic),74.9,1129.49,0
CUST-105960,Male,0,Yes,Yes,46,Yes,No,DSL,Yes,No,Yes,Yes,No,No,One year,No,Mailed check,57.22,2559.97,0
CUST-106193,Female,0,No,No,9,Yes,No,No,No internet service,No internet service,No internet service,No internet service,No internet service,No internet service,Month-to-month,Yes,Credit card (automatic),20.5,149.54,0
CUST-102653,Male,0,Yes,Yes,19,Yes,No,DSL,Yes,No,No,No,No,No,One year,Yes,Bank transfer (automatic),48.92,955.74,0
CUST-105381,Female,0,No,No,53,Yes,No,Fiber optic,Yes,Yes,Yes,Yes,No,Yes,Two year,No,Mailed check,99.5,5428.62,0
CUST-104036,Male,0,Yes,No,65,Yes,Yes,Fiber optic,Yes,No,Yes,No,Yes,Yes,Month-to-month,Yes,Electronic check,104.23,6813.22,0
CUST-105070,Female,0,Yes,No,72,Yes,Yes,Fiber optic,Yes,Yes,Yes,Yes,Yes,Yes,Two year,Yes,Credit card (automatic),115.66,8312.04,0
CUST-101545,Female,0,Yes,Yes,11,Yes,No,No,No internet service,No internet service,No internet service,No internet service,No internet service,No internet service,One year,Yes,Mailed check,19.99,196.72,0
CUST-103126,Female,0,Yes,No,59,Yes,No,Fiber optic,No,Yes,No,Yes,Yes,Yes,Two year,Yes,Mailed check,99.93,6032.3,0
CUST-102104,Male,1,No,Yes,11,Yes,No,DSL,No,Yes,No,Yes,No,No,Month-to-month,Yes,Electronic check,54.61,601.3,0
CUST-102121,Male,1,Yes,No,69,Yes,Yes,Fiber optic,No,Yes,Yes,Yes,Yes,Yes,Two year,Yes,Bank transfer (automatic),108.57,7320.2,1
CUST-106985,Female,1,Yes,No,48,Yes,No,DSL,No,Yes,No,No,No,Yes,One year,Yes,Bank transfer (automatic),59.06,2789.41,0
CUST-100791,Male,0,No,No,40,No,No phone service,DSL,Yes,Yes,Yes,No,Yes,Yes,One year,No,Credit card (automatic),62.14,2510.92,0
CUST-100754,Male,0,No,No,31,No,No phone service,DSL,No,No,Yes,No,Yes,Yes,One year,Yes,Electronic check,49.98,1522.86,0
CUST-106947,Male,1,Yes,No,32,Yes,Yes,Fiber optic,No,No,No,No,No,Yes,Month-to-month,No,Electronic check,85.19,2661.42,1
CUST-105908,Female,0,Yes,No,20,Yes,No,Fiber optic,No,No,No,No,No,No,Month-to-month,Yes,Bank transfer (automatic),70.06,1539.9,0
CUST-101716,Female,0,No,No,44,No,No phone service,DSL,No,No,Yes,No,Yes,Yes,One year,Yes,Electronic check,49.01,2262.33,0
CUST-105193,Male,0,Yes,Yes,40,Yes,Yes,No,No internet service,No internet service,No internet service,No internet service,No internet service,No internet service,Two year,No,Credit card (automatic),25.13,1005.01,0
CUST-103917,Female,0,No,No,1,Yes,No,DSL,No,No,No,No,No,No,Month-to-month,Yes,Mailed check,44.51,45.82,1
CUST-106288,Female,0,No,No,62,Yes,Yes,Fiber optic,Yes,Yes,Yes,Yes,Yes,Yes,One year,Yes,Credit card (automatic),115.19,7132.39,0
CUST-102443,Male,0,Yes,Yes,50,Yes,Yes,Fiber optic,No,Yes,No,Yes,Yes,Yes,Month-to-month,No,Electronic check,103.61,5071.64,1
CUST-101558,Male,0,No,No,33,Yes,Yes,DSL,No,Yes,No,No,No,No,Month-to-month,Yes,Bank transfer (automatic),54.53,1664.13,0
CUST-104532,Female,0,No,No,72,Yes,No,No,No internet service,No internet service,No internet service,No internet service,No internet service,No internet service,Two year,Yes,Bank transfer (automatic),21.24,1420.22,0
CUST-100648,Female,0,No,No,7,Yes,No,DSL,Yes,Yes,No,Yes,Yes,Yes,Month-to-month,Yes,Electronic check,78.27,569.57,0
CUST-104795,Male,0,Yes,No,31,Yes,Yes,Fiber optic,No,Yes,Yes,No,Yes,No,Month-to-month,No,Electronic check,93.71,3018.74,1
CUST-101008,Female,0,No,No,12,Yes,Yes,Fiber optic,No,No,No,No,No,Yes,Month-to-month,Yes,Electronic check,86.41,1066.01,0
CUST-104303,Male,0,No,No,20,Yes,Yes,Fiber optic,No,No,No,Yes,Yes,Yes,Month-to-month,Yes,Mailed check,98.38,2032.84,0
CUST-102079,Female,0,No,No,6,Yes,No,Fiber optic,No,No,No,No,Yes,Yes,Month-to-month,Yes,Electronic check,91.58,455.06,1
CUST-105802,Female,0,No,No,1,Yes,No,DSL,No,No,No,No,Yes,No,Month-to-month,Yes,Mailed check,53.28,53.78,1
CUST-106683,Female,0,No,Yes,67,Yes,Yes,Fiber optic,No,Yes,No,Yes,Yes,Yes,Two year,Yes,Electronic check,104.05,7042.18,0
CUST-102044,Male,0,No,No,1,Yes,Yes,Fiber optic,No,No,No,No,Yes,No,Month-to-month,Yes,Mailed check,84.73,84.94,1
CUST-106351,Female,0,Yes,Yes,64,Yes,Yes,No,No internet service,No internet service,No internet service,No internet service,No internet service,No internet service,Two year,Yes,Mailed check,23.86,1556.77,0
CUST-103643,Male,0,No,No,35,Yes,No,No,No internet service,No internet service,No internet service,No internet service,No internet service,No internet service,Month-to-month,No,Bank transfer (automatic),20.79,740.65,0
CUST-103264,Female,1,No,No,27,Yes,Yes,Fiber optic,No,No,No,No,No,Yes,Month-to-month,Yes,Electronic check,85.02,2288.85,1
CUST-106879,Male,1,Yes,No,58,No,No phone service,DSL,No,Yes,Yes,No,No,Yes,Month-to-month,Yes,Electronic check,45.3,2652.69,1
CUST-105185,Male,1,Yes,No,62,Yes,Yes,Fiber optic,No,Yes,Yes,No,Yes,Yes,One year,Yes,Electronic check,103.93,6382.14,1
CUST-105791,Female,0,No,Yes,4,Yes,Yes,Fiber optic,No,No,Yes,Yes,No,No,Month-to-month,Yes,Mailed check,86.9,343.65,1
CUST-104304,Male,0,No,No,62,Yes,No,No,No internet service,No internet service,No internet service,No internet service,No internet service,No internet service,Two year,No,Bank transfer (automatic),19.88,1254.06,0
CUST-104807,Female,0,Yes,No,26,Yes,No,Fiber optic,No,No,No,Yes,No,Yes,Month-to-month,No,Credit card (automatic),85.85,2196.04,0
CUST-106388,Female,0,Yes,No,71,Yes,Yes,Fiber optic,No,No,No,No,Yes,Yes,Two year,Yes,Bank transfer (automatic),93.72,6583.19,1
CUST-102964,Female,0,No,Yes,2,Yes,Yes,Fiber optic,Yes,No,No,No,No,No,Month-to-month,No,Credit card (automatic),80.76,186.06,0
CUST-105347,Female,0,No,No,1,Yes,Yes,DSL,No,No,No,No,No,No,Month-to-month,Yes,Electronic check,50.13,51.39,0
CUST-100218,Male,1,Yes,No,32,Yes,Yes,Fiber optic,No,No,No,No,No,Yes,Month-to-month,Yes,Electronic check,85.22,2641.77,1
CUST-102182,Female,0,Yes,Yes,1,No,No phone service,DSL,No,No,No,Yes,Yes,No,Month-to-month,No,Electronic check,40.17,42.05,1
CUST-104556,Female,0,Yes,No,16,No,No phone service,DSL,No,No,No,Yes,Yes,Yes,Month-to-month,Yes,Electronic check,49.77,808.83,1
CUST-105528,Male,0,No,No,41,Yes,Yes,Fiber optic,No,Yes,Yes,No,Yes,Yes,Month-to-month,Yes,Electronic check,104.41,4345.67,1
CUST-105639,Female,1,No,No,9,Yes,Yes,Fiber optic,No,No,Yes,No,Yes,No,Month-to-month,Yes,Electronic check,90.23,820.13,0
CUST-101473,Male,0,Yes,No,70,Yes,No,No,No internet service,No internet service,No internet service,No internet service,No internet service,No internet service,Two year,No,Credit card (automatic),20.11,1431.36,0
CUST-103836,Male,1,Yes,No,57,Yes,Yes,DSL,No,Yes,Yes,No,Yes,No,One year,Yes,Credit card (automatic),71.12,4140.84,0
CUST-104492,Male,0,Yes,No,67,Yes,Yes,No,No internet service,No internet service,No internet service,No internet service,No internet service,No internet service,Two year,No,Credit card (automatic),25.23,1784.2,0
CUST-103204,Male,0,No,No,13,No,No phone service,DSL,Yes,No,No,Yes,Yes,No,Month-to-month,Yes,Credit card (automatic),45.39,595.52,1
CUST-105326,Male,0,No,No,12,Yes,Yes,Fiber optic,No,No,No,No,Yes,Yes,Month-to-month,Yes,Electronic check,95.92,1148.12,1
CUST-103600,Male,0,No,No,18,Yes,Yes,DSL,Yes,No,No,No,No,No,Month-to-month,No,Mailed check,56.3,972.37,0
CUST-100954,Female,0,No,No,13,Yes,Yes,DSL,Yes,No,Yes,No,Yes,Yes,Month-to-month,Yes,Electronic check,78.74,993.61,0
CUST-103959,Male,0,Yes,Yes,52,Yes,Yes,No,No internet service,No internet service,No internet service,No internet service,No internet service,No internet service,Two year,No,Mailed check,24.59,1226.49,0
CUST-102128,Female,1,Yes,No,67,Yes,No,No,No internet service,No internet service,No internet service,No internet service,No internet service,No internet service,Two year,Yes,Bank transfer (automatic),19.9,1261.87,0
CUST-106991,Female,0,No,No,54,Yes,Yes,Fiber optic,No,Yes,No,No,Yes,Yes,Two year,Yes,Bank transfer (automatic),97.23,5128.11,0
CUST-100731,Male,0,No,No,11,Yes,No,Fiber optic,No,No,Yes,No,No,Yes,Month-to-month,No,Electronic check,84.57,888.18,0
CUST-101128,Male,0,Yes,No,4,Yes,No,Fiber optic,No,No,No,No,No,No,Month-to-month,No,Electronic check,70.62,296.71,0
CUST-103187,Male,1,No,No,64,Yes,No,No,No internet service,No internet service,No internet service,No internet service,No internet service,No internet service,Two year,Yes,Bank transfer (automatic),19.95,1198.41,0
CUST-104701,Female,0,No,No,30,Yes,No,DSL,Yes,Yes,Yes,Yes,Yes,No,One year,No,Credit card (automatic),74.85,2307.74,0
CUST-104162,Female,1,No,No,71,Yes,Yes,DSL,Yes,Yes,Yes,Yes,Yes,Yes,Two year,No,Mailed check,90.06,6297.26,0
CUST-104855,Male,0,Yes,No,2,Yes,No,No,No internet service,No internet service,No internet service,No internet service,No internet service,No internet service,Month-to-month,No,Mailed check,19.94,37.86,0
CUST-106669,Male,1,Yes,No,32,Yes,Yes,Fiber optic,No,Yes,Yes,No,Yes,Yes,Month-to-month,No,Bank transfer (automatic),106.53,3522.33,1
CUST-104800,Female,0,No,No,62,No,No phone service,DSL,No,Yes,Yes,No,No,Yes,Two year,Yes,Credit card (automatic),43.48,2747.42,0
CUST-105202,Female,0,Yes,Yes,9,Yes,No,No,No internet service,No internet service,No internet service,No internet service,No internet service,No internet service,One year,No,Mailed check,20.12,169.65,0
CUST-107016,Female,0,Yes,No,34,Yes,Yes,DSL,Yes,Yes,No,Yes,No,No,Month-to-month,No,Electronic check,62.32,2273.52,1
CUST-103214,Male,0,Yes,Yes,47,Yes,No,Fiber optic,Yes,Yes,Yes,No,No,Yes,One year,Yes,Electronic check,96.05,4389.96,0
CUST-106997,Female,0,No,Yes,26,No,No phone service,DSL,Yes,No,No,Yes,No,Yes,Month-to-month,No,Mailed check,45.96,1148.82,0
CUST-104392,Male,0,Yes,Yes,16,Yes,No,No,No internet service,No internet service,No internet service,No internet service,No internet service,No internet service,Month-to-month,No,Electronic check,20.44,341.95,0
CUST-102463,Female,1,Yes,No,12,Yes,Yes,Fiber optic,No,Yes,Yes,No,Yes,No,Month-to-month,Yes,Electronic check,98.0,1058.89,1
CUST-100069,Male,0,Yes,Yes,13,Yes,Yes,Fiber optic,No,No,No,No,No,No,Month-to-month,Yes,Credit card (automatic),74.27,897.58,1
CUST-102580,Male,1,No,No,37,No,No phone service,DSL,No,Yes,Yes,No,No,No,Month-to-month,No,Electronic check,36.88,1316.52,0
CUST-106366,Female,0,Yes,Yes,7,Yes,No,DSL,Yes,Yes,Yes,Yes,Yes,No,Month-to-month,Yes,Electronic check,75.79,553.01,0
CUST-105875,Male,0,Yes,Yes,23,Yes,Yes,DSL,No,No,No,No,No,No,One year,Yes,Credit card (automatic),48.25,1066.93,1
CUST-103489,Female,0,Yes,No,70,Yes,No,No,No internet service,No internet service,No internet service,No internet service,No internet service,No internet service,Two year,No,Credit card (automatic),19.74,1329.92,0
CUST-105116,Female,0,No,No,10,Yes,No,Fiber optic,No,No,No,No,No,Yes,Month-to-month,Yes,Bank transfer (automatic),80.27,845.47,1
CUST-101864,Male,1,No,No,8,Yes,No,Fiber optic,No,No,No,No,No,No,Month-to-month,Yes,Credit card (automatic),69.77,562.01,0
CUST-103725,Female,0,No,Yes,2,Yes,No,No,No internet service,No internet service,No internet service,No internet service,No internet service,No internet service,Month-to-month,Yes,Electronic check,19.75,35.52,1
CUST-106595,Male,0,Yes,No,60,Yes,Yes,Fiber optic,No,Yes,Yes,No,Yes,Yes,One year,No,Bank transfer (automatic),102.59,6156.85,0
CUST-103778,Female,0,Yes,Yes,67,Yes,Yes,Fiber optic,No,No,Yes,Yes,Yes,Yes,Two year,Yes,Bank transfer (automatic),105.63,6718.98,0
CUST-104370,Male,0,No,Yes,1,Yes,No,DSL,No,Yes,No,No,No,No,Month-to-month,Yes,Electronic check,49.92,49.58,0
CUST-105580,Male,0,No,No,44,No,No phone service,DSL,No,Yes,Yes,No,Yes,Yes,One year,Yes,Mailed check,53.72,2375.4,1
CUST-104244,Male,0,Yes,Yes,58,Yes,Yes,Fiber optic,No,No,Yes,Yes,No,Yes,Two year,No,Bank transfer (automatic),94.06,5562.56,0
CUST-102340,Female,0,Yes,Yes,72,Yes,Yes,Fiber optic,Yes,Yes,Yes,Yes,No,Yes,Two year,No,Credit card (automatic),107.19,7655.3,0
CUST-105114,Female,0,No,No,69,Yes,No,DSL,Yes,No,Yes,Yes,Yes,Yes,Two year,Yes,Credit card (automatic),82.27,5556.97,0
CUST-100850,Male,0,No,No,21,No,No phone service,DSL,Yes,No,No,Yes,Yes,No,Month-to-month,Yes,Mailed check,43.61,1010.79,0
CUST-102958,Male,1,Yes,No,27,Yes,Yes,DSL,No,Yes,Yes,Yes,Yes,Yes,Month-to-month,Yes,Bank transfer (automatic),84.72,2310.34,0
CUST-102425,Male,0,Yes,Yes,37,Yes,Yes,DSL,Yes,No,Yes,Yes,No,No,Two year,Yes,Credit card (automatic),62.8,2278.38,0
CUST-102561,Male,1,Yes,No,30,Yes,Yes,Fiber optic,No,No,No,Yes,Yes,Yes,Month-to-month,Yes,Electronic check,101.73,2918.83,0
CUST-103285,Male,0,Yes,Yes,60,Yes,Yes,Fiber optic,No,Yes,No,Yes,Yes,Yes,Month-to-month,Yes,Bank transfer (automatic),103.57,5970.87,0
CUST-103945,Female,0,Yes,No,72,Yes,Yes,DSL,Yes,No,Yes,Yes,Yes,Yes,Two year,Yes,Credit card (automatic),84.14,6095.87,0
CUST-101946,Male,0,Yes,No,31,Yes,No,DSL,Yes,Yes,Yes,Yes,No,Yes,One year,Yes,Credit card (automatic),75.37,2422.03,0
CUST-104732,Female,0,No,No,26,Yes,No,Fiber optic,No,No,No,No,Yes,Yes,Month-to-month,Yes,Bank transfer (automatic),88.76,2274.37,1
CUST-103832,Male,1,Yes,No,34,Yes,No,Fiber optic,No,No,Yes,No,Yes,No,Month-to-month,Yes,Credit card (automatic),85.09,2875.93,0
CUST-103912,Male,0,No,No,63,Yes,Yes,DSL,Yes,Yes,Yes,Yes,No,No,One year,No,Bank transfer (automatic),68.57,4110.91,0
CUST-105650,Female,0,No,No,47,Yes,Yes,Fiber optic,No,Yes,Yes,No,Yes,Yes,Month-to-month,Yes,Electronic check,106.59,4849.75,0
CUST-100932,Male,1,No,No,13,Yes,No,Fiber optic,No,No,No,No,Yes,Yes,Month-to-month,Yes,Electronic check,90.34,1202.81,1
CUST-101964,Female,0,No,No,40,Yes,No,No,No internet service,No internet service,No internet service,No internet service,No internet service,No internet service,Two year,No,Mailed check,20.24,806.34,0
CUST-101166,Male,0,No,No,1,Yes,No,No,No internet service,No internet service,No internet service,No internet service,No internet service,No internet service,Month-to-month,No,Mailed check,19.63,18.3,1
CUST-107009,Male,0,Yes,No,10,Yes,Yes,Fiber optic,No,No,No,No,Yes,No,Month-to-month,Yes,Electronic check,85.81,811.51,1
CUST-102222,Male,0,No,No,1,No,No phone service,DSL,No,No,No,No,No,Yes,Month-to-month,Yes,Electronic check,35.59,33.11,1
CUST-101146,Female,0,No,No,29,Yes,No,Fiber optic,No,No,No,No,Yes,No,Month-to-month,Yes,Electronic check,78.84,2382.47,1
CUST-101289,Male,1,Yes,No,41,Yes,Yes,Fiber optic,No,No,Yes,No,Yes,Yes,Month-to-month,Yes,Electronic check,99.98,4262.12,1
CUST-105460,Female,0,No,No,1,Yes,No,Fiber optic,No,Yes,No,No,No,No,Month-to-month,Yes,Electronic check,75.68,74.23,1
CUST-104179,Male,0,Yes,No,58,Yes,Yes,DSL,Yes,Yes,Yes,No,Yes,Yes,Two year,Yes,Electronic check,86.24,4891.07,0
CUST-100723,Male,0,Yes,No,69,Yes,No,DSL,Yes,Yes,No,No,No,No,One year,Yes,Credit card (automatic),53.62,3805.82,0
CUST-101926,Male,0,No,No,7,Yes,No,DSL,No,No,Yes,Yes,Yes,No,Month-to-month,No,Bank transfer (automatic),64.33,448.16,0
CUST-103682,Female,1,No,No,1,Yes,No,Fiber optic,No,Yes,No,No,No,Yes,Month-to-month,Yes,Electronic check,85.73,82.47,1
CUST-106983,Female,0,No,Yes,62,Yes,Yes,Fiber optic,No,No,Yes,No,Yes,Yes,One year,Yes,Electronic check,99.89,6414.15,1
CUST-102270,Female,0,Yes,Yes,13,Yes,No,No,No internet service,No internet service,No internet service,No internet service,No internet service,No internet service,Two year,No,Mailed check,20.92,271.75,0
CUST-102935,Male,0,No,No,29,Yes,No,Fiber optic,No,Yes,No,Yes,Yes,No,Month-to-month,No,Mailed check,89.54,2622.71,0
CUST-101697,Male,0,No,No,27,Yes,No,No,No internet service,No internet service,No internet service,No internet service,No internet service,No internet service,Two year,No,Credit card (automatic),20.51,528.98,0
CUST-101094,Female,0,Yes,Yes,14,Yes,No,Fiber optic,No,No,No,No,No,Yes,Month-to-month,Yes,Bank transfer (automatic),81.04,1151.75,0
CUST-106297,Male,0,No,No,12,Yes,No,DSL,No,Yes,No,No,No,No,Month-to-month,Yes,Bank transfer (automatic),49.08,591.42,0
CUST-100276,Female,0,Yes,Yes,72,Yes,Yes,Fiber optic,Yes,Yes,Yes,Yes,Yes,Yes,Two year,Yes,Bank transfer (automatic),112.98,8248.12,0
CUST-103500,Female,0,Yes,No,47,Yes,No,No,No internet service,No internet service,No internet service,No internet service,No internet service,No internet service,Two year,No,Bank transfer (automatic),19.91,921.17,0
CUST-103133,Male,0,Yes,Yes,9,Yes,No,Fiber optic,No,Yes,No,Yes,Yes,Yes,Month-to-month,Yes,Electronic check,101.4,907.41,0
CUST-104851,Male,0,No,No,2,Yes,No,Fiber optic,No,No,Yes,Yes,No,No,Month-to-month,Yes,Electronic check,80.16,150.44,1
CUST-100645,Male,0,Yes,No,56,Yes,Yes,Fiber optic,No,Yes,No,Yes,Yes,Yes,One year,Yes,Electronic check,107.39,6034.1,0
CUST-105131,Male,1,No,No,8,Yes,No,Fiber optic,Yes,No,No,Yes,Yes,Yes,Month-to-month,No,Credit card (automatic),100.59,830.45,1
CUST-102171,Male,0,No,Yes,27,Yes,No,No,No internet service,No internet service,No internet service,No internet service,No internet service,No internet service,One year,No,Credit card (automatic),19.98,552.76,0
CUST-102363,Male,0,Yes,Yes,51,Yes,No,No,No internet service,No internet service,No internet service,No internet service,No internet service,No internet service,One year,No,Mailed check,19.6,998.47,0
CUST-104620,Male,0,Yes,Yes,32,Yes,No,Fiber optic,Yes,Yes,No,No,No,Yes,One year,Yes,Electronic check,90.85,3023.95,0
CUST-103009,Female,0,Yes,No,65,Yes,No,No,No internet service,No internet service,No internet service,No internet service,No internet service,No internet service,Two year,No,Bank transfer (automatic),19.11,1319.96,0
CUST-102334,Female,0,No,No,1,Yes,No,Fiber optic,No,No,No,No,No,No,Month-to-month,No,Mailed check,70.85,70.05,0
CUST-105028,Male,1,No,No,5,Yes,No,DSL,No,No,Yes,No,No,No,Month-to-month,No,Electronic check,50.45,238.06,1
CUST-103566,Male,0,No,No,19,Yes,No,No,No internet service,No internet service,No internet service,No internet service,No internet service,No internet service,One year,No,Mailed check,19.08,278.04,0
CUST-103160,Male,0,Yes,Yes,12,Yes,No,DSL,No,No,No,No,Yes,No,Month-to-month,Yes,Mailed check,56.24,628.36,0
CUST-105931,Male,0,Yes,No,60,Yes,Yes,Fiber optic,No,Yes,Yes,No,Yes,No,Month-to-month,Yes,Electronic check,95.68,5743.17,1
CUST-101745,Female,0,Yes,No,18,Yes,No,DSL,No,No,No,Yes,No,No,Month-to-month,Yes,Mailed check,50.26,910.05,0
CUST-101260,Male,0,No,Yes,69,Yes,Yes,DSL,Yes,Yes,Yes,Yes,Yes,No,Two year,Yes,Credit card (automatic),79.59,5501.79,0
CUST-102467,Male,0,Yes,Yes,28,No,No phone service,DSL,Yes,No,Yes,Yes,Yes,No,One year,No,Mailed check,50.49,1386.17,0
CUST-104234,Male,0,No,Yes,3,Yes,No,DSL,Yes,No,Yes,No,No,No,Month-to-month,No,Mailed check,55.77,156.29,0
CUST-104463,Male,0,No,No,4,Yes,No,DSL,No,No,No,No,No,No,Month-to-month,Yes,Electronic check,45.4,199.33,0
CUST-100340,Female,1,Yes,No,1,Yes,No,Fiber optic,No,Yes,No,No,No,No,Month-to-month,Yes,Mailed check,76.24,75.06,1
CUST-100061,Male,0,Yes,Yes,70,Yes,Yes,Fiber optic,Yes,Yes,No,No,Yes,No,Month-to-month,Yes,Credit card (automatic),97.39,6667.14,0
CUST-102065,Male,0,Yes,No,14,Yes,Yes,Fiber optic,No,No,No,No,Yes,No,Month-to-month,Yes,Electronic check,85.93,1238.0,1
CUST-102573,Female,0,Yes,No,26,Yes,No,No,No internet service,No internet service,No internet service,No internet service,No internet service,No internet service,One year,No,Mailed check,19.09,458.14,0
CUST-106423,Female,0,No,No,16,Yes,No,No,No internet service,No internet service,No internet service,No internet service,No internet service,No internet service,One year,No,Mailed check,19.32,326.62,0
CUST-105200,Male,0,No,No,4,Yes,No,DSL,No,No,No,No,No,No,Month-to-month,No,Mailed check,44.7,220.73,0
CUST-102014,Female,0,Yes,Yes,30,Yes,No,DSL,Yes,No,No,Yes,No,Yes,Month-to-month,No,Bank transfer (automatic),66.21,1923.32,0
CUST-104453,Female,0,No,No,69,Yes,Yes,No,No internet service,No internet service,No internet service,No internet service,No internet service,No internet service,Two year,No,Credit card (automatic),24.56,1677.97,0
CUST-105089,Female,0,Yes,Yes,23,Yes,No,No,No internet service,No internet service,No internet service,No internet service,No internet service,No internet service,Two year,No,Bank transfer (automatic),20.37,480.71,0
CUST-101032,Male,0,Yes,Yes,72,No,No phone service,DSL,Yes,Yes,Yes,Yes,Yes,Yes,Two year,Yes,Bank transfer (automatic),65.58,4662.96,0
CUST-106377,Female,1,Yes,No,67,Yes,Yes,Fiber optic,Yes,Yes,Yes,Yes,No,Yes,One year,Yes,Credit card (automatic),105.6,7036.65,0
CUST-104014,Male,1,Yes,No,69,Yes,Yes,Fiber optic,Yes,No,Yes,Yes,Yes,Yes,One year,Yes,Mailed check,110.22,7609.09,0
CUST-100869,Female,0,Yes,No,25,Yes,Yes,Fiber optic,No,No,Yes,Yes,Yes,Yes,Month-to-month,Yes,Bank transfer (automatic),105.26,2567.29,1
CUST-106181,Male,0,Yes,No,72,Yes,Yes,DSL,No,Yes,Yes,Yes,Yes,Yes,Two year,No,Bank transfer (automatic),86.27,6153.39,0
CUST-101123,Female,0,No,No,47,Yes,Yes,Fiber optic,No,Yes,Yes,No,Yes,Yes,Month-to-month,Yes,Electronic check,106.22,5127.63,1
CUST-104755,Male,0,Yes,Yes,72,Yes,Yes,Fiber optic,Yes,Yes,Yes,Yes,No,Yes,Two year,Yes,Credit card (automatic),104.83,7732.83,0
CUST-100378,Male,0,No,No,33,Yes,No,No,No internet service,No internet service,No internet service,No internet service,No internet service,No internet service,Two year,No,Mailed check,20.35,689.83,0
CUST-105799,Female,1,No,No,40,Yes,No,Fiber optic,Yes,Yes,No,No,No,No,Month-to-month,Yes,Credit card (automatic),79.01,3232.25,1
CUST-100490,Male,0,Yes,No,3,No,No phone service,DSL,No,No,No,No,No,No,Month-to-month,No,Mailed check,25.09,79.64,0
CUST-106946,Male,0,No,No,60,No,No phone service,DSL,Yes,Yes,Yes,No,No,No,Two year,No,Bank transfer (automatic),39.7,2425.85,0
CUST-104214,Male,0,Yes,Yes,54,Yes,Yes,DSL,Yes,Yes,No,Yes,No,No,Two year,Yes,Credit card (automatic),65.65,3568.47,0
CUST-101459,Female,1,No,No,5,No,No phone service,DSL,No,No,No,No,Yes,Yes,Month-to-month,No,Electronic check,45.82,197.07,1
CUST-101138,Female,0,No,No,29,Yes,Yes,DSL,Yes,Yes,No,Yes,No,No,Month-to-month,No,Mailed check,67.39,1800.39,0
CUST-100412,Male,0,Yes,No,72,Yes,Yes,Fiber optic,Yes,Yes,Yes,Yes,Yes,Yes,Two year,Yes,Bank transfer (automatic),115.39,8422.88,0
CUST-103577,Male,0,Yes,No,33,Yes,No,Fiber optic,No,No,No,No,Yes,Yes,Month-to-month,No,Electronic check,91.38,2962.52,0
CUST-106274,Female,0,Yes,Yes,71,Yes,No,DSL,Yes,Yes,Yes,Yes,Yes,Yes,Two year,No,Credit card (automatic),87.4,6330.06,0
CUST-102903,Female,0,No,No,29,No,No phone service,DSL,No,Yes,No,No,No,No,Month-to-month,Yes,Electronic check,30.96,854.1,1
CUST-101502,Male,1,No,No,11,Yes,No,Fiber optic,No,No,No,No,No,Yes,Month-to-month,Yes,Electronic check,78.31,874.63,0
CUST-101709,Male,1,Yes,No,69,Yes,Yes,Fiber optic,No,Yes,Yes,No,No,Yes,Month-to-month,Yes,Bank transfer (automatic),95.09,6381.54,0
CUST-100100,Male,0,No,No,1,Yes,No,Fiber optic,No,No,No,No,Yes,Yes,Month-to-month,Yes,Electronic check,89.85,88.04,1
CUST-101696,Female,0,Yes,Yes,70,Yes,No,No,No internet service,No internet service,No internet service,No internet service,No internet service,No internet service,Two year,Yes,Credit card (automatic),19.8,1411.68,0
CUST-106224,Female,1,Yes,No,66,Yes,Yes,DSL,No,Yes,Yes,No,Yes,No,One year,Yes,Bank transfer (automatic),70.72,4738.02,0
CUST-103358,Female,0,Yes,Yes,10,Yes,Yes,Fiber optic,No,No,No,No,No,Yes,Month-to-month,No,Electronic check,86.05,860.04,0
CUST-105082,Female,0,Yes,No,63,Yes,No,Fiber optic,No,Yes,No,No,Yes,Yes,One year,Yes,Electronic check,95.96,6110.74,0
CUST-105300,Female,0,No,No,9,Yes,No,Fiber optic,Yes,No,No,No,No,No,Month-to-month,Yes,Electronic check,75.03,708.08,0
CUST-100955,Male,0,Yes,Yes,13,Yes,No,DSL,Yes,No,No,No,No,No,Month-to-month,Yes,Mailed check,50.12,586.8,0
CUST-104745,Male,0,No,No,18,No,No phone service,DSL,No,No,No,No,No,No,Month-to-month,No,Mailed check,25.03,477.98,0
CUST-101391,Female,1,No,No,1,Yes,No,No,No internet service,No internet service,No internet service,No internet service,No internet service,No internet service,Month-to-month,Yes,Electronic check,19.54,18.83,1
CUST-100959,Male,0,No,No,37,No,No phone service,DSL,Yes,Yes,No,Yes,No,No,Two year,Yes,Mailed check,40.51,1391.84,0
CUST-100686,Male,0,Yes,Yes,34,Yes,No,Fiber optic,No,No,No,No,Yes,No,Month-to-month,No,Electronic check,78.18,2562.77,1
CUST-101834,Female,1,No,No,1,Yes,No,Fiber optic,No,No,No,No,Yes,Yes,Month-to-month,Yes,Electronic check,89.42,83.98,1
CUST-100002,Male,1,No,No,1,Yes,No,Fiber optic,No,No,No,No,Yes,No,Month-to-month,Yes,Electronic check,79.33,80.4,1
CUST-106515,Male,0,Yes,Yes,53,Yes,No,No,No internet service,No internet service,No internet service,No internet service,No internet service,No internet service,Two year,Yes,Mailed check,19.48,1113.01,0
CUST-103356,Female,1,Yes,No,72,Yes,Yes,Fiber optic,Yes,No,Yes,Yes,Yes,Yes,Two year,Yes,Mailed check,109.74,8078.01,0
CUST-104469,Female,0,Yes,No,71,Yes,Yes,Fiber optic,No,Yes,Yes,No,Yes,Yes,Two year,Yes,Bank transfer (automatic),105.23,7556.71,0
CUST-100280,Male,0,Yes,Yes,15,No,No phone service,DSL,Yes,No,No,No,No,No,Month-to-month,Yes,Bank transfer (automatic),30.42,471.41,0
CUST-101418,Male,0,Yes,No,71,Yes,Yes,Fiber optic,Yes,Yes,Yes,No,Yes,No,Two year,Yes,Electronic check,99.03,6996.1,0
CUST-100089,Male,0,No,No,3,No,No phone service,DSL,Yes,Yes,No,No,No,No,Month-to-month,Yes,Mailed check,34.98,105.86,1
CUST-104376,Male,0,Yes,Yes,61,Yes,Yes,Fiber optic,Yes,Yes,No,No,Yes,Yes,One year,Yes,Electronic check,106.1,6546.69,1
CUST-106961,Male,0,No,No,57,Yes,No,No,No internet service,No internet service,No internet service,No internet service,No internet service,No internet service,Two year,No,Credit card (automatic),20.81,1253.5,0
CUST-101500,Male,1,Yes,No,70,Yes,No,Fiber optic,Yes,Yes,Yes,No,Yes,Yes,Two year,No,Credit card (automatic),105.32,7513.14,0
CUST-101933,Male,1,No,No,9,Yes,Yes,Fiber optic,No,No,No,No,No,No,Month-to-month,Yes,Electronic check,73.98,678.21,0
CUST-105047,Male,0,Yes,Yes,72,Yes,Yes,Fiber optic,No,Yes,Yes,Yes,Yes,Yes,Two year,No,Credit card (automatic),110.71,7924.87,0
CUST-100314,Male,1,No,No,5,Yes,No,No,No internet service,No internet service,No internet service,No internet service,No internet service,No internet service,Month-to-month,No,Bank transfer (automatic),20.01,94.51,0
CUST-102521,Female,0,Yes,Yes,48,No,No phone service,DSL,Yes,No,Yes,No,No,Yes,One year,No,Credit card (automatic),45.26,2196.38,0
CUST-103534,Male,1,No,Yes,7,Yes,No,DSL,No,No,No,No,No,No,Month-to-month,Yes,Mailed check,45.91,345.66,0
CUST-101409,Female,0,Yes,No,60,Yes,Yes,Fiber optic,No,Yes,Yes,Yes,Yes,Yes,Two year,Yes,Credit card (automatic),110.8,6639.06,0
CUST-104797,Female,0,No,No,19,No,No phone service,DSL,No,No,No,No,Yes,Yes,One year,Yes,Credit card (automatic),44.8,893.71,1
CUST-102545,Female,0,No,No,10,Yes,No,DSL,No,Yes,No,No,No,No,Month-to-month,No,Electronic check,51.57,497.81,0
CUST-100374,Male,0,Yes,Yes,53,Yes,No,No,No internet service,No internet service,No internet service,No internet service,No internet service,No internet service,One year,No,Credit card (automatic),20.06,1068.81,0
CUST-101741,Female,0,No,No,29,Yes,Yes,Fiber optic,No,No,No,No,No,No,Month-to-month,Yes,Electronic check,74.22,1991.17,0
CUST-105466,Male,0,No,No,46,Yes,No,No,No internet service,No internet service,No internet service,No internet service,No internet service,No internet service,Two year,No,Credit card (automatic),19.25,905.62,0
CUST-106829,Female,0,No,No,43,Yes,Yes,Fiber optic,Yes,Yes,Yes,Yes,Yes,Yes,Two year,No,Credit card (automatic),115.29,4896.06,0
CUST-102508,Male,1,No,No,7,Yes,Yes,Fiber optic,No,No,No,No,Yes,No,Month-to-month,Yes,Electronic check,84.82,547.48,1
CUST-105821,Male,1,No,No,5,Yes,No,Fiber optic,No,No,No,No,No,No,Month-to-month,Yes,Mailed check,70.43,333.92,1
CUST-100142,Male,1,Yes,No,27,No,No phone service,DSL,Yes,No,No,No,No,No,Month-to-month,No,Credit card (automatic),30.96,804.29,1
CUST-100242,Female,0,Yes,Yes,13,Yes,No,No,No internet service,No internet service,No internet service,No internet service,No internet service,No internet service,Month-to-month,Yes,Mailed check,20.61,256.15,0
CUST-104637,Female,0,Yes,Yes,39,Yes,No,DSL,No,No,Yes,No,Yes,No,Month-to-month,Yes,Mailed check,59.9,2341.79,0
CUST-101075,Female,0,Yes,Yes,11,No,No phone service,DSL,Yes,No,No,No,Yes,Yes,Month-to-month,No,Electronic check,50.63,565.73,0
CUST-104364,Female,0,No,No,2,Yes,No,No,No internet service,No internet service,No internet service,No internet service,No internet service,No internet service,Month-to-month,Yes,Mailed check,20.32,40.99,0
CUST-106133,Male,0,No,No,22,Yes,Yes,No,No internet service,No internet service,No internet service,No internet service,No internet service,No internet service,Month-to-month,Yes,Credit card (automatic),24.7,493.09,0
CUST-102642,Male,0,No,No,3,Yes,No,Fiber optic,No,Yes,Yes,Yes,Yes,Yes,Month-to-month,Yes,Electronic check,107.84,316.79,0
CUST-105375,Male,0,Yes,Yes,1,Yes,No,No,No internet service,No internet service,No internet service,No internet service,No internet service,No internet service,Month-to-month,Yes,Bank transfer (automatic),20.26,18.96,0
CUST-100843,Male,1,Yes,No,7,Yes,Yes,DSL,Yes,Yes,No,Yes,No,No,Month-to-month,No,Electronic check,64.2,475.74,0
CUST-103710,Male,0,No,No,1,Yes,No,DSL,No,No,No,No,No,No,Month-to-month,No,Mailed check,44.87,43.78,1
CUST-100333,Female,0,No,No,2,Yes,Yes,Fiber optic,No,No,No,No,No,Yes,Month-to-month,Yes,Electronic check,85.66,173.75,1
CUST-103989,Female,0,Yes,No,40,Yes,Yes,Fiber optic,No,No,No,Yes,No,No,Month-to-month,Yes,Credit card (automatic),78.89,3126.38,0
CUST-104649,Female,0,No,No,27,Yes,No,DSL,Yes,Yes,No,No,No,No,Month-to-month,Yes,Mailed check,56.88,1654.69,0
CUST-107035,Male,0,No,No,2,Yes,No,DSL,Yes,No,Yes,No,No,No,Month-to-month,Yes,Mailed check,55.05,112.79,1
CUST-103023,Female,0,Yes,No,40,Yes,Yes,DSL,No,Yes,No,No,No,No,Month-to-month,No,Credit card (automatic),56.51,2378.29,0
CUST-103866,Female,0,No,No,35,Yes,Yes,DSL,Yes,No,Yes,Yes,Yes,Yes,One year,Yes,Credit card (automatic),85.82,3109.54,1
CUST-104446,Female,0,Yes,No,27,Yes,No,Fiber optic,No,Yes,No,No,No,No,Month-to-month,Yes,Electronic check,75.97,2092.33,0
CUST-106802,Male,0,Yes,No,18,Yes,No,Fiber optic,No,No,Yes,Yes,No,No,Month-to-month,No,Electronic check,78.06,1466.99,0
CUST-105066,Female,0,Yes,No,72,Yes,Yes,Fiber optic,No,Yes,Yes,No,Yes,Yes,One year,Yes,Electronic check,101.28,7324.63,0
CUST-104315,Female,1,Yes,No,38,Yes,Yes,Fiber optic,No,No,No,No,No,No,Month-to-month,Yes,Bank transfer (automatic),75.03,2868.99,1
CUST-103226,Male,0,Yes,Yes,35,Yes,No,No,No internet service,No internet service,No internet service,No internet service,No internet service,No internet service,Two year,No,Bank transfer (automatic),20.49,756.48,0
CUST-106546,Female,0,Yes,No,57,Yes,Yes,Fiber optic,No,Yes,Yes,No,Yes,Yes,Month-to-month,Yes,Credit card (automatic),104.82,5918.79,1
CUST-103100,Male,0,Yes,No,29,Yes,Yes,Fiber optic,No,Yes,Yes,No,No,No,Month-to-month,Yes,Electronic check,85.94,2441.04,0
CUST-100149,Male,0,No,No,3,Yes,No,Fiber optic,No,Yes,Yes,No,No,Yes,Month-to-month,No,Electronic check,90.56,271.92,0
CUST-104899,Male,0,No,Yes,4,Yes,Yes,Fiber optic,No,No,No,Yes,No,No,Month-to-month,No,Credit card (automatic),80.57,333.03,1
CUST-105559,Male,0,Yes,Yes,63,No,No phone service,DSL,No,Yes,Yes,Yes,No,No,Two year,No,Bank transfer (automatic),39.12,2394.89,0
CUST-100781,Female,0,No,No,35,Yes,Yes,No,No internet service,No internet service,No internet service,No internet service,No internet service,No internet service,Two year,No,Bank transfer (automatic),23.32,797.25,0
CUST-100921,Female,0,Yes,No,33,No,No phone service,DSL,Yes,No,Yes,Yes,Yes,Yes,Two year,No,Bank transfer (automatic),59.44,2016.71,0
CUST-101782,Male,0,Yes,Yes,66,Yes,No,No,No internet service,No internet service,No internet service,No internet service,No internet service,No internet service,One year,Yes,Electronic check,20.01,1361.13,0
CUST-100679,Female,0,No,No,6,Yes,No,No,No internet service,No internet service,No internet service,No internet service,No internet service,No internet service,Month-to-month,No,Mailed check,20.52,111.22,0
CUST-100718,Male,0,No,Yes,25,No,No phone service,DSL,Yes,No,No,No,Yes,No,One year,Yes,Credit card (automatic),40.57,970.57,0
CUST-106270,Male,1,No,No,4,Yes,No,Fiber optic,Yes,No,No,No,No,No,Month-to-month,No,Electronic check,75.35,273.18,0
CUST-100821,Male,1,No,No,2,Yes,Yes,Fiber optic,No,No,No,No,No,No,Month-to-month,Yes,Mailed check,75.0,156.31,1
CUST-104086,Female,0,Yes,Yes,16,Yes,No,No,No internet service,No internet service,No internet service,No internet service,No internet service,No internet service,Month-to-month,No,Electronic check,20.51,320.71,0
CUST-101132,Male,0,No,No,1,No,No phone service,DSL,Yes,No,No,No,No,No,Month-to-month,No,Mailed check,29.69,29.6,1
CUST-103247,Male,0,No,No,1,Yes,No,DSL,No,No,No,No,No,No,Month-to-month,No,Mailed check,45.72,44.62,0
CUST-101771,Male,0,No,No,10,Yes,No,No,No internet service,No internet service,No internet service,No internet service,No internet service,No internet service,Month-to-month,No,Credit card (automatic),20.13,199.41,0
CUST-101826,Male,0,Yes,Yes,69,Yes,Yes,No,No internet service,No internet service,No internet service,No internet service,No internet service,No internet service,Two year,No,Bank transfer (automatic),24.53,1718.82,0
CUST-106157,Male,0,Yes,Yes,72,Yes,Yes,Fiber optic,No,Yes,Yes,Yes,No,No,Two year,No,Bank transfer (automatic),90.34,6565.09,0
CUST-103074,Male,0,Yes,No,72,Yes,Yes,DSL,Yes,Yes,Yes,Yes,No,No,Two year,No,Mailed check,68.26,4807.64,0
CUST-101392,Female,1,No,No,63,Yes,Yes,DSL,Yes,Yes,Yes,Yes,Yes,No,One year,No,Bank transfer (automatic),82.93,5244.38,0
CUST-102594,Female,0,Yes,No,61,Yes,Yes,Fiber optic,No,Yes,No,No,Yes,Yes,Two year,Yes,Bank transfer (automatic),101.02,5971.35,0
CUST-101124,Female,1,No,No,54,Yes,Yes,Fiber optic,No,Yes,No,No,No,No,Month-to-month,Yes,Electronic check,79.16,4369.68,1
CUST-101184,Male,0,Yes,Yes,19,No,No phone service,DSL,Yes,Yes,No,No,No,No,Month-to-month,Yes,Mailed check,34.82,610.99,0
CUST-102109,Female,0,Yes,Yes,10,Yes,No,DSL,No,Yes,No,Yes,No,Yes,Month-to-month,Yes,Electronic check,65.47,615.98,0
CUST-100709,Female,0,No,No,1,Yes,Yes,Fiber optic,No,No,No,No,No,Yes,Month-to-month,No,Mailed check,85.62,87.42,1
CUST-100735,Male,1,No,No,4,Yes,No,Fiber optic,No,No,No,No,No,No,Month-to-month,Yes,Electronic check,70.77,293.14,0
CUST-100820,Male,0,No,No,40,Yes,No,DSL,Yes,No,Yes,No,No,Yes,Month-to-month,No,Electronic check,67.71,2729.58,0
CUST-103620,Male,0,Yes,No,24,Yes,No,DSL,Yes,No,No,Yes,No,No,Month-to-month,No,Mailed check,53.34,1314.2,0
CUST-101181,Female,1,No,No,9,Yes,No,Fiber optic,No,No,Yes,No,No,No,Month-to-month,No,Credit card (automatic),75.55,639.96,0
CUST-106158,Male,0,Yes,Yes,20,No,No phone service,DSL,Yes,No,Yes,Yes,No,No,Two year,Yes,Credit card (automatic),39.44,822.91,0
CUST-106201,Male,1,Yes,No,65,Yes,Yes,Fiber optic,No,Yes,Yes,No,Yes,Yes,One year,Yes,Bank transfer (automatic),103.23,6790.88,0
CUST-103666,Male,1,No,No,51,Yes,Yes,Fiber optic,No,Yes,No,No,No,No,One year,Yes,Bank transfer (automatic),79.73,3975.08,0
CUST-106290,Male,0,Yes,Yes,7,No,No phone service,DSL,Yes,No,No,Yes,No,No,Month-to-month,Yes,Electronic check,34.45,276.56,1
CUST-104717,Female,0,Yes,No,59,Yes,No,Fiber optic,Yes,No,Yes,No,No,No,One year,Yes,Credit card (automatic),81.57,4638.51,0
CUST-104950,Male,0,Yes,Yes,24,Yes,No,DSL,Yes,Yes,No,Yes,No,Yes,Month-to-month,Yes,Credit card (automatic),70.33,1707.12,0
CUST-102765,Male,0,Yes,Yes,18,Yes,No,No,No internet service,No internet service,No internet service,No internet service,No internet service,No internet service,One year,No,Bank transfer (automatic),19.93,340.79,0
CUST-100504,Female,0,No,No,60,No,No phone service,DSL,No,Yes,No,No,Yes,Yes,Month-to-month,Yes,Electronic check,50.67,3029.47,1
CUST-101322,Female,0,No,No,13,Yes,No,Fiber optic,No,Yes,Yes,No,No,No,Month-to-month,Yes,Electronic check,79.29,1110.98,1
CUST-105030,Male,0,No,No,7,Yes,No,Fiber optic,No,No,Yes,No,No,No,Month-to-month,Yes,Electronic check,74.51,489.16,0
CUST-106375,Male,1,No,No,47,Yes,Yes,Fiber optic,No,No,No,No,Yes,No,Month-to-month,Yes,Credit card (automatic),86.18,3866.86,0
CUST-102554,Male,0,No,No,46,No,No phone service,DSL,Yes,No,No,No,No,No,One year,Yes,Bank transfer (automatic),30.61,1489.88,0
CUST-103839,Male,0,No,No,9,Yes,Yes,Fiber optic,No,No,No,No,No,No,Month-to-month,Yes,Electronic check,75.89,726.65,0
CUST-104660,Female,0,Yes,Yes,59,Yes,Yes,No,No internet service,No internet service,No internet service,No internet service,No internet service,No internet service,Two year,No,Mailed check,25.67,1532.25,0
CUST-104398,Male,0,Yes,Yes,4,Yes,No,No,No internet service,No internet service,No internet service,No internet service,No internet service,No internet service,Two year,No,Mailed check,19.66,77.1,0
CUST-101036,Male,0,No,No,7,Yes,No,Fiber optic,No,No,Yes,No,No,No,Month-to-month,No,Mailed check,74.87,543.12,1
CUST-101897,Male,0,No,No,31,Yes,No,Fiber optic,No,No,Yes,Yes,Yes,Yes,Two year,No,Bank transfer (automatic),99.51,3112.19,0
CUST-104639,Male,0,Yes,No,47,Yes,Yes,Fiber optic,No,Yes,No,No,No,No,One year,Yes,Electronic check,78.6,3651.75,0
CUST-106307,Male,0,Yes,Yes,31,Yes,Yes,Fiber optic,Yes,No,Yes,Yes,No,No,Month-to-month,No,Electronic check,89.54,2822.01,0
CUST-100904,Female,0,No,Yes,23,Yes,No,DSL,No,No,No,Yes,No,No,One year,Yes,Electronic check,49.26,1121.28,0
CUST-103747,Male,0,No,Yes,15,Yes,No,DSL,Yes,No,Yes,No,No,Yes,One year,No,Mailed check,64.85,949.5,0
CUST-103152,Male,0,No,No,2,Yes,No,DSL,No,Yes,No,No,No,No,Month-to-month,Yes,Mailed check,50.36,94.68,0
CUST-101389,Male,0,No,No,2,Yes,No,DSL,No,No,No,No,No,No,Month-to-month,No,Electronic check,44.0,81.44,1
CUST-104688,Male,1,Yes,No,1,Yes,Yes,Fiber optic,No,No,No,No,No,No,Month-to-month,Yes,Electronic check,73.32,71.31,1
CUST-100267,Male,0,Yes,Yes,6,Yes,No,Fiber optic,No,No,No,No,No,No,Month-to-month,Yes,Electronic check,69.88,376.66,0
CUST-105962,Female,0,Yes,Yes,20,Yes,Yes,No,No internet service,No internet service,No internet service,No internet service,No internet service,No internet service,Month-to-month,Yes,Bank transfer (automatic),25.33,507.96,0
CUST-100499,Male,0,Yes,Yes,71,Yes,No,Fiber optic,Yes,Yes,Yes,Yes,Yes,Yes,Two year,No,Credit card (automatic),109.32,7784.19,0
CUST-101878,Female,1,No,No,11,Yes,No,Fiber optic,No,No,No,No,Yes,Yes,Month-to-month,No,Bank transfer (automatic),89.32,1046.67,1
CUST-100241,Female,0,Yes,No,71,No,No phone service,DSL,Yes,Yes,Yes,Yes,Yes,Yes,One year,No,Bank transfer (automatic),66.9,4690.9,0
CUST-104421,Male,0,Yes,Yes,72,Yes,Yes,DSL,Yes,No,Yes,Yes,No,No,Two year,Yes,Credit card (automatic),66.43,4812.24,0
CUST-101699,Female,0,Yes,Yes,24,Yes,No,No,No internet service,No internet service,No internet service,No internet service,No internet service,No internet service,Two year,Yes,Mailed check,19.54,492.32,0
CUST-106075,Male,1,No,No,9,Yes,Yes,Fiber optic,No,Yes,No,No,Yes,Yes,Month-to-month,Yes,Credit card (automatic),99.27,920.3,1
CUST-102774,Male,0,Yes,No,40,Yes,No,Fiber optic,No,Yes,Yes,No,No,No,One year,No,Electronic check,80.8,3131.39,0
CUST-105952,Female,0,Yes,Yes,8,Yes,No,No,No internet service,No internet service,No internet service,No internet service,No internet service,No internet service,Two year,No,Mailed check,19.29,202.39,0
CUST-102537,Female,0,No,No,2,Yes,No,Fiber optic,No,No,No,No,No,No,Month-to-month,No,Bank transfer (automatic),69.78,142.21,1
CUST-103788,Male,0,No,No,66,Yes,Yes,Fiber optic,Yes,Yes,Yes,Yes,Yes,Yes,One year,Yes,Bank transfer (automatic),114.56,7385.61,0
CUST-101693,Female,0,Yes,No,64,Yes,Yes,DSL,Yes,Yes,Yes,Yes,No,Yes,Two year,Yes,Mailed check,81.48,5130.43,0
CUST-104719,Female,1,No,No,4,Yes,Yes,DSL,No,No,No,No,No,No,Month-to-month,No,Mailed check,48.66,178.05,0
CUST-101393,Female,0,No,No,2,Yes,No,Fiber optic,No,No,No,No,No,No,Month-to-month,No,Electronic check,69.67,147.2,1
CUST-105695,Male,0,No,Yes,1,No,No phone service,DSL,No,No,No,No,No,No,Month-to-month,Yes,Electronic check,25.24,26.42,1
CUST-105194,Female,1,No,No,35,Yes,No,Fiber optic,No,No,No,No,No,No,Month-to-month,No,Electronic check,70.48,2417.57,0
CUST-103531,Male,0,No,No,53,Yes,No,DSL,No,No,Yes,No,No,Yes,One year,Yes,Electronic check,61.09,3357.99,0
CUST-105678,Male,0,No,Yes,40,No,No phone service,DSL,Yes,Yes,No,Yes,No,No,One year,No,Mailed check,40.21,1562.08,0
CUST-101529,Female,0,Yes,No,63,Yes,Yes,Fiber optic,No,Yes,No,No,No,No,Month-to-month,Yes,Bank transfer (automatic),81.59,5026.61,0
CUST-106849,Male,0,Yes,Yes,56,Yes,Yes,DSL,Yes,Yes,No,Yes,No,Yes,Two year,Yes,Credit card (automatic),76.01,4260.8,0
CUST-102577,Male,0,No,No,51,Yes,No,No,No internet service,No internet service,No internet service,No internet service,No internet service,No internet service,One year,No,Electronic check,19.13,1007.65,0
CUST-106467,Male,0,Yes,No,3,No,No phone service,DSL,No,Yes,No,No,No,No,Month-to-month,No,Credit card (automatic),29.62,94.59,0
CUST-102813,Female,0,Yes,Yes,0,No,No phone service,DSL,Yes,No,Yes,Yes,Yes,No,Two year,Yes,Bank transfer (automatic),52.56,,0
CUST-102517,Male,1,Yes,No,72,Yes,Yes,Fiber optic,Yes,Yes,Yes,Yes,Yes,Yes,Two year,Yes,Mailed check,114.45,8334.62,0
CUST-106446,Male,0,Yes,No,61,Yes,Yes,Fiber optic,No,Yes,No,Yes,Yes,No,Two year,Yes,Electronic check,94.09,5637.68,1
CUST-105878,Female,0,No,No,8,Yes,Yes,Fiber optic,Yes,No,No,Yes,Yes,Yes,Month-to-month,Yes,Bank transfer (automatic),103.39,847.13,1
CUST-102468,Male,0,No,No,9,Yes,No,No,No internet service,No internet service,No internet service,No internet service,No internet service,No internet service,Month-to-month,No,Mailed check,20.47,182.86,0
CUST-100873,Female,0,No,No,27,Yes,No,DSL,No,Yes,Yes,Yes,Yes,Yes,One year,No,Mailed check,77.98,2076.58,0
CUST-105170,Male,0,Yes,Yes,63,Yes,No,Fiber optic,No,Yes,Yes,No,No,No,Month-to-month,Yes,Credit card (automatic),80.59,4898.33,0
CUST-104119,Male,0,Yes,No,42,Yes,Yes,Fiber optic,Yes,No,Yes,No,No,Yes,Month-to-month,Yes,Electronic check,94.52,4014.16,0
CUST-104310,Male,0,No,No,16,Yes,No,DSL,No,No,No,Yes,No,No,Month-to-month,Yes,Mailed check,49.42,797.91,0
CUST-100266,Female,0,No,No,12,No,No phone service,DSL,No,Yes,Yes,Yes,Yes,Yes,One year,No,Electronic check,60.77,743.43,0
CUST-103020,Male,0,Yes,Yes,62,Yes,Yes,No,No internet service,No internet service,No internet service,No internet service,No internet service,No internet service,Two year,Yes,Bank transfer (automatic),23.92,1424.17,0
CUST-101503,Male,0,No,No,33,Yes,Yes,Fiber optic,Yes,No,No,No,No,No,One year,No,Bank transfer (automatic),80.1,2601.9,0
CUST-103363,Female,0,No,No,33,Yes,No,Fiber optic,No,No,No,No,No,No,Month-to-month,Yes,Bank transfer (automatic),70.28,2409.29,0
CUST-104442,Female,0,No,Yes,3,Yes,No,DSL,Yes,No,No,Yes,No,No,Month-to-month,Yes,Mailed check,54.91,153.82,1
CUST-105323,Female,0,No,No,67,Yes,No,DSL,Yes,No,Yes,Yes,No,Yes,One year,Yes,Bank transfer (automatic),72.5,4992.55,0
CUST-106490,Male,0,No,No,7,Yes,Yes,Fiber optic,No,No,Yes,No,Yes,Yes,Month-to-month,Yes,Bank transfer (automatic),97.93,714.79,1
CUST-101383,Male,0,No,No,2,Yes,No,No,No internet service,No internet service,No internet service,No internet service,No internet service,No internet service,Month-to-month,No,Mailed check,19.48,39.19,0
CUST-101577,Male,0,Yes,Yes,55,Yes,Yes,Fiber optic,No,No,No,No,No,Yes,Month-to-month,No,Bank transfer (automatic),85.64,4714.13,0
CUST-100000,Male,0,Yes,Yes,54,Yes,Yes,Fiber optic,No,Yes,No,Yes,Yes,Yes,One year,Yes,Electronic check,105.51,5638.64,0
CUST-106611,Female,0,Yes,Yes,34,Yes,No,No,No internet service,No internet service,No internet service,No internet service,No internet service,No internet service,Month-to-month,No,Mailed check,20.79,714.01,0
CUST-104457,Female,0,Yes,Yes,59,Yes,Yes,DSL,Yes,No,Yes,Yes,Yes,No,Two year,Yes,Mailed check,76.3,4520.03,0
CUST-103005,Female,0,No,No,42,Yes,Yes,DSL,Yes,Yes,No,No,No,No,One year,Yes,Bank transfer (automatic),60.31,2421.49,0
CUST-103938,Male,0,No,No,33,No,No phone service,DSL,No,Yes,No,No,Yes,No,One year,Yes,Electronic check,39.28,1310.79,0
CUST-106392,Female,0,No,Yes,48,No,No phone service,DSL,No,Yes,Yes,No,No,Yes,Month-to-month,No,Credit card (automatic),45.51,2108.89,0
CUST-100905,Male,0,Yes,Yes,23,Yes,No,No,No internet service,No internet service,No internet service,No internet service,No internet service,No internet service,One year,No,Mailed check,19.86,434.79,0
CUST-106670,Female,0,Yes,Yes,1,Yes,No,No,No internet service,No internet service,No internet service,No internet service,No internet service,No internet service,Month-to-month,No,Electronic check,19.66,19.49,0
CUST-100862,Female,0,Yes,No,68,Yes,Yes,Fiber optic,Yes,Yes,Yes,Yes,Yes,Yes,Two year,No,Bank transfer (automatic),114.86,7844.97,0
CUST-102357,Female,0,Yes,Yes,0,Yes,No,No,No internet service,No internet service,No internet service,No internet service,No internet service,No internet service,Two year,No,Mailed check,19.89,,0
CUST-104134,Female,0,No,No,40,Yes,Yes,Fiber optic,No,Yes,Yes,No,Yes,No,Month-to-month,Yes,Bank transfer (automatic),93.51,3758.99,0
CUST-100977,Male,0,Yes,Yes,72,Yes,No,No,No internet service,No internet service,No internet service,No internet service,No internet service,No internet service,Two year,No,Bank transfer (automatic),20.37,1402.75,0
CUST-103181,Male,0,No,No,14,Yes,No,No,No internet service,No internet service,No internet service,No internet service,No internet service,No internet service,Month-to-month,No,Mailed check,19.76,284.42,0
CUST-101435,Male,0,Yes,Yes,71,Yes,Yes,Fiber optic,Yes,Yes,Yes,Yes,Yes,Yes,Two year,Yes,Bank transfer (automatic),115.82,8297.66,0
CUST-101656,Female,0,No,No,18,Yes,No,Fiber optic,Yes,No,No,No,No,No,Month-to-month,Yes,Electronic check,75.31,1380.92,0
CUST-106530,Female,0,Yes,Yes,58,Yes,No,No,No internet service,No internet service,No internet service,No internet service,No internet service,No internet service,Two year,No,Credit card (automatic),20.16,1163.98,0
CUST-103279,Female,0,No,No,70,Yes,Yes,Fiber optic,No,Yes,No,No,Yes,Yes,One year,No,Electronic check,99.07,6838.4,0
CUST-103848,Female,0,No,No,2,Yes,No,No,No internet service,No internet service,No internet service,No internet service,No internet service,No internet service,Month-to-month,No,Mailed check,19.69,26.17,0
CUST-101871,Female,0,No,No,49,Yes,Yes,Fiber optic,No,No,No,No,No,Yes,Month-to-month,Yes,Electronic check,84.32,3908.86,0
CUST-103909,Female,0,No,No,67,No,No phone service,DSL,No,No,Yes,Yes,Yes,Yes,Month-to-month,Yes,Credit card (automatic),53.94,3577.47,0
CUST-104019,Female,0,No,No,47,No,No phone service,DSL,Yes,No,Yes,Yes,No,No,Two year,No,Mailed check,42.17,1876.38,0
CUST-103688,Male,0,Yes,No,72,Yes,Yes,No,No internet service,No internet service,No internet service,No internet service,No internet service,No internet service,Two year,No,Mailed check,25.38,1712.04,0
CUST-103208,Male,1,Yes,No,29,Yes,Yes,Fiber optic,No,Yes,Yes,No,No,Yes,Month-to-month,Yes,Electronic check,96.14,2746.12,1
CUST-100094,Male,1,Yes,No,9,Yes,No,No,No internet service,No internet service,No internet service,No internet service,No internet service,No internet service,Month-to-month,Yes,Mailed check,21.48,205.19,0
CUST-101477,Male,1,No,No,46,Yes,No,Fiber optic,Yes,No,No,No,No,Yes,Month-to-month,No,Electronic check,84.96,3969.3,1
CUST-106861,Female,0,Yes,Yes,47,No,No phone service,DSL,Yes,Yes,Yes,No,Yes,Yes,Two year,Yes,Credit card (automatic),60.42,2768.1,0
CUST-103862,Male,0,Yes,Yes,72,Yes,Yes,Fiber optic,Yes,Yes,Yes,Yes,Yes,Yes,Two year,Yes,Credit card (automatic),113.76,8467.39,0
CUST-101193,Female,1,No,No,66,Yes,Yes,Fiber optic,No,No,Yes,Yes,Yes,Yes,One year,Yes,Credit card (automatic),103.12,6979.16,0
CUST-102450,Female,1,Yes,No,40,No,No phone service,DSL,No,Yes,No,No,Yes,No,Month-to-month,Yes,Electronic check,39.46,1637.91,1
CUST-104097,Male,0,No,No,1,Yes,No,DSL,No,No,No,No,No,No,Month-to-month,Yes,Mailed check,45.11,45.42,0
CUST-102926,Male,0,No,No,38,Yes,No,Fiber optic,No,No,No,No,No,No,Month-to-month,Yes,Credit card (automatic),69.58,2624.19,0
CUST-105139,Male,0,No,No,37,Yes,No,DSL,Yes,Yes,Yes,Yes,No,No,Two year,No,Bank transfer (automatic),65.88,2312.72,0
CUST-101534,Female,0,No,No,10,Yes,No,Fiber optic,Yes,No,No,No,Yes,No,Month-to-month,Yes,Mailed check,84.56,832.87,1
CUST-102613,Male,0,Yes,No,71,Yes,Yes,Fiber optic,No,Yes,No,Yes,Yes,Yes,Two year,Yes,Credit card (automatic),104.35,7365.3,0
CUST-101455,Male,0,Yes,Yes,72,Yes,Yes,Fiber optic,Yes,Yes,Yes,Yes,Yes,No,Two year,Yes,Credit card (automatic),106.15,7548.79,0
CUST-100071,Male,0,No,No,33,Yes,No,Fiber optic,Yes,No,No,Yes,Yes,No,Two year,Yes,Electronic check,89.0,3027.13,0
CUST-106971,Female,1,Yes,No,70,Yes,Yes,Fiber optic,Yes,Yes,Yes,Yes,Yes,Yes,Two year,Yes,Electronic check,113.63,7716.04,0
CUST-105229,Male,0,Yes,Yes,1,Yes,No,Fiber optic,No,No,No,No,No,No,Month-to-month,Yes,Mailed check,70.02,67.95,1
CUST-102904,Male,0,Yes,No,66,Yes,Yes,Fiber optic,No,Yes,No,Yes,Yes,Yes,One year,Yes,Electronic check,103.92,6890.52,1
CUST-105946,Male,0,Yes,Yes,71,Yes,Yes,Fiber optic,No,Yes,No,No,Yes,Yes,One year,No,Bank transfer (automatic),100.48,7114.2,0
CUST-104316,Male,0,No,No,30,Yes,Yes,DSL,Yes,No,No,No,No,Yes,Month-to-month,Yes,Mailed check,64.46,1890.06,0
CUST-105351,Female,0,Yes,Yes,15,Yes,No,DSL,No,Yes,Yes,Yes,Yes,Yes,Month-to-month,No,Bank transfer (automatic),76.56,1154.9,0
CUST-104843,Female,1,No,No,1,Yes,No,Fiber optic,No,No,No,No,No,No,Month-to-month,Yes,Electronic check,70.0,71.58,1
CUST-103867,Female,1,No,No,2,Yes,No,Fiber optic,No,No,No,No,No,Yes,Month-to-month,Yes,Electronic check,79.62,196.13,1
CUST-104782,Female,0,No,No,14,Yes,No,Fiber optic,No,Yes,No,Yes,No,No,Month-to-month,Yes,Credit card (automatic),80.16,1112.86,0
CUST-106145,Male,0,No,Yes,12,Yes,No,No,No internet service,No internet service,No internet service,No internet service,No internet service,No internet service,Two year,No,Bank transfer (automatic),19.36,212.35,0
CUST-106170,Male,0,No,No,14,No,No phone service,DSL,No,Yes,No,No,No,No,Month-to-month,Yes,Mailed check,31.06,419.66,0
CUST-102810,Male,1,Yes,No,72,Yes,Yes,DSL,Yes,Yes,Yes,No,Yes,Yes,Two year,Yes,Credit card (automatic),84.08,5983.06,0
CUST-100769,Female,0,No,No,63,Yes,Yes,Fiber optic,No,Yes,No,No,Yes,Yes,One year,No,Bank transfer (automatic),99.95,6136.17,1
CUST-104665,Male,0,No,No,1,Yes,No,No,No internet service,No internet service,No internet service,No internet service,No internet service,No internet service,Month-to-month,No,Mailed check,20.61,19.57,1
CUST-103134,Male,1,No,No,22,Yes,Yes,Fiber optic,No,No,No,No,Yes,Yes,Month-to-month,Yes,Electronic check,97.02,2082.19,1
CUST-103248,Male,1,Yes,No,22,Yes,No,Fiber optic,No,No,No,No,Yes,Yes,Month-to-month,Yes,Bank transfer (automatic),89.77,1938.53,0
CUST-101207,Male,1,No,No,6,Yes,No,Fiber optic,Yes,No,No,No,Yes,No,Month-to-month,Yes,Bank transfer (automatic),85.1,503.9,1
CUST-105463,Male,1,No,No,5,Yes,No,Fiber optic,No,No,No,No,Yes,Yes,Month-to-month,Yes,Electronic check,91.14,449.64,1
CUST-104289,Male,0,Yes,No,3,Yes,Yes,No,No internet service,No internet service,No internet service,No internet service,No internet service,No internet service,Month-to-month,Yes,Mailed check,23.72,85.83,0
CUST-106182,Male,0,No,Yes,63,No,No phone service,DSL,Yes,Yes,No,Yes,No,No,One year,Yes,Bank transfer (automatic),40.79,2589.09,0
CUST-105953,Female,0,No,No,27,Yes,No,DSL,No,Yes,No,Yes,No,No,Month-to-month,Yes,Mailed check,56.29,1439.91,0
CUST-105942,Male,1,Yes,Yes,68,Yes,Yes,Fiber optic,No,No,Yes,Yes,Yes,Yes,One year,Yes,Credit card (automatic),106.79,7378.36,0
CUST-103436,Female,1,No,No,10,No,No phone service,DSL,No,No,No,Yes,No,No,Month-to-month,Yes,Electronic check,29.78,291.28,1
CUST-100738,Male,1,Yes,No,35,Yes,Yes,Fiber optic,No,No,Yes,No,Yes,Yes,Month-to-month,Yes,Electronic check,100.88,3437.9,0
CUST-102525,Male,0,No,No,24,Yes,No,DSL,Yes,No,No,Yes,No,No,Month-to-month,No,Electronic check,55.03,1349.35,0
CUST-105100,Male,0,No,No,9,Yes,No,No,No internet service,No internet service,No internet service,No internet service,No internet service,No internet service,One year,Yes,Mailed check,20.14,163.15,0
CUST-101929,Female,0,Yes,No,56,Yes,No,Fiber optic,Yes,Yes,Yes,No,Yes,Yes,One year,Yes,Credit card (automatic),105.69,6068.62,0
CUST-106207,Female,0,No,No,68,Yes,Yes,Fiber optic,Yes,Yes,No,Yes,Yes,Yes,Two year,No,Credit card (automatic),110.23,7278.41,0
CUST-101102,Male,0,No,No,2,Yes,No,Fiber optic,No,No,No,No,Yes,No,Month-to-month,Yes,Electronic check,79.9,173.3,0
CUST-104024,Female,1,No,No,5,Yes,No,Fiber optic,No,Yes,No,No,Yes,No,Month-to-month,Yes,Electronic check,84.7,391.86,0
CUST-105970,Male,0,No,No,17,Yes,No,No,No internet service,No internet service,No internet service,No internet service,No internet service,No internet service,One year,No,Mailed check,19.92,308.88,0
CUST-106568,Female,0,No,No,30,Yes,No,DSL,Yes,Yes,Yes,Yes,Yes,Yes,One year,No,Bank transfer (automatic),85.27,2530.14,1
CUST-102603,Female,1,No,No,26,Yes,Yes,Fiber optic,No,Yes,No,No,Yes,No,Month-to-month,Yes,Electronic check,89.43,2278.73,1
CUST-101570,Female,0,Yes,Yes,72,Yes,Yes,No,No internet service,No internet service,No internet service,No internet service,No internet service,No internet service,Two year,No,Bank transfer (automatic),23.65,1679.64,0
CUST-104000,Male,1,No,No,2,Yes,No,DSL,No,No,Yes,No,No,No,Month-to-month,No,Mailed check,50.02,108.16,0
CUST-104610,Female,0,No,No,72,Yes,Yes,Fiber optic,Yes,Yes,Yes,Yes,Yes,Yes,Two year,Yes,Electronic check,115.1,8496.76,0
CUST-104727,Male,0,Yes,No,14,Yes,No,DSL,No,No,Yes,No,No,No,Month-to-month,No,Credit card (automatic),50.06,668.8,0
CUST-105726,Female,0,Yes,Yes,72,Yes,Yes,DSL,Yes,Yes,No,Yes,No,No,Two year,No,Credit card (automatic),66.43,4762.02,0
CUST-102850,Female,0,Yes,Yes,41,Yes,Yes,DSL,Yes,Yes,Yes,No,Yes,No,One year,Yes,Credit card (automatic),77.96,3210.29,0
CUST-106222,Male,0,Yes,No,52,Yes,Yes,Fiber optic,Yes,No,Yes,Yes,No,No,Two year,Yes,Credit card (automatic),91.62,4626.36,0
CUST-103542,Male,0,No,No,1,Yes,No,Fiber optic,No,No,No,No,Yes,No,Month-to-month,Yes,Electronic check,79.14,79.99,1
CUST-101740,Male,1,Yes,No,61,Yes,Yes,DSL,No,Yes,No,No,No,Yes,One year,No,Bank transfer (automatic),64.0,3902.26,0
CUST-106056,Male,0,No,No,6,Yes,No,DSL,Yes,No,Yes,Yes,Yes,Yes,Month-to-month,No,Credit card (automatic),78.67,483.77,0
CUST-101118,Male,0,No,Yes,70,Yes,Yes,DSL,Yes,Yes,No,Yes,No,No,One year,No,Bank transfer (automatic),65.11,4551.58,0
CUST-102789,Male,0,No,No,52,No,No phone service,DSL,No,Yes,No,No,No,No,One year,No,Mailed check,30.23,1622.21,0
CUST-103411,Female,0,Yes,No,19,Yes,Yes,Fiber optic,No,No,Yes,No,No,Yes,Month-to-month,No,Mailed check,89.73,1763.81,1
CUST-100359,Male,0,Yes,Yes,29,No,No phone service,DSL,Yes,Yes,Yes,Yes,No,Yes,One year,Yes,Credit card (automatic),55.24,1634.86,0
CUST-103038,Male,1,Yes,Yes,72,Yes,No,Fiber optic,Yes,No,Yes,Yes,Yes,Yes,Two year,Yes,Credit card (automatic),104.17,7450.18,0
CUST-100952,Female,0,Yes,Yes,63,Yes,No,DSL,Yes,Yes,Yes,Yes,Yes,No,Two year,No,Credit card (automatic),75.89,4705.26,0
CUST-100327,Female,0,Yes,No,9,No,No phone service,DSL,No,No,Yes,No,Yes,Yes,Month-to-month,Yes,Electronic check,48.8,443.13,1
CUST-106966,Male,0,No,Yes,1,Yes,No,DSL,No,No,No,No,No,No,Month-to-month,No,Electronic check,44.1,41.51,0
CUST-103066,Female,0,Yes,No,53,Yes,Yes,DSL,Yes,Yes,Yes,No,No,Yes,One year,No,Bank transfer (automatic),74.09,3833.16,0
CUST-105884,Male,0,Yes,Yes,52,Yes,No,No,No internet service,No internet service,No internet service,No internet service,No internet service,No internet service,Two year,No,Mailed check,19.29,1054.4,0
CUST-106194,Male,0,No,No,22,No,No phone service,DSL,No,No,Yes,Yes,Yes,Yes,Two year,No,Bank transfer (automatic),57.21,1303.01,0
CUST-103640,Male,0,Yes,No,56,Yes,No,Fiber optic,No,No,No,No,No,Yes,One year,Yes,Electronic check,80.88,4559.09,0
CUST-105496,Male,0,No,No,2,Yes,No,Fiber optic,No,No,No,No,No,No,Month-to-month,Yes,Electronic check,70.19,141.14,0
CUST-101588,Female,0,Yes,Yes,70,Yes,Yes,DSL,Yes,Yes,Yes,Yes,Yes,No,Two year,No,Electronic check,80.79,5619.42,0
CUST-100434,Female,0,No,No,30,Yes,No,DSL,Yes,Yes,No,No,No,No,Month-to-month,Yes,Bank transfer (automatic),55.49,1531.45,0
CUST-100609,Female,0,No,No,1,Yes,No,DSL,Yes,No,No,No,No,No,Month-to-month,No,Electronic check,50.24,50.53,0
CUST-106060,Male,0,No,Yes,3,Yes,No,DSL,No,No,No,Yes,Yes,Yes,Month-to-month,No,Mailed check,70.66,225.35,0
CUST-105000,Female,0,No,No,46,Yes,No,Fiber optic,No,Yes,Yes,Yes,Yes,Yes,Two year,Yes,Bank transfer (automatic),104.35,4904.29,0
CUST-104934,Male,0,No,No,15,Yes,No,Fiber optic,No,No,Yes,No,Yes,No,Month-to-month,No,Electronic check,85.08,1220.45,0
CUST-103179,Male,0,No,No,68,Yes,Yes,Fiber optic,Yes,Yes,Yes,Yes,Yes,Yes,One year,Yes,Credit card (automatic),117.23,8034.9,0
CUST-106030,Male,0,No,No,16,Yes,No,No,No internet service,No internet service,No internet service,No internet service,No internet service,No internet service,Two year,No,Credit card (automatic),18.65,326.59,0
CUST-101295,Female,0,No,Yes,22,No,No phone service,DSL,No,No,Yes,No,Yes,Yes,One year,Yes,Credit card (automatic),49.39,1030.19,0
CUST-103281,Female,0,No,No,19,Yes,Yes,Fiber optic,Yes,Yes,No,No,No,Yes,Month-to-month,Yes,Electronic check,95.32,1789.04,1
CUST-104007,Female,0,No,No,13,Yes,Yes,Fiber optic,Yes,Yes,No,No,Yes,No,Month-to-month,Yes,Electronic check,96.76,1242.43,1
CUST-105327,Female,0,Yes,No,70,No,No phone service,DSL,No,Yes,Yes,Yes,Yes,Yes,Two year,No,Bank transfer (automatic),57.7,4039.08,0
CUST-102431,Female,0,Yes,Yes,70,Yes,Yes,Fiber optic,Yes,Yes,Yes,Yes,Yes,Yes,Two year,Yes,Bank transfer (automatic),114.14,7727.12,1
CUST-104400,Female,0,No,No,22,Yes,No,No,No internet service,No internet service,No internet service,No internet service,No internet service,No internet service,One year,No,Bank transfer (automatic),21.01,450.77,0
CUST-104076,Female,0,No,No,44,Yes,No,Fiber optic,No,Yes,Yes,No,Yes,No,Month-to-month,Yes,Credit card (automatic),88.28,3971.0,0
CUST-103580,Female,1,Yes,No,3,Yes,No,Fiber optic,No,Yes,No,No,No,No,Month-to-month,Yes,Bank transfer (automatic),74.49,239.0,0
CUST-101465,Female,0,Yes,Yes,69,Yes,Yes,Fiber optic,No,Yes,Yes,No,Yes,Yes,Month-to-month,Yes,Electronic check,103.88,7447.05,1
CUST-107036,Male,0,No,No,1,Yes,No,DSL,Yes,No,No,No,No,No,Month-to-month,No,Electronic check,49.65,48.2,0
CUST-102784,Male,0,No,No,49,No,No phone service,DSL,No,No,Yes,No,No,No,Month-to-month,Yes,Bank transfer (automatic),30.15,1456.0,0
CUST-104989,Male,0,Yes,Yes,49,Yes,No,Fiber optic,No,Yes,Yes,No,Yes,No,Month-to-month,Yes,Credit card (automatic),90.35,4495.85,0
CUST-103988,Male,0,Yes,No,70,No,No phone service,DSL,Yes,No,Yes,Yes,No,No,Two year,Yes,Credit card (automatic),38.92,2692.95,0
CUST-106412,Female,0,No,No,3,Yes,No,No,No internet service,No internet service,No internet service,No internet service,No internet service,No internet service,Month-to-month,No,Mailed check,19.8,63.39,1
CUST-104820,Female,0,Yes,No,66,Yes,Yes,DSL,Yes,Yes,Yes,No,No,No,Two year,No,Bank transfer (automatic),66.74,4369.09,0
CUST-100963,Male,0,Yes,No,40,Yes,Yes,Fiber optic,No,Yes,Yes,No,Yes,Yes,One year,Yes,Bank transfer (automatic),106.25,4181.35,0
CUST-103874,Male,1,No,No,1,Yes,Yes,Fiber optic,No,No,Yes,No,Yes,No,Month-to-month,Yes,Electronic check,88.71,89.18,1
CUST-100265,Male,0,Yes,No,8,Yes,No,DSL,No,Yes,Yes,No,No,No,Month-to-month,Yes,Mailed check,54.85,445.51,0
CUST-104359,Female,1,No,No,18,Yes,No,DSL,No,Yes,No,No,No,No,Month-to-month,Yes,Credit card (automatic),49.87,868.49,0
CUST-100778,Female,0,Yes,No,71,Yes,No,DSL,Yes,Yes,Yes,Yes,Yes,Yes,One year,Yes,Bank transfer (automatic),84.55,6044.59,0
CUST-106005,Male,0,Yes,Yes,12,Yes,No,DSL,Yes,No,No,No,No,No,Month-to-month,Yes,Electronic check,49.33,570.94,0
CUST-102330,Female,0,No,No,8,No,No phone service,DSL,No,Yes,No,No,No,No,Month-to-month,Yes,Mailed check,29.23,228.13,0
CUST-105506,Female,0,Yes,Yes,49,Yes,Yes,No,No internet service,No internet service,No internet service,No internet service,No internet service,No internet service,Two year,No,Mailed check,25.45,1211.48,0
CUST-105258,Male,0,No,No,10,Yes,No,DSL,No,No,No,No,No,No,Month-to-month,No,Mailed check,46.02,491.45,0
CUST-107003,Male,0,No,No,12,Yes,No,DSL,No,No,No,Yes,Yes,No,One year,Yes,Electronic check,59.69,727.32,1
CUST-101370,Female,0,No,No,51,Yes,No,No,No internet service,No internet service,No internet service,No internet service,No internet service,No internet service,One year,Yes,Bank transfer (automatic),19.73,995.23,0
CUST-103665,Male,0,Yes,Yes,1,Yes,No,No,No internet service,No internet service,No internet service,No internet service,No internet service,No internet service,Month-to-month,No,Mailed check,19.52,20.39,0
CUST-104992,Female,0,Yes,Yes,19,Yes,No,DSL,No,No,Yes,No,No,No,Month-to-month,Yes,Bank transfer (automatic),49.4,964.47,0
CUST-106902,Male,0,Yes,Yes,58,Yes,Yes,Fiber optic,No,No,No,No,Yes,No,Two year,No,Bank transfer (automatic),82.59,4829.07,0
CUST-103149,Female,0,Yes,Yes,6,Yes,Yes,Fiber optic,No,No,No,Yes,No,No,Month-to-month,Yes,Electronic check,80.41,503.48,1
CUST-105069,Male,0,Yes,Yes,44,Yes,Yes,No,No internet service,No internet service,No internet service,No internet service,No internet service,No internet service,One year,No,Electronic check,24.8,1010.96,0
CUST-105595,Female,1,Yes,No,28,Yes,Yes,Fiber optic,No,No,No,Yes,Yes,Yes,Month-to-month,Yes,Credit card (automatic),101.37,2814.62,1
CUST-100516,Male,0,Yes,No,3,Yes,No,DSL,No,No,Yes,Yes,No,No,Month-to-month,Yes,Mailed check,55.4,152.04,0
CUST-100020,Male,1,Yes,No,57,Yes,Yes,Fiber optic,No,Yes,Yes,No,No,Yes,Month-to-month,Yes,Bank transfer (automatic),95.34,5428.83,1
CUST-104149,Female,0,No,No,7,Yes,No,Fiber optic,No,No,Yes,Yes,Yes,Yes,Month-to-month,Yes,Electronic check,100.73,714.9,0
CUST-102050,Female,0,Yes,No,53,Yes,No,Fiber optic,Yes,Yes,Yes,No,Yes,Yes,One year,Yes,Bank transfer (automatic),106.31,5768.06,1
CUST-100488,Male,0,No,No,5,Yes,No,No,No internet service,No internet service,No internet service,No internet service,No internet service,No internet service,Month-to-month,No,Mailed check,20.38,106.79,0
CUST-103475,Female,0,Yes,Yes,69,Yes,No,No,No internet service,No internet service,No internet service,No internet service,No internet service,No internet service,Two year,No,Bank transfer (automatic),19.88,1374.66,0
CUST-106847,Female,0,No,No,57,Yes,Yes,Fiber optic,Yes,Yes,Yes,No,Yes,Yes,Two year,Yes,Bank transfer (automatic),112.7,6466.3,1
CUST-101777,Female,1,Yes,No,14,Yes,Yes,Fiber optic,No,Yes,No,No,Yes,Yes,Month-to-month,Yes,Electronic check,100.29,1369.59,1
CUST-101499,Female,0,Yes,No,26,Yes,No,DSL,No,Yes,Yes,No,Yes,Yes,Two year,Yes,Credit card (automatic),73.89,1906.59,0
CUST-102541,Male,0,No,No,1,Yes,No,DSL,No,No,Yes,No,No,No,Month-to-month,Yes,Electronic check,50.62,48.56,1
CUST-101862,Female,0,No,Yes,11,Yes,No,No,No internet service,No internet service,No internet service,No internet service,No internet service,No internet service,Month-to-month,No,Credit card (automatic),20.09,221.75,1
CUST-102123,Female,0,No,No,1,Yes,No,No,No internet service,No internet service,No internet service,No internet service,No internet service,No internet service,Month-to-month,Yes,Mailed check,19.13,19.19,0
CUST-101027,Male,0,Yes,Yes,30,Yes,No,No,No internet service,No internet service,No internet service,No internet service,No internet service,No internet service,Two year,No,Mailed check,21.26,714.17,0
CUST-105151,Female,1,Yes,No,39,Yes,Yes,Fiber optic,No,No,No,Yes,Yes,Yes,Month-to-month,Yes,Electronic check,101.08,3947.01,0
CUST-100439,Female,0,No,No,15,Yes,Yes,Fiber optic,Yes,No,Yes,No,No,No,Month-to-month,Yes,Credit card (automatic),84.23,1304.84,0
CUST-101144,Male,0,Yes,Yes,19,Yes,Yes,Fiber optic,No,No,No,No,No,Yes,Month-to-month,Yes,Electronic check,83.72,1467.13,1
CUST-101623,Female,0,Yes,Yes,2,No,No phone service,DSL,No,No,No,No,No,No,Month-to-month,Yes,Mailed check,24.2,33.11,1
CUST-102315,Female,0,Yes,Yes,4,Yes,No,Fiber optic,No,No,No,No,No,Yes,Month-to-month,No,Electronic check,80.91,300.03,1
CUST-101591,Female,0,No,No,15,No,No phone service,DSL,Yes,Yes,Yes,Yes,No,No,One year,No,Mailed check,45.74,688.25,0
CUST-104724,Male,0,No,No,19,Yes,No,DSL,No,Yes,No,Yes,No,Yes,One year,Yes,Bank transfer (automatic),65.13,1233.79,0
CUST-106197,Male,0,Yes,No,69,No,No phone service,DSL,Yes,No,Yes,Yes,Yes,Yes,Two year,No,Bank transfer (automatic),60.32,4054.01,0
CUST-102020,Male,0,No,Yes,1,Yes,Yes,Fiber optic,No,No,No,No,No,No,Month-to-month,Yes,Electronic check,74.17,76.21,1
CUST-105588,Female,0,Yes,No,55,Yes,Yes,DSL,Yes,Yes,Yes,Yes,Yes,Yes,One year,Yes,Electronic check,90.29,4916.92,0
CUST-100656,Female,0,No,No,2,No,No phone service,DSL,No,No,No,No,Yes,Yes,Month-to-month,Yes,Electronic check,44.96,84.01,1
CUST-106551,Male,0,Yes,Yes,63,Yes,No,No,No internet service,No internet service,No internet service,No internet service,No internet service,No internet service,Two year,No,Mailed check,19.79,1244.78,0
CUST-101552,Female,0,No,No,29,No,No phone service,DSL,Yes,Yes,No,Yes,No,No,One year,No,Credit card (automatic),39.59,1081.19,0
CUST-104202,Male,0,No,No,1,Yes,No,DSL,No,No,No,No,No,Yes,Month-to-month,Yes,Electronic check,55.01,54.48,0
CUST-103711,Male,0,Yes,Yes,70,Yes,Yes,DSL,No,Yes,Yes,Yes,Yes,Yes,Two year,Yes,Electronic check,84.01,5979.81,0
CUST-102310,Female,0,No,No,71,Yes,Yes,Fiber optic,Yes,Yes,Yes,No,Yes,Yes,Two year,Yes,Credit card (automatic),106.77,7281.89,0
CUST-102879,Female,0,No,No,4,Yes,No,Fiber optic,Yes,No,Yes,Yes,No,Yes,Month-to-month,Yes,Bank transfer (automatic),94.29,387.35,1
CUST-103902,Female,1,No,No,53,Yes,No,Fiber optic,No,Yes,No,No,No,No,Month-to-month,Yes,Credit card (automatic),73.97,4000.81,0
CUST-103735,Female,0,Yes,Yes,52,Yes,No,Fiber optic,Yes,No,Yes,No,Yes,Yes,One year,No,Electronic check,100.46,5246.35,0
CUST-100270,Female,0,Yes,Yes,37,Yes,Yes,Fiber optic,No,No,No,No,Yes,Yes,Month-to-month,Yes,Electronic check,95.24,3310.56,0
CUST-103944,Male,0,Yes,Yes,38,Yes,No,DSL,Yes,Yes,Yes,Yes,Yes,No,One year,No,Electronic check,74.15,2803.82,0
CUST-101681,Male,1,Yes,No,54,Yes,Yes,Fiber optic,No,No,No,No,No,No,Month-to-month,No,Bank transfer (automatic),73.94,3917.48,0
CUST-105281,Female,0,Yes,No,25,Yes,No,Fiber optic,No,No,No,Yes,Yes,Yes,Month-to-month,Yes,Electronic check,94.79,2392.87,0
CUST-100929,Male,0,No,No,16,Yes,No,No,No internet service,No internet service,No internet service,No internet service,No internet service,No internet service,Two year,No,Mailed check,19.79,281.92,0
CUST-102284,Female,0,No,No,1,Yes,No,DSL,No,No,No,No,No,No,Month-to-month,No,Mailed check,44.22,46.91,1
CUST-100814,Male,0,Yes,Yes,65,Yes,Yes,Fiber optic,Yes,Yes,Yes,Yes,No,No,Two year,No,Credit card (automatic),94.06,6080.42,0
CUST-106672,Female,0,No,No,10,Yes,No,DSL,No,Yes,No,Yes,No,Yes,One year,No,Mailed check,65.11,683.27,0
CUST-106855,Female,0,Yes,Yes,16,Yes,No,No,No internet service,No internet service,No internet service,No internet service,No internet service,No internet service,Month-to-month,No,Mailed check,19.39,277.8,0
CUST-102830,Male,0,Yes,Yes,51,Yes,Yes,Fiber optic,Yes,Yes,No,Yes,Yes,Yes,One year,No,Credit card (automatic),110.23,5686.95,0
CUST-103940,Male,0,No,No,20,Yes,No,Fiber optic,Yes,Yes,Yes,Yes,Yes,Yes,Month-to-month,Yes,Bank transfer (automatic),108.14,2204.78,0
CUST-106603,Male,0,No,Yes,71,Yes,No,DSL,Yes,Yes,Yes,Yes,Yes,No,Two year,Yes,Credit card (automatic),76.88,5523.11,0
CUST-101822,Female,0,No,No,26,Yes,Yes,Fiber optic,No,No,Yes,No,Yes,Yes,Month-to-month,Yes,Bank transfer (automatic),100.69,2599.64,0
CUST-103766,Male,1,No,No,50,Yes,Yes,DSL,Yes,Yes,No,No,Yes,No,Month-to-month,Yes,Bank transfer (automatic),70.3,3452.18,0
CUST-106999,Female,0,Yes,No,26,No,No phone service,DSL,Yes,No,Yes,No,No,No,One year,No,Credit card (automatic),35.16,977.4,0
CUST-105982,Female,0,Yes,Yes,33,Yes,No,No,No internet service,No internet service,No internet service,No internet service,No internet service,No internet service,One year,No,Mailed check,19.87,579.12,0
CUST-101725,Male,0,No,No,35,Yes,Yes,DSL,Yes,No,No,No,No,No,Two year,No,Mailed check,55.23,1924.13,0
CUST-102552,Male,0,No,No,50,Yes,Yes,Fiber optic,Yes,Yes,Yes,Yes,Yes,Yes,One year,No,Credit card (automatic),114.21,5792.2,0
CUST-105598,Female,1,Yes,No,4,Yes,Yes,Fiber optic,No,No,No,No,Yes,No,Month-to-month,Yes,Electronic check,83.24,308.91,0
CUST-105253,Male,0,No,Yes,56,Yes,No,No,No internet service,No internet service,No internet service,No internet service,No internet service,No internet service,One year,Yes,Mailed check,21.17,1236.65,0
CUST-104645,Female,0,No,Yes,67,Yes,Yes,Fiber optic,No,Yes,No,Yes,Yes,Yes,One year,Yes,Bank transfer (automatic),106.71,7243.31,0
CUST-106863,Female,0,Yes,No,11,Yes,No,DSL,No,No,No,No,No,No,Month-to-month,Yes,Electronic check,43.95,484.72,1
CUST-101115,Female,0,Yes,No,72,Yes,Yes,Fiber optic,Yes,No,Yes,Yes,Yes,Yes,Two year,Yes,Credit card (automatic),110.26,7881.5,0
CUST-103193,Male,1,No,No,5,Yes,Yes,Fiber optic,No,Yes,No,No,No,Yes,Month-to-month,Yes,Electronic check,89.53,500.67,1
CUST-105046,Female,0,Yes,No,12,Yes,No,DSL,No,Yes,No,No,No,No,Month-to-month,Yes,Electronic check,51.27,614.66,0
CUST-102097,Male,0,No,Yes,1,Yes,No,No,No internet service,No internet service,No internet service,No internet service,No internet service,No internet service,Month-to-month,Yes,Mailed check,19.5,19.63,1
CUST-103261,Female,0,No,No,1,Yes,No,Fiber optic,No,Yes,No,No,No,No,Month-to-month,Yes,Credit card (automatic),74.25,71.97,1
CUST-104049,Male,0,Yes,Yes,4,No,No phone service,DSL,Yes,No,No,No,Yes,No,Month-to-month,No,Credit card (automatic),38.74,156.61,0
CUST-105899,Male,0,No,No,34,Yes,No,No,No internet service,No internet service,No internet service,No internet service,No internet service,No internet service,Month-to-month,No,Mailed check,19.5,675.94,0
CUST-104260,Male,0,Yes,Yes,16,Yes,No,DSL,Yes,Yes,No,No,No,No,One year,Yes,Mailed check,56.16,861.08,0
CUST-102713,Male,1,Yes,No,72,Yes,Yes,Fiber optic,No,Yes,No,No,Yes,Yes,Two year,No,Bank transfer (automatic),98.56,6928.88,0
CUST-100614,Female,0,Yes,Yes,72,Yes,Yes,DSL,Yes,Yes,Yes,Yes,No,Yes,Two year,No,Bank transfer (automatic),80.86,5827.48,0
CUST-104496,Male,0,Yes,No,58,Yes,No,DSL,No,No,Yes,No,No,No,One year,No,Credit card (automatic),50.21,2877.82,0
CUST-100440,Male,0,No,No,51,Yes,Yes,DSL,Yes,No,No,Yes,No,No,One year,No,Credit card (automatic),59.87,3042.5,0
CUST-101078,Male,0,No,No,8,No,No phone service,DSL,Yes,No,No,No,No,No,Month-to-month,No,Mailed check,29.09,215.96,0
CUST-100304,Male,0,No,No,40,Yes,Yes,No,No internet service,No internet service,No internet service,No internet service,No internet service,No internet service,Two year,Yes,Mailed check,24.53,977.65,0
CUST-100594,Male,0,Yes,No,38,No,No phone service,DSL,Yes,Yes,No,Yes,Yes,Yes,Two year,Yes,Bank transfer (automatic),59.9,2193.24,0
CUST-102420,Male,0,Yes,No,53,Yes,Yes,Fiber optic,Yes,No,Yes,No,No,Yes,Month-to-month,No,Electronic check,93.89,5028.67,1
CUST-100130,Female,0,Yes,No,17,Yes,Yes,Fiber optic,Yes,No,No,No,No,No,Month-to-month,No,Electronic check,78.58,1350.02,0
CUST-100360,Female,0,Yes,No,4,Yes,No,No,No internet service,No internet service,No internet service,No internet service,No internet service,No internet service,Month-to-month,No,Mailed check,19.49,92.63,0
CUST-105387,Male,0,Yes,No,70,Yes,Yes,DSL,Yes,No,No,Yes,Yes,Yes,Two year,Yes,Credit card (automatic),76.69,5288.08,0
CUST-100365,Female,0,Yes,Yes,72,Yes,Yes,No,No internet service,No internet service,No internet service,No internet service,No internet service,No internet service,Two year,No,Bank transfer (automatic),24.99,1787.43,0
CUST-101911,Male,0,No,Yes,52,Yes,No,No,No internet service,No internet service,No internet service,No internet service,No internet service,No internet service,One year,No,Credit card (automatic),18.99,927.11,0
CUST-103697,Female,0,Yes,Yes,2,Yes,No,Fiber optic,No,No,No,No,No,No,Month-to-month,Yes,Electronic check,71.88,135.4,0
CUST-104924,Male,0,No,Yes,5,Yes,No,No,No internet service,No internet service,No internet service,No internet service,No internet service,No internet service,Month-to-month,No,Credit card (automatic),20.28,125.2,0
CUST-104621,Male,0,Yes,No,17,Yes,No,Fiber optic,No,No,No,No,No,No,Month-to-month,Yes,Bank transfer (automatic),70.27,1212.2,1
CUST-103260,Female,0,No,No,7,Yes,No,Fiber optic,No,Yes,No,No,Yes,Yes,One year,Yes,Mailed check,94.08,634.8,0
CUST-100156,Male,0,No,No,23,Yes,No,No,No internet service,No internet service,No internet service,No internet service,No internet service,No internet service,One year,No,Bank transfer (automatic),19.97,405.12,0
CUST-105832,Female,0,No,No,37,No,No phone service,DSL,No,No,Yes,No,No,Yes,Month-to-month,Yes,Credit card (automatic),39.95,1478.33,0
CUST-103571,Male,0,Yes,No,59,Yes,No,DSL,Yes,Yes,Yes,No,Yes,No,One year,No,Credit card (automatic),66.18,3958.78,0
CUST-106247,Female,0,No,Yes,7,Yes,No,No,No internet service,No internet service,No internet service,No internet service,No internet service,No internet service,One year,No,Mailed check,20.35,96.73,0
CUST-103301,Female,0,Yes,Yes,39,Yes,No,No,No internet service,No internet service,No internet service,No internet service,No internet service,No internet service,Two year,No,Mailed check,19.69,758.36,0
CUST-103488,Male,0,Yes,Yes,49,Yes,Yes,Fiber optic,No,No,No,Yes,Yes,Yes,One year,Yes,Electronic check,98.06,4915.74,0
CUST-100077,Male,0,Yes,Yes,39,Yes,No,Fiber optic,No,Yes,No,No,Yes,No,Month-to-month,Yes,Mailed check,86.13,3264.81,1
CUST-100393,Male,0,Yes,No,70,Yes,Yes,Fiber optic,Yes,Yes,Yes,Yes,Yes,Yes,Two year,No,Credit card (automatic),114.22,8246.66,0
CUST-103096,Female,0,No,Yes,25,No,No phone service,DSL,Yes,No,No,Yes,No,No,Two year,No,Bank transfer (automatic),34.84,845.12,0
CUST-102548,Male,0,Yes,Yes,46,Yes,No,No,No internet service,No internet service,No internet service,No internet service,No internet service,No internet service,Two year,No,Credit card (automatic),19.84,855.82,0
CUST-106951,Female,0,Yes,No,8,Yes,Yes,Fiber optic,No,No,No,No,No,Yes,Month-to-month,Yes,Credit card (automatic),85.03,628.47,1
CUST-102947,Male,0,No,No,4,Yes,No,No,No internet service,No internet service,No internet service,No internet service,No internet service,No internet service,Month-to-month,Yes,Credit card (automatic),20.76,82.06,0
CUST-105544,Male,1,Yes,No,29,Yes,Yes,DSL,No,No,No,No,No,No,Month-to-month,Yes,Electronic check,51.46,1440.51,0
CUST-104117,Female,0,Yes,No,48,No,No phone service,DSL,Yes,No,Yes,No,No,Yes,Month-to-month,Yes,Bank transfer (automatic),45.36,2141.49,1
CUST-101597,Male,1,No,No,1,Yes,No,DSL,No,No,No,No,No,No,Month-to-month,No,Electronic check,44.99,46.55,0
CUST-105705,Male,0,No,Yes,21,Yes,Yes,Fiber optic,Yes,No,No,No,No,No,Month-to-month,No,Electronic check,80.3,1745.29,0
CUST-103240,Female,1,No,No,9,Yes,Yes,Fiber optic,No,No,No,No,No,Yes,Month-to-month,Yes,Electronic check,84.76,764.99,1
CUST-102459,Female,1,Yes,No,60,Yes,Yes,Fiber optic,Yes,Yes,Yes,Yes,Yes,Yes,Two year,Yes,Bank transfer (automatic),116.23,6927.17,0
CUST-102148,Male,0,No,No,1,Yes,No,No,No internet service,No internet service,No internet service,No internet service,No internet service,No internet service,Month-to-month,No,Electronic check,20.54,22.85,0
CUST-106920,Male,0,Yes,Yes,71,Yes,No,No,No internet service,No internet service,No internet service,No internet service,No internet service,No internet service,Two year,No,Credit card (automatic),19.69,1299.43,0
CUST-104357,Male,0,Yes,Yes,1,No,No phone service,DSL,No,Yes,No,No,No,No,Month-to-month,No,Electronic check,29.97,28.59,1
CUST-106213,Male,0,No,Yes,1,Yes,No,DSL,No,No,Yes,No,No,No,Month-to-month,No,Electronic check,48.9,49.08,1
CUST-100707,Male,1,No,No,10,Yes,Yes,Fiber optic,No,No,No,No,Yes,Yes,Month-to-month,Yes,Electronic check,95.43,899.53,1
CUST-101592,Male,0,Yes,Yes,22,Yes,Yes,Fiber optic,No,No,Yes,No,Yes,No,Month-to-month,Yes,Electronic check,88.37,1888.68,0
CUST-106968,Male,0,No,No,35,Yes,No,No,No internet service,No internet service,No internet service,No internet service,No internet service,No internet service,One year,Yes,Mailed check,18.95,639.5,0
CUST-103336,Male,1,No,No,2,No,No phone service,DSL,No,No,No,No,No,No,Month-to-month,Yes,Mailed check,24.43,46.78,1
CUST-104886,Female,0,No,No,3,Yes,Yes,No,No internet service,No internet service,No internet service,No internet service,No internet service,No internet service,Month-to-month,No,Mailed check,24.56,85.93,0
CUST-103276,Female,0,No,No,11,Yes,No,Fiber optic,No,Yes,Yes,Yes,No,Yes,Month-to-month,Yes,Electronic check,94.5,1002.15,0
CUST-103427,Female,0,No,No,30,No,No phone service,DSL,No,No,No,Yes,No,Yes,One year,Yes,Credit card (automatic),40.42,1187.93,0
CUST-104836,Male,1,Yes,No,29,Yes,Yes,Fiber optic,No,No,Yes,No,Yes,Yes,Month-to-month,Yes,Electronic check,98.45,3004.77,1
CUST-105087,Male,0,Yes,Yes,66,Yes,No,No,No internet service,No internet service,No internet service,No internet service,No internet service,No internet service,Two year,Yes,Mailed check,19.91,1342.5,0
CUST-103512,Male,0,Yes,No,47,Yes,No,No,No internet service,No internet service,No internet service,No internet service,No internet service,No internet service,Two year,No,Mailed check,19.93,971.43,0
CUST-102381,Female,0,Yes,No,1,Yes,No,DSL,No,No,No,No,Yes,No,Month-to-month,Yes,Mailed check,55.25,56.29,0
CUST-102915,Male,0,Yes,Yes,29,Yes,No,DSL,Yes,No,No,No,No,Yes,Month-to-month,Yes,Mailed check,60.08,1835.52,0
CUST-104471,Male,0,Yes,Yes,52,No,No phone service,DSL,Yes,No,Yes,No,No,Yes,One year,No,Bank transfer (automatic),44.38,2274.58,0
CUST-106525,Female,0,No,No,41,Yes,Yes,DSL,No,Yes,Yes,No,Yes,Yes,One year,Yes,Electronic check,80.29,3261.87,0
CUST-100689,Female,0,No,No,9,Yes,Yes,Fiber optic,No,No,No,No,No,No,Month-to-month,Yes,Electronic check,74.71,706.47,1
CUST-102641,Female,0,Yes,Yes,56,Yes,Yes,DSL,Yes,No,No,No,Yes,No,One year,No,Bank transfer (automatic),65.08,3512.4,0
CUST-102367,Female,0,Yes,No,67,Yes,No,No,No internet service,No internet service,No internet service,No internet service,No internet service,No internet service,One year,Yes,Bank transfer (automatic),20.95,1328.67,0
CUST-106532,Female,0,Yes,No,72,Yes,Yes,Fiber optic,No,Yes,Yes,Yes,Yes,Yes,One year,Yes,Electronic check,109.31,8113.07,1
CUST-106635,Female,1,No,No,1,Yes,Yes,Fiber optic,No,No,No,No,No,No,Month-to-month,Yes,Electronic check,71.82,73.76,0
CUST-104889,Male,0,No,No,12,Yes,Yes,DSL,No,No,Yes,No,Yes,Yes,Month-to-month,No,Bank transfer (automatic),75.02,826.95,0
CUST-103412,Male,0,No,No,2,Yes,No,Fiber optic,No,No,Yes,No,Yes,Yes,Month-to-month,No,Electronic check,94.98,178.17,1
CUST-106916,Male,0,Yes,Yes,68,Yes,Yes,Fiber optic,Yes,Yes,Yes,Yes,Yes,Yes,Two year,Yes,Electronic check,113.25,7855.21,1
CUST-104317,Female,0,No,No,44,Yes,Yes,Fiber optic,No,Yes,Yes,No,No,No,Month-to-month,Yes,Bank transfer (automatic),84.83,3861.85,1
CUST-101206,Female,0,Yes,Yes,20,Yes,No,No,No internet service,No internet service,No internet service,No internet service,No internet service,No internet service,Month-to-month,No,Mailed check,20.22,406.53,0
CUST-106172,Male,0,Yes,No,58,Yes,Yes,Fiber optic,No,No,Yes,No,Yes,Yes,One year,No,Credit card (automatic),100.55,5681.98,0
CUST-104679,Female,0,Yes,No,71,Yes,Yes,DSL,No,Yes,Yes,Yes,Yes,Yes,Two year,Yes,Credit card (automatic),83.38,5892.68,0
CUST-105571,Female,1,Yes,No,71,Yes,No,Fiber optic,Yes,Yes,Yes,Yes,Yes,Yes,Two year,Yes,Bank transfer (automatic),109.83,7906.01,0
CUST-106540,Male,0,No,No,9,No,No phone service,DSL,No,No,No,No,Yes,No,Month-to-month,Yes,Credit card (automatic),34.8,296.41,1
CUST-102820,Female,0,No,No,5,Yes,No,No,No internet service,No internet service,No internet service,No internet service,No internet service,No internet service,Month-to-month,Yes,Mailed check,20.57,103.53,0
CUST-105180,Male,0,No,No,1,Yes,No,No,No internet service,No internet service,No internet service,No internet service,No internet service,No internet service,Month-to-month,No,Credit card (automatic),20.49,22.51,0
CUST-101547,Male,0,Yes,No,36,Yes,No,Fiber optic,Yes,No,No,No,Yes,Yes,Month-to-month,Yes,Electronic check,93.57,3367.13,0
CUST-105119,Female,0,No,Yes,43,Yes,No,Fiber optic,Yes,Yes,No,Yes,Yes,Yes,One year,Yes,Credit card (automatic),106.04,4533.13,0
CUST-102195,Female,1,No,No,56,Yes,Yes,Fiber optic,No,Yes,Yes,No,Yes,Yes,Month-to-month,No,Electronic check,104.93,5840.18,0
CUST-103388,Female,0,No,No,3,No,No phone service,DSL,Yes,No,No,Yes,No,No,Month-to-month,No,Mailed check,34.24,140.09,1
CUST-105196,Male,0,Yes,No,9,No,No phone service,DSL,No,No,No,No,No,No,One year,No,Bank transfer (automatic),24.28,261.24,1
CUST-102393,Female,0,Yes,Yes,45,No,No phone service,DSL,No,Yes,Yes,Yes,No,Yes,One year,No,Bank transfer (automatic),50.83,2264.62,0
CUST-105545,Male,1,No,No,69,Yes,No,No,No internet service,No internet service,No internet service,No internet service,No internet service,No internet service,Two year,No,Credit card (automatic),20.33,1356.14,0
CUST-106647,Male,0,Yes,No,4,Yes,No,Fiber optic,No,No,Yes,Yes,No,No,Month-to-month,Yes,Mailed check,80.57,321.29,1
CUST-100533,Female,0,No,No,45,Yes,No,Fiber optic,Yes,Yes,No,No,Yes,Yes,One year,Yes,Electronic check,100.73,4486.5,0
CUST-103449,Female,0,Yes,Yes,11,Yes,No,No,No internet service,No internet service,No internet service,No internet service,No internet service,No internet service,Two year,No,Credit card (automatic),20.96,200.98,0
CUST-100522,Male,1,Yes,No,47,Yes,Yes,Fiber optic,No,No,Yes,No,Yes,Yes,Month-to-month,Yes,Electronic check,100.09,4870.29,1
CUST-101400,Male,1,No,No,21,Yes,No,Fiber optic,No,No,Yes,No,Yes,Yes,Month-to-month,Yes,Bank transfer (automatic),96.66,2029.82,1
CUST-101403,Male,0,No,No,22,Yes,Yes,Fiber optic,Yes,No,No,No,Yes,Yes,Month-to-month,Yes,Electronic check,100.51,2095.59,1
CUST-106764,Male,0,No,No,68,Yes,No,Fiber optic,No,Yes,Yes,No,No,No,One year,No,Credit card (automatic),79.58,5462.89,0
CUST-105581,Female,0,Yes,Yes,36,Yes,No,No,No internet service,No internet service,No internet service,No internet service,No internet service,No internet service,Two year,No,Bank transfer (automatic),20.48,718.85,0
CUST-102440,Female,0,No,No,1,Yes,No,Fiber optic,No,No,No,No,No,No,Month-to-month,No,Mailed check,70.71,68.64,1
CUST-106204,Female,0,No,No,2,Yes,No,No,No internet service,No internet service,No internet service,No internet service,No internet service,No internet service,Month-to-month,No,Electronic check,19.65,55.78,0
CUST-100871,Female,0,No,No,67,Yes,No,DSL,Yes,Yes,No,Yes,No,No,One year,No,Credit card (automatic),60.49,3868.85,0
CUST-102708,Female,0,Yes,No,72,Yes,Yes,No,No internet service,No internet service,No internet service,No internet service,No internet service,No internet service,Two year,No,Credit card (automatic),24.78,1871.59,0
CUST-100804,Female,0,Yes,Yes,67,Yes,Yes,Fiber optic,Yes,No,Yes,Yes,Yes,Yes,Two year,Yes,Credit card (automatic),108.61,7158.16,1
CUST-100784,Female,0,Yes,No,57,Yes,No,No,No internet service,No internet service,No internet service,No internet service,No internet service,No internet service,Two year,No,Bank transfer (automatic),19.67,1114.05,0
CUST-100878,Male,0,No,No,40,Yes,Yes,Fiber optic,No,No,Yes,Yes,Yes,Yes,Month-to-month,No,Bank transfer (automatic),104.87,4130.94,1
CUST-105689,Male,0,No,No,72,Yes,Yes,Fiber optic,No,Yes,Yes,No,Yes,Yes,Two year,Yes,Bank transfer (automatic),100.98,7456.35,0
CUST-103686,Male,0,Yes,Yes,5,Yes,No,No,No internet service,No internet service,No internet service,No internet service,No internet service,No internet service,One year,No,Electronic check,20.74,100.05,0
CUST-106600,Female,0,No,No,37,Yes,Yes,DSL,Yes,Yes,Yes,Yes,Yes,No,Month-to-month,Yes,Credit card (automatic),78.69,2976.8,0
CUST-100913,Female,0,Yes,Yes,52,Yes,No,Fiber optic,No,Yes,Yes,Yes,No,No,Month-to-month,No,Bank transfer (automatic),85.96,4432.11,0
CUST-101005,Male,0,No,No,41,Yes,Yes,DSL,No,No,Yes,No,No,Yes,One year,No,Mailed check,64.84,2529.73,0
CUST-106428,Female,0,No,No,28,Yes,No,DSL,No,Yes,No,Yes,No,No,Month-to-month,No,Bank transfer (automatic),54.61,1517.58,0
CUST-103395,Female,0,Yes,No,2,Yes,No,No,No internet service,No internet service,No internet service,No internet service,No internet service,No internet service,Month-to-month,No,Mailed check,20.21,41.2,0
CUST-100729,Male,1,Yes,No,49,Yes,No,DSL,No,Yes,No,No,No,No,Two year,No,Mailed check,49.89,2399.53,0
CUST-103425,Male,0,Yes,Yes,41,Yes,No,No,No internet service,No internet service,No internet service,No internet service,No internet service,No internet service,One year,No,Bank transfer (automatic),19.19,798.32,0
CUST-104680,Male,0,No,Yes,32,Yes,Yes,DSL,No,Yes,Yes,Yes,Yes,Yes,One year,No,Credit card (automatic),83.54,2633.07,0
CUST-102273,Female,0,Yes,Yes,20,Yes,Yes,Fiber optic,No,Yes,Yes,No,Yes,Yes,Month-to-month,Yes,Bank transfer (automatic),105.71,2234.55,1
CUST-103087,Female,0,Yes,No,60,No,No phone service,DSL,Yes,Yes,Yes,No,No,Yes,One year,No,Electronic check,49.89,2911.39,0
CUST-104352,Female,0,No,No,41,Yes,Yes,Fiber optic,No,No,Yes,No,Yes,Yes,Month-to-month,No,Bank transfer (automatic),98.02,3991.17,0
CUST-105083,Female,0,Yes,No,2,Yes,No,DSL,No,No,No,No,No,No,Month-to-month,Yes,Electronic check,45.1,90.73,0
CUST-101282,Female,0,No,No,4,Yes,No,DSL,Yes,Yes,No,No,No,No,Month-to-month,No,Electronic check,55.36,222.61,0
CUST-104686,Female,0,No,No,1,Yes,No,Fiber optic,No,No,No,No,No,No,Month-to-month,Yes,Electronic check,70.12,70.99,1
CUST-101813,Female,0,No,No,11,Yes,Yes,Fiber optic,No,No,Yes,No,Yes,Yes,Month-to-month,Yes,Bank transfer (automatic),97.81,1104.28,1
CUST-106091,Female,0,Yes,No,41,Yes,No,No,No internet service,No internet service,No internet service,No internet service,No internet service,No internet service,Two year,No,Credit card (automatic),20.29,876.37,0
CUST-102779,Male,0,No,No,1,Yes,Yes,DSL,No,Yes,No,No,No,No,Month-to-month,No,Electronic check,54.21,53.8,0
CUST-105094,Female,0,No,No,22,No,No phone service,DSL,No,No,Yes,No,Yes,Yes,Month-to-month,Yes,Electronic check,50.48,1070.55,0
CUST-101405,Female,1,Yes,No,72,Yes,Yes,Fiber optic,Yes,No,No,No,No,No,Two year,No,Bank transfer (automatic),78.74,5606.05,0
CUST-102250,Male,0,Yes,No,72,Yes,Yes,Fiber optic,Yes,Yes,Yes,No,No,Yes,Two year,Yes,Electronic check,99.12,7423.67,0
CUST-103812,Female,0,No,No,13,Yes,No,Fiber optic,No,Yes,Yes,No,No,No,Month-to-month,Yes,Electronic check,80.97,952.11,1
CUST-100970,Male,0,No,No,6,Yes,No,Fiber optic,No,Yes,No,No,Yes,No,Month-to-month,Yes,Electronic check,85.34,491.04,1
CUST-101675,Male,1,Yes,Yes,43,Yes,Yes,Fiber optic,No,Yes,Yes,Yes,Yes,Yes,Month-to-month,Yes,Bank transfer (automatic),111.05,4686.76,1
CUST-101936,Female,0,No,No,1,Yes,No,Fiber optic,No,No,No,No,No,Yes,Month-to-month,Yes,Electronic check,81.26,81.29,1
CUST-106058,Female,0,No,No,70,Yes,Yes,Fiber optic,Yes,Yes,Yes,Yes,Yes,Yes,Two year,Yes,Credit card (automatic),111.86,7798.15,0
CUST-103199,Male,0,No,Yes,10,Yes,No,No,No internet service,No internet service,No internet service,No internet service,No internet service,No internet service,One year,Yes,Bank transfer (automatic),20.3,221.16,0
CUST-100764,Female,0,Yes,Yes,52,Yes,No,Fiber optic,Yes,No,Yes,Yes,No,No,Month-to-month,Yes,Bank transfer (automatic),83.72,4327.79,0
CUST-103539,Male,0,Yes,No,63,Yes,Yes,DSL,No,No,Yes,Yes,Yes,Yes,Two year,No,Credit card (automatic),79.42,5034.32,0
CUST-105780,Male,0,No,No,18,Yes,Yes,Fiber optic,No,No,Yes,No,Yes,No,One year,Yes,Credit card (automatic),89.76,1633.28,0
CUST-100849,Female,0,Yes,No,69,Yes,Yes,No,No internet service,No internet service,No internet service,No internet service,No internet service,No internet service,One year,Yes,Electronic check,26.55,1763.85,0
CUST-100792,Male,0,No,No,14,Yes,Yes,Fiber optic,No,No,No,Yes,Yes,No,Month-to-month,Yes,Electronic check,89.9,1175.96,1
CUST-106636,Male,0,No,No,58,Yes,No,DSL,No,Yes,Yes,Yes,Yes,No,Two year,No,Bank transfer (automatic),70.33,4050.99,0
CUST-104408,Male,0,No,Yes,71,Yes,Yes,Fiber optic,Yes,Yes,No,No,No,No,One year,Yes,Credit card (automatic),85.45,6029.29,0
CUST-105690,Male,0,No,No,11,Yes,No,Fiber optic,Yes,No,No,No,No,No,Month-to-month,Yes,Electronic check,73.35,790.84,1
CUST-102715,Male,0,No,No,13,Yes,Yes,Fiber optic,No,No,No,Yes,Yes,Yes,Month-to-month,No,Electronic check,100.64,1317.62,0
CUST-106606,Female,0,No,Yes,14,Yes,Yes,Fiber optic,Yes,No,No,Yes,No,No,Month-to-month,Yes,Mailed check,85.86,1163.3,0
CUST-106009,Male,0,No,No,54,Yes,No,Fiber optic,Yes,Yes,No,Yes,Yes,Yes,One year,Yes,Credit card (automatic),105.35,5643.88,1
CUST-101056,Male,0,Yes,Yes,72,Yes,Yes,DSL,Yes,Yes,Yes,Yes,Yes,Yes,Two year,No,Credit card (automatic),89.93,6339.18,0
CUST-104897,Female,0,Yes,Yes,70,Yes,Yes,Fiber optic,Yes,Yes,Yes,Yes,Yes,Yes,Two year,Yes,Credit card (automatic),115.08,8250.09,0
CUST-102438,Female,0,No,No,12,Yes,No,Fiber optic,No,No,No,No,No,Yes,Month-to-month,No,Bank transfer (automatic),78.04,948.39,1
CUST-104095,Female,0,No,No,10,Yes,Yes,Fiber optic,No,Yes,Yes,No,No,Yes,Month-to-month,Yes,Electronic check,94.67,955.58,1
CUST-105039,Female,1,Yes,Yes,3,Yes,No,Fiber optic,Yes,No,No,Yes,Yes,No,Month-to-month,Yes,Mailed check,88.4,274.21,1
CUST-104738,Female,0,Yes,Yes,46,Yes,Yes,Fiber optic,Yes,No,Yes,Yes,No,Yes,Two year,No,Mailed check,99.86,4628.36,0
CUST-106084,Female,0,No,Yes,70,Yes,Yes,DSL,Yes,Yes,No,Yes,No,No,Two year,No,Electronic check,65.88,4891.39,0
CUST-101296,Male,0,No,No,17,Yes,No,DSL,Yes,Yes,No,No,No,No,One year,No,Mailed check,56.29,948.22,0
CUST-106905,Female,0,No,No,17,Yes,No,No,No internet service,No internet service,No internet service,No internet service,No internet service,No internet service,One year,No,Mailed check,19.95,355.21,0
CUST-106756,Female,0,No,No,11,Yes,No,No,No internet service,No internet service,No internet service,No internet service,No internet service,No internet service,One year,No,Credit card (automatic),20.11,235.04,0
CUST-102181,Male,1,No,No,65,Yes,Yes,Fiber optic,Yes,No,Yes,Yes,Yes,Yes,Two year,Yes,Electronic check,108.8,7109.86,0
CUST-100344,Female,0,No,No,27,Yes,No,DSL,Yes,Yes,No,No,No,No,Two year,No,Bank transfer (automatic),52.57,1499.25,0
CUST-106231,Male,1,Yes,No,71,Yes,Yes,No,No internet service,No internet service,No internet service,No internet service,No internet service,No internet service,Two year,No,Bank transfer (automatic),24.92,1902.75,0
CUST-105806,Male,0,No,No,16,Yes,No,No,No internet service,No internet service,No internet service,No internet service,No internet service,No internet service,Month-to-month,No,Credit card (automatic),19.77,298.47,0
CUST-106097,Female,0,Yes,Yes,3,Yes,No,DSL,No,Yes,No,No,Yes,No,Month-to-month,Yes,Credit card (automatic),58.61,167.33,0
CUST-100371,Male,0,Yes,Yes,62,Yes,No,DSL,Yes,Yes,Yes,Yes,Yes,Yes,Two year,No,Electronic check,85.78,5216.02,0
CUST-103612,Male,0,Yes,No,70,Yes,Yes,Fiber optic,No,Yes,Yes,Yes,No,Yes,Two year,Yes,Bank transfer (automatic),98.5,6858.36,0
CUST-106921,Female,0,Yes,Yes,28,Yes,No,Fiber optic,No,No,No,No,Yes,Yes,One year,Yes,Bank transfer (automatic),90.0,2599.61,1
CUST-105430,Female,0,Yes,Yes,35,Yes,Yes,No,No internet service,No internet service,No internet service,No internet service,No internet service,No internet service,Month-to-month,Yes,Electronic check,25.77,882.67,0
CUST-106664,Female,0,No,No,53,Yes,No,No,No internet service,No internet service,No internet service,No internet service,No internet service,No internet service,Two year,No,Credit card (automatic),19.8,1048.79,0
CUST-105697,Male,0,No,No,23,Yes,Yes,Fiber optic,No,No,No,Yes,Yes,No,Month-to-month,Yes,Electronic check,90.77,1945.44,1
CUST-104670,Female,0,Yes,Yes,34,Yes,No,No,No internet service,No internet service,No internet service,No internet service,No internet service,No internet service,One year,Yes,Bank transfer (automatic),20.35,683.19,0
CUST-104137,Female,0,No,No,22,Yes,No,DSL,Yes,No,No,No,No,No,Month-to-month,Yes,Credit card (automatic),48.76,1055.61,1
CUST-104659,Male,0,Yes,No,7,Yes,No,Fiber optic,No,No,No,No,No,No,Month-to-month,Yes,Electronic check,69.35,453.21,1
CUST-106488,Female,0,Yes,No,39,Yes,No,Fiber optic,Yes,No,Yes,Yes,Yes,Yes,One year,Yes,Credit card (automatic),104.61,4134.75,1
CUST-100771,Female,0,No,Yes,16,Yes,No,Fiber optic,No,No,No,No,Yes,No,Month-to-month,Yes,Electronic check,80.92,1311.11,1
CUST-101257,Male,0,Yes,No,8,Yes,No,Fiber optic,Yes,No,No,No,No,No,Month-to-month,No,Electronic check,75.11,633.73,1
CUST-105503,Female,0,No,Yes,62,Yes,Yes,No,No internet service,No internet service,No internet service,No internet service,No internet service,No internet service,Two year,No,Bank transfer (automatic),25.82,1640.7,0
CUST-100552,Female,0,Yes,Yes,64,Yes,No,DSL,Yes,No,No,Yes,Yes,No,One year,No,Mailed check,65.77,4070.25,0
CUST-105040,Female,0,Yes,No,18,Yes,Yes,Fiber optic,No,No,No,Yes,Yes,No,Month-to-month,Yes,Electronic check,88.82,1594.42,0
CUST-106858,Male,0,No,No,70,No,No phone service,DSL,Yes,No,Yes,Yes,No,Yes,Two year,No,Bank transfer (automatic),48.34,3441.74,0
CUST-102149,Female,1,Yes,No,65,Yes,Yes,Fiber optic,Yes,No,Yes,No,Yes,Yes,Month-to-month,No,Bank transfer (automatic),105.16,6787.45,1
CUST-105724,Female,0,No,No,38,Yes,No,Fiber optic,Yes,Yes,Yes,No,No,No,Month-to-month,Yes,Credit card (automatic),84.08,3233.59,1
CUST-103294,Female,0,Yes,No,2,Yes,No,No,No internet service,No internet service,No internet service,No internet service,No internet service,No internet service,Month-to-month,No,Bank transfer (automatic),20.06,43.48,0
CUST-101447,Male,0,Yes,No,70,Yes,Yes,Fiber optic,No,Yes,Yes,No,Yes,No,One year,Yes,Bank transfer (automatic),94.95,6605.06,0
CUST-100863,Female,0,Yes,Yes,47,Yes,No,No,No internet service,No internet service,No internet service,No internet service,No internet service,No internet service,Two year,No,Bank transfer (automatic),19.44,888.61,0
CUST-106411,Female,0,Yes,Yes,72,Yes,Yes,Fiber optic,Yes,Yes,Yes,Yes,Yes,Yes,Two year,Yes,Bank transfer (automatic),115.31,8220.24,0
CUST-101492,Male,0,Yes,No,59,Yes,Yes,DSL,Yes,No,No,Yes,No,Yes,One year,Yes,Mailed check,68.76,4097.38,0
CUST-103573,Male,0,Yes,Yes,72,Yes,Yes,Fiber optic,Yes,Yes,Yes,Yes,Yes,Yes,Two year,Yes,Bank transfer (automatic),116.7,8336.99,0
CUST-102456,Male,0,Yes,Yes,60,Yes,Yes,No,No internet service,No internet service,No internet service,No internet service,No internet service,No internet service,One year,No,Credit card (automatic),23.71,1506.27,0
CUST-104933,Female,1,No,No,2,Yes,No,Fiber optic,No,No,No,No,No,No,Month-to-month,Yes,Electronic check,69.26,133.53,1
CUST-102960,Male,0,No,No,32,Yes,Yes,Fiber optic,No,Yes,No,No,No,No,Month-to-month,Yes,Bank transfer (automatic),80.27,2600.58,1
CUST-100898,Male,0,Yes,No,52,No,No phone service,DSL,Yes,No,No,No,No,Yes,Month-to-month,Yes,Electronic check,40.17,2022.1,0
CUST-106925,Female,0,No,No,15,No,No phone service,DSL,No,Yes,No,No,No,Yes,Two year,Yes,Mailed check,38.85,605.2,0
CUST-104335,Male,0,No,No,19,Yes,No,DSL,No,No,Yes,Yes,No,No,Month-to-month,Yes,Credit card (automatic),54.79,1042.52,1
CUST-100728,Female,0,Yes,Yes,59,Yes,Yes,DSL,Yes,Yes,No,Yes,No,No,One year,No,Mailed check,66.05,3802.87,0
CUST-100521,Male,0,No,No,22,Yes,No,DSL,No,Yes,No,Yes,No,No,One year,Yes,Credit card (automatic),55.01,1193.12,1
CUST-105789,Female,0,No,No,45,Yes,No,DSL,Yes,Yes,No,Yes,No,No,One year,Yes,Credit card (automatic),62.59,2796.86,0
CUST-101998,Female,0,Yes,No,72,Yes,Yes,Fiber optic,Yes,Yes,Yes,Yes,Yes,Yes,Two year,No,Electronic check,115.32,8350.23,0
CUST-100004,Female,0,Yes,Yes,14,Yes,No,Fiber optic,No,No,No,No,No,No,Month-to-month,No,Electronic check,70.24,1045.27,0
CUST-101139,Male,0,No,No,7,Yes,Yes,Fiber optic,No,No,Yes,No,Yes,No,Month-to-month,Yes,Credit card (automatic),89.54,630.58,1
CUST-104272,Female,0,Yes,Yes,72,Yes,Yes,Fiber optic,No,Yes,Yes,Yes,No,Yes,Two year,Yes,Bank transfer (automatic),98.4,7128.62,0
CUST-101068,Female,0,Yes,Yes,30,Yes,No,Fiber optic,No,No,Yes,No,No,Yes,One year,No,Electronic check,85.93,2538.75,0
CUST-100639,Female,0,No,No,33,Yes,No,Fiber optic,No,Yes,No,Yes,No,No,One year,Yes,Bank transfer (automatic),79.96,2687.18,0
CUST-100235,Female,1,Yes,No,60,Yes,Yes,Fiber optic,No,Yes,No,No,No,Yes,Month-to-month,No,Electronic check,89.38,5297.73,0
CUST-104995,Male,1,Yes,No,66,Yes,Yes,Fiber optic,No,Yes,Yes,Yes,Yes,Yes,One year,Yes,Bank transfer (automatic),107.25,7052.95,0
CUST-106940,Female,0,No,No,38,Yes,Yes,DSL,Yes,Yes,Yes,No,Yes,Yes,One year,No,Bank transfer (automatic),83.95,3187.12,0
CUST-106626,Male,0,No,No,31,Yes,No,DSL,No,No,Yes,Yes,No,No,Month-to-month,Yes,Electronic check,54.87,1715.06,1
CUST-106258,Female,1,Yes,No,50,Yes,Yes,No,No internet service,No internet service,No internet service,No internet service,No internet service,No internet service,One year,No,Electronic check,25.03,1307.93,0
CUST-101801,Female,1,No,No,1,Yes,Yes,Fiber optic,No,No,No,No,No,No,Month-to-month,Yes,Electronic check,74.22,71.89,1
CUST-104459,Male,0,No,No,1,Yes,No,No,No internet service,No internet service,No internet service,No internet service,No internet service,No internet service,Month-to-month,Yes,Mailed check,20.02,17.4,1
CUST-106481,Male,0,Yes,No,67,Yes,Yes,Fiber optic,Yes,Yes,Yes,No,Yes,Yes,One year,No,Credit card (automatic),109.74,7335.18,0
CUST-103526,Female,0,Yes,No,72,Yes,Yes,Fiber optic,No,Yes,Yes,Yes,Yes,Yes,One year,No,Credit card (automatic),109.31,7786.89,0
CUST-106553,Male,0,Yes,Yes,71,Yes,Yes,Fiber optic,Yes,Yes,Yes,Yes,Yes,Yes,Two year,Yes,Bank transfer (automatic),114.41,8175.73,0
CUST-102659,Male,0,Yes,Yes,50,Yes,No,DSL,Yes,No,No,Yes,Yes,Yes,One year,No,Electronic check,75.48,4025.72,0
CUST-104231,Female,0,No,No,12,Yes,No,DSL,No,No,No,No,No,No,Month-to-month,Yes,Bank transfer (automatic),44.89,523.89,0
CUST-103889,Female,0,No,No,52,Yes,No,No,No internet service,No internet service,No internet service,No internet service,No internet service,No internet service,One year,No,Mailed check,20.38,1024.58,0
CUST-106818,Male,0,No,No,67,Yes,No,No,No internet service,No internet service,No internet service,No internet service,No internet service,No internet service,One year,Yes,Mailed check,19.31,1194.02,0
CUST-106101,Female,0,No,No,1,Yes,No,DSL,No,No,No,No,No,No,Month-to-month,No,Credit card (automatic),44.08,44.69,0
CUST-104883,Male,0,No,No,54,Yes,No,DSL,Yes,Yes,No,Yes,Yes,No,Month-to-month,Yes,Mailed check,69.8,3884.73,0
CUST-100548,Female,1,No,No,2,Yes,Yes,DSL,No,Yes,No,No,No,No,Month-to-month,Yes,Credit card (automatic),56.67,117.89,0
CUST-104493,Male,0,No,No,61,Yes,Yes,Fiber optic,Yes,Yes,Yes,No,Yes,Yes,One year,Yes,Electronic check,107.75,6520.15,0
CUST-103998,Female,0,No,No,36,Yes,No,No,No internet service,No internet service,No internet service,No internet service,No internet service,No internet service,One year,Yes,Bank transfer (automatic),19.17,682.0,0
CUST-104977,Female,0,No,No,47,Yes,No,Fiber optic,Yes,No,No,No,No,No,Month-to-month,No,Credit card (automatic),75.31,3545.04,0
CUST-101240,Female,0,No,No,33,Yes,Yes,No,No internet service,No internet service,No internet service,No internet service,No internet service,No internet service,Two year,No,Credit card (automatic),25.78,828.02,0
CUST-101221,Male,1,Yes,No,41,Yes,Yes,Fiber optic,Yes,No,Yes,No,No,No,Month-to-month,Yes,Bank transfer (automatic),83.59,3273.81,1
CUST-101743,Female,0,Yes,No,71,Yes,No,No,No internet service,No internet service,No internet service,No internet service,No internet service,No internet service,Two year,No,Mailed check,19.37,1416.34,0
CUST-103733,Male,1,Yes,No,24,No,No phone service,DSL,No,No,Yes,Yes,No,No,Month-to-month,No,Mailed check,33.87,829.94,0
CUST-103528,Male,0,No,No,69,Yes,Yes,No,No internet service,No internet service,No internet service,No internet service,No internet service,No internet service,Two year,No,Bank transfer (automatic),24.05,1714.88,0
CUST-101877,Female,0,No,Yes,49,Yes,No,No,No internet service,No internet service,No internet service,No internet service,No internet service,No internet service,One year,No,Credit card (automatic),19.55,922.54,0
CUST-101756,Male,1,Yes,No,1,No,No phone service,DSL,No,No,No,No,No,No,Month-to-month,No,Electronic check,24.78,23.67,1
CUST-100703,Female,0,No,No,12,Yes,Yes,Fiber optic,No,No,No,Yes,No,No,Month-to-month,Yes,Credit card (automatic),79.35,959.55,0
CUST-100756,Male,1,No,No,69,Yes,Yes,DSL,Yes,No,Yes,Yes,No,Yes,Two year,No,Credit card (automatic),74.22,5032.56,0
CUST-104862,Male,0,Yes,No,54,Yes,No,Fiber optic,Yes,Yes,Yes,Yes,Yes,Yes,Two year,No,Bank transfer (automatic),109.61,6113.2,1
CUST-104759,Male,0,No,No,58,Yes,No,No,No internet service,No internet service,No internet service,No internet service,No internet service,No internet service,Two year,No,Credit card (automatic),20.16,1132.43,0
CUST-105067,Male,1,No,No,1,Yes,No,Fiber optic,No,No,No,No,No,No,Month-to-month,Yes,Electronic check,69.99,70.08,0
CUST-101520,Female,1,No,No,13,Yes,Yes,Fiber optic,Yes,No,No,No,Yes,Yes,Month-to-month,Yes,Electronic check,101.07,1308.02,1
CUST-106736,Female,0,Yes,Yes,72,Yes,No,DSL,Yes,Yes,Yes,Yes,Yes,Yes,Two year,No,Bank transfer (automatic),85.36,6129.77,0
CUST-105068,Male,0,Yes,No,38,Yes,Yes,Fiber optic,Yes,No,Yes,Yes,Yes,Yes,One year,Yes,Electronic check,110.74,4428.15,0
CUST-102711,Female,1,No,No,5,Yes,No,DSL,Yes,Yes,No,Yes,No,No,Month-to-month,No,Credit card (automatic),60.04,289.32,0
CUST-101130,Female,1,No,No,4,Yes,No,No,No internet service,No internet service,No internet service,No internet service,No internet service,No internet service,Month-to-month,No,Mailed check,20.06,91.23,0
CUST-101917,Male,0,Yes,No,68,Yes,No,Fiber optic,No,Yes,No,Yes,Yes,Yes,One year,Yes,Electronic check,99.97,6754.6,0
CUST-106541,Female,0,Yes,Yes,35,No,No phone service,DSL,Yes,No,No,Yes,Yes,No,Two year,Yes,Credit card (automatic),46.45,1660.47,0
CUST-100103,Male,1,No,No,20,Yes,No,Fiber optic,No,No,No,No,Yes,Yes,Month-to-month,No,Electronic check,90.02,1649.37,0
CUST-105492,Male,0,Yes,Yes,26,Yes,Yes,DSL,No,No,Yes,Yes,Yes,Yes,One year,Yes,Credit card (automatic),82.15,2083.09,0
CUST-105434,Female,0,Yes,No,72,Yes,Yes,Fiber optic,Yes,Yes,Yes,Yes,No,No,Two year,Yes,Bank transfer (automatic),97.23,7102.34,0
CUST-102772,Male,0,Yes,No,66,Yes,Yes,DSL,Yes,Yes,Yes,Yes,Yes,Yes,Two year,No,Bank transfer (automatic),91.79,6076.16,0
CUST-101091,Male,0,No,No,58,Yes,No,No,No internet service,No internet service,No internet service,No internet service,No internet service,No internet service,Two year,No,Mailed check,20.75,1209.98,0
CUST-105974,Female,0,No,No,66,Yes,No,DSL,Yes,Yes,Yes,No,No,No,Two year,Yes,Bank transfer (automatic),61.05,4015.82,0
CUST-101663,Male,0,No,Yes,1,No,No phone service,DSL,No,No,No,No,No,No,Month-to-month,No,Mailed check,24.17,24.14,0
CUST-106786,Female,0,Yes,Yes,71,Yes,No,No,No internet service,No internet service,No internet service,No internet service,No internet service,No internet service,Two year,No,Bank transfer (automatic),19.9,1390.54,0
CUST-104648,Male,0,Yes,No,44,Yes,Yes,Fiber optic,Yes,No,Yes,No,No,No,Month-to-month,Yes,Credit card (automatic),84.83,3625.94,0
CUST-100789,Male,0,Yes,Yes,44,Yes,Yes,No,No internet service,No internet service,No internet service,No internet service,No internet service,No internet service,One year,No,Mailed check,25.35,1110.29,0
CUST-101553,Female,0,No,No,25,Yes,No,No,No internet service,No internet service,No internet service,No internet service,No internet service,No internet service,Month-to-month,Yes,Credit card (automatic),19.06,532.4,0
CUST-105397,Male,1,Yes,No,68,Yes,Yes,Fiber optic,No,Yes,Yes,No,Yes,Yes,Month-to-month,Yes,Electronic check,105.07,7295.93,1
CUST-101494,Male,0,No,Yes,6,Yes,Yes,No,No internet service,No internet service,No internet service,No internet service,No internet service,No internet service,Month-to-month,No,Mailed check,26.44,181.47,0
CUST-104707,Female,0,Yes,Yes,72,Yes,Yes,DSL,No,Yes,No,Yes,Yes,Yes,Two year,Yes,Electronic check,78.78,5730.03,0
CUST-100591,Male,0,Yes,Yes,68,Yes,Yes,Fiber optic,Yes,Yes,Yes,Yes,Yes,Yes,Two year,Yes,Bank transfer (automatic),114.61,7850.97,0
CUST-103206,Female,1,Yes,No,67,Yes,Yes,Fiber optic,Yes,No,Yes,No,Yes,Yes,One year,Yes,Credit card (automatic),107.09,7143.13,0
CUST-104481,Male,0,No,No,60,Yes,Yes,Fiber optic,Yes,Yes,Yes,Yes,Yes,Yes,One year,Yes,Credit card (automatic),116.58,7047.72,0
CUST-104828,Male,0,Yes,Yes,46,Yes,No,No,No internet service,No internet service,No internet service,No internet service,No internet service,No internet service,Two year,Yes,Mailed check,20.13,934.33,0
CUST-100740,Female,0,No,No,12,Yes,Yes,Fiber optic,Yes,Yes,Yes,No,No,Yes,Month-to-month,Yes,Bank transfer (automatic),99.55,1238.41,1
CUST-104486,Male,0,Yes,No,33,Yes,Yes,Fiber optic,No,Yes,Yes,No,No,Yes,Month-to-month,Yes,Electronic check,93.52,3092.36,0
CUST-105037,Female,0,Yes,No,20,Yes,No,Fiber optic,Yes,Yes,No,Yes,Yes,No,Month-to-month,Yes,Electronic check,96.54,1899.88,0
CUST-104326,Female,0,No,No,2,No,No phone service,DSL,No,No,No,No,No,No,Month-to-month,No,Electronic check,24.4,47.09,0
CUST-105519,Male,0,No,No,7,Yes,Yes,Fiber optic,No,No,No,No,Yes,Yes,Month-to-month,No,Electronic check,96.16,642.07,0
CUST-100882,Female,0,Yes,Yes,49,Yes,Yes,Fiber optic,No,No,No,No,Yes,Yes,Month-to-month,Yes,Bank transfer (automatic),95.64,4611.4,0
CUST-105467,Female,0,Yes,No,60,Yes,No,DSL,Yes,Yes,No,Yes,No,No,Two year,No,Bank transfer (automatic),59.97,3482.84,0
CUST-106304,Female,0,No,No,37,Yes,No,No,No internet service,No internet service,No internet service,No internet service,No internet service,No internet service,Two year,No,Mailed check,19.71,813.86,0
CUST-100107,Female,0,Yes,Yes,60,Yes,No,No,No internet service,No internet service,No internet service,No internet service,No internet service,No internet service,Two year,Yes,Credit card (automatic),19.36,1104.8,0
CUST-104873,Female,0,Yes,Yes,29,Yes,No,No,No internet service,No internet service,No internet service,No internet service,No internet service,No internet service,Two year,No,Mailed check,20.27,559.35,0
CUST-102215,Male,1,No,No,33,Yes,Yes,No,No internet service,No internet service,No internet service,No internet service,No internet service,No internet service,One year,Yes,Bank transfer (automatic),24.92,852.39,0
CUST-104752,Female,0,Yes,Yes,28,Yes,Yes,Fiber optic,No,No,No,Yes,No,Yes,One year,Yes,Electronic check,90.65,2511.8,0
CUST-101786,Female,0,Yes,Yes,21,Yes,No,DSL,No,Yes,No,No,Yes,No,One year,Yes,Credit card (automatic),59.32,1214.88,0
CUST-101832,Female,1,Yes,No,8,Yes,Yes,Fiber optic,No,No,No,No,No,Yes,Month-to-month,Yes,Electronic check,83.88,612.73,1
CUST-103971,Female,1,Yes,Yes,66,Yes,Yes,Fiber optic,No,Yes,Yes,No,Yes,Yes,One year,Yes,Electronic check,104.55,6892.14,0
CUST-104193,Female,0,No,No,7,Yes,No,Fiber optic,No,No,No,No,No,Yes,Month-to-month,Yes,Electronic check,79.14,523.69,1
CUST-103505,Male,0,Yes,No,72,Yes,Yes,Fiber optic,No,Yes,No,No,Yes,Yes,Two year,Yes,Electronic check,99.25,7285.54,0
CUST-105021,Male,0,No,No,1,Yes,No,No,No internet service,No internet service,No internet service,No internet service,No internet service,No internet service,Month-to-month,No,Mailed check,21.16,20.03,0
CUST-103602,Male,0,Yes,Yes,72,Yes,No,DSL,No,Yes,Yes,No,Yes,Yes,Two year,Yes,Bank transfer (automatic),75.46,5481.78,0
CUST-101978,Male,0,No,No,18,Yes,Yes,DSL,Yes,No,Yes,No,Yes,No,Month-to-month,No,Mailed check,69.24,1199.42,0
CUST-100990,Female,0,No,No,17,Yes,Yes,Fiber optic,Yes,Yes,No,No,Yes,No,Month-to-month,Yes,Electronic check,94.84,1619.13,1
CUST-104237,Male,0,Yes,Yes,70,Yes,No,Fiber optic,Yes,Yes,Yes,Yes,Yes,No,Two year,Yes,Credit card (automatic),100.86,6997.2,0
CUST-103798,Male,0,Yes,No,49,Yes,Yes,Fiber optic,Yes,Yes,No,No,Yes,No,Month-to-month,Yes,Bank transfer (automatic),93.84,4730.46,0
CUST-105873,Male,0,No,No,36,Yes,Yes,Fiber optic,No,No,No,No,No,Yes,Month-to-month,Yes,Electronic check,84.81,3067.2,1
CUST-106367,Female,0,No,No,15,Yes,Yes,Fiber optic,No,Yes,No,No,No,No,Month-to-month,Yes,Electronic check,80.0,1110.76,1
CUST-100582,Female,0,Yes,Yes,55,Yes,Yes,Fiber optic,Yes,No,No,No,Yes,Yes,One year,No,Mailed check,100.86,5448.44,0
CUST-101217,Male,1,Yes,No,33,Yes,No,Fiber optic,Yes,Yes,No,Yes,No,Yes,One year,Yes,Electronic check,93.52,3054.99,0
CUST-106301,Male,0,Yes,Yes,33,Yes,No,DSL,No,Yes,Yes,Yes,Yes,Yes,Two year,No,Credit card (automatic),82.25,2602.62,0
CUST-101900,Male,1,Yes,No,71,Yes,Yes,Fiber optic,Yes,Yes,Yes,No,Yes,Yes,Month-to-month,Yes,Electronic check,107.4,7714.27,0
CUST-105480,Female,0,No,No,12,Yes,Yes,Fiber optic,No,Yes,No,No,No,Yes,Month-to-month,Yes,Electronic check,89.17,1056.1,0
CUST-100003,Female,0,No,No,18,Yes,No,Fiber optic,Yes,No,No,No,Yes,Yes,Month-to-month,Yes,Electronic check,95.93,1740.36,1
CUST-105455,Female,1,No,No,37,Yes,Yes,Fiber optic,No,No,No,No,No,No,Month-to-month,Yes,Electronic check,75.93,2842.85,1
CUST-102605,Male,0,Yes,Yes,59,Yes,No,DSL,Yes,Yes,Yes,Yes,Yes,Yes,Two year,Yes,Electronic check,86.67,5183.57,0
CUST-102538,Female,0,Yes,No,71,No,No phone service,DSL,No,No,Yes,Yes,No,Yes,Two year,Yes,Electronic check,46.91,3262.99,0
CUST-104911,Male,0,No,No,1,Yes,No,Fiber optic,No,No,No,No,No,No,Month-to-month,No,Electronic check,70.13,69.12,1
CUST-103692,Female,0,No,No,15,Yes,No,Fiber optic,Yes,Yes,No,No,Yes,Yes,Month-to-month,Yes,Credit card (automatic),98.9,1426.6,1
CUST-105310,Female,1,No,No,66,Yes,Yes,Fiber optic,No,Yes,Yes,No,Yes,Yes,One year,No,Bank transfer (automatic),108.04,7238.0,0
CUST-102748,Male,0,No,Yes,27,Yes,Yes,No,No internet service,No internet service,No internet service,No internet service,No internet service,No internet service,Two year,Yes,Credit card (automatic),25.98,788.74,0
CUST-101563,Male,1,No,No,71,Yes,Yes,Fiber optic,No,Yes,No,Yes,Yes,Yes,One year,No,Bank transfer (automatic),105.56,7381.39,0
CUST-101163,Female,1,No,No,15,Yes,Yes,Fiber optic,No,Yes,No,No,No,Yes,Month-to-month,No,Electronic check,89.92,1425.66,1
CUST-106074,Male,1,No,No,5,Yes,No,Fiber optic,No,No,No,No,Yes,Yes,Month-to-month,Yes,Electronic check,89.74,479.32,1
CUST-105811,Male,0,Yes,No,57,Yes,No,DSL,Yes,Yes,No,Yes,No,No,Two year,Yes,Electronic check,59.39,3451.65,0
CUST-106235,Female,0,Yes,No,54,Yes,No,No,No internet service,No internet service,No internet service,No internet service,No internet service,No internet service,Two year,No,Credit card (automatic),19.81,1103.7,0
CUST-102092,Female,0,Yes,No,72,Yes,Yes,Fiber optic,No,Yes,Yes,Yes,Yes,Yes,Two year,Yes,Bank transfer (automatic),110.14,7981.97,0
CUST-106420,Female,0,Yes,Yes,51,Yes,Yes,Fiber optic,No,No,Yes,No,No,Yes,One year,Yes,Electronic check,90.08,4553.8,0
CUST-104066,Male,0,No,No,72,Yes,Yes,Fiber optic,No,Yes,Yes,Yes,Yes,Yes,Two year,No,Bank transfer (automatic),108.98,7876.48,0
CUST-101021,Male,0,No,No,1,Yes,No,DSL,No,No,No,No,No,No,Month-to-month,Yes,Mailed check,44.82,43.86,0
CUST-107005,Female,0,Yes,Yes,23,Yes,Yes,DSL,No,Yes,No,Yes,Yes,No,Month-to-month,Yes,Credit card (automatic),69.66,1651.7,0
CUST-103891,Male,1,Yes,No,15,Yes,Yes,Fiber optic,Yes,No,Yes,No,Yes,No,Month-to-month,Yes,Electronic check,96.3,1393.2,0
CUST-106774,Male,0,Yes,Yes,28,Yes,No,Fiber optic,No,Yes,Yes,No,Yes,Yes,One year,No,Bank transfer (automatic),100.07,2801.48,0
CUST-100292,Female,0,Yes,Yes,58,Yes,No,Fiber optic,Yes,Yes,No,No,Yes,Yes,One year,No,Credit card (automatic),99.27,5845.48,0
CUST-106105,Female,0,No,No,2,Yes,No,No,No internet service,No internet service,No internet service,No internet service,No internet service,No internet service,Month-to-month,No,Mailed check,19.33,61.8,0
CUST-101708,Male,0,Yes,No,42,Yes,Yes,Fiber optic,No,No,Yes,Yes,Yes,Yes,Month-to-month,Yes,Bank transfer (automatic),106.36,4509.56,1
CUST-100092,Male,0,Yes,No,18,Yes,Yes,Fiber optic,No,No,No,No,No,No,Month-to-month,Yes,Electronic check,73.03,1307.25,0
CUST-102530,Female,0,Yes,No,7,Yes,No,Fiber optic,No,No,Yes,No,Yes,No,Month-to-month,Yes,Electronic check,86.07,585.84,1
CUST-103016,Female,0,Yes,Yes,58,Yes,Yes,Fiber optic,Yes,Yes,No,No,No,Yes,Month-to-month,Yes,Bank transfer (automatic),92.97,5434.96,1
CUST-106417,Male,0,No,No,11,Yes,No,Fiber optic,No,Yes,No,No,No,No,Month-to-month,Yes,Electronic check,74.3,826.61,1
CUST-105592,Male,0,No,No,24,No,No phone service,DSL,Yes,No,No,No,Yes,Yes,One year,Yes,Mailed check,50.47,1286.9,0
CUST-102557,Female,0,No,No,8,Yes,No,DSL,No,No,No,Yes,No,No,Month-to-month,No,Electronic check,49.08,407.7,0
CUST-102460,Female,0,No,No,13,Yes,Yes,Fiber optic,Yes,No,No,No,No,No,Month-to-month,Yes,Credit card (automatic),80.17,1031.3,0
CUST-104715,Male,0,Yes,Yes,60,Yes,No,DSL,No,Yes,No,Yes,Yes,Yes,Two year,No,Bank transfer (automatic),76.98,4542.09,0
CUST-106117,Male,0,Yes,No,24,Yes,Yes,Fiber optic,No,Yes,Yes,No,Yes,Yes,Month-to-month,Yes,Electronic check,104.64,2541.67,1
CUST-100445,Male,0,No,Yes,41,Yes,No,Fiber optic,Yes,Yes,Yes,Yes,Yes,Yes,Two year,Yes,Electronic check,110.93,4504.55,0
CUST-104662,Male,0,Yes,No,59,No,No phone service,DSL,No,No,No,No,Yes,Yes,Month-to-month,Yes,Electronic check,44.21,2664.44,0
CUST-103465,Male,0,No,No,63,Yes,Yes,Fiber optic,No,Yes,No,Yes,Yes,Yes,Month-to-month,No,Electronic check,105.29,6715.1,0
CUST-100274,Female,0,No,No,1,Yes,No,Fiber optic,No,No,No,No,No,No,Month-to-month,Yes,Electronic check,70.29,70.38,1
CUST-102316,Female,0,No,No,8,Yes,No,No,No internet service,No internet service,No internet service,No internet service,No internet service,No internet service,Month-to-month,Yes,Mailed check,20.31,135.59,0
CUST-101034,Female,0,No,No,34,Yes,Yes,DSL,No,No,No,Yes,Yes,No,Month-to-month,No,Mailed check,65.24,2157.19,0
CUST-103218,Female,0,No,No,5,Yes,Yes,Fiber optic,No,No,No,No,No,No,Month-to-month,No,Electronic check,75.78,411.99,1
CUST-102410,Male,0,Yes,Yes,2,Yes,No,No,No internet service,No internet service,No internet service,No internet service,No internet service,No internet service,One year,No,Mailed check,20.32,32.96,0
CUST-106528,Male,0,No,No,3,Yes,No,Fiber optic,No,No,Yes,Yes,Yes,Yes,Month-to-month,Yes,Electronic check,98.55,296.15,1
CUST-101213,Female,0,No,No,10,Yes,No,No,No internet service,No internet service,No internet service,No internet service,No internet service,No internet service,One year,Yes,Mailed check,19.38,186.84,0
CUST-106767,Female,0,Yes,No,51,Yes,No,DSL,Yes,Yes,No,Yes,No,No,One year,Yes,Bank transfer (automatic),60.63,3142.57,0
CUST-106785,Male,0,Yes,Yes,6,Yes,No,No,No internet service,No internet service,No internet service,No internet service,No internet service,No internet service,Two year,Yes,Credit card (automatic),20.25,109.62,0
CUST-106043,Male,0,Yes,No,71,Yes,No,DSL,Yes,No,Yes,Yes,Yes,Yes,Two year,Yes,Electronic check,82.76,5830.33,0
CUST-100579,Female,0,Yes,No,48,Yes,No,DSL,No,Yes,Yes,No,No,Yes,One year,Yes,Electronic check,65.64,3094.37,0
CUST-101833,Male,0,No,No,26,No,No phone service,DSL,Yes,No,No,Yes,Yes,Yes,One year,No,Credit card (automatic),54.35,1362.08,0
CUST-101988,Male,0,No,No,68,Yes,Yes,DSL,Yes,Yes,Yes,No,No,Yes,One year,Yes,Credit card (automatic),77.18,5024.02,0
CUST-100996,Female,0,No,No,19,Yes,Yes,DSL,No,No,Yes,No,No,No,Month-to-month,Yes,Mailed check,56.27,1033.28,0
CUST-100406,Male,0,Yes,No,72,Yes,Yes,Fiber optic,Yes,Yes,Yes,Yes,Yes,Yes,Two year,No,Credit card (automatic),114.5,8377.28,0
CUST-102295,Female,0,Yes,Yes,13,Yes,No,Fiber optic,No,No,No,No,Yes,Yes,Month-to-month,No,Electronic check,88.05,1225.08,1
CUST-104918,Female,1,No,No,4,Yes,No,Fiber optic,No,No,No,No,Yes,No,Month-to-month,Yes,Electronic check,79.24,291.96,1
CUST-100161,Male,0,No,No,15,No,No phone service,DSL,No,No,No,Yes,No,No,Month-to-month,Yes,Electronic check,29.86,436.76,1
CUST-105458,Female,0,No,No,7,Yes,Yes,Fiber optic,No,No,No,No,No,No,Month-to-month,No,Mailed check,75.4,481.45,1
CUST-105305,Male,0,Yes,No,52,Yes,No,Fiber optic,Yes,No,No,No,Yes,No,Month-to-month,No,Electronic check,84.27,4346.92,1
CUST-104970,Female,0,Yes,Yes,2,Yes,No,No,No internet service,No internet service,No internet service,No internet service,No internet service,No internet service,One year,No,Mailed check,20.58,32.39,0
CUST-105447,Male,0,Yes,Yes,71,Yes,Yes,DSL,Yes,Yes,Yes,Yes,Yes,Yes,Two year,No,Electronic check,90.44,6668.69,0
CUST-105560,Male,0,Yes,No,14,Yes,No,DSL,No,No,No,Yes,No,No,Month-to-month,No,Bank transfer (automatic),48.54,663.65,0
CUST-102398,Female,0,No,No,3,No,No phone service,DSL,No,Yes,No,No,No,No,Month-to-month,No,Mailed check,29.14,99.11,0
CUST-105963,Female,0,No,No,23,Yes,Yes,Fiber optic,No,Yes,No,No,Yes,Yes,Month-to-month,Yes,Credit card (automatic),98.65,2249.73,0
CUST-106032,Female,0,Yes,Yes,21,Yes,No,DSL,No,No,No,No,No,No,Month-to-month,Yes,Electronic check,44.61,926.68,0
CUST-100587,Male,0,Yes,Yes,33,Yes,No,No,No internet service,No internet service,No internet service,No internet service,No internet service,No internet service,One year,No,Credit card (automatic),20.22,621.85,0
CUST-106845,Male,0,Yes,No,57,Yes,Yes,Fiber optic,No,No,Yes,Yes,Yes,Yes,Two year,No,Electronic check,108.05,5970.33,0
CUST-101582,Male,0,No,No,18,Yes,No,DSL,Yes,No,Yes,Yes,Yes,No,Month-to-month,Yes,Electronic check,68.27,1301.06,0
CUST-100947,Female,0,Yes,No,1,Yes,No,DSL,Yes,Yes,No,No,No,No,Month-to-month,Yes,Mailed check,53.62,52.74,0
CUST-103791,Male,0,Yes,Yes,15,Yes,No,No,No internet service,No internet service,No internet service,No internet service,No internet service,No internet service,Month-to-month,Yes,Electronic check,20.04,287.72,1
CUST-102869,Male,0,Yes,Yes,2,Yes,No,Fiber optic,No,No,Yes,Yes,No,Yes,Month-to-month,No,Credit card (automatic),90.03,190.07,1
CUST-101290,Female,0,Yes,Yes,12,No,No phone service,DSL,Yes,No,No,Yes,No,No,One year,No,Credit card (automatic),32.88,446.59,0
CUST-102048,Female,0,No,No,36,No,No phone service,DSL,Yes,No,No,No,No,No,Two year,No,Bank transfer (automatic),31.05,1125.55,0
CUST-106433,Female,0,Yes,Yes,59,Yes,Yes,DSL,No,No,Yes,Yes,Yes,No,Two year,Yes,Bank transfer (automatic),71.85,4195.98,0
CUST-106572,Male,0,No,No,71,No,No phone service,DSL,Yes,Yes,Yes,Yes,Yes,No,Two year,No,Bank transfer (automatic),53.88,3885.4,0
CUST-104561,Female,1,No,No,26,Yes,Yes,DSL,No,No,No,Yes,No,Yes,Month-to-month,Yes,Electronic check,65.78,1650.21,0
CUST-103305,Male,1,No,No,1,Yes,Yes,Fiber optic,No,No,No,No,No,No,Month-to-month,Yes,Electronic check,76.64,74.45,1
CUST-106982,Male,0,No,No,5,Yes,Yes,Fiber optic,No,Yes,Yes,No,No,Yes,Month-to-month,No,Electronic check,96.59,500.17,0
CUST-105784,Male,0,Yes,Yes,6,Yes,No,DSL,No,No,No,No,No,No,Month-to-month,Yes,Bank transfer (automatic),44.71,262.76,1
CUST-102324,Male,0,No,No,8,Yes,No,DSL,No,No,No,No,Yes,Yes,Month-to-month,Yes,Electronic check,66.33,547.36,0
CUST-104196,Male,0,No,No,46,Yes,Yes,Fiber optic,No,No,No,No,No,No,Month-to-month,No,Bank transfer (automatic),72.77,3252.74,0
CUST-101557,Female,0,No,No,8,Yes,Yes,Fiber optic,No,No,No,No,No,No,Month-to-month,Yes,Electronic check,73.49,632.77,0
CUST-104391,Female,1,Yes,Yes,66,Yes,Yes,Fiber optic,Yes,Yes,No,Yes,Yes,Yes,One year,Yes,Credit card (automatic),110.39,7211.32,0
CUST-106318,Female,0,No,No,24,Yes,No,DSL,No,No,Yes,No,No,No,Month-to-month,Yes,Credit card (automatic),49.33,1234.3,0
CUST-100388,Male,1,Yes,No,7,Yes,Yes,Fiber optic,No,No,No,No,No,No,Month-to-month,Yes,Mailed check,74.33,529.29,1
CUST-100710,Male,0,Yes,Yes,32,Yes,No,No,No internet service,No internet service,No internet service,No internet service,No internet service,No internet service,Two year,No,Mailed check,19.03,614.39,0
CUST-105824,Male,0,No,Yes,6,Yes,No,No,No internet service,No internet service,No internet service,No internet service,No internet service,No internet service,Month-to-month,Yes,Mailed check,20.13,99.4,0
CUST-103516,Male,0,Yes,Yes,71,Yes,No,DSL,Yes,Yes,Yes,Yes,Yes,Yes,Two year,No,Bank transfer (automatic),85.33,6027.38,0
CUST-102428,Female,1,No,No,1,Yes,No,Fiber optic,No,No,Yes,No,No,No,Month-to-month,Yes,Bank transfer (automatic),75.2,77.41,1
CUST-101952,Male,0,No,No,30,Yes,No,DSL,Yes,Yes,No,Yes,Yes,No,One year,No,Electronic check,70.32,2043.1,0
CUST-106208,Male,0,Yes,No,67,Yes,No,Fiber optic,Yes,Yes,No,No,Yes,Yes,One year,Yes,Credit card (automatic),101.1,6734.8,0
CUST-104467,Female,0,No,No,37,Yes,Yes,Fiber optic,No,No,No,Yes,Yes,Yes,Month-to-month,No,Credit card (automatic),100.31,3541.56,0
CUST-105629,Male,0,Yes,Yes,68,Yes,Yes,No,No internet service,No internet service,No internet service,No internet service,No internet service,No internet service,Two year,No,Mailed check,25.83,1687.18,0
CUST-102566,Female,0,No,No,12,Yes,Yes,DSL,No,No,No,Yes,Yes,Yes,One year,No,Mailed check,74.07,871.45,1
CUST-103342,Female,0,No,No,10,Yes,Yes,Fiber optic,No,No,No,No,No,No,Month-to-month,Yes,Electronic check,74.77,799.52,1
CUST-100697,Male,0,No,No,4,Yes,No,Fiber optic,Yes,Yes,No,Yes,No,Yes,Month-to-month,Yes,Mailed check,94.83,359.1,0
CUST-103699,Male,0,Yes,Yes,37,Yes,No,No,No internet service,No internet service,No internet service,No internet service,No internet service,No internet service,Two year,No,Bank transfer (automatic),19.87,725.56,0
CUST-102314,Male,0,No,Yes,66,Yes,Yes,DSL,Yes,Yes,No,Yes,No,No,Two year,No,Bank transfer (automatic),65.9,4380.76,0
CUST-101348,Female,0,No,No,1,Yes,No,No,No internet service,No internet service,No internet service,No internet service,No internet service,No internet service,Month-to-month,No,Mailed check,20.21,18.91,0
CUST-104354,Male,0,Yes,No,72,Yes,Yes,Fiber optic,Yes,Yes,Yes,Yes,Yes,Yes,Two year,Yes,Electronic check,115.68,8424.33,0
CUST-101271,Female,0,No,No,24,Yes,Yes,Fiber optic,No,Yes,Yes,No,Yes,Yes,Month-to-month,Yes,Electronic check,104.3,2493.93,0
CUST-102361,Female,0,Yes,Yes,21,Yes,No,Fiber optic,No,Yes,Yes,Yes,Yes,Yes,Month-to-month,Yes,Electronic check,102.81,2110.96,1
CUST-102571,Female,1,Yes,No,56,Yes,Yes,Fiber optic,No,No,Yes,No,Yes,Yes,Month-to-month,Yes,Bank transfer (automatic),100.75,5690.52,1
CUST-100583,Female,0,No,No,25,Yes,No,No,No internet service,No internet service,No internet service,No internet service,No internet service,No internet service,Month-to-month,No,Mailed check,19.1,460.67,0
CUST-101444,Female,0,No,Yes,53,Yes,Yes,DSL,No,Yes,Yes,Yes,Yes,Yes,One year,Yes,Electronic check,84.96,4449.33,0
CUST-100198,Male,0,No,No,1,Yes,No,DSL,No,No,No,No,No,No,Month-to-month,Yes,Bank transfer (automatic),44.98,46.64,1
CUST-102807,Female,1,Yes,No,71,Yes,Yes,Fiber optic,Yes,No,No,No,No,No,Two year,Yes,Credit card (automatic),80.86,5677.47,0
CUST-101029,Male,0,Yes,Yes,35,Yes,No,No,No internet service,No internet service,No internet service,No internet service,No internet service,No internet service,Two year,No,Mailed check,20.11,655.1,0
CUST-106533,Male,0,No,No,1,Yes,No,Fiber optic,No,No,No,No,No,No,Month-to-month,Yes,Electronic check,69.46,70.84,1
CUST-106311,Male,0,Yes,Yes,71,Yes,Yes,DSL,Yes,No,No,No,Yes,No,One year,Yes,Electronic check,66.11,4694.07,0
CUST-105304,Male,0,No,Yes,35,Yes,No,Fiber optic,No,No,Yes,No,Yes,No,One year,Yes,Electronic check,85.24,3029.41,1
CUST-106416,Male,0,Yes,No,55,No,No phone service,DSL,No,No,Yes,Yes,Yes,Yes,Month-to-month,Yes,Bank transfer (automatic),54.6,2977.22,1
CUST-101185,Female,0,Yes,Yes,12,No,No phone service,DSL,No,No,No,Yes,No,No,One year,No,Credit card (automatic),30.22,368.77,0
CUST-100221,Male,0,No,No,1,Yes,No,DSL,No,No,No,No,No,No,Month-to-month,Yes,Bank transfer (automatic),43.96,46.63,0
CUST-100222,Male,1,No,No,35,Yes,No,DSL,No,No,Yes,Yes,Yes,Yes,One year,Yes,Electronic check,72.56,2470.1,0
CUST-106943,Male,0,No,No,39,Yes,Yes,Fiber optic,Yes,Yes,No,No,Yes,Yes,Month-to-month,Yes,Electronic check,106.53,4041.84,0
CUST-101211,Female,0,No,No,25,No,No phone service,DSL,Yes,Yes,Yes,No,Yes,Yes,One year,No,Electronic check,60.95,1541.47,0
CUST-100066,Female,1,Yes,No,42,Yes,Yes,Fiber optic,No,Yes,Yes,No,Yes,No,Month-to-month,Yes,Electronic check,95.51,3929.61,0
CUST-105518,Male,0,No,No,24,Yes,No,Fiber optic,No,No,No,Yes,Yes,Yes,Month-to-month,Yes,Electronic check,95.98,2122.31,1
CUST-100169,Female,0,Yes,Yes,53,Yes,No,No,No internet service,No internet service,No internet service,No internet service,No internet service,No internet service,Two year,No,Mailed check,21.06,1144.68,0
CUST-106319,Male,0,Yes,Yes,52,Yes,Yes,No,No internet service,No internet service,No internet service,No internet service,No internet service,No internet service,Two year,No,Mailed check,24.63,1330.12,0
CUST-105543,Female,0,No,No,2,Yes,No,DSL,No,No,No,No,No,No,Month-to-month,Yes,Mailed check,45.31,76.12,0
CUST-105943,Female,0,No,No,3,Yes,No,Fiber optic,No,No,No,No,No,No,Month-to-month,Yes,Bank transfer (automatic),69.28,220.77,1
CUST-100206,Female,0,Yes,Yes,30,Yes,Yes,No,No internet service,No internet service,No internet service,No internet service,No internet service,No internet service,Two year,Yes,Mailed check,24.95,788.15,0
CUST-103930,Female,0,No,No,25,Yes,Yes,No,No internet service,No internet service,No internet service,No internet service,No internet service,No internet service,Two year,No,Credit card (automatic),24.63,692.44,1
CUST-105643,Male,0,No,No,32,Yes,No,No,No internet service,No internet service,No internet service,No internet service,No internet service,No internet service,One year,No,Credit card (automatic),20.21,709.94,0
CUST-102907,Female,1,No,No,44,Yes,No,Fiber optic,No,Yes,Yes,No,No,Yes,One year,No,Credit card (automatic),89.14,3990.93,0
CUST-103818,Female,0,Yes,Yes,67,Yes,Yes,DSL,Yes,No,No,No,Yes,Yes,Two year,Yes,Electronic check,75.84,5229.59,0
CUST-106003,Male,0,Yes,No,24,No,No phone service,DSL,No,No,Yes,No,No,No,Month-to-month,No,Electronic check,29.16,688.79,0
CUST-102859,Female,0,No,No,35,No,No phone service,DSL,No,No,Yes,Yes,No,No,Month-to-month,Yes,Mailed check,33.46,1177.57,0
CUST-104656,Male,0,No,No,1,Yes,No,DSL,No,No,No,Yes,No,No,Month-to-month,No,Mailed check,51.0,51.56,1
CUST-104514,Male,0,Yes,Yes,42,Yes,No,DSL,No,No,Yes,Yes,Yes,Yes,One year,No,Electronic check,73.15,3089.56,0
CUST-106380,Female,0,Yes,Yes,14,Yes,Yes,No,No internet service,No internet service,No internet service,No internet service,No internet service,No internet service,Month-to-month,No,Mailed check,25.56,370.3,0
CUST-101530,Female,0,No,No,36,Yes,Yes,DSL,Yes,No,No,No,No,No,One year,No,Mailed check,54.42,1893.91,0
CUST-105621,Male,0,No,No,1,Yes,No,DSL,No,No,No,No,No,No,Month-to-month,Yes,Mailed check,44.55,45.07,0
CUST-102471,Female,0,No,No,7,Yes,Yes,Fiber optic,No,No,No,No,No,No,Month-to-month,Yes,Electronic check,73.89,513.68,1
CUST-102513,Male,0,No,No,1,Yes,No,No,No internet service,No internet service,No internet service,No internet service,No internet service,No internet service,Month-to-month,No,Credit card (automatic),20.82,22.28,0
CUST-103946,Male,0,No,No,38,Yes,Yes,Fiber optic,No,Yes,Yes,No,No,Yes,Month-to-month,Yes,Credit card (automatic),95.2,3692.3,0
CUST-104666,Male,0,No,Yes,19,No,No phone service,DSL,No,No,No,No,No,No,Month-to-month,Yes,Credit card (automatic),25.35,566.74,0
CUST-101971,Male,0,Yes,Yes,46,Yes,Yes,No,No internet service,No internet service,No internet service,No internet service,No internet service,No internet service,One year,No,Electronic check,25.11,1174.55,0
CUST-106794,Female,0,Yes,Yes,33,Yes,Yes,No,No internet service,No internet service,No internet service,No internet service,No internet service,No internet service,One year,No,Credit card (automatic),23.95,801.2,0
CUST-105932,Male,0,No,No,18,Yes,Yes,Fiber optic,No,No,No,No,No,No,Month-to-month,Yes,Bank transfer (automatic),75.82,1396.55,0
CUST-100453,Female,0,Yes,Yes,14,Yes,Yes,Fiber optic,No,Yes,No,No,No,Yes,Month-to-month,Yes,Bank transfer (automatic),90.89,1263.1,1
CUST-102927,Female,0,No,No,62,Yes,Yes,Fiber optic,Yes,Yes,Yes,No,No,No,One year,Yes,Electronic check,92.26,5753.95,0
CUST-104131,Female,0,Yes,Yes,51,Yes,No,DSL,Yes,Yes,No,Yes,No,Yes,One year,Yes,Credit card (automatic),69.76,3564.2,0
CUST-105917,Male,0,Yes,No,45,Yes,No,DSL,Yes,Yes,Yes,No,Yes,Yes,One year,No,Bank transfer (automatic),78.8,3598.42,0
CUST-101599,Male,0,No,No,38,Yes,No,DSL,No,No,Yes,Yes,No,Yes,One year,Yes,Mailed check,62.22,2353.27,1
CUST-104921,Male,0,No,Yes,3,Yes,No,Fiber optic,No,No,No,No,No,No,Month-to-month,No,Electronic check,69.47,221.21,1
CUST-103093,Female,0,No,No,22,Yes,No,No,No internet service,No internet service,No internet service,No internet service,No internet service,No internet service,Month-to-month,Yes,Mailed check,20.12,469.71,0
CUST-103338,Male,0,No,Yes,54,Yes,No,Fiber optic,Yes,Yes,No,Yes,Yes,Yes,One year,Yes,Electronic check,105.69,5825.04,0
CUST-101515,Female,0,No,No,13,Yes,Yes,Fiber optic,No,Yes,Yes,No,No,No,Month-to-month,Yes,Electronic check,84.58,1059.25,1
CUST-102862,Male,0,No,No,5,Yes,No,DSL,No,No,Yes,Yes,Yes,No,Month-to-month,Yes,Credit card (automatic),63.54,320.47,0
CUST-103762,Female,0,Yes,Yes,50,Yes,No,No,No internet service,No internet service,No internet service,No internet service,No internet service,No internet service,Two year,No,Credit card (automatic),20.73,1069.41,0
CUST-106037,Female,0,No,No,14,Yes,No,Fiber optic,No,No,Yes,No,No,No,Month-to-month,No,Electronic check,75.42,1024.97,1
CUST-104997,Male,1,Yes,Yes,29,Yes,Yes,Fiber optic,No,No,Yes,No,Yes,Yes,Month-to-month,Yes,Electronic check,103.98,2964.92,0
CUST-106165,Male,0,Yes,No,71,Yes,Yes,DSL,Yes,Yes,Yes,Yes,No,Yes,Two year,No,Credit card (automatic),80.66,5728.01,0
CUST-106123,Male,1,Yes,No,62,Yes,Yes,Fiber optic,No,Yes,No,No,No,Yes,Month-to-month,Yes,Bank transfer (automatic),89.46,5628.43,0
CUST-105415,Male,0,Yes,No,33,Yes,No,DSL,No,No,No,No,No,No,Month-to-month,Yes,Credit card (automatic),44.74,1464.97,0
CUST-105920,Male,1,No,No,12,Yes,Yes,Fiber optic,No,No,No,No,No,No,Month-to-month,Yes,Credit card (automatic),73.55,827.02,0
CUST-106746,Male,0,No,No,52,Yes,No,Fiber optic,No,Yes,No,No,No,Yes,Month-to-month,Yes,Electronic check,85.15,4339.88,1
CUST-103172,Female,0,No,No,5,Yes,Yes,No,No internet service,No internet service,No internet service,No internet service,No internet service,No internet service,Month-to-month,No,Mailed check,25.25,134.49,0
CUST-106279,Female,1,No,No,43,Yes,No,Fiber optic,Yes,Yes,No,Yes,Yes,Yes,Month-to-month,Yes,Credit card (automatic),108.03,4600.18,1
CUST-103894,Male,0,Yes,Yes,8,Yes,No,No,No internet service,No internet service,No internet service,No internet service,No internet service,No internet service,Month-to-month,No,Credit card (automatic),19.68,168.89,0
CUST-100185,Female,0,No,No,42,Yes,Yes,Fiber optic,Yes,No,Yes,No,Yes,Yes,Month-to-month,Yes,Electronic check,105.24,4401.23,1
CUST-101895,Female,1,No,No,17,Yes,Yes,Fiber optic,No,No,No,No,Yes,Yes,Month-to-month,Yes,Electronic check,93.91,1608.55,0
CUST-105306,Male,0,Yes,No,46,Yes,No,No,No internet service,No internet service,No internet service,No internet service,No internet service,No internet service,Month-to-month,No,Electronic check,19.58,850.25,0
CUST-102389,Female,0,No,No,15,Yes,No,No,No internet service,No internet service,No internet service,No internet service,No internet service,No internet service,Month-to-month,No,Mailed check,19.87,319.17,0
CUST-103147,Male,0,No,No,25,Yes,No,Fiber optic,No,No,No,No,No,No,Month-to-month,No,Electronic check,69.52,1727.75,0
CUST-102118,Female,0,Yes,No,46,Yes,Yes,DSL,Yes,No,No,No,No,No,Month-to-month,No,Electronic check,53.03,2459.16,0
CUST-106601,Male,0,No,No,30,Yes,No,Fiber optic,No,Yes,No,No,Yes,Yes,One year,Yes,Bank transfer (automatic),96.82,3023.19,0
CUST-102778,Male,1,Yes,No,58,Yes,Yes,Fiber optic,No,No,Yes,No,Yes,Yes,Month-to-month,Yes,Electronic check,98.66,5813.78,1
CUST-106090,Female,0,Yes,Yes,42,Yes,No,No,No internet service,No internet service,No internet service,No internet service,No internet service,No internet service,One year,Yes,Electronic check,18.91,761.69,0
CUST-101267,Female,0,Yes,No,22,Yes,No,DSL,No,Yes,Yes,No,No,No,Month-to-month,Yes,Mailed check,54.78,1180.55,0
CUST-105479,Male,0,No,No,21,Yes,No,DSL,No,No,Yes,No,No,Yes,Month-to-month,No,Mailed check,61.71,1392.79,0
CUST-105652,Male,0,No,No,50,Yes,Yes,No,No internet service,No internet service,No internet service,No internet service,No internet service,No internet service,Two year,No,Bank transfer (automatic),25.12,1195.74,0
CUST-104417,Male,1,Yes,No,25,Yes,Yes,Fiber optic,Yes,No,No,No,No,Yes,One year,Yes,Electronic check,89.3,2177.7,1
CUST-105265,Female,0,Yes,No,51,Yes,No,Fiber optic,Yes,Yes,Yes,No,Yes,No,One year,Yes,Electronic check,93.68,4620.74,0
CUST-100983,Male,1,No,No,16,No,No phone service,DSL,No,Yes,No,No,Yes,No,Month-to-month,Yes,Mailed check,39.02,682.72,1
CUST-100237,Female,0,No,Yes,1,Yes,No,DSL,No,No,Yes,No,No,Yes,Month-to-month,No,Electronic check,59.36,58.31,1
CUST-103040,Male,0,No,No,1,No,No phone service,DSL,No,No,No,No,Yes,Yes,Month-to-month,Yes,Mailed check,44.97,44.25,1
CUST-104069,Female,0,Yes,Yes,35,Yes,Yes,DSL,Yes,No,Yes,Yes,Yes,No,Month-to-month,No,Electronic check,72.43,2567.72,1
CUST-105050,Female,0,Yes,Yes,14,Yes,No,Fiber optic,No,Yes,No,Yes,No,Yes,Month-to-month,Yes,Credit card (automatic),89.86,1207.81,1
CUST-106071,Male,0,No,No,19,Yes,Yes,DSL,No,No,No,No,Yes,Yes,Month-to-month,No,Mailed check,69.59,1395.25,0
CUST-103309,Female,0,Yes,No,71,Yes,No,No,No internet service,No internet service,No internet service,No internet service,No internet service,No internet service,Two year,No,Credit card (automatic),19.55,1379.52,0
CUST-103329,Male,0,No,No,1,Yes,No,DSL,No,No,No,No,No,No,Month-to-month,Yes,Electronic check,44.69,46.18,0
CUST-100441,Female,0,Yes,No,63,Yes,Yes,DSL,Yes,Yes,No,No,Yes,Yes,One year,Yes,Credit card (automatic),79.7,4786.11,0
CUST-101990,Male,0,No,No,37,Yes,Yes,Fiber optic,No,Yes,No,Yes,Yes,Yes,One year,Yes,Credit card (automatic),104.77,3777.98,0
CUST-103343,Male,0,No,No,3,Yes,No,No,No internet service,No internet service,No internet service,No internet service,No internet service,No internet service,Month-to-month,Yes,Mailed check,19.73,67.04,0
CUST-103572,Female,0,No,No,19,Yes,No,No,No internet service,No internet service,No internet service,No internet service,No internet service,No internet service,Month-to-month,No,Mailed check,19.99,367.03,0
CUST-102853,Male,0,Yes,Yes,59,Yes,No,No,No internet service,No internet service,No internet service,No internet service,No internet service,No internet service,Two year,No,Mailed check,20.06,1185.98,0
CUST-103094,Female,1,No,No,50,Yes,Yes,Fiber optic,Yes,Yes,No,No,No,No,Month-to-month,Yes,Electronic check,83.51,4112.51,0
CUST-106557,Female,0,Yes,No,61,Yes,Yes,Fiber optic,No,No,No,Yes,Yes,Yes,One year,No,Bank transfer (automatic),101.22,6383.75,0
CUST-105214,Male,0,No,No,26,Yes,Yes,DSL,Yes,Yes,No,No,No,No,One year,No,Electronic check,61.53,1581.49,0
CUST-104835,Female,1,Yes,No,67,Yes,Yes,Fiber optic,Yes,Yes,No,No,Yes,Yes,One year,Yes,Electronic check,105.41,7112.01,0
CUST-102219,Male,0,No,No,16,Yes,Yes,Fiber optic,No,No,No,Yes,No,Yes,Month-to-month,Yes,Credit card (automatic),88.98,1450.36,1
CUST-104465,Male,0,Yes,No,9,Yes,No,DSL,Yes,Yes,No,Yes,Yes,No,Month-to-month,Yes,Mailed check,68.88,594.17,0
CUST-101057,Female,0,No,No,3,Yes,No,DSL,No,No,Yes,No,Yes,No,Month-to-month,No,Electronic check,57.3,159.65,0
CUST-106004,Male,1,Yes,No,72,Yes,Yes,Fiber optic,No,Yes,Yes,Yes,Yes,Yes,Two year,No,Credit card (automatic),109.62,7897.19,0
CUST-104249,Male,0,Yes,No,50,Yes,No,No,No internet service,No internet service,No internet service,No internet service,No internet service,No internet service,Two year,No,Mailed check,20.52,1065.98,0
CUST-102336,Male,0,No,No,1,Yes,Yes,DSL,No,No,No,No,No,No,Month-to-month,Yes,Electronic check,50.39,51.31,1
CUST-104869,Male,0,No,No,68,Yes,Yes,Fiber optic,No,Yes,Yes,Yes,Yes,Yes,One year,No,Electronic check,108.56,7176.22,1
CUST-101907,Male,0,Yes,Yes,10,Yes,Yes,No,No internet service,No internet service,No internet service,No internet service,No internet service,No internet service,Month-to-month,Yes,Mailed check,24.33,251.96,0
CUST-102760,Male,0,Yes,Yes,45,Yes,No,No,No internet service,No internet service,No internet service,No internet service,No internet service,No internet service,Two year,No,Electronic check,19.01,904.84,0
CUST-103129,Male,0,Yes,Yes,42,No,No phone service,DSL,No,Yes,Yes,No,No,Yes,One year,Yes,Credit card (automatic),44.99,2046.39,0
CUST-102482,Female,0,No,No,18,Yes,Yes,Fiber optic,No,No,No,Yes,Yes,Yes,Month-to-month,Yes,Bank transfer (automatic),99.46,1778.79,1
CUST-101809,Male,0,No,No,4,Yes,No,No,No internet service,No internet service,No internet service,No internet service,No internet service,No internet service,Month-to-month,Yes,Electronic check,19.98,61.01,0
CUST-101565,Male,0,No,Yes,54,Yes,No,DSL,No,Yes,Yes,Yes,No,No,One year,Yes,Electronic check,60.92,3280.59,0
CUST-103947,Female,0,Yes,Yes,71,Yes,Yes,No,No internet service,No internet service,No internet service,No internet service,No internet service,No internet service,Two year,No,Bank transfer (automatic),24.54,1812.08,0
CUST-106094,Male,0,No,No,57,No,No phone service,DSL,No,Yes,No,No,Yes,No,Month-to-month,Yes,Electronic check,39.39,2114.48,1
CUST-100010,Female,0,No,Yes,2,Yes,No,DSL,No,Yes,No,No,No,No,Month-to-month,No,Mailed check,51.56,107.31,0
CUST-104932,Female,0,No,No,14,Yes,No,Fiber optic,No,Yes,No,No,No,Yes,Month-to-month,Yes,Electronic check,86.27,1180.84,1
CUST-105388,Female,0,Yes,No,53,Yes,No,No,No internet service,No internet service,No internet service,No internet service,No internet service,No internet service,One year,No,Bank transfer (automatic),20.84,1021.46,1
CUST-102052,Female,0,Yes,Yes,70,Yes,Yes,Fiber optic,No,Yes,Yes,Yes,Yes,Yes,Two year,Yes,Electronic check,110.37,7689.24,0
CUST-101208,Male,1,Yes,No,21,Yes,No,Fiber optic,No,No,No,No,No,No,Month-to-month,Yes,Electronic check,69.33,1475.99,1
CUST-100215,Female,0,Yes,No,25,Yes,No,Fiber optic,No,No,Yes,No,No,No,Month-to-month,Yes,Electronic check,74.43,1798.56,0
CUST-106725,Male,0,No,No,66,Yes,Yes,No,No internet service,No internet service,No internet service,No internet service,No internet service,No internet service,Two year,No,Mailed check,25.28,1698.15,0
CUST-104602,Female,0,No,No,21,No,No phone service,DSL,Yes,No,No,Yes,No,No,Two year,No,Mailed check,34.96,769.12,0
CUST-100240,Female,0,No,Yes,41,Yes,Yes,Fiber optic,No,Yes,No,No,Yes,No,Month-to-month,Yes,Bank transfer (automatic),88.65,3645.06,0
CUST-106519,Female,1,No,No,1,No,No phone service,DSL,No,No,No,No,Yes,No,Month-to-month,Yes,Electronic check,36.37,37.96,1
CUST-104407,Male,0,Yes,Yes,27,Yes,Yes,Fiber optic,Yes,Yes,No,Yes,Yes,No,Month-to-month,No,Electronic check,100.75,2793.14,0
CUST-104505,Male,0,Yes,No,4,Yes,No,Fiber optic,No,No,No,No,Yes,No,Month-to-month,Yes,Electronic check,80.36,311.15,1
CUST-103143,Male,0,Yes,Yes,17,Yes,No,Fiber optic,Yes,No,Yes,No,Yes,No,Month-to-month,Yes,Electronic check,89.47,1540.74,1
CUST-104709,Female,0,No,Yes,41,Yes,No,No,No internet service,No internet service,No internet service,No internet service,No internet service,No internet service,One year,Yes,Credit card (automatic),20.33,865.34,0
CUST-104935,Female,1,Yes,Yes,32,Yes,Yes,Fiber optic,No,No,Yes,No,Yes,No,Month-to-month,Yes,Mailed check,91.13,2895.94,0
CUST-104616,Male,0,Yes,Yes,2,Yes,No,DSL,Yes,Yes,No,Yes,No,No,Two year,No,Mailed check,59.46,127.78,0
CUST-103402,Male,0,Yes,Yes,69,Yes,Yes,Fiber optic,No,Yes,Yes,No,Yes,No,One year,No,Credit card (automatic),95.55,6511.46,0
CUST-104028,Female,1,No,No,46,Yes,No,Fiber optic,No,Yes,No,No,Yes,Yes,One year,No,Credit card (automatic),95.28,4423.14,1
CUST-100338,Female,0,Yes,No,61,Yes,No,No,No internet service,No internet service,No internet service,No internet service,No internet service,No internet service,Two year,No,Credit card (automatic),19.99,1278.18,0
CUST-106405,Male,0,No,No,71,Yes,Yes,DSL,Yes,Yes,Yes,Yes,No,Yes,Two year,No,Bank transfer (automatic),80.6,5707.96,0
CUST-102029,Female,0,Yes,No,57,Yes,No,DSL,Yes,Yes,No,Yes,Yes,No,Two year,Yes,Credit card (automatic),70.7,4126.03,0
CUST-106550,Male,0,No,No,19,Yes,No,No,No internet service,No internet service,No internet service,No internet service,No internet service,No internet service,One year,Yes,Credit card (automatic),19.89,387.3,0
CUST-104038,Male,0,Yes,No,44,Yes,No,DSL,Yes,Yes,No,Yes,No,No,One year,Yes,Bank transfer (automatic),59.67,2606.14,0
CUST-101196,Male,0,No,No,1,Yes,No,No,No internet service,No internet service,No internet service,No internet service,No internet service,No internet service,Month-to-month,No,Bank transfer (automatic),20.15,20.9,0
CUST-105838,Male,0,No,No,5,Yes,No,No,No internet service,No internet service,No internet service,No internet service,No internet service,No internet service,Month-to-month,No,Bank transfer (automatic),20.9,92.53,0
CUST-102965,Male,0,No,No,45,Yes,Yes,Fiber optic,Yes,No,Yes,Yes,Yes,Yes,Month-to-month,Yes,Credit card (automatic),108.75,4964.49,0
CUST-104842,Female,0,No,No,3,Yes,No,Fiber optic,No,Yes,No,No,Yes,Yes,Month-to-month,No,Electronic check,95.24,292.3,0
CUST-101581,Female,0,No,No,6,Yes,No,No,No internet service,No internet service,No internet service,No internet service,No internet service,No internet service,Two year,No,Credit card (automatic),19.36,113.38,0
CUST-104984,Female,1,Yes,No,20,Yes,Yes,Fiber optic,No,No,Yes,No,Yes,No,Month-to-month,No,Electronic check,90.68,1952.1,1
CUST-101493,Female,0,No,No,10,Yes,No,No,No internet service,No internet service,No internet service,No internet service,No internet service,No internet service,Month-to-month,Yes,Mailed check,19.72,200.3,0
CUST-103721,Male,0,Yes,No,24,Yes,No,Fiber optic,Yes,No,No,Yes,No,Yes,Month-to-month,Yes,Electronic check,89.1,2211.12,0
CUST-106602,Male,0,Yes,No,21,Yes,Yes,Fiber optic,No,No,Yes,Yes,Yes,Yes,Month-to-month,Yes,Electronic check,105.77,2251.62,1
CUST-102644,Female,0,Yes,Yes,5,No,No phone service,DSL,No,Yes,No,Yes,No,No,Month-to-month,No,Electronic check,34.49,163.72,0
CUST-104694,Female,0,No,No,15,Yes,No,No,No internet service,No internet service,No internet service,No internet service,No internet service,No internet service,One year,No,Credit card (automatic),20.14,302.26,0
CUST-103630,Male,0,No,No,8,Yes,No,No,No internet service,No internet service,No internet service,No internet service,No internet service,No internet service,Month-to-month,Yes,Bank transfer (automatic),19.82,173.11,0
CUST-106770,Female,0,Yes,Yes,34,Yes,No,DSL,Yes,Yes,Yes,No,No,No,One year,Yes,Mailed check,60.86,2043.98,0
CUST-107038,Female,0,No,No,11,Yes,No,DSL,No,No,No,No,Yes,Yes,Month-to-month,Yes,Electronic check,64.56,716.14,0
CUST-104749,Male,0,No,No,1,Yes,No,Fiber optic,No,No,No,No,Yes,Yes,Month-to-month,Yes,Electronic check,89.59,91.52,1
CUST-101101,Male,0,Yes,Yes,10,Yes,No,DSL,No,No,Yes,No,Yes,No,Month-to-month,No,Mailed check,60.07,560.3,0
CUST-105523,Male,0,No,No,35,Yes,No,No,No internet service,No internet service,No internet service,No internet service,No internet service,No internet service,Two year,No,Mailed check,19.24,679.83,0
CUST-107007,Male,0,No,Yes,39,Yes,Yes,Fiber optic,No,No,No,Yes,Yes,Yes,Two year,No,Mailed check,100.67,3897.04,0
CUST-106073,Male,0,No,Yes,27,Yes,No,No,No internet service,No internet service,No internet service,No internet service,No internet service,No internet service,Two year,No,Credit card (automatic),19.76,510.35,0
CUST-106929,Female,0,No,Yes,4,Yes,Yes,No,No internet service,No internet service,No internet service,No internet service,No internet service,No internet service,Month-to-month,Yes,Mailed check,25.37,83.73,0
CUST-106069,Male,0,No,Yes,49,Yes,Yes,Fiber optic,Yes,Yes,Yes,No,Yes,Yes,One year,Yes,Credit card (automatic),109.27,5289.93,0
CUST-104309,Male,0,No,No,12,Yes,Yes,No,No internet service,No internet service,No internet service,No internet service,No internet service,No internet service,One year,No,Credit card (automatic),24.85,280.53,0
CUST-101214,Male,0,No,No,12,No,No phone service,DSL,No,Yes,No,Yes,No,No,Month-to-month,No,Mailed check,33.98,441.18,0
CUST-100774,Female,0,No,No,64,Yes,Yes,Fiber optic,No,Yes,Yes,Yes,Yes,Yes,Two year,Yes,Credit card (automatic),110.11,7069.28,0
CUST-102737,Male,0,No,No,1,Yes,No,No,No internet service,No internet service,No internet service,No internet service,No internet service,No internet service,Month-to-month,No,Mailed check,19.01,18.03,0
CUST-103190,Male,0,Yes,Yes,67,Yes,Yes,DSL,Yes,No,Yes,No,Yes,Yes,Two year,Yes,Electronic check,79.5,5292.99,1
CUST-104264,Female,0,No,No,18,Yes,Yes,Fiber optic,No,No,No,Yes,No,Yes,Month-to-month,Yes,Electronic check,90.1,1611.84,1
CUST-101167,Female,0,Yes,Yes,55,Yes,No,DSL,Yes,Yes,No,No,No,No,Month-to-month,No,Electronic check,55.74,3130.53,0
CUST-102675,Female,0,No,No,12,Yes,No,No,No internet service,No internet service,No internet service,No internet service,No internet service,No internet service,One year,Yes,Bank transfer (automatic),19.7,220.3,0
CUST-103323,Female,0,No,No,38,Yes,No,No,No internet service,No internet service,No internet service,No internet service,No internet service,No internet service,Two year,No,Mailed check,20.49,744.14,0
CUST-100654,Male,0,Yes,No,64,Yes,Yes,Fiber optic,No,Yes,No,Yes,Yes,Yes,Two year,Yes,Electronic check,105.35,6824.96,0
CUST-102183,Male,1,Yes,No,71,Yes,Yes,No,No internet service,No internet service,No internet service,No internet service,No internet service,No internet service,Two year,No,Bank transfer (automatic),24.11,1756.84,0
CUST-105872,Male,0,No,No,7,Yes,Yes,Fiber optic,No,Yes,No,No,Yes,Yes,Month-to-month,Yes,Electronic check,100.11,675.1,1
CUST-102645,Female,0,No,No,34,Yes,Yes,DSL,Yes,Yes,No,Yes,No,No,One year,Yes,Mailed check,64.29,2088.67,1
CUST-106275,Male,0,Yes,Yes,46,Yes,Yes,Fiber optic,No,Yes,No,No,No,No,Month-to-month,Yes,Bank transfer (automatic),80.17,3770.93,0
CUST-100075,Male,0,No,No,66,Yes,Yes,DSL,Yes,Yes,Yes,Yes,No,No,Two year,No,Bank transfer (automatic),68.75,4448.86,0
CUST-105074,Male,1,No,No,19,Yes,Yes,Fiber optic,Yes,No,No,No,Yes,No,Month-to-month,Yes,Electronic check,90.66,1660.13,1
CUST-101755,Male,0,Yes,Yes,45,Yes,Yes,DSL,Yes,Yes,No,Yes,Yes,No,Two year,No,Credit card (automatic),74.03,3373.42,0
CUST-101844,Female,0,Yes,Yes,55,Yes,No,No,No internet service,No internet service,No internet service,No internet service,No internet service,No internet service,Two year,No,Mailed check,21.09,1209.38,0
CUST-101203,Male,0,No,No,32,Yes,Yes,Fiber optic,Yes,Yes,No,Yes,Yes,Yes,Month-to-month,Yes,Credit card (automatic),108.47,3432.61,1
CUST-101321,Female,1,No,No,62,Yes,Yes,Fiber optic,No,No,No,No,Yes,No,One year,No,Electronic check,84.42,4961.21,0
CUST-106762,Female,0,Yes,Yes,13,Yes,Yes,No,No internet service,No internet service,No internet service,No internet service,No internet service,No internet service,Two year,Yes,Bank transfer (automatic),24.8,332.88,0
CUST-102702,Female,0,Yes,Yes,71,Yes,Yes,Fiber optic,Yes,Yes,Yes,Yes,No,No,One year,Yes,Credit card (automatic),94.84,6772.53,0
CUST-101947,Male,0,Yes,Yes,44,Yes,No,No,No internet service,No internet service,No internet service,No internet service,No internet service,No internet service,One year,Yes,Bank transfer (automatic),20.85,865.68,0
CUST-103717,Male,0,Yes,Yes,48,Yes,Yes,No,No internet service,No internet service,No internet service,No internet service,No internet service,No internet service,Two year,No,Bank transfer (automatic),26.51,1243.28,0
CUST-106797,Male,0,No,No,54,Yes,No,Fiber optic,Yes,No,Yes,Yes,No,No,One year,No,Electronic check,84.56,4485.57,0
CUST-105541,Male,0,Yes,Yes,26,Yes,Yes,Fiber optic,No,No,No,No,Yes,No,Month-to-month,Yes,Electronic check,83.99,2070.84,1
CUST-101161,Male,0,Yes,Yes,10,No,No phone service,DSL,Yes,Yes,Yes,Yes,No,Yes,Two year,No,Credit card (automatic),53.62,521.39,0
CUST-106134,Male,0,Yes,No,28,Yes,No,DSL,Yes,Yes,No,Yes,No,No,Month-to-month,No,Mailed check,60.82,1788.65,0
CUST-101135,Male,1,No,No,72,Yes,Yes,No,No internet service,No internet service,No internet service,No internet service,No internet service,No internet service,Two year,No,Bank transfer (automatic),25.45,1808.39,0
CUST-105822,Male,0,Yes,No,72,Yes,Yes,No,No internet service,No internet service,No internet service,No internet service,No internet service,No internet service,Two year,No,Credit card (automatic),25.82,1875.12,0
CUST-106702,Male,0,No,No,1,Yes,No,No,No internet service,No internet service,No internet service,No internet service,No internet service,No internet service,Month-to-month,No,Mailed check,20.24,19.28,0
CUST-106276,Female,1,No,No,1,Yes,No,Fiber optic,No,No,Yes,No,No,Yes,Month-to-month,Yes,Electronic check,85.04,84.02,1
CUST-105504,Male,0,Yes,Yes,72,Yes,No,No,No internet service,No internet service,No internet service,No internet service,No internet service,No internet service,Two year,No,Credit card (automatic),19.6,1361.03,0
CUST-106939,Female,0,Yes,Yes,62,Yes,No,Fiber optic,No,Yes,Yes,No,Yes,Yes,Month-to-month,Yes,Electronic check,100.32,6282.53,1
CUST-100641,Female,1,No,No,31,Yes,Yes,Fiber optic,No,No,No,No,No,No,Month-to-month,Yes,Electronic check,73.85,2215.58,1
CUST-104697,Male,0,Yes,No,22,Yes,Yes,Fiber optic,No,No,No,No,No,Yes,Month-to-month,Yes,Electronic check,85.0,1873.82,1
CUST-102612,Male,0,No,No,56,Yes,No,DSL,Yes,No,Yes,No,No,No,One year,No,Mailed check,52.82,3020.66,0
CUST-103922,Male,0,Yes,Yes,72,No,No phone service,DSL,Yes,Yes,Yes,Yes,Yes,Yes,Two year,Yes,Credit card (automatic),65.03,4479.94,0
CUST-106461,Female,0,Yes,Yes,64,Yes,Yes,Fiber optic,No,Yes,Yes,Yes,Yes,Yes,One year,Yes,Electronic check,111.47,7268.33,0
CUST-100618,Female,0,Yes,Yes,55,Yes,No,No,No internet service,No internet service,No internet service,No internet service,No internet service,No internet service,Two year,No,Mailed check,20.36,1077.46,0
CUST-100555,Male,0,No,No,26,Yes,Yes,Fiber optic,No,No,No,Yes,No,No,Month-to-month,Yes,Electronic check,80.3,2088.44,1
CUST-104449,Male,0,No,Yes,60,Yes,No,No,No internet service,No internet service,No internet service,No internet service,No internet service,No internet service,Two year,No,Mailed check,19.99,1190.86,0
CUST-104734,Male,0,Yes,Yes,54,Yes,Yes,DSL,No,No,Yes,No,No,Yes,Two year,No,Credit card (automatic),63.47,3405.95,0
CUST-105356,Male,0,Yes,Yes,63,Yes,Yes,DSL,Yes,No,Yes,Yes,No,Yes,Two year,No,Mailed check,75.94,4678.96,0
CUST-102604,Male,0,Yes,No,53,No,No phone service,DSL,No,Yes,Yes,Yes,Yes,Yes,One year,Yes,Electronic check,60.62,3186.13,1
CUST-100115,Female,0,No,No,7,Yes,No,Fiber optic,No,No,No,No,Yes,No,Month-to-month,Yes,Mailed check,80.27,528.15,1
CUST-102218,Male,0,Yes,No,60,Yes,No,No,No internet service,No internet service,No internet service,No internet service,No internet service,No internet service,Two year,No,Mailed check,20.1,1256.28,0
CUST-102040,Male,0,Yes,Yes,3,Yes,No,DSL,No,No,Yes,No,No,No,Month-to-month,Yes,Electronic check,50.36,168.27,1
CUST-100370,Female,0,Yes,No,67,Yes,Yes,DSL,Yes,Yes,Yes,No,No,Yes,One year,No,Mailed check,75.3,5069.16,0
CUST-100526,Male,0,Yes,Yes,62,Yes,Yes,Fiber optic,No,No,Yes,No,Yes,No,Two year,Yes,Credit card (automatic),89.29,5411.74,0
CUST-100479,Female,0,No,Yes,48,Yes,No,No,No internet service,No internet service,No internet service,No internet service,No internet service,No internet service,One year,No,Mailed check,19.76,934.55,0
CUST-102687,Female,1,Yes,No,71,Yes,No,Fiber optic,No,Yes,Yes,No,No,Yes,Two year,No,Credit card (automatic),89.59,6436.77,0
CUST-103429,Female,1,Yes,No,18,Yes,Yes,Fiber optic,No,No,No,Yes,Yes,Yes,Month-to-month,No,Bank transfer (automatic),99.48,1834.9,1
CUST-101705,Female,0,No,No,1,Yes,No,No,No internet service,No internet service,No internet service,No internet service,No internet service,No internet service,Month-to-month,No,Mailed check,19.25,21.24,0
CUST-103229,Female,1,No,No,1,No,No phone service,DSL,No,No,No,No,No,No,Month-to-month,Yes,Mailed check,25.89,24.52,1
CUST-101073,Male,1,No,No,37,Yes,Yes,Fiber optic,No,No,Yes,No,Yes,Yes,Month-to-month,Yes,Electronic check,101.58,3744.44,1
CUST-105630,Male,0,Yes,Yes,55,Yes,No,Fiber optic,No,Yes,No,Yes,No,No,Month-to-month,No,Electronic check,79.35,4239.29,0
CUST-102323,Female,0,No,Yes,12,Yes,Yes,Fiber optic,No,Yes,Yes,No,Yes,Yes,Month-to-month,Yes,Electronic check,105.26,1276.97,0
CUST-105195,Female,1,No,No,54,Yes,Yes,DSL,No,Yes,No,Yes,Yes,No,One year,No,Mailed check,71.93,3886.9,0
CUST-101785,Female,0,No,No,8,Yes,No,DSL,Yes,No,No,Yes,No,No,One year,No,Bank transfer (automatic),54.39,450.11,0
CUST-103679,Male,0,Yes,No,43,Yes,No,Fiber optic,Yes,Yes,Yes,No,No,No,Month-to-month,Yes,Credit card (automatic),85.88,3551.99,0
CUST-104833,Female,0,Yes,Yes,10,Yes,No,No,No internet service,No internet service,No internet service,No internet service,No internet service,No internet service,Month-to-month,Yes,Bank transfer (automatic),19.73,198.4,0
CUST-100217,Male,0,Yes,Yes,71,Yes,No,No,No internet service,No internet service,No internet service,No internet service,No internet service,No internet service,Two year,No,Mailed check,19.57,1396.24,0
CUST-104702,Male,1,No,No,2,Yes,Yes,Fiber optic,No,No,No,No,No,No,Month-to-month,Yes,Mailed check,72.69,155.82,0
CUST-100305,Female,1,No,No,7,Yes,No,Fiber optic,Yes,No,No,No,No,No,Month-to-month,No,Bank transfer (automatic),76.54,505.49,1
CUST-105535,Female,0,Yes,No,68,Yes,Yes,Fiber optic,No,Yes,Yes,Yes,No,No,Two year,No,Credit card (automatic),90.18,6298.54,0
CUST-103685,Female,0,No,No,2,Yes,No,DSL,No,Yes,No,Yes,No,No,Month-to-month,Yes,Credit card (automatic),55.11,102.8,1
CUST-101770,Male,0,Yes,No,49,Yes,Yes,DSL,Yes,No,No,No,No,No,One year,Yes,Electronic check,55.14,2634.32,0
CUST-105438,Male,0,Yes,Yes,19,Yes,No,No,No internet service,No internet service,No internet service,No internet service,No internet service,No internet service,One year,No,Mailed check,19.7,346.45,0
CUST-104728,Male,0,No,No,1,Yes,No,Fiber optic,No,No,No,No,Yes,Yes,Month-to-month,Yes,Electronic check,89.06,90.21,0
CUST-104830,Male,0,Yes,No,50,No,No phone service,DSL,Yes,No,No,Yes,Yes,No,One year,Yes,Bank transfer (automatic),44.15,2186.06,0
CUST-104878,Female,0,No,No,52,Yes,Yes,DSL,No,No,Yes,Yes,Yes,Yes,Two year,Yes,Bank transfer (automatic),81.1,4237.27,0
CUST-102863,Female,0,No,No,1,Yes,Yes,Fiber optic,No,No,No,No,No,No,Month-to-month,Yes,Electronic check,74.49,75.74,1
CUST-104691,Female,0,Yes,No,45,Yes,Yes,Fiber optic,Yes,Yes,Yes,Yes,Yes,Yes,One year,No,Mailed check,113.47,5032.26,0
CUST-103846,Female,1,No,No,49,Yes,Yes,Fiber optic,Yes,Yes,Yes,Yes,No,Yes,One year,No,Bank transfer (automatic),102.97,5165.26,0
CUST-105477,Male,1,No,No,9,Yes,Yes,Fiber optic,No,No,No,No,No,Yes,Month-to-month,Yes,Electronic check,85.14,744.02,1
CUST-101691,Male,0,Yes,No,7,No,No phone service,DSL,Yes,Yes,No,No,No,No,Month-to-month,No,Mailed check,34.06,255.51,0
CUST-104927,Female,0,No,No,58,Yes,Yes,No,No internet service,No internet service,No internet service,No internet service,No internet service,No internet service,Two year,No,Credit card (automatic),24.69,1425.73,0
CUST-106914,Female,0,Yes,Yes,14,Yes,No,DSL,Yes,Yes,No,Yes,No,No,Month-to-month,No,Bank transfer (automatic),58.94,779.92,0
CUST-104056,Female,0,No,Yes,22,Yes,Yes,Fiber optic,No,No,No,No,No,Yes,Month-to-month,Yes,Electronic check,84.87,1817.62,0
CUST-102290,Male,0,No,No,30,Yes,No,Fiber optic,Yes,Yes,Yes,No,No,No,Month-to-month,Yes,Credit card (automatic),84.15,2439.61,0
CUST-104287,Female,0,No,No,2,Yes,No,Fiber optic,No,No,No,No,Yes,No,Month-to-month,Yes,Electronic check,79.73,165.39,1
CUST-101343,Male,0,No,No,45,Yes,No,DSL,Yes,No,No,No,No,No,Month-to-month,Yes,Bank transfer (automatic),51.01,2299.74,0
CUST-103374,Male,0,Yes,No,66,No,No phone service,DSL,Yes,Yes,Yes,Yes,Yes,No,Two year,Yes,Bank transfer (automatic),56.7,3785.83,0
CUST-101471,Male,0,No,No,42,Yes,Yes,No,No internet service,No internet service,No internet service,No internet service,No internet service,No internet service,One year,No,Electronic check,25.14,948.71,0
CUST-105775,Female,0,No,No,1,Yes,No,DSL,No,Yes,No,No,No,No,Month-to-month,No,Electronic check,49.92,50.77,0
CUST-101055,Male,0,Yes,Yes,59,Yes,No,No,No internet service,No internet service,No internet service,No internet service,No internet service,No internet service,Two year,No,Mailed check,19.4,1146.58,0
CUST-103776,Male,0,No,No,44,Yes,No,No,No internet service,No internet service,No internet service,No internet service,No internet service,No internet service,Two year,No,Credit card (automatic),20.22,905.87,0
CUST-102647,Male,0,Yes,Yes,56,Yes,No,Fiber optic,No,Yes,Yes,Yes,No,No,One year,Yes,Mailed check,85.94,4794.64,0
CUST-104482,Female,0,No,No,1,No,No phone service,DSL,No,No,No,No,No,No,One year,No,Mailed check,25.63,27.57,0
CUST-104239,Male,0,No,Yes,66,Yes,No,No,No internet service,No internet service,No internet service,No internet service,No internet service,No internet service,Two year,No,Mailed check,20.61,1356.9,0
CUST-105760,Male,1,No,No,4,Yes,No,Fiber optic,No,No,No,No,No,No,Month-to-month,No,Electronic check,69.37,261.35,0
CUST-105111,Female,1,No,No,4,Yes,Yes,Fiber optic,Yes,No,No,No,No,No,Month-to-month,Yes,Electronic check,80.42,302.65,0
CUST-105658,Female,0,Yes,No,44,Yes,No,DSL,Yes,Yes,Yes,No,No,No,One year,Yes,Mailed check,61.3,2724.45,0
CUST-102384,Female,0,Yes,Yes,4,Yes,No,DSL,No,Yes,No,Yes,No,No,Month-to-month,No,Mailed check,56.37,235.95,1
CUST-105611,Female,0,No,Yes,25,Yes,No,DSL,No,Yes,No,Yes,No,No,One year,Yes,Credit card (automatic),54.78,1266.87,0
CUST-100638,Male,0,Yes,No,9,Yes,No,DSL,No,No,Yes,No,Yes,Yes,Month-to-month,Yes,Mailed check,70.02,560.61,0
CUST-103789,Male,1,No,No,22,Yes,Yes,Fiber optic,No,No,No,Yes,Yes,No,Month-to-month,Yes,Bank transfer (automatic),90.64,1908.5,1
CUST-105993,Male,0,No,No,31,Yes,Yes,Fiber optic,No,Yes,Yes,No,Yes,Yes,One year,Yes,Electronic check,103.45,3066.91,1
CUST-106483,Male,0,Yes,No,72,Yes,Yes,Fiber optic,Yes,Yes,No,Yes,No,Yes,Two year,Yes,Bank transfer (automatic),100.43,7325.31,0
CUST-101344,Male,0,No,No,42,Yes,Yes,Fiber optic,No,Yes,No,No,Yes,Yes,Month-to-month,Yes,Electronic check,101.66,4277.1,1
CUST-106798,Female,0,No,No,8,Yes,No,Fiber optic,No,No,No,No,Yes,No,Month-to-month,Yes,Bank transfer (automatic),79.8,623.67,0
CUST-106025,Male,0,No,No,25,Yes,Yes,No,No internet service,No internet service,No internet service,No internet service,No internet service,No internet service,One year,No,Bank transfer (automatic),25.33,676.66,1
CUST-102712,Female,0,No,Yes,26,Yes,Yes,DSL,No,No,No,No,No,No,Month-to-month,Yes,Mailed check,49.62,1264.9,0
CUST-100096,Male,0,Yes,No,20,Yes,No,No,No internet service,No internet service,No internet service,No internet service,No internet service,No internet service,One year,No,Mailed check,20.82,417.12,0
CUST-102833,Female,0,Yes,No,47,Yes,Yes,No,No internet service,No internet service,No internet service,No internet service,No internet service,No internet service,One year,No,Electronic check,27.08,1251.04,0
CUST-104124,Female,0,Yes,Yes,62,Yes,No,No,No internet service,No internet service,No internet service,No internet service,No internet service,No internet service,Two year,No,Bank transfer (automatic),20.21,1295.7,0
CUST-103705,Female,1,Yes,No,55,Yes,No,Fiber optic,No,No,Yes,Yes,Yes,No,Two year,No,Credit card (automatic),88.51,4803.33,0
CUST-100197,Female,0,Yes,Yes,67,Yes,No,No,No internet service,No internet service,No internet service,No internet service,No internet service,No internet service,Two year,Yes,Bank transfer (automatic),19.08,1371.28,0
CUST-100491,Female,0,No,Yes,43,Yes,No,DSL,Yes,Yes,No,No,No,Yes,Month-to-month,Yes,Electronic check,64.29,2736.81,0
CUST-105935,Male,0,Yes,No,13,Yes,Yes,DSL,Yes,No,No,No,No,Yes,Month-to-month,Yes,Electronic check,65.97,905.12,0
CUST-100701,Female,0,No,No,12,Yes,No,Fiber optic,No,No,Yes,Yes,No,Yes,Month-to-month,Yes,Electronic check,89.38,1096.25,1
CUST-106347,Male,0,No,No,27,Yes,No,DSL,Yes,No,Yes,Yes,Yes,Yes,One year,No,Electronic check,81.55,2215.24,0
CUST-104450,Male,0,No,No,11,Yes,No,Fiber optic,No,Yes,No,No,No,No,Month-to-month,No,Electronic check,75.2,816.36,1
CUST-100123,Female,0,No,No,1,No,No phone service,DSL,No,No,No,No,No,No,Month-to-month,No,Mailed check,25.34,26.47,1
CUST-103632,Female,0,No,No,6,No,No phone service,DSL,No,No,No,Yes,Yes,Yes,One year,Yes,Mailed check,49.31,254.36,0
CUST-101445,Female,0,No,No,1,Yes,No,Fiber optic,No,No,No,No,Yes,No,Month-to-month,No,Electronic check,78.32,76.98,1
CUST-100907,Male,0,No,No,1,Yes,No,No,No internet service,No internet service,No internet service,No internet service,No internet service,No internet service,Month-to-month,Yes,Mailed check,19.81,21.85,1
CUST-100605,Female,0,No,No,51,Yes,No,No,No internet service,No internet service,No internet service,No internet service,No internet service,No internet service,Two year,No,Bank transfer (automatic),20.59,1019.44,0
CUST-100079,Female,0,Yes,No,49,Yes,Yes,DSL,Yes,Yes,Yes,No,No,Yes,One year,No,Electronic check,71.53,3471.68,0
CUST-104477,Male,0,Yes,Yes,72,Yes,Yes,No,No internet service,No internet service,No internet service,No internet service,No internet service,No internet service,Two year,Yes,Bank transfer (automatic),25.04,1797.25,0
CUST-100458,Female,0,Yes,No,67,Yes,No,No,No internet service,No internet service,No internet service,No internet service,No internet service,No internet service,Two year,No,Mailed check,19.49,1333.42,0
CUST-104907,Female,1,Yes,Yes,59,Yes,Yes,Fiber optic,No,No,Yes,No,No,Yes,Month-to-month,Yes,Credit card (automatic),88.38,5349.23,0
CUST-106471,Male,0,No,Yes,22,Yes,Yes,Fiber optic,No,Yes,No,No,Yes,No,Month-to-month,Yes,Credit card (automatic),89.33,1947.08,0
CUST-101652,Male,0,No,No,5,Yes,No,DSL,Yes,No,Yes,No,No,No,Month-to-month,Yes,Mailed check,55.77,275.68,0
CUST-101636,Male,1,Yes,No,1,Yes,Yes,Fiber optic,No,No,No,No,No,No,Month-to-month,Yes,Electronic check,74.22,71.58,1
CUST-105109,Male,0,No,No,20,Yes,No,Fiber optic,No,No,No,No,Yes,No,Month-to-month,No,Electronic check,78.78,1639.96,0
CUST-103628,Female,0,Yes,No,55,Yes,Yes,Fiber optic,No,No,Yes,No,No,No,Month-to-month,Yes,Electronic check,77.75,4458.56,1
CUST-103937,Male,0,No,No,47,Yes,No,DSL,Yes,Yes,Yes,Yes,Yes,Yes,One year,Yes,Bank transfer (automatic),86.98,4136.86,0
CUST-100297,Female,0,Yes,No,69,Yes,Yes,Fiber optic,No,No,Yes,Yes,Yes,Yes,Two year,No,Bank transfer (automatic),105.23,7241.0,0
CUST-100134,Female,0,No,No,52,Yes,Yes,DSL,Yes,No,Yes,Yes,Yes,No,One year,No,Credit card (automatic),74.14,3878.96,0
CUST-106457,Male,0,No,No,25,Yes,No,Fiber optic,No,No,Yes,Yes,Yes,Yes,Two year,No,Bank transfer (automatic),99.27,2515.91,0
CUST-100802,Female,1,Yes,No,66,Yes,Yes,DSL,No,Yes,Yes,No,Yes,Yes,Two year,Yes,Bank transfer (automatic),80.66,5265.21,1
CUST-101340,Female,0,Yes,No,61,Yes,Yes,No,No internet service,No internet service,No internet service,No internet service,No internet service,No internet service,Two year,No,Mailed check,24.21,1418.31,0
CUST-102041,Female,0,Yes,No,62,Yes,Yes,Fiber optic,Yes,Yes,Yes,Yes,Yes,Yes,Two year,No,Mailed check,113.85,6892.31,0
CUST-102811,Female,0,No,No,12,Yes,No,No,No internet service,No internet service,No internet service,No internet service,No internet service,No internet service,Month-to-month,No,Bank transfer (automatic),19.39,226.48,0
CUST-102826,Female,0,Yes,No,34,Yes,No,DSL,No,No,No,Yes,No,No,Month-to-month,No,Bank transfer (automatic),50.12,1817.16,0
CUST-104772,Female,0,No,No,34,Yes,Yes,Fiber optic,Yes,Yes,Yes,No,Yes,Yes,Month-to-month,Yes,Mailed check,109.56,3587.41,1
CUST-101972,Female,0,No,No,1,Yes,No,Fiber optic,No,No,No,No,No,No,Month-to-month,Yes,Electronic check,69.66,69.64,1
CUST-101664,Male,0,Yes,Yes,24,Yes,Yes,DSL,Yes,No,Yes,Yes,Yes,Yes,One year,Yes,Mailed check,84.63,1993.22,0
CUST-100961,Female,0,No,No,15,Yes,No,No,No internet service,No internet service,No internet service,No internet service,No internet service,No internet service,Month-to-month,No,Mailed check,19.47,298.84,0
CUST-104577,Male,0,Yes,No,68,Yes,Yes,No,No internet service,No internet service,No internet service,No internet service,No internet service,No internet service,Two year,No,Bank transfer (automatic),25.34,1726.78,0
CUST-101249,Female,0,Yes,No,59,Yes,No,No,No internet service,No internet service,No internet service,No internet service,No internet service,No internet service,One year,No,Mailed check,20.49,1266.23,0
CUST-106801,Male,0,No,No,37,Yes,Yes,DSL,Yes,Yes,Yes,Yes,No,No,One year,No,Electronic check,67.39,2444.92,0
CUST-105427,Male,0,No,No,20,Yes,No,DSL,Yes,No,Yes,No,No,Yes,Month-to-month,No,Credit card (automatic),64.37,1397.17,0
CUST-100366,Male,0,Yes,Yes,39,Yes,Yes,No,No internet service,No internet service,No internet service,No internet service,No internet service,No internet service,Two year,Yes,Mailed check,23.78,902.2,0
CUST-101215,Female,0,Yes,No,49,No,No phone service,DSL,No,Yes,No,Yes,Yes,Yes,One year,Yes,Credit card (automatic),56.27,2783.97,0
CUST-100799,Female,0,No,No,4,Yes,No,No,No internet service,No internet service,No internet service,No internet service,No internet service,No internet service,Month-to-month,No,Bank transfer (automatic),21.11,85.15,1
CUST-105123,Female,0,Yes,No,29,Yes,No,No,No internet service,No internet service,No internet service,No internet service,No internet service,No internet service,Month-to-month,No,Mailed check,20.26,575.47,0
CUST-103952,Female,0,Yes,Yes,67,Yes,Yes,Fiber optic,Yes,No,Yes,Yes,No,Yes,One year,Yes,Bank transfer (automatic),100.22,6690.71,0
CUST-101040,Male,0,No,No,50,No,No phone service,DSL,Yes,Yes,No,No,No,No,Month-to-month,Yes,Mailed check,35.15,1783.46,0
CUST-106450,Female,0,Yes,Yes,39,Yes,No,DSL,Yes,No,No,No,No,No,Month-to-month,No,Credit card (automatic),51.13,2064.05,0
CUST-105536,Male,0,Yes,No,22,Yes,No,Fiber optic,Yes,Yes,No,Yes,Yes,Yes,Month-to-month,Yes,Electronic check,104.72,2181.93,0
CUST-100200,Female,0,No,No,68,Yes,No,No,No internet service,No internet service,No internet service,No internet service,No internet service,No internet service,Two year,No,Credit card (automatic),20.56,1424.63,0
CUST-101544,Female,0,Yes,No,3,Yes,No,No,No internet service,No internet service,No internet service,No internet service,No internet service,No internet service,Month-to-month,Yes,Mailed check,19.8,46.89,0
CUST-102006,Female,0,No,No,66,Yes,Yes,Fiber optic,Yes,Yes,Yes,Yes,No,Yes,Month-to-month,Yes,Bank transfer (automatic),103.1,6595.32,0
CUST-102562,Male,0,Yes,Yes,1,Yes,No,Fiber optic,No,No,No,No,Yes,Yes,Month-to-month,No,Mailed check,89.18,90.21,1
CUST-102586,Male,0,Yes,Yes,49,Yes,No,DSL,Yes,Yes,No,Yes,No,No,Month-to-month,No,Credit card (automatic),59.41,2966.75,0
CUST-105283,Male,0,Yes,Yes,23,Yes,No,Fiber optic,Yes,No,No,Yes,Yes,Yes,Month-to-month,Yes,Electronic check,99.85,2332.3,1
CUST-103973,Female,0,Yes,Yes,48,Yes,Yes,Fiber optic,No,No,No,No,No,Yes,One year,Yes,Mailed check,82.03,4030.97,1
CUST-101299,Female,0,Yes,Yes,36,No,No phone service,DSL,Yes,No,Yes,Yes,No,No,Two year,No,Credit card (automatic),40.72,1546.8,0
CUST-104068,Male,0,Yes,No,40,Yes,No,DSL,No,Yes,No,No,No,No,Month-to-month,Yes,Mailed check,50.29,2057.31,0
CUST-102488,Female,0,No,No,7,No,No phone service,DSL,No,No,No,No,No,No,Month-to-month,No,Bank transfer (automatic),25.31,186.89,0
CUST-101853,Female,0,No,Yes,35,Yes,No,No,No internet service,No internet service,No internet service,No internet service,No internet service,No internet service,One year,Yes,Credit card (automatic),20.19,646.96,0
CUST-103431,Male,0,Yes,No,71,Yes,No,Fiber optic,No,Yes,Yes,Yes,Yes,Yes,Two year,Yes,Electronic check,105.15,7290.98,0
CUST-103355,Female,0,No,No,52,Yes,No,DSL,Yes,No,Yes,Yes,No,No,One year,No,Credit card (automatic),57.89,3040.24,0
CUST-100494,Female,0,Yes,No,70,No,No phone service,DSL,Yes,Yes,Yes,Yes,Yes,Yes,Two year,No,Bank transfer (automatic),64.81,4505.34,0
CUST-101905,Male,0,No,No,1,Yes,No,Fiber optic,No,No,No,No,No,Yes,Month-to-month,No,Electronic check,79.79,80.34,1
CUST-100604,Male,1,Yes,Yes,22,No,No phone service,DSL,Yes,No,No,No,No,Yes,Month-to-month,No,Mailed check,40.12,881.21,1
CUST-106928,Female,0,Yes,Yes,5,Yes,Yes,No,No internet service,No internet service,No internet service,No internet service,No internet service,No internet service,Month-to-month,Yes,Mailed check,24.61,132.73,0
CUST-106260,Female,0,Yes,Yes,68,Yes,Yes,Fiber optic,No,Yes,No,Yes,Yes,Yes,Two year,Yes,Credit card (automatic),103.71,7040.75,0
CUST-100611,Male,0,Yes,Yes,13,Yes,No,DSL,No,No,No,No,No,No,Month-to-month,No,Bank transfer (automatic),44.85,558.49,0
CUST-100976,Male,0,Yes,Yes,17,Yes,Yes,DSL,No,Yes,Yes,Yes,No,No,Month-to-month,Yes,Mailed check,67.07,1076.92,0
CUST-102263,Female,0,Yes,Yes,48,Yes,Yes,DSL,No,Yes,No,Yes,Yes,Yes,Two year,No,Electronic check,79.7,3869.98,0
CUST-106884,Male,1,No,No,65,Yes,Yes,Fiber optic,Yes,No,Yes,Yes,Yes,Yes,Two year,Yes,Electronic check,110.32,7245.09,0
CUST-100390,Female,0,No,No,50,Yes,No,No,No internet service,No internet service,No internet service,No internet service,No internet service,No internet service,One year,Yes,Mailed check,19.47,1033.55,0
CUST-105393,Male,0,Yes,Yes,67,Yes,Yes,Fiber optic,No,Yes,Yes,Yes,Yes,Yes,Two year,Yes,Bank transfer (automatic),111.07,7529.63,0
CUST-101626,Female,0,No,No,36,Yes,No,Fiber optic,No,No,Yes,Yes,No,Yes,Month-to-month,Yes,Electronic check,88.08,3077.99,1
CUST-101798,Female,0,Yes,Yes,72,Yes,Yes,DSL,Yes,Yes,Yes,Yes,Yes,Yes,Two year,Yes,Bank transfer (automatic),93.33,6686.99,0
CUST-103328,Male,0,Yes,No,70,Yes,No,Fiber optic,Yes,Yes,No,Yes,No,No,Two year,No,Bank transfer (automatic),84.59,5709.75,0
CUST-102726,Male,1,Yes,No,43,Yes,Yes,Fiber optic,No,Yes,Yes,No,Yes,Yes,Month-to-month,Yes,Electronic check,102.7,4412.76,1
CUST-105886,Male,0,Yes,Yes,24,Yes,No,DSL,Yes,No,Yes,No,No,No,One year,Yes,Credit card (automatic),56.06,1455.28,0
CUST-102302,Female,0,Yes,Yes,66,Yes,Yes,Fiber optic,No,No,No,No,No,No,One year,Yes,Bank transfer (automatic),74.28,4860.22,0
CUST-106006,Female,0,Yes,Yes,8,Yes,No,DSL,No,No,No,No,No,No,Month-to-month,Yes,Electronic check,45.82,412.83,0
CUST-103929,Male,0,No,No,58,Yes,Yes,No,No internet service,No internet service,No internet service,No internet service,No internet service,No internet service,Two year,Yes,Credit card (automatic),25.36,1472.71,0
CUST-100610,Male,1,Yes,Yes,71,Yes,Yes,Fiber optic,Yes,Yes,No,No,Yes,Yes,Month-to-month,Yes,Credit card (automatic),105.16,7546.14,1
CUST-100558,Female,0,No,No,6,Yes,No,No,No internet service,No internet service,No internet service,No internet service,No internet service,No internet service,Month-to-month,No,Mailed check,20.13,124.25,0
CUST-106491,Male,0,No,No,3,Yes,No,No,No internet service,No internet service,No internet service,No internet service,No internet service,No internet service,Month-to-month,Yes,Mailed check,19.92,59.83,1
CUST-102347,Female,0,No,No,67,Yes,Yes,No,No internet service,No internet service,No internet service,No internet service,No internet service,No internet service,Two year,Yes,Bank transfer (automatic),25.61,1788.84,0
CUST-100879,Female,0,Yes,No,22,Yes,Yes,DSL,Yes,No,No,Yes,Yes,Yes,Month-to-month,Yes,Electronic check,79.24,1741.54,1
CUST-100308,Female,1,No,No,34,No,No phone service,DSL,No,Yes,Yes,No,Yes,Yes,Month-to-month,Yes,Electronic check,56.32,1765.42,0
CUST-100637,Female,0,Yes,Yes,16,Yes,No,No,No internet service,No internet service,No internet service,No internet service,No internet service,No internet service,Two year,No,Mailed check,19.54,302.77,0
CUST-100220,Male,0,Yes,No,10,Yes,No,Fiber optic,No,Yes,No,Yes,Yes,Yes,Month-to-month,Yes,Electronic check,99.78,992.36,1
CUST-100232,Male,0,No,No,69,Yes,Yes,Fiber optic,No,Yes,No,Yes,Yes,Yes,One year,Yes,Bank transfer (automatic),104.57,7221.81,1
CUST-103321,Female,0,Yes,Yes,9,Yes,No,Fiber optic,No,No,No,Yes,No,No,Month-to-month,Yes,Electronic check,76.03,644.53,0
CUST-100398,Female,0,No,Yes,17,Yes,No,DSL,No,No,No,No,Yes,Yes,Month-to-month,Yes,Mailed check,64.63,1093.61,1
CUST-105026,Female,0,No,No,14,Yes,No,Fiber optic,No,No,No,No,No,No,Month-to-month,Yes,Credit card (automatic),71.1,916.56,1
CUST-100403,Male,0,No,No,1,Yes,No,No,No internet service,No internet service,No internet service,No internet service,No internet service,No internet service,Month-to-month,No,Mailed check,19.58,20.21,0
CUST-102565,Female,0,Yes,Yes,23,Yes,Yes,Fiber optic,Yes,No,No,No,No,No,One year,No,Credit card (automatic),81.77,1808.86,0
CUST-103606,Male,0,No,No,18,Yes,Yes,DSL,No,No,Yes,Yes,Yes,Yes,One year,Yes,Credit card (automatic),82.11,1425.15,1
CUST-100726,Male,0,No,No,57,No,No phone service,DSL,No,No,Yes,Yes,Yes,Yes,Two year,No,Credit card (automatic),53.07,3092.15,0
CUST-104270,Female,0,No,Yes,50,Yes,No,DSL,Yes,No,Yes,Yes,Yes,No,One year,Yes,Credit card (automatic),70.84,3480.5,0
CUST-106053,Female,0,Yes,Yes,54,Yes,Yes,DSL,Yes,Yes,Yes,Yes,Yes,Yes,Two year,No,Credit card (automatic),91.05,4965.38,0
CUST-104182,Female,0,No,No,2,Yes,Yes,Fiber optic,No,No,No,No,No,No,Month-to-month,Yes,Electronic check,75.31,164.71,1
CUST-106464,Female,0,No,Yes,18,Yes,Yes,No,No internet service,No internet service,No internet service,No internet service,No internet service,No internet service,Two year,No,Credit card (automatic),25.38,455.9,0
CUST-102141,Female,0,Yes,Yes,5,No,No phone service,DSL,No,No,No,No,No,No,Month-to-month,No,Mailed check,24.79,125.24,0
CUST-101142,Male,0,No,No,28,No,No phone service,DSL,No,No,No,Yes,No,No,Month-to-month,Yes,Credit card (automatic),30.02,809.08,0
CUST-106780,Male,0,Yes,Yes,67,Yes,Yes,Fiber optic,No,Yes,Yes,No,No,No,One year,No,Electronic check,87.23,5920.14,1
CUST-104401,Male,0,Yes,Yes,37,Yes,Yes,Fiber optic,No,Yes,Yes,No,Yes,No,Month-to-month,Yes,Electronic check,92.97,3415.99,0
CUST-103517,Female,0,No,No,14,Yes,No,DSL,No,Yes,No,No,No,No,Month-to-month,No,Electronic check,50.62,764.47,0
CUST-100612,Female,0,No,No,72,Yes,Yes,Fiber optic,No,No,Yes,Yes,Yes,Yes,Two year,Yes,Credit card (automatic),107.53,7854.7,0
CUST-105508,Male,0,No,No,5,Yes,No,DSL,No,Yes,No,Yes,No,Yes,Month-to-month,Yes,Bank transfer (automatic),66.09,340.82,0
CUST-104194,Female,0,No,Yes,63,Yes,No,No,No internet service,No internet service,No internet service,No internet service,No internet service,No internet service,Two year,No,Credit card (automatic),19.43,1211.81,0
CUST-102995,Male,0,No,No,13,Yes,No,No,No internet service,No internet service,No internet service,No internet service,No internet service,No internet service,One year,No,Mailed check,19.78,270.98,0
CUST-100231,Female,1,Yes,No,72,Yes,Yes,Fiber optic,Yes,Yes,Yes,Yes,Yes,Yes,Two year,Yes,Credit card (automatic),115.67,8443.73,0
CUST-104263,Male,0,Yes,No,49,Yes,Yes,DSL,Yes,No,Yes,Yes,Yes,Yes,One year,No,Electronic check,84.23,4061.64,1
CUST-105748,Male,0,No,No,19,Yes,No,No,No internet service,No internet service,No internet service,No internet service,No internet service,No internet service,Two year,No,Mailed check,19.75,358.45,0
CUST-104942,Male,0,Yes,Yes,24,Yes,Yes,No,No internet service,No internet service,No internet service,No internet service,No internet service,No internet service,Two year,No,Mailed check,24.33,607.8,0
CUST-103420,Male,0,Yes,Yes,68,Yes,No,Fiber optic,Yes,Yes,Yes,No,Yes,Yes,Two year,Yes,Credit card (automatic),103.2,7074.21,0
CUST-104967,Male,1,No,No,21,Yes,No,No,No internet service,No internet service,No internet service,No internet service,No internet service,No internet service,One year,No,Bank transfer (automatic),20.59,429.68,0
CUST-105244,Female,0,Yes,Yes,31,Yes,Yes,DSL,No,Yes,No,Yes,Yes,Yes,Two year,No,Bank transfer (automatic),80.61,2474.56,0
CUST-103019,Female,0,No,No,9,Yes,Yes,Fiber optic,No,No,No,No,Yes,Yes,Month-to-month,Yes,Electronic check,94.93,889.58,1
CUST-100573,Male,0,No,Yes,31,Yes,Yes,DSL,No,Yes,No,Yes,Yes,Yes,One year,Yes,Mailed check,79.43,2586.95,1
CUST-100060,Female,0,Yes,Yes,3,Yes,No,Fiber optic,No,No,No,No,Yes,No,Month-to-month,Yes,Electronic check,80.42,241.99,0
CUST-101507,Male,0,No,Yes,8,Yes,No,No,No internet service,No internet service,No internet service,No internet service,No internet service,No internet service,Month-to-month,No,Mailed check,20.62,181.4,0
CUST-106495,Female,1,Yes,Yes,70,Yes,Yes,Fiber optic,No,Yes,Yes,Yes,Yes,Yes,One year,Yes,Electronic check,107.56,7477.23,0
CUST-106706,Female,0,Yes,No,43,Yes,Yes,DSL,No,No,No,Yes,Yes,No,One year,Yes,Bank transfer (automatic),65.0,2909.97,0
CUST-105603,Female,0,No,No,2,Yes,No,Fiber optic,No,No,No,No,No,No,Month-to-month,Yes,Electronic check,70.67,135.02,1
CUST-106147,Female,1,Yes,No,47,Yes,Yes,Fiber optic,No,No,Yes,No,Yes,Yes,Month-to-month,No,Electronic check,99.69,4746.74,0
CUST-104151,Female,0,Yes,Yes,17,Yes,Yes,Fiber optic,No,No,Yes,No,Yes,No,Month-to-month,No,Electronic check,88.36,1459.3,1
CUST-101759,Female,0,Yes,Yes,67,Yes,No,DSL,No,Yes,No,No,No,No,One year,No,Credit card (automatic),50.54,3432.89,0
CUST-100631,Female,1,No,No,7,Yes,No,DSL,Yes,No,No,No,No,No,Month-to-month,Yes,Electronic check,48.25,341.15,0
CUST-100880,Male,0,Yes,Yes,26,Yes,No,Fiber optic,No,No,No,No,No,Yes,One year,No,Bank transfer (automatic),78.85,2035.06,0
CUST-102754,Female,0,No,Yes,15,Yes,No,Fiber optic,No,No,No,No,No,No,Month-to-month,No,Bank transfer (automatic),68.86,993.42,1
CUST-102703,Male,0,Yes,No,25,Yes,No,No,No internet service,No internet service,No internet service,No internet service,No internet service,No internet service,One year,Yes,Bank transfer (automatic),20.81,495.49,0
CUST-104545,Female,0,No,Yes,35,Yes,No,DSL,Yes,Yes,No,No,No,No,One year,No,Credit card (automatic),55.47,2016.81,0
CUST-106692,Female,0,Yes,No,10,Yes,No,No,No internet service,No internet service,No internet service,No internet service,No internet service,No internet service,Month-to-month,Yes,Bank transfer (automatic),19.81,188.26,0
CUST-103225,Male,0,Yes,Yes,47,Yes,Yes,No,No internet service,No internet service,No internet service,No internet service,No internet service,No internet service,Two year,No,Mailed check,24.69,1158.69,0
CUST-103314,Female,0,Yes,No,21,Yes,Yes,Fiber optic,No,No,No,No,No,Yes,Month-to-month,Yes,Electronic check,86.7,1808.45,1
CUST-100320,Female,0,No,No,3,Yes,No,Fiber optic,No,Yes,No,Yes,Yes,Yes,Month-to-month,Yes,Electronic check,98.08,314.88,1
CUST-102516,Male,0,No,No,2,Yes,No,DSL,Yes,Yes,No,No,No,No,Month-to-month,Yes,Mailed check,53.96,109.94,1
CUST-104235,Male,0,No,No,37,No,No phone service,DSL,No,No,No,No,Yes,No,Two year,No,Credit card (automatic),35.85,1318.63,0
CUST-101735,Male,0,No,No,7,Yes,Yes,Fiber optic,No,No,No,No,No,No,Month-to-month,No,Electronic check,73.66,517.01,1
CUST-105786,Male,0,Yes,Yes,22,Yes,No,No,No internet service,No internet service,No internet service,No internet service,No internet service,No internet service,One year,No,Mailed check,19.96,436.23,0
CUST-104582,Female,1,No,No,4,Yes,Yes,Fiber optic,No,No,No,No,Yes,Yes,Month-to-month,Yes,Electronic check,94.21,421.18,1
CUST-103636,Male,0,Yes,Yes,51,Yes,No,DSL,Yes,No,No,Yes,Yes,Yes,One year,Yes,Bank transfer (automatic),76.27,3967.08,0
CUST-101099,Male,1,No,No,1,Yes,Yes,Fiber optic,No,No,No,No,No,No,Month-to-month,Yes,Electronic check,75.11,76.25,1
CUST-104865,Female,0,Yes,Yes,55,Yes,No,No,No internet service,No internet service,No internet service,No internet service,No internet service,No internet service,Month-to-month,No,Credit card (automatic),19.99,1089.01,0
CUST-103056,Male,0,Yes,Yes,19,Yes,No,No,No internet service,No internet service,No internet service,No internet service,No internet service,No internet service,Month-to-month,No,Mailed check,20.43,417.26,0
CUST-104801,Male,0,Yes,No,51,Yes,Yes,Fiber optic,Yes,Yes,No,No,No,Yes,One year,Yes,Credit card (automatic),96.09,4908.9,0
CUST-104531,Male,0,No,No,44,No,No phone service,DSL,Yes,No,Yes,No,Yes,Yes,One year,Yes,Electronic check,54.06,2440.71,0
CUST-101825,Female,0,Yes,No,72,Yes,No,No,No internet service,No internet service,No internet service,No internet service,No internet service,No internet service,Two year,No,Credit card (automatic),20.4,1504.14,0
CUST-106932,Male,0,No,No,1,Yes,No,DSL,No,No,No,Yes,No,No,Month-to-month,No,Mailed check,49.24,51.8,0
CUST-102998,Male,0,No,No,25,Yes,No,DSL,Yes,Yes,No,Yes,Yes,Yes,Month-to-month,Yes,Mailed check,78.84,1901.72,0
CUST-101423,Male,0,No,No,24,Yes,Yes,DSL,No,No,No,Yes,No,No,One year,No,Bank transfer (automatic),54.46,1242.95,0
CUST-105452,Female,0,Yes,Yes,64,Yes,Yes,Fiber optic,No,Yes,Yes,No,No,Yes,One year,Yes,Electronic check,92.72,5979.62,0
CUST-105892,Female,1,Yes,Yes,72,Yes,Yes,DSL,Yes,Yes,Yes,Yes,Yes,Yes,Two year,No,Credit card (automatic),92.26,6441.19,1
CUST-103233,Male,0,No,No,51,Yes,Yes,Fiber optic,Yes,Yes,No,No,Yes,No,One year,Yes,Electronic check,94.74,4837.97,1
CUST-101980,Male,0,Yes,No,12,Yes,No,DSL,No,No,Yes,Yes,Yes,Yes,Month-to-month,Yes,Electronic check,74.18,740.46,0
CUST-103399,Male,0,No,No,34,Yes,Yes,Fiber optic,Yes,Yes,Yes,Yes,Yes,Yes,One year,No,Credit card (automatic),116.15,3899.25,0
CUST-103499,Male,0,No,No,50,Yes,No,Fiber optic,Yes,Yes,No,Yes,No,Yes,Month-to-month,Yes,Credit card (automatic),93.46,4745.94,0
CUST-100034,Male,0,Yes,No,23,Yes,No,No,No internet service,No internet service,No internet service,No internet service,No internet service,No internet service,One year,No,Credit card (automatic),19.41,489.47,0
CUST-102832,Male,0,Yes,Yes,27,Yes,No,Fiber optic,Yes,Yes,No,No,No,No,One year,Yes,Credit card (automatic),80.72,2209.02,0
CUST-100236,Female,1,No,No,65,No,No phone service,DSL,No,Yes,Yes,No,Yes,Yes,Two year,Yes,Bank transfer (automatic),53.78,3516.32,0
CUST-104633,Female,0,Yes,No,55,Yes,No,No,No internet service,No internet service,No internet service,No internet service,No internet service,No internet service,One year,No,Electronic check,19.7,1141.11,0
CUST-104764,Female,0,Yes,No,33,Yes,Yes,Fiber optic,No,No,Yes,Yes,No,Yes,Month-to-month,Yes,Credit card (automatic),95.05,3007.34,0
CUST-106404,Female,0,Yes,No,70,Yes,Yes,Fiber optic,No,No,Yes,Yes,Yes,Yes,Two year,Yes,Bank transfer (automatic),104.11,7185.92,0
CUST-106303,Female,0,No,No,39,Yes,No,DSL,No,No,No,Yes,No,Yes,One year,No,Electronic check,59.13,2210.84,0
CUST-101210,Female,0,No,No,2,No,No phone service,DSL,No,Yes,No,No,Yes,Yes,Month-to-month,No,Electronic check,51.53,97.97,0
CUST-103680,Male,1,Yes,No,51,Yes,Yes,Fiber optic,Yes,No,Yes,No,No,Yes,One year,Yes,Bank transfer (automatic),93.71,4839.37,0
CUST-103341,Male,1,Yes,Yes,20,Yes,No,Fiber optic,Yes,No,Yes,Yes,No,Yes,One year,No,Credit card (automatic),94.46,1818.43,0
CUST-105843,Male,0,No,No,8,Yes,No,No,No internet service,No internet service,No internet service,No internet service,No internet service,No internet service,Month-to-month,Yes,Credit card (automatic),20.35,162.32,0
CUST-100798,Female,0,Yes,No,41,Yes,Yes,Fiber optic,Yes,Yes,Yes,Yes,Yes,Yes,Month-to-month,Yes,Bank transfer (automatic),113.9,4594.78,1
CUST-103814,Male,0,No,No,25,Yes,No,Fiber optic,Yes,No,No,No,No,No,Month-to-month,No,Bank transfer (automatic),74.36,1951.79,0
CUST-101112,Female,0,Yes,Yes,64,No,No phone service,DSL,No,Yes,No,Yes,Yes,Yes,Two year,Yes,Electronic check,54.51,3424.34,0
CUST-103936,Female,0,Yes,No,71,Yes,Yes,DSL,Yes,Yes,Yes,Yes,Yes,Yes,Two year,No,Credit card (automatic),89.59,6386.7,0
CUST-102802,Female,0,No,No,70,Yes,No,DSL,Yes,No,Yes,Yes,Yes,Yes,Two year,No,Bank transfer (automatic),79.64,5587.54,0
CUST-103503,Female,0,No,No,1,Yes,No,DSL,Yes,No,No,No,No,No,Month-to-month,Yes,Bank transfer (automatic),48.45,47.78,0
CUST-106690,Male,0,Yes,Yes,71,Yes,Yes,No,No internet service,No internet service,No internet service,No internet service,No internet service,No internet service,Two year,No,Credit card (automatic),23.66,1625.59,0
CUST-106241,Female,0,Yes,Yes,52,Yes,Yes,Fiber optic,No,Yes,Yes,No,Yes,No,One year,Yes,Credit card (automatic),95.56,4981.58,0
CUST-105777,Female,0,Yes,No,48,Yes,Yes,DSL,No,No,Yes,Yes,No,Yes,One year,Yes,Mailed check,69.71,3435.06,0
CUST-103131,Female,0,No,No,3,Yes,No,Fiber optic,Yes,Yes,No,No,No,No,Month-to-month,Yes,Electronic check,79.23,247.53,1
CUST-105314,Female,0,Yes,Yes,14,Yes,No,No,No internet service,No internet service,No internet service,No internet service,No internet service,No internet service,Two year,Yes,Mailed check,19.35,265.0,0
CUST-101928,Male,0,No,No,25,Yes,No,No,No internet service,No internet service,No internet service,No internet service,No internet service,No internet service,Month-to-month,No,Mailed check,20.63,540.46,0
CUST-100392,Female,1,Yes,No,25,Yes,No,Fiber optic,No,Yes,Yes,No,No,Yes,Month-to-month,No,Bank transfer (automatic),88.59,2192.38,0
CUST-104703,Female,1,No,No,1,Yes,No,Fiber optic,No,No,No,No,No,No,Month-to-month,Yes,Electronic check,69.81,70.83,1
CUST-106923,Female,0,No,No,31,Yes,No,No,No internet service,No internet service,No internet service,No internet service,No internet service,No internet service,One year,No,Mailed check,21.14,681.25,0
CUST-102332,Female,0,No,No,4,Yes,Yes,Fiber optic,No,No,No,No,No,No,Month-to-month,Yes,Electronic check,75.55,304.73,0
CUST-100452,Male,1,No,No,35,Yes,Yes,Fiber optic,No,No,No,No,Yes,Yes,Month-to-month,Yes,Electronic check,95.81,3474.39,1
CUST-105636,Male,0,Yes,No,55,Yes,No,DSL,Yes,Yes,Yes,No,No,No,Two year,No,Electronic check,58.66,3068.73,0
CUST-101200,Male,0,No,No,54,Yes,No,Fiber optic,Yes,No,Yes,No,Yes,No,Month-to-month,No,Mailed check,90.03,4669.72,0
CUST-103886,Female,0,Yes,Yes,53,Yes,No,DSL,No,No,Yes,No,No,Yes,One year,No,Credit card (automatic),61.0,3294.22,0
CUST-101855,Female,0,No,No,66,Yes,Yes,Fiber optic,No,Yes,No,No,Yes,No,One year,Yes,Bank transfer (automatic),88.86,6000.61,0
CUST-102730,Male,0,No,No,71,Yes,Yes,Fiber optic,Yes,Yes,Yes,Yes,Yes,Yes,One year,Yes,Bank transfer (automatic),116.14,8310.93,0
CUST-106769,Male,0,Yes,Yes,71,Yes,Yes,DSL,Yes,No,Yes,Yes,Yes,Yes,One year,No,Electronic check,85.04,6299.21,0
CUST-101549,Male,0,No,No,1,No,No phone service,DSL,No,Yes,No,Yes,No,Yes,Month-to-month,Yes,Mailed check,44.75,45.08,1
CUST-100205,Male,0,Yes,No,67,Yes,No,DSL,Yes,Yes,No,Yes,No,Yes,Two year,Yes,Credit card (automatic),69.46,4671.21,0
CUST-103504,Female,1,No,Yes,30,Yes,Yes,Fiber optic,No,No,No,Yes,Yes,Yes,Month-to-month,Yes,Electronic check,101.53,2974.77,0
CUST-104385,Male,0,Yes,No,44,Yes,No,Fiber optic,No,No,No,No,Yes,Yes,One year,Yes,Bank transfer (automatic),90.73,3973.96,0
CUST-104809,Male,0,No,No,20,Yes,No,No,No internet service,No internet service,No internet service,No internet service,No internet service,No internet service,Month-to-month,Yes,Credit card (automatic),19.5,356.75,0
CUST-103637,Female,0,No,No,24,Yes,Yes,Fiber optic,No,No,Yes,No,Yes,No,Month-to-month,Yes,Credit card (automatic),88.79,2075.35,0
CUST-106885,Female,1,No,No,38,Yes,Yes,Fiber optic,No,No,No,Yes,Yes,Yes,Month-to-month,Yes,Electronic check,99.19,3733.26,1
CUST-103590,Female,1,Yes,No,65,Yes,Yes,Fiber optic,No,Yes,Yes,No,Yes,Yes,One year,Yes,Electronic check,106.41,6978.95,1
CUST-100190,Male,0,Yes,Yes,21,Yes,Yes,DSL,Yes,Yes,No,Yes,Yes,No,One year,No,Mailed check,77.62,1625.24,1
CUST-101019,Female,0,Yes,Yes,45,Yes,Yes,No,No internet service,No internet service,No internet service,No internet service,No internet service,No internet service,Two year,Yes,Credit card (automatic),24.49,1169.19,0
CUST-106453,Female,0,Yes,Yes,8,Yes,No,DSL,No,No,No,Yes,Yes,Yes,Month-to-month,Yes,Electronic check,68.38,563.27,0
CUST-104168,Male,0,No,No,4,Yes,No,Fiber optic,No,No,No,No,Yes,Yes,Month-to-month,Yes,Electronic check,88.54,371.56,1
CUST-101395,Female,1,No,No,23,Yes,No,Fiber optic,No,Yes,No,No,Yes,Yes,Month-to-month,Yes,Electronic check,94.73,2296.61,1
CUST-101882,Female,0,Yes,Yes,39,Yes,Yes,No,No internet service,No internet service,No internet service,No internet service,No internet service,No internet service,One year,Yes,Mailed check,24.32,912.43,0
CUST-100201,Male,0,No,No,1,Yes,No,No,No internet service,No internet service,No internet service,No internet service,No internet service,No internet service,Month-to-month,No,Mailed check,20.53,18.79,0
CUST-106588,Female,1,Yes,No,34,Yes,No,DSL,No,No,Yes,Yes,Yes,No,One year,No,Bank transfer (automatic),64.07,2109.74,0
CUST-101898,Male,1,Yes,Yes,64,Yes,Yes,No,No internet service,No internet service,No internet service,No internet service,No internet service,No internet service,Two year,Yes,Bank transfer (automatic),24.69,1548.15,0
CUST-102320,Male,0,Yes,Yes,53,Yes,Yes,No,No internet service,No internet service,No internet service,No internet service,No internet service,No internet service,Two year,No,Credit card (automatic),25.95,1338.46,0
CUST-104864,Male,0,No,No,10,No,No phone service,DSL,No,No,No,No,No,Yes,Month-to-month,Yes,Mailed check,33.85,300.45,1
CUST-106093,Female,0,Yes,Yes,8,Yes,No,No,No internet service,No internet service,No internet service,No internet service,No internet service,No internet service,One year,Yes,Mailed check,19.71,144.6,1
CUST-101941,Female,0,Yes,No,19,Yes,No,Fiber optic,No,No,Yes,No,Yes,Yes,Month-to-month,Yes,Electronic check,96.63,1743.45,0
CUST-101011,Male,0,Yes,Yes,68,Yes,Yes,DSL,Yes,Yes,Yes,Yes,Yes,Yes,Two year,Yes,Credit card (automatic),88.77,6135.0,0
CUST-100916,Female,0,No,No,3,Yes,No,Fiber optic,No,No,No,No,No,No,Month-to-month,Yes,Electronic check,70.14,201.66,0
CUST-102282,Female,0,No,No,2,Yes,No,Fiber optic,Yes,Yes,No,Yes,No,No,Month-to-month,Yes,Electronic check,86.1,181.94,1
CUST-101945,Female,0,No,No,68,Yes,Yes,DSL,Yes,No,No,No,No,No,Month-to-month,No,Mailed check,54.39,3687.58,0
CUST-106083,Female,0,Yes,Yes,72,Yes,Yes,DSL,Yes,Yes,Yes,Yes,Yes,No,Two year,No,Bank transfer (automatic),79.85,5714.6,0
CUST-100608,Female,0,No,No,25,Yes,No,DSL,No,Yes,No,Yes,No,Yes,Month-to-month,Yes,Bank transfer (automatic),65.69,1681.15,0
CUST-100404,Female,0,No,No,71,Yes,Yes,Fiber optic,No,Yes,Yes,Yes,Yes,Yes,Two year,Yes,Electronic check,111.24,7985.54,0
CUST-104922,Female,0,Yes,No,19,Yes,No,Fiber optic,Yes,No,No,No,No,No,Month-to-month,Yes,Electronic check,73.32,1442.98,1
CUST-104128,Male,1,No,No,24,Yes,Yes,Fiber optic,No,Yes,No,No,No,No,Month-to-month,Yes,Electronic check,80.75,2086.72,0
CUST-100692,Male,1,Yes,No,43,Yes,No,Fiber optic,No,Yes,Yes,No,Yes,Yes,One year,Yes,Bank transfer (automatic),100.41,4304.68,0
CUST-102385,Female,0,Yes,No,20,Yes,Yes,Fiber optic,Yes,No,No,No,No,No,Month-to-month,No,Electronic check,82.35,1592.61,1
CUST-106315,Male,0,No,No,10,Yes,No,Fiber optic,No,No,No,No,No,No,Month-to-month,No,Mailed check,70.0,736.05,0
CUST-106396,Male,0,Yes,No,47,Yes,Yes,Fiber optic,No,Yes,Yes,No,No,No,Month-to-month,Yes,Bank transfer (automatic),83.17,4064.8,1
CUST-100540,Female,0,Yes,Yes,61,Yes,Yes,Fiber optic,Yes,Yes,Yes,Yes,Yes,Yes,Two year,No,Credit card (automatic),115.01,7007.93,0
CUST-102770,Female,1,No,No,35,Yes,Yes,Fiber optic,Yes,Yes,Yes,No,Yes,Yes,One year,Yes,Electronic check,108.44,3726.92,0
CUST-100247,Female,0,No,No,21,Yes,No,DSL,Yes,No,Yes,Yes,No,No,One year,Yes,Electronic check,60.24,1258.63,0
CUST-101968,Female,0,No,No,24,Yes,Yes,Fiber optic,No,No,Yes,No,Yes,Yes,Month-to-month,Yes,Electronic check,98.68,2410.77,1
CUST-102701,Female,0,No,No,1,Yes,No,Fiber optic,No,No,No,No,No,No,Month-to-month,No,Mailed check,70.86,70.83,1
CUST-104334,Male,1,Yes,Yes,41,Yes,Yes,Fiber optic,No,Yes,Yes,Yes,Yes,Yes,One year,Yes,Electronic check,112.0,4535.0,1
CUST-103396,Male,1,No,No,9,Yes,Yes,Fiber optic,No,No,Yes,No,Yes,Yes,Month-to-month,Yes,Electronic check,100.44,919.97,1
CUST-102758,Female,0,Yes,Yes,40,Yes,Yes,No,No internet service,No internet service,No internet service,No internet service,No internet service,No internet service,Month-to-month,Yes,Electronic check,26.46,1078.38,0
CUST-100281,Male,0,Yes,Yes,6,Yes,No,No,No internet service,No internet service,No internet service,No internet service,No internet service,No internet service,Month-to-month,No,Mailed check,19.98,121.03,0
CUST-103859,Female,0,Yes,No,68,Yes,Yes,No,No internet service,No internet service,No internet service,No internet service,No internet service,No internet service,Two year,No,Credit card (automatic),26.2,1909.05,0
CUST-101367,Female,0,Yes,Yes,68,Yes,No,No,No internet service,No internet service,No internet service,No internet service,No internet service,No internet service,Two year,Yes,Bank transfer (automatic),19.49,1291.68,0
CUST-106784,Female,1,Yes,No,27,Yes,No,Fiber optic,Yes,No,No,No,No,No,Month-to-month,Yes,Bank transfer (automatic),75.46,1928.56,1
CUST-100053,Male,0,No,No,4,Yes,No,Fiber optic,No,No,Yes,Yes,No,Yes,Month-to-month,Yes,Electronic check,90.32,355.98,0
CUST-102356,Male,0,Yes,Yes,58,Yes,No,Fiber optic,No,Yes,No,No,Yes,Yes,Month-to-month,Yes,Electronic check,92.91,5303.12,0
CUST-101121,Male,0,Yes,No,67,Yes,No,Fiber optic,Yes,Yes,Yes,Yes,Yes,Yes,Two year,Yes,Electronic check,110.95,7322.44,0
CUST-100482,Female,0,No,No,70,No,No phone service,DSL,Yes,Yes,Yes,Yes,No,No,Two year,Yes,Bank transfer (automatic),44.7,3058.56,0
CUST-105444,Male,1,No,No,12,No,No phone service,DSL,No,No,Yes,Yes,No,Yes,Month-to-month,Yes,Electronic check,43.79,527.38,1
CUST-101857,Female,0,Yes,No,13,Yes,Yes,DSL,Yes,Yes,No,Yes,Yes,No,Month-to-month,Yes,Electronic check,75.93,981.25,0
CUST-101772,Female,1,No,No,54,Yes,Yes,DSL,Yes,Yes,No,Yes,Yes,Yes,One year,No,Bank transfer (automatic),82.43,4350.08,1
CUST-106824,Female,0,No,No,18,Yes,No,No,No internet service,No internet service,No internet service,No internet service,No internet service,No internet service,One year,No,Mailed check,20.17,407.32,0
CUST-100450,Male,1,Yes,No,1,Yes,Yes,Fiber optic,Yes,No,No,No,No,No,Month-to-month,Yes,Electronic check,80.4,80.6,1
CUST-103713,Female,0,Yes,No,65,Yes,Yes,Fiber optic,No,Yes,Yes,Yes,Yes,Yes,One year,Yes,Credit card (automatic),108.1,7120.9,0
CUST-106589,Female,0,No,No,35,Yes,No,No,No internet service,No internet service,No internet service,No internet service,No internet service,No internet service,Month-to-month,No,Bank transfer (automatic),19.33,618.69,0
CUST-100933,Female,0,Yes,Yes,40,No,No phone service,DSL,No,Yes,No,No,Yes,Yes,Month-to-month,Yes,Electronic check,50.85,2035.31,0
CUST-105552,Female,0,Yes,No,72,Yes,Yes,DSL,Yes,Yes,Yes,Yes,Yes,Yes,Two year,No,Bank transfer (automatic),91.84,6475.24,0
CUST-106051,Female,1,No,No,40,Yes,Yes,Fiber optic,No,No,Yes,Yes,Yes,Yes,One year,Yes,Credit card (automatic),104.13,4186.53,0
CUST-102477,Female,0,Yes,Yes,71,Yes,No,No,No internet service,No internet service,No internet service,No internet service,No internet service,No internet service,Two year,No,Bank transfer (automatic),19.96,1326.68,0
CUST-100866,Female,0,No,No,39,Yes,No,No,No internet service,No internet service,No internet service,No internet service,No internet service,No internet service,Two year,No,Mailed check,20.19,824.17,0
CUST-103868,Female,0,Yes,Yes,18,Yes,No,DSL,No,No,Yes,Yes,No,No,One year,Yes,Credit card (automatic),54.39,955.6,0
CUST-106513,Male,0,Yes,Yes,68,Yes,No,Fiber optic,Yes,No,No,Yes,Yes,Yes,Two year,Yes,Electronic check,99.86,6666.77,0
CUST-100339,Female,0,Yes,Yes,18,Yes,Yes,No,No internet service,No internet service,No internet service,No internet service,No internet service,No internet service,Two year,Yes,Credit card (automatic),24.48,470.62,0
CUST-101935,Female,0,Yes,Yes,72,Yes,No,No,No internet service,No internet service,No internet service,No internet service,No internet service,No internet service,Two year,Yes,Mailed check,20.81,1479.85,0
CUST-100293,Male,0,No,No,12,Yes,No,No,No internet service,No internet service,No internet service,No internet service,No internet service,No internet service,Month-to-month,No,Mailed check,20.52,256.21,0
CUST-100041,Female,0,No,Yes,22,Yes,No,No,No internet service,No internet service,No internet service,No internet service,No internet service,No internet service,Month-to-month,Yes,Electronic check,20.39,467.27,0
CUST-106459,Female,0,No,No,52,Yes,Yes,Fiber optic,Yes,Yes,No,Yes,Yes,Yes,One year,Yes,Credit card (automatic),111.36,5916.1,1
CUST-105049,Female,1,No,No,2,Yes,Yes,Fiber optic,No,No,Yes,No,No,Yes,Month-to-month,Yes,Electronic check,88.76,176.25,1
CUST-105654,Female,0,Yes,Yes,3,Yes,Yes,DSL,No,Yes,Yes,No,Yes,No,Month-to-month,Yes,Bank transfer (automatic),69.3,235.8,0
CUST-104583,Female,0,Yes,Yes,26,Yes,No,No,No internet service,No internet service,No internet service,No internet service,No internet service,No internet service,Two year,No,Credit card (automatic),19.73,495.77,0
CUST-100329,Male,0,No,No,46,No,No phone service,DSL,Yes,No,Yes,Yes,Yes,Yes,Two year,Yes,Bank transfer (automatic),60.52,2893.23,0
CUST-104181,Male,0,Yes,No,72,Yes,Yes,Fiber optic,Yes,Yes,No,Yes,Yes,Yes,Two year,Yes,Credit card (automatic),109.15,7876.55,0
CUST-104256,Male,0,Yes,Yes,14,Yes,Yes,DSL,Yes,Yes,No,No,No,Yes,Month-to-month,No,Mailed check,68.97,944.14,0
CUST-102165,Male,0,Yes,Yes,66,Yes,Yes,No,No internet service,No internet service,No internet service,No internet service,No internet service,No internet service,Two year,Yes,Credit card (automatic),25.2,1671.7,0
CUST-106265,Male,0,No,No,2,Yes,No,No,No internet service,No internet service,No internet service,No internet service,No internet service,No internet service,Month-to-month,No,Mailed check,20.22,29.98,1
CUST-104101,Female,0,No,No,1,Yes,No,No,No internet service,No internet service,No internet service,No internet service,No internet service,No internet service,Month-to-month,No,Credit card (automatic),20.07,21.2,0
CUST-104276,Female,0,No,No,71,Yes,No,DSL,Yes,Yes,Yes,Yes,Yes,No,Two year,No,Credit card (automatic),77.29,5553.67,0
CUST-101965,Female,0,No,No,2,Yes,No,DSL,No,No,No,No,No,No,Month-to-month,Yes,Mailed check,45.85,107.03,0
CUST-104159,Female,1,No,No,38,Yes,No,DSL,Yes,Yes,No,No,No,No,Month-to-month,Yes,Credit card (automatic),56.87,2251.89,1
CUST-104166,Male,0,Yes,Yes,51,Yes,No,DSL,Yes,Yes,No,Yes,No,No,Two year,No,Credit card (automatic),60.42,3121.58,0
CUST-103546,Female,0,No,No,61,Yes,Yes,DSL,Yes,No,Yes,Yes,Yes,Yes,Two year,No,Credit card (automatic),86.32,5175.0,0
CUST-104550,Male,0,No,No,17,Yes,Yes,DSL,Yes,No,No,No,No,Yes,Month-to-month,No,Bank transfer (automatic),65.58,1111.78,0
CUST-106649,Female,0,Yes,Yes,69,Yes,No,No,No internet service,No internet service,No internet service,No internet service,No internet service,No internet service,One year,Yes,Credit card (automatic),20.24,1442.83,0
CUST-102138,Female,0,Yes,Yes,46,Yes,No,No,No internet service,No internet service,No internet service,No internet service,No internet service,No internet service,Two year,No,Mailed check,19.56,966.69,0
CUST-106368,Male,0,Yes,Yes,61,Yes,No,No,No internet service,No internet service,No internet service,No internet service,No internet service,No internet service,One year,No,Mailed check,20.59,1228.57,0
CUST-101350,Female,0,Yes,Yes,41,Yes,No,No,No internet service,No internet service,No internet service,No internet service,No internet service,No internet service,Two year,No,Bank transfer (automatic),19.08,774.92,0
CUST-101630,Female,0,Yes,No,64,No,No phone service,DSL,Yes,No,Yes,Yes,No,Yes,Two year,No,Electronic check,47.78,3149.5,1
CUST-101884,Female,0,Yes,No,23,Yes,No,DSL,No,No,Yes,Yes,No,No,Month-to-month,No,Electronic check,54.6,1221.69,0
CUST-100745,Female,0,Yes,No,38,Yes,No,No,No internet service,No internet service,No internet service,No internet service,No internet service,No internet service,One year,Yes,Credit card (automatic),19.92,815.56,0
CUST-107010,Female,0,Yes,Yes,4,Yes,Yes,DSL,No,No,No,No,No,No,Month-to-month,No,Mailed check,50.45,238.79,1
CUST-104006,Male,0,No,No,53,No,No phone service,DSL,No,No,Yes,Yes,Yes,Yes,One year,No,Credit card (automatic),55.04,3045.66,0
CUST-105783,Female,1,Yes,No,44,Yes,No,Fiber optic,Yes,Yes,No,Yes,No,No,Month-to-month,Yes,Electronic check,85.01,3671.27,0
CUST-103716,Male,0,No,No,39,Yes,Yes,Fiber optic,No,No,No,No,No,No,Month-to-month,No,Electronic check,75.17,3017.89,1
CUST-104278,Female,0,Yes,No,48,Yes,No,Fiber optic,No,No,Yes,Yes,Yes,Yes,Month-to-month,Yes,Credit card (automatic),99.89,4836.5,0
CUST-101516,Male,0,No,Yes,1,Yes,No,DSL,Yes,No,No,No,No,No,Month-to-month,No,Mailed check,50.7,49.82,1
CUST-101334,Female,0,No,No,5,Yes,No,Fiber optic,No,No,No,No,Yes,No,Month-to-month,No,Electronic check,80.38,383.71,0
CUST-102012,Female,0,Yes,Yes,41,Yes,No,DSL,No,Yes,No,Yes,No,Yes,One year,Yes,Bank transfer (automatic),66.16,2728.04,1
CUST-101973,Female,0,No,No,71,Yes,Yes,Fiber optic,Yes,Yes,Yes,Yes,Yes,Yes,Two year,Yes,Credit card (automatic),113.22,7993.32,0
CUST-104122,Male,0,Yes,Yes,72,Yes,Yes,No,No internet service,No internet service,No internet service,No internet service,No internet service,No internet service,Two year,No,Credit card (automatic),23.99,1736.86,0
CUST-102649,Female,0,Yes,Yes,10,Yes,No,DSL,No,Yes,Yes,No,No,Yes,One year,Yes,Mailed check,65.77,663.15,0
CUST-103906,Male,0,Yes,Yes,9,No,No phone service,DSL,No,Yes,No,No,No,No,Month-to-month,Yes,Electronic check,29.81,248.5,1
CUST-105814,Male,0,No,No,2,Yes,No,Fiber optic,No,No,No,No,No,No,Month-to-month,No,Mailed check,70.4,128.77,0
CUST-100299,Female,0,Yes,No,24,Yes,No,Fiber optic,No,Yes,Yes,No,Yes,Yes,Month-to-month,Yes,Credit card (automatic),98.95,2431.07,1
CUST-100510,Male,0,No,Yes,27,Yes,Yes,Fiber optic,No,No,No,Yes,No,No,Month-to-month,Yes,Electronic check,79.3,2180.09,1
CUST-102255,Male,0,Yes,Yes,68,Yes,No,Fiber optic,Yes,Yes,No,Yes,No,Yes,Two year,No,Bank transfer (automatic),95.05,6685.59,0
CUST-105273,Male,0,Yes,Yes,60,Yes,No,No,No internet service,No internet service,No internet service,No internet service,No internet service,No internet service,Two year,Yes,Bank transfer (automatic),21.02,1268.35,0
CUST-100570,Female,1,Yes,No,60,Yes,Yes,Fiber optic,No,No,Yes,No,Yes,Yes,One year,Yes,Credit card (automatic),100.56,6028.61,0
CUST-106494,Male,0,Yes,Yes,13,Yes,No,Fiber optic,No,No,Yes,No,Yes,Yes,Month-to-month,Yes,Mailed check,96.43,1162.62,1
CUST-101679,Female,0,Yes,Yes,70,Yes,Yes,DSL,Yes,Yes,Yes,Yes,Yes,Yes,Two year,Yes,Bank transfer (automatic),88.95,6294.52,0
CUST-103293,Female,0,Yes,No,59,Yes,Yes,Fiber optic,Yes,Yes,Yes,No,Yes,Yes,One year,Yes,Credit card (automatic),109.28,6557.8,0
CUST-105006,Female,0,No,No,56,Yes,No,No,No internet service,No internet service,No internet service,No internet service,No internet service,No internet service,Two year,Yes,Bank transfer (automatic),19.78,1079.33,0
CUST-105398,Female,0,No,No,25,No,No phone service,DSL,No,No,Yes,Yes,Yes,Yes,One year,No,Electronic check,54.32,1421.5,0
CUST-102162,Female,0,No,No,56,No,No phone service,DSL,No,No,No,No,Yes,Yes,Month-to-month,Yes,Credit card (automatic),44.64,2565.88,0
CUST-104221,Female,0,No,No,3,Yes,No,No,No internet service,No internet service,No internet service,No internet service,No internet service,No internet service,Month-to-month,No,Mailed check,20.14,61.74,0
CUST-101519,Female,1,No,No,33,No,No phone service,DSL,Yes,Yes,Yes,No,Yes,Yes,Month-to-month,Yes,Bank transfer (automatic),59.22,1883.37,0
CUST-100529,Male,0,Yes,Yes,32,Yes,No,Fiber optic,No,No,No,No,No,No,Month-to-month,Yes,Bank transfer (automatic),69.49,2350.37,1
CUST-103552,Female,0,No,Yes,48,Yes,No,Fiber optic,No,Yes,Yes,Yes,Yes,No,Two year,Yes,Mailed check,95.15,4629.1,1
CUST-101100,Female,1,No,No,43,Yes,Yes,Fiber optic,No,Yes,No,No,Yes,No,Month-to-month,Yes,Electronic check,90.36,3839.18,0
CUST-102497,Male,0,Yes,Yes,70,Yes,No,No,No internet service,No internet service,No internet service,No internet service,No internet service,No internet service,Two year,No,Credit card (automatic),19.83,1359.12,0
CUST-103803,Male,0,Yes,No,36,Yes,No,No,No internet service,No internet service,No internet service,No internet service,No internet service,No internet service,One year,No,Bank transfer (automatic),20.99,718.11,0
CUST-103853,Female,0,Yes,No,43,Yes,Yes,Fiber optic,No,Yes,No,No,No,No,Month-to-month,No,Electronic check,80.75,3399.71,0
CUST-102143,Male,0,No,Yes,28,Yes,No,Fiber optic,Yes,No,No,No,No,No,Month-to-month,Yes,Bank transfer (automatic),74.68,2071.31,1
CUST-101948,Female,0,No,No,1,Yes,No,DSL,No,No,No,Yes,No,No,Month-to-month,Yes,Electronic check,52.1,52.24,1
CUST-100632,Female,0,Yes,No,14,Yes,No,Fiber optic,No,No,No,No,No,Yes,Month-to-month,Yes,Electronic check,78.21,1122.57,0
CUST-102105,Male,0,No,No,69,No,No phone service,DSL,Yes,Yes,No,Yes,Yes,Yes,Two year,Yes,Bank transfer (automatic),59.95,4175.36,0
CUST-107023,Male,0,No,No,5,No,No phone service,DSL,Yes,Yes,Yes,Yes,No,No,Month-to-month,Yes,Mailed check,43.29,218.77,1
CUST-105718,Male,0,No,No,8,Yes,Yes,Fiber optic,No,No,No,No,No,Yes,Month-to-month,Yes,Electronic check,86.62,647.85,1
CUST-100013,Male,0,Yes,Yes,51,Yes,Yes,No,No internet service,No internet service,No internet service,No internet service,No internet service,No internet service,One year,Yes,Mailed check,23.97,1215.52,0
CUST-100175,Female,0,No,No,71,Yes,Yes,No,No internet service,No internet service,No internet service,No internet service,No internet service,No internet service,Two year,No,Electronic check,24.4,1716.98,0
CUST-103422,Female,0,Yes,No,51,Yes,Yes,DSL,No,Yes,No,Yes,Yes,Yes,One year,Yes,Credit card (automatic),78.71,3952.68,0
CUST-102543,Male,1,No,No,67,Yes,Yes,Fiber optic,Yes,Yes,Yes,Yes,Yes,Yes,Two year,Yes,Credit card (automatic),115.9,7842.79,0
CUST-103878,Male,1,No,No,31,Yes,Yes,Fiber optic,No,No,Yes,Yes,Yes,No,Month-to-month,Yes,Bank transfer (automatic),96.33,2878.78,0
CUST-100139,Male,0,No,No,54,Yes,No,DSL,Yes,Yes,No,No,Yes,No,Two year,Yes,Bank transfer (automatic),65.24,3513.62,0
CUST-104569,Male,0,Yes,No,63,Yes,No,DSL,Yes,Yes,No,Yes,Yes,No,One year,No,Credit card (automatic),70.78,4450.89,0
CUST-104184,Female,0,No,No,1,Yes,No,DSL,Yes,No,No,No,No,No,Month-to-month,No,Bank transfer (automatic),49.05,46.19,0
CUST-104956,Female,0,No,No,70,Yes,No,No,No internet service,No internet service,No internet service,No internet service,No internet service,No internet service,One year,No,Bank transfer (automatic),19.92,1341.82,0
CUST-102681,Female,0,No,Yes,8,Yes,No,No,No internet service,No internet service,No internet service,No internet service,No internet service,No internet service,Month-to-month,No,Mailed check,20.06,171.21,0
CUST-106511,Male,1,No,No,72,Yes,Yes,Fiber optic,Yes,Yes,Yes,Yes,Yes,Yes,Two year,No,Bank transfer (automatic),113.87,7848.98,0
CUST-106308,Male,0,No,Yes,61,Yes,No,No,No internet service,No internet service,No internet service,No internet service,No internet service,No internet service,Two year,No,Mailed check,19.8,1123.17,0
CUST-103758,Female,0,Yes,No,16,Yes,No,No,No internet service,No internet service,No internet service,No internet service,No internet service,No internet service,Month-to-month,No,Mailed check,19.56,315.24,0
CUST-104052,Male,1,Yes,No,46,Yes,Yes,Fiber optic,No,No,Yes,No,Yes,Yes,Month-to-month,Yes,Electronic check,101.13,4679.01,1
CUST-103125,Female,0,Yes,Yes,47,Yes,No,No,No internet service,No internet service,No internet service,No internet service,No internet service,No internet service,Two year,No,Mailed check,19.91,949.04,0
CUST-104205,Female,0,No,No,70,Yes,Yes,DSL,Yes,Yes,Yes,No,Yes,Yes,Two year,No,Mailed check,84.85,5991.75,0
CUST-106421,Female,0,No,No,36,Yes,No,Fiber optic,No,Yes,No,No,Yes,Yes,Month-to-month,Yes,Credit card (automatic),95.18,3563.68,0
CUST-105800,Female,0,Yes,No,32,Yes,No,Fiber optic,Yes,No,No,No,No,No,Month-to-month,Yes,Bank transfer (automatic),75.41,2325.29,0
CUST-101752,Female,0,No,No,3,Yes,No,DSL,No,No,No,No,No,No,Month-to-month,No,Electronic check,44.51,124.06,0
CUST-100748,Male,0,Yes,No,64,Yes,Yes,DSL,No,Yes,No,Yes,No,Yes,One year,Yes,Mailed check,69.86,4480.38,0
CUST-104739,Male,0,Yes,No,22,Yes,No,Fiber optic,No,No,Yes,No,Yes,No,Month-to-month,Yes,Bank transfer (automatic),86.79,1849.3,0
CUST-104756,Male,0,Yes,No,25,No,No phone service,DSL,No,No,Yes,No,Yes,No,One year,Yes,Credit card (automatic),38.3,968.75,0
CUST-104994,Male,0,Yes,No,1,Yes,No,DSL,Yes,No,Yes,No,No,No,Month-to-month,No,Mailed check,55.94,53.19,0
CUST-104399,Female,0,No,No,20,Yes,No,Fiber optic,Yes,No,Yes,No,Yes,No,Month-to-month,Yes,Bank transfer (automatic),89.23,1872.42,0
CUST-101863,Female,0,Yes,Yes,72,Yes,No,No,No internet service,No internet service,No internet service,No internet service,No internet service,No internet service,Two year,No,Bank transfer (automatic),20.32,1462.78,0
CUST-104382,Male,1,Yes,No,20,Yes,Yes,Fiber optic,No,No,No,No,Yes,Yes,Month-to-month,Yes,Electronic check,94.48,1899.94,1
CUST-105031,Male,0,No,No,3,Yes,No,Fiber optic,No,Yes,No,No,No,Yes,Month-to-month,No,Electronic check,84.52,234.27,0
CUST-105585,Male,0,No,No,1,Yes,No,Fiber optic,No,No,No,No,Yes,No,Month-to-month,Yes,Electronic check,80.46,77.97,0
CUST-105570,Female,0,Yes,No,28,Yes,No,Fiber optic,Yes,No,No,No,Yes,Yes,Month-to-month,Yes,Mailed check,92.1,2603.82,1
CUST-103591,Male,0,No,Yes,72,No,No phone service,DSL,Yes,Yes,Yes,Yes,Yes,Yes,Two year,No,Credit card (automatic),67.2,4671.52,0
CUST-102300,Female,0,Yes,Yes,45,Yes,No,DSL,Yes,No,Yes,Yes,Yes,Yes,Two year,Yes,Mailed check,81.09,3531.21,0
CUST-104653,Male,1,No,No,57,Yes,Yes,DSL,No,Yes,Yes,No,Yes,Yes,Two year,Yes,Bank transfer (automatic),79.51,4437.26,0
CUST-105211,Male,0,No,No,19,Yes,Yes,Fiber optic,No,No,No,No,No,Yes,Month-to-month,Yes,Bank transfer (automatic),85.7,1535.31,1
CUST-102067,Female,0,No,No,4,Yes,No,No,No internet service,No internet service,No internet service,No internet service,No internet service,No internet service,Month-to-month,No,Mailed check,20.51,78.01,1
CUST-103086,Male,0,No,No,10,Yes,No,Fiber optic,No,No,Yes,No,Yes,Yes,Month-to-month,Yes,Electronic check,94.86,1047.43,1
CUST-104360,Female,1,Yes,No,32,Yes,Yes,Fiber optic,No,No,No,No,Yes,Yes,Month-to-month,Yes,Electronic check,93.26,2932.54,1
CUST-103452,Female,0,No,No,35,Yes,Yes,Fiber optic,Yes,Yes,Yes,Yes,Yes,Yes,Two year,Yes,Mailed check,113.11,3914.73,0
CUST-101807,Male,1,Yes,Yes,50,Yes,Yes,DSL,Yes,Yes,Yes,No,No,Yes,Two year,Yes,Bank transfer (automatic),75.23,3822.87,0
CUST-106066,Male,0,Yes,No,70,Yes,Yes,DSL,No,Yes,Yes,Yes,Yes,No,Two year,No,Bank transfer (automatic),73.25,5265.6,0
CUST-104896,Female,0,No,No,9,Yes,Yes,Fiber optic,No,No,Yes,No,Yes,Yes,Month-to-month,No,Credit card (automatic),98.46,923.0,1
CUST-102688,Female,0,Yes,Yes,39,Yes,Yes,Fiber optic,No,Yes,Yes,Yes,No,No,One year,Yes,Electronic check,89.62,3473.9,1
CUST-103509,Female,0,No,No,2,Yes,No,No,No internet service,No internet service,No internet service,No internet service,No internet service,No internet service,Month-to-month,No,Mailed check,20.1,38.91,0
CUST-106565,Female,0,Yes,No,69,Yes,Yes,Fiber optic,Yes,No,No,No,Yes,Yes,Two year,No,Bank transfer (automatic),99.25,6874.93,0
CUST-103569,Female,1,Yes,No,70,Yes,Yes,Fiber optic,Yes,Yes,Yes,Yes,Yes,Yes,Two year,Yes,Credit card (automatic),112.67,7985.75,0
CUST-104708,Male,1,Yes,No,28,Yes,Yes,Fiber optic,No,Yes,No,Yes,Yes,Yes,Month-to-month,Yes,Electronic check,105.73,2999.19,0
CUST-105184,Female,0,Yes,Yes,65,Yes,No,DSL,Yes,Yes,Yes,No,No,No,One year,No,Bank transfer (automatic),61.33,3874.57,0
CUST-103237,Male,1,Yes,No,71,Yes,No,DSL,Yes,Yes,No,Yes,Yes,No,One year,Yes,Bank transfer (automatic),71.21,5009.21,0
CUST-101433,Male,0,No,No,7,Yes,Yes,Fiber optic,No,No,No,No,No,Yes,Month-to-month,Yes,Mailed check,84.9,601.26,1
CUST-105150,Male,0,No,No,43,Yes,No,Fiber optic,Yes,No,No,No,No,No,Month-to-month,Yes,Electronic check,74.97,3201.05,1
CUST-102949,Female,0,No,No,24,Yes,No,No,No internet service,No internet service,No internet service,No internet service,No internet service,No internet service,One year,No,Credit card (automatic),20.63,525.5,0
CUST-100172,Female,0,No,No,17,Yes,No,No,No internet service,No internet service,No internet service,No internet service,No internet service,No internet service,Two year,No,Mailed check,19.0,355.9,0
CUST-106918,Female,0,Yes,No,21,Yes,Yes,Fiber optic,Yes,No,Yes,No,Yes,Yes,Month-to-month,Yes,Bank transfer (automatic),104.39,2201.64,1
CUST-103997,Male,0,Yes,No,62,Yes,Yes,Fiber optic,Yes,Yes,No,No,No,Yes,One year,No,Electronic check,96.13,6001.03,0
CUST-106890,Male,0,No,Yes,1,Yes,No,No,No internet service,No internet service,No internet service,No internet service,No internet service,No internet service,Month-to-month,No,Mailed check,19.66,23.0,1
CUST-104547,Female,0,Yes,Yes,56,Yes,No,DSL,Yes,Yes,Yes,No,No,No,Two year,Yes,Credit card (automatic),61.66,3347.5,0
CUST-102874,Female,0,No,No,3,Yes,No,Fiber optic,No,No,Yes,Yes,No,No,Month-to-month,No,Credit card (automatic),80.12,213.85,1
CUST-106085,Female,0,No,No,72,Yes,Yes,Fiber optic,Yes,Yes,Yes,Yes,Yes,Yes,Two year,Yes,Bank transfer (automatic),116.47,8012.14,0
CUST-103392,Male,0,No,No,35,Yes,No,DSL,Yes,Yes,Yes,No,No,No,One year,No,Mailed check,61.47,2021.84,0
CUST-100917,Female,0,No,No,48,No,No phone service,DSL,Yes,Yes,No,No,Yes,No,Month-to-month,Yes,Electronic check,44.96,2103.15,0
CUST-106329,Female,0,Yes,Yes,6,Yes,No,DSL,No,No,No,No,No,No,Month-to-month,No,Mailed check,45.15,286.04,0
CUST-106407,Female,0,Yes,Yes,25,Yes,No,Fiber optic,No,Yes,Yes,No,Yes,No,Month-to-month,Yes,Bank transfer (automatic),89.1,2258.27,1
CUST-100536,Female,0,No,No,35,Yes,No,Fiber optic,No,No,Yes,Yes,Yes,Yes,One year,Yes,Electronic check,99.14,3532.6,0
CUST-106684,Male,0,Yes,Yes,56,Yes,No,DSL,Yes,Yes,Yes,No,No,No,Two year,Yes,Bank transfer (automatic),59.54,3455.92,0
CUST-100856,Male,0,No,No,43,Yes,Yes,Fiber optic,No,No,No,No,No,No,Month-to-month,Yes,Credit card (automatic),75.28,3162.04,0
CUST-101310,Male,0,Yes,No,62,Yes,Yes,No,No internet service,No internet service,No internet service,No internet service,No internet service,No internet service,One year,Yes,Credit card (automatic),23.78,1448.16,0
CUST-105147,Female,1,Yes,No,1,Yes,Yes,Fiber optic,No,Yes,No,No,Yes,No,Month-to-month,Yes,Electronic check,90.44,91.23,1
CUST-101440,Male,0,No,No,4,Yes,No,DSL,Yes,No,Yes,No,No,No,Month-to-month,No,Electronic check,56.82,248.35,0
CUST-106593,Female,0,Yes,Yes,23,Yes,Yes,No,No internet service,No internet service,No internet service,No internet service,No internet service,No internet service,Two year,Yes,Credit card (automatic),25.48,515.82,0
CUST-103317,Female,0,No,No,3,Yes,No,No,No internet service,No internet service,No internet service,No internet service,No internet service,No internet service,Month-to-month,No,Electronic check,19.84,58.69,1
CUST-101931,Male,0,Yes,Yes,65,Yes,Yes,No,No internet service,No internet service,No internet service,No internet service,No internet service,No internet service,Two year,No,Credit card (automatic),24.63,1716.2,0
CUST-102038,Female,0,No,No,46,Yes,Yes,Fiber optic,No,Yes,Yes,No,No,Yes,One year,Yes,Electronic check,93.99,4410.3,0
CUST-105075,Male,0,No,No,39,Yes,No,Fiber optic,Yes,No,Yes,No,Yes,Yes,Two year,Yes,Electronic check,100.54,3801.35,0
CUST-106257,Female,1,Yes,No,8,Yes,Yes,Fiber optic,No,Yes,No,No,No,No,Month-to-month,Yes,Credit card (automatic),80.44,631.71,1
CUST-102558,Female,0,Yes,Yes,8,Yes,No,Fiber optic,No,Yes,No,No,Yes,No,Month-to-month,Yes,Electronic check,83.74,680.78,1
CUST-100194,Female,0,No,No,36,Yes,No,DSL,Yes,Yes,Yes,Yes,Yes,Yes,One year,No,Bank transfer (automatic),85.87,3002.98,0
CUST-104721,Male,0,No,No,1,Yes,No,No,No internet service,No internet service,No internet service,No internet service,No internet service,No internet service,Month-to-month,No,Mailed check,19.18,21.67,0
CUST-105424,Female,0,No,No,52,Yes,Yes,Fiber optic,No,Yes,No,No,No,No,One year,Yes,Mailed check,80.24,4297.71,0
CUST-100942,Female,0,Yes,No,10,Yes,No,No,No internet service,No internet service,No internet service,No internet service,No internet service,No internet service,One year,No,Mailed check,19.9,185.95,0
CUST-102354,Male,0,Yes,Yes,1,Yes,No,No,No internet service,No internet service,No internet service,No internet service,No internet service,No internet service,Month-to-month,No,Electronic check,20.01,18.81,0
CUST-102060,Male,0,Yes,No,46,No,No phone service,DSL,Yes,No,Yes,Yes,No,No,Two year,No,Credit card (automatic),40.22,1843.29,0
CUST-106570,Female,0,No,No,1,Yes,No,DSL,No,Yes,No,No,No,No,Month-to-month,No,Electronic check,50.36,52.73,1
CUST-100008,Female,0,Yes,No,72,Yes,Yes,DSL,Yes,Yes,Yes,Yes,Yes,Yes,Two year,No,Bank transfer (automatic),88.26,6521.25,0
CUST-101291,Male,0,Yes,No,72,Yes,Yes,DSL,Yes,Yes,Yes,No,Yes,Yes,Two year,Yes,Electronic check,85.33,6083.46,0
CUST-102851,Male,0,Yes,Yes,51,No,No phone service,DSL,Yes,Yes,Yes,No,Yes,Yes,One year,No,Electronic check,59.41,3014.75,1
CUST-103010,Male,0,No,No,34,No,No phone service,DSL,No,No,No,No,No,No,Month-to-month,Yes,Bank transfer (automatic),25.13,851.7,0
CUST-104259,Female,1,No,No,35,Yes,Yes,Fiber optic,Yes,Yes,Yes,Yes,Yes,Yes,One year,Yes,Bank transfer (automatic),110.97,3834.65,0
CUST-103067,Female,0,No,No,40,Yes,Yes,DSL,No,No,Yes,Yes,Yes,Yes,One year,Yes,Mailed check,80.63,3209.12,0
CUST-107004,Male,0,No,No,32,Yes,No,No,No internet service,No internet service,No internet service,No internet service,No internet service,No internet service,Two year,Yes,Bank transfer (automatic),20.2,617.36,0
CUST-100043,Male,0,Yes,No,31,Yes,No,DSL,No,No,Yes,Yes,No,Yes,Month-to-month,Yes,Credit card (automatic),66.63,2018.17,0
CUST-103609,Female,0,Yes,Yes,69,Yes,Yes,Fiber optic,No,Yes,Yes,Yes,Yes,Yes,One year,Yes,Bank transfer (automatic),108.41,7492.31,0
CUST-105331,Male,0,Yes,No,36,Yes,Yes,Fiber optic,No,No,No,No,Yes,Yes,Month-to-month,Yes,Electronic check,95.34,3474.04,0
CUST-101872,Male,0,Yes,No,40,Yes,Yes,Fiber optic,No,No,No,No,Yes,Yes,Month-to-month,Yes,Bank transfer (automatic),97.63,3706.16,1
CUST-104847,Male,0,Yes,Yes,67,Yes,Yes,Fiber optic,Yes,Yes,Yes,No,Yes,Yes,One year,Yes,Electronic check,111.33,7482.19,1
CUST-105354,Male,0,Yes,No,41,Yes,Yes,DSL,No,No,Yes,No,Yes,Yes,One year,Yes,Electronic check,73.18,3001.25,1
CUST-103310,Female,0,No,No,47,Yes,No,No,No internet service,No internet service,No internet service,No internet service,No internet service,No internet service,Two year,Yes,Mailed check,20.75,947.58,0
CUST-103437,Male,0,Yes,Yes,38,Yes,Yes,Fiber optic,No,No,Yes,Yes,Yes,No,Two year,Yes,Bank transfer (automatic),94.97,3618.01,0
CUST-100919,Male,0,No,No,17,Yes,No,Fiber optic,No,No,No,No,No,No,Month-to-month,Yes,Electronic check,70.88,1203.34,0
CUST-105481,Male,0,Yes,Yes,71,Yes,Yes,Fiber optic,Yes,No,No,No,Yes,Yes,Two year,Yes,Electronic check,97.22,6912.16,0
CUST-102894,Male,0,Yes,Yes,65,Yes,No,No,No internet service,No internet service,No internet service,No internet service,No internet service,No internet service,Two year,No,Mailed check,20.04,1291.27,0
CUST-101525,Female,0,Yes,Yes,56,Yes,Yes,Fiber optic,Yes,No,Yes,Yes,Yes,Yes,Month-to-month,Yes,Mailed check,109.85,5954.07,0
CUST-100290,Male,0,No,No,17,Yes,No,No,No internet service,No internet service,No internet service,No internet service,No internet service,No internet service,Month-to-month,No,Credit card (automatic),21.09,386.95,0
CUST-105146,Female,1,Yes,No,72,Yes,Yes,Fiber optic,Yes,Yes,Yes,Yes,Yes,Yes,Two year,Yes,Bank transfer (automatic),114.88,8319.83,0
CUST-105999,Male,0,No,No,35,Yes,No,Fiber optic,Yes,No,No,Yes,No,Yes,One year,Yes,Electronic check,89.17,3250.2,0
CUST-105136,Female,0,No,No,4,Yes,No,DSL,Yes,Yes,No,Yes,No,No,Month-to-month,Yes,Mailed check,60.17,271.55,1
CUST-103037,Female,0,Yes,Yes,0,Yes,No,DSL,Yes,Yes,Yes,No,Yes,Yes,Two year,No,Mailed check,81.02,,0
CUST-100988,Female,0,No,No,1,Yes,No,No,No internet service,No internet service,No internet service,No internet service,No internet service,No internet service,Month-to-month,Yes,Mailed check,20.5,18.23,0
CUST-105242,Male,0,No,No,26,Yes,No,No,No internet service,No internet service,No internet service,No internet service,No internet service,No internet service,Month-to-month,No,Mailed check,21.09,520.98,0
CUST-100294,Female,0,Yes,Yes,36,Yes,No,No,No internet service,No internet service,No internet service,No internet service,No internet service,No internet service,Month-to-month,No,Bank transfer (automatic),19.04,703.41,0
CUST-104297,Male,0,No,No,26,Yes,No,No,No internet service,No internet service,No internet service,No internet service,No internet service,No internet service,Month-to-month,Yes,Electronic check,20.29,511.66,0
CUST-104748,Female,0,Yes,Yes,8,Yes,No,No,No internet service,No internet service,No internet service,No internet service,No internet service,No internet service,Two year,Yes,Mailed check,19.75,147.29,0
CUST-105164,Female,0,Yes,Yes,2,No,No phone service,DSL,No,No,No,Yes,No,No,Month-to-month,No,Bank transfer (automatic),28.82,45.55,0
CUST-105928,Male,0,Yes,Yes,70,Yes,Yes,DSL,Yes,Yes,Yes,Yes,Yes,Yes,Two year,Yes,Credit card (automatic),90.2,6235.47,0
CUST-106425,Male,0,No,No,60,Yes,Yes,Fiber optic,No,Yes,No,No,Yes,No,Month-to-month,Yes,Bank transfer (automatic),89.92,5451.62,0
CUST-102073,Female,1,Yes,No,56,Yes,Yes,DSL,Yes,Yes,Yes,Yes,No,No,One year,Yes,Credit card (automatic),68.44,4014.19,0
CUST-106013,Male,0,Yes,No,72,Yes,Yes,Fiber optic,Yes,No,Yes,Yes,Yes,Yes,Two year,Yes,Credit card (automatic),111.02,8241.91,0
CUST-102260,Male,1,Yes,No,29,Yes,Yes,Fiber optic,No,No,No,Yes,No,No,Month-to-month,Yes,Electronic check,79.7,2413.43,0
CUST-103243,Male,0,Yes,No,20,Yes,No,Fiber optic,No,No,No,No,Yes,Yes,Month-to-month,Yes,Mailed check,89.09,1822.35,1
CUST-102877,Female,0,No,No,22,Yes,Yes,Fiber optic,No,No,No,No,No,No,One year,Yes,Credit card (automatic),75.77,1784.11,0
CUST-107021,Male,0,No,No,14,Yes,No,Fiber optic,No,No,Yes,No,No,No,Month-to-month,No,Electronic check,76.53,1119.46,0
CUST-101061,Male,0,Yes,No,2,Yes,No,DSL,No,Yes,No,Yes,No,Yes,Month-to-month,Yes,Mailed check,64.27,143.41,0
CUST-104071,Female,0,No,No,23,Yes,No,No,No internet service,No internet service,No internet service,No internet service,No internet service,No internet service,Month-to-month,Yes,Mailed check,19.8,470.27,0
CUST-106734,Male,0,Yes,No,70,Yes,Yes,No,No internet service,No internet service,No internet service,No internet service,No internet service,No internet service,Two year,No,Bank transfer (automatic),23.97,1722.67,0
CUST-103634,Female,0,Yes,Yes,61,Yes,Yes,DSL,Yes,Yes,Yes,Yes,Yes,Yes,Two year,No,Mailed check,87.71,5525.22,0
CUST-103079,Female,0,Yes,No,72,No,No phone service,DSL,Yes,Yes,Yes,No,No,Yes,Two year,Yes,Electronic check,48.61,3582.68,0
CUST-106256,Female,0,Yes,Yes,72,Yes,Yes,Fiber optic,Yes,Yes,Yes,Yes,Yes,No,Two year,No,Credit card (automatic),106.12,7656.69,0
CUST-105625,Male,0,Yes,Yes,12,Yes,No,No,No internet service,No internet service,No internet service,No internet service,No internet service,No internet service,Two year,No,Bank transfer (automatic),20.76,261.36,0
CUST-100068,Male,0,No,No,12,Yes,No,Fiber optic,Yes,No,Yes,No,No,No,Month-to-month,No,Bank transfer (automatic),81.61,857.82,1
CUST-106262,Female,0,No,No,4,Yes,No,Fiber optic,No,Yes,No,No,No,No,Month-to-month,Yes,Bank transfer (automatic),76.55,332.63,1
CUST-102785,Female,1,Yes,No,65,Yes,No,Fiber optic,Yes,Yes,Yes,No,No,Yes,Month-to-month,No,Electronic check,94.8,6128.47,0
CUST-100347,Female,0,Yes,No,47,Yes,No,DSL,Yes,No,Yes,No,Yes,No,One year,Yes,Credit card (automatic),65.93,3019.28,0
CUST-102880,Female,0,Yes,No,68,Yes,Yes,DSL,Yes,Yes,Yes,Yes,Yes,Yes,Two year,Yes,Electronic check,91.75,6425.21,0
CUST-104107,Male,0,Yes,Yes,67,No,No phone service,DSL,Yes,No,No,No,Yes,Yes,Two year,No,Credit card (automatic),50.74,3279.57,0
CUST-105088,Male,0,Yes,Yes,0,Yes,No,No,No internet service,No internet service,No internet service,No internet service,No internet service,No internet service,Two year,No,Mailed check,19.94,,0
CUST-104766,Male,1,No,No,42,Yes,Yes,Fiber optic,No,Yes,No,No,No,No,Month-to-month,Yes,Bank transfer (automatic),79.38,3346.7,0
CUST-101140,Male,0,Yes,Yes,25,Yes,Yes,No,No internet service,No internet service,No internet service,No internet service,No internet service,No internet service,Two year,No,Credit card (automatic),25.48,627.88,0
CUST-100773,Male,0,No,No,58,Yes,No,Fiber optic,Yes,Yes,No,No,Yes,Yes,One year,No,Bank transfer (automatic),99.1,5718.94,0
CUST-102414,Female,0,No,Yes,3,No,No phone service,DSL,No,Yes,No,No,No,No,Month-to-month,No,Mailed check,29.61,89.02,0
CUST-106654,Female,0,Yes,Yes,51,No,No phone service,DSL,Yes,No,No,Yes,No,No,Two year,No,Bank transfer (automatic),34.23,1780.43,0
CUST-103582,Female,0,No,No,13,Yes,Yes,Fiber optic,No,No,No,No,No,No,Month-to-month,Yes,Mailed check,74.88,998.02,1
CUST-106305,Male,0,Yes,No,72,Yes,Yes,DSL,Yes,Yes,Yes,Yes,Yes,Yes,Two year,Yes,Credit card (automatic),88.92,6299.44,0
CUST-104341,Male,0,Yes,No,63,Yes,No,No,No internet service,No internet service,No internet service,No internet service,No internet service,No internet service,Two year,Yes,Bank transfer (automatic),19.68,1232.26,0
CUST-101694,Female,1,No,No,16,Yes,Yes,Fiber optic,No,No,No,No,Yes,Yes,Month-to-month,Yes,Electronic check,96.18,1527.55,1
CUST-105576,Male,0,No,No,63,Yes,Yes,Fiber optic,No,Yes,Yes,No,Yes,Yes,Two year,Yes,Bank transfer (automatic),105.1,6539.01,0
CUST-103675,Male,0,Yes,No,53,Yes,Yes,DSL,Yes,No,Yes,Yes,Yes,No,One year,No,Bank transfer (automatic),77.48,4154.97,0
CUST-100818,Male,0,No,No,52,Yes,Yes,DSL,Yes,Yes,Yes,Yes,Yes,Yes,Two year,Yes,Mailed check,89.21,4655.5,0
CUST-105539,Male,0,No,No,35,Yes,No,DSL,No,No,No,No,Yes,No,Month-to-month,No,Mailed check,54.97,2011.18,1
CUST-105392,Male,0,No,No,6,Yes,No,DSL,No,No,No,No,No,No,Month-to-month,No,Electronic check,44.86,271.77,1
CUST-106238,Male,0,Yes,Yes,15,Yes,Yes,DSL,No,No,Yes,Yes,No,No,Month-to-month,Yes,Bank transfer (automatic),59.42,868.68,0
CUST-105985,Female,0,No,No,29,Yes,Yes,Fiber optic,No,No,No,No,No,No,Month-to-month,Yes,Credit card (automatic),75.95,2216.47,0
CUST-105649,Female,0,Yes,Yes,23,Yes,No,No,No internet service,No internet service,No internet service,No internet service,No internet service,No internet service,One year,No,Mailed check,19.89,415.88,0
CUST-100599,Female,1,No,No,46,Yes,Yes,Fiber optic,No,Yes,Yes,No,Yes,Yes,Month-to-month,Yes,Electronic check,104.41,4863.5,0
CUST-103287,Female,1,No,No,1,Yes,No,Fiber optic,No,No,No,No,No,No,Month-to-month,Yes,Electronic check,70.14,70.54,1
CUST-104558,Female,0,No,No,5,Yes,No,No,No internet service,No internet service,No internet service,No internet service,No internet service,No internet service,One year,No,Electronic check,19.09,101.01,0
CUST-106888,Male,0,No,No,1,Yes,No,Fiber optic,No,No,No,No,Yes,No,Month-to-month,Yes,Electronic check,80.03,79.24,1
CUST-101237,Male,0,No,No,51,Yes,No,No,No internet service,No internet service,No internet service,No internet service,No internet service,No internet service,Two year,No,Mailed check,20.55,1040.73,0
CUST-105797,Male,1,Yes,Yes,61,Yes,Yes,Fiber optic,No,Yes,No,No,Yes,Yes,One year,No,Electronic check,98.69,5969.59,0
CUST-103155,Female,0,Yes,No,1,Yes,No,Fiber optic,No,No,No,No,Yes,No,Month-to-month,No,Electronic check,78.76,79.68,1
CUST-103913,Male,0,Yes,No,72,Yes,Yes,Fiber optic,Yes,Yes,Yes,Yes,Yes,Yes,Two year,Yes,Credit card (automatic),116.92,8597.57,0
CUST-100184,Male,0,Yes,No,42,Yes,Yes,Fiber optic,No,Yes,Yes,No,Yes,No,Month-to-month,Yes,Bank transfer (automatic),95.13,3958.15,1
CUST-102906,Female,0,Yes,No,42,No,No phone service,DSL,No,Yes,No,Yes,No,No,One year,No,Mailed check,33.63,1445.1,1
CUST-105369,Female,0,Yes,No,37,Yes,Yes,DSL,Yes,No,Yes,Yes,No,No,One year,No,Credit card (automatic),68.26,2478.25,0
CUST-103821,Male,0,Yes,Yes,63,Yes,Yes,Fiber optic,No,Yes,Yes,No,Yes,Yes,Two year,Yes,Bank transfer (automatic),104.53,6597.57,0
CUST-102445,Female,0,No,No,16,Yes,Yes,Fiber optic,No,Yes,Yes,No,No,Yes,Month-to-month,Yes,Credit card (automatic),95.78,1556.23,1
CUST-101595,Male,0,No,No,70,No,No phone service,DSL,No,No,No,Yes,No,Yes,Two year,Yes,Mailed check,40.02,2801.79,0
CUST-106211,Female,0,No,No,12,Yes,No,DSL,No,No,No,No,No,No,Month-to-month,No,Bank transfer (automatic),44.03,539.87,0
CUST-100931,Male,0,No,No,1,Yes,No,DSL,No,No,No,No,Yes,Yes,Month-to-month,Yes,Mailed check,62.56,65.69,0
CUST-100352,Male,1,No,No,1,Yes,No,DSL,No,No,No,No,No,No,Month-to-month,No,Electronic check,43.75,43.37,0
CUST-104852,Male,0,Yes,Yes,35,Yes,No,No,No internet service,No internet service,No internet service,No internet service,No internet service,No internet service,Two year,No,Mailed check,19.56,686.86,0
CUST-104544,Female,0,No,No,1,Yes,No,No,No internet service,No internet service,No internet service,No internet service,No internet service,No internet service,Month-to-month,No,Mailed check,19.91,18.43,0
CUST-103015,Male,0,No,No,3,Yes,No,DSL,No,No,No,No,No,No,Month-to-month,Yes,Electronic check,45.36,142.52,1
CUST-103730,Female,0,Yes,Yes,61,Yes,Yes,No,No internet service,No internet service,No internet service,No internet service,No internet service,No internet service,Two year,Yes,Mailed check,24.11,1446.23,0
CUST-102746,Female,0,No,No,1,Yes,Yes,DSL,No,No,No,No,No,Yes,Month-to-month,Yes,Electronic check,60.49,59.81,1
CUST-104346,Male,0,No,Yes,51,Yes,No,DSL,No,No,No,Yes,No,No,One year,No,Credit card (automatic),47.85,2356.7,0
CUST-104197,Female,0,No,No,29,Yes,Yes,Fiber optic,No,No,Yes,No,Yes,Yes,Month-to-month,Yes,Credit card (automatic),98.56,2931.08,1
CUST-100836,Male,0,Yes,No,10,Yes,No,Fiber optic,No,No,No,No,No,No,Month-to-month,Yes,Electronic check,70.09,735.52,1
CUST-102745,Female,0,Yes,Yes,68,Yes,Yes,Fiber optic,Yes,No,Yes,Yes,Yes,Yes,Two year,No,Credit card (automatic),111.61,7510.58,0
CUST-102694,Male,0,No,No,23,Yes,Yes,Fiber optic,No,No,Yes,No,No,No,Month-to-month,Yes,Electronic check,80.74,1916.12,1
CUST-106622,Female,0,No,No,53,Yes,No,No,No internet service,No internet service,No internet service,No internet service,No internet service,No internet service,Two year,No,Mailed check,20.12,1046.83,0
CUST-105110,Female,0,Yes,Yes,32,Yes,Yes,Fiber optic,Yes,No,No,No,Yes,No,Month-to-month,No,Electronic check,89.28,2901.05,0
CUST-104298,Female,1,No,No,56,Yes,Yes,Fiber optic,No,Yes,Yes,Yes,Yes,No,Two year,Yes,Bank transfer (automatic),99.83,5705.2,0
CUST-103806,Female,0,No,No,5,Yes,Yes,Fiber optic,No,No,Yes,No,Yes,Yes,Month-to-month,Yes,Electronic check,100.32,513.55,1
CUST-100051,Male,0,No,No,42,Yes,No,No,No internet service,No internet service,No internet service,No internet service,No internet service,No internet service,One year,Yes,Mailed check,19.81,839.71,0
CUST-103724,Male,0,No,Yes,20,Yes,No,No,No internet service,No internet service,No internet service,No internet service,No internet service,No internet service,Month-to-month,Yes,Electronic check,19.46,376.36,1
CUST-101059,Female,0,No,No,12,Yes,No,DSL,No,No,No,No,No,No,Month-to-month,Yes,Electronic check,45.03,523.98,0
CUST-104410,Female,0,Yes,No,63,Yes,Yes,Fiber optic,No,Yes,Yes,Yes,Yes,Yes,Two year,Yes,Bank transfer (automatic),109.21,6840.75,0
CUST-101734,Female,0,No,No,11,Yes,Yes,No,No internet service,No internet service,No internet service,No internet service,No internet service,No internet service,One year,No,Electronic check,25.35,247.11,0
CUST-105349,Female,1,Yes,No,72,Yes,Yes,Fiber optic,Yes,Yes,Yes,Yes,No,No,Two year,Yes,Bank transfer (automatic),96.71,6830.16,0
CUST-101922,Male,1,Yes,No,24,No,No phone service,DSL,Yes,No,No,No,No,Yes,Month-to-month,No,Bank transfer (automatic),39.15,971.7,1
CUST-103871,Female,0,No,No,6,Yes,No,Fiber optic,No,No,No,No,No,No,Month-to-month,Yes,Mailed check,69.21,416.97,1
CUST-100676,Female,1,No,No,16,Yes,Yes,DSL,Yes,No,No,No,No,No,Month-to-month,Yes,Electronic check,54.04,889.75,0
CUST-106019,Female,0,No,No,60,Yes,No,No,No internet service,No internet service,No internet service,No internet service,No internet service,No internet service,Two year,No,Mailed check,20.6,1094.12,0
CUST-101194,Male,0,Yes,No,54,Yes,Yes,Fiber optic,No,Yes,Yes,No,Yes,Yes,Month-to-month,Yes,Electronic check,104.26,5278.05,1
CUST-105113,Female,1,No,No,67,Yes,Yes,DSL,No,Yes,No,No,No,No,Month-to-month,No,Electronic check,54.72,3727.37,0
CUST-101802,Male,0,No,No,6,Yes,No,DSL,Yes,Yes,No,No,No,No,Month-to-month,Yes,Bank transfer (automatic),55.77,338.77,0
CUST-100432,Female,0,No,No,2,Yes,No,Fiber optic,No,No,No,No,No,No,Month-to-month,No,Electronic check,68.98,119.82,1
CUST-100741,Male,1,Yes,No,39,Yes,Yes,Fiber optic,No,Yes,Yes,No,Yes,Yes,Month-to-month,Yes,Electronic check,105.87,4285.28,1
CUST-101417,Male,0,Yes,No,54,No,No phone service,DSL,No,Yes,No,No,No,No,Month-to-month,No,Electronic check,30.41,1619.05,0
CUST-103549,Male,1,No,No,70,No,No phone service,DSL,No,Yes,Yes,No,Yes,No,One year,Yes,Credit card (automatic),44.06,3011.58,0
CUST-102132,Male,0,Yes,Yes,72,Yes,Yes,DSL,Yes,Yes,Yes,Yes,Yes,No,Two year,No,Bank transfer (automatic),82.05,5815.52,0
CUST-103024,Male,1,No,No,3,Yes,Yes,Fiber optic,No,No,No,No,Yes,Yes,Month-to-month,Yes,Electronic check,95.1,336.16,0
CUST-106648,Female,1,No,No,2,Yes,Yes,Fiber optic,No,No,Yes,No,No,No,Month-to-month,Yes,Electronic check,78.5,151.11,1
CUST-101657,Male,0,Yes,Yes,62,Yes,No,No,No internet service,No internet service,No internet service,No internet service,No internet service,No internet service,Two year,No,Credit card (automatic),20.08,1263.11,0
CUST-100744,Female,0,No,No,59,Yes,Yes,DSL,Yes,Yes,Yes,Yes,No,Yes,One year,No,Credit card (automatic),79.81,4784.72,0
CUST-105218,Male,0,No,No,10,No,No phone service,DSL,No,No,Yes,No,No,No,Month-to-month,No,Mailed check,29.54,252.96,1
CUST-102776,Male,0,Yes,No,18,Yes,Yes,DSL,No,Yes,No,No,No,No,Month-to-month,No,Credit card (automatic),56.63,1072.38,0
CUST-100912,Female,0,Yes,No,70,Yes,Yes,DSL,Yes,Yes,Yes,Yes,Yes,Yes,Two year,Yes,Credit card (automatic),94.84,6856.2,0
CUST-104430,Female,0,Yes,No,10,Yes,No,No,No internet service,No internet service,No internet service,No internet service,No internet service,No internet service,Month-to-month,Yes,Mailed check,20.37,252.07,0
CUST-105025,Male,0,No,No,1,Yes,No,No,No internet service,No internet service,No internet service,No internet service,No internet service,No internet service,Month-to-month,No,Mailed check,19.62,19.15,1
CUST-105939,Male,0,No,No,1,Yes,No,No,No internet service,No internet service,No internet service,No internet service,No internet service,No internet service,Month-to-month,Yes,Mailed check,20.13,23.93,1
CUST-103570,Female,1,Yes,Yes,47,Yes,No,Fiber optic,No,No,No,No,No,No,Month-to-month,No,Bank transfer (automatic),70.46,3309.44,1
CUST-106011,Female,0,Yes,Yes,64,Yes,Yes,DSL,Yes,Yes,Yes,Yes,Yes,Yes,Two year,Yes,Mailed check,90.84,5818.66,0
CUST-102821,Male,0,No,No,2,Yes,No,DSL,No,Yes,No,No,No,No,Month-to-month,No,Mailed check,49.19,95.63,0
CUST-105439,Female,0,No,No,1,Yes,No,Fiber optic,Yes,No,No,No,No,No,Month-to-month,No,Mailed check,75.32,77.72,1
CUST-101815,Male,0,Yes,Yes,72,Yes,Yes,DSL,Yes,No,Yes,Yes,Yes,Yes,Two year,Yes,Credit card (automatic),83.53,6091.75,0
CUST-106618,Female,0,Yes,No,46,Yes,Yes,Fiber optic,No,Yes,No,Yes,Yes,Yes,One year,Yes,Electronic check,103.09,4595.83,0
CUST-102629,Female,0,No,No,5,Yes,No,DSL,Yes,No,No,Yes,Yes,No,Month-to-month,Yes,Electronic check,64.45,352.56,0
CUST-100613,Female,0,Yes,Yes,52,Yes,No,No,No internet service,No internet service,No internet service,No internet service,No internet service,No internet service,One year,Yes,Electronic check,20.46,1088.77,0
CUST-100909,Male,0,Yes,Yes,1,Yes,No,Fiber optic,No,No,No,No,No,Yes,Month-to-month,No,Electronic check,79.94,78.9,1
CUST-104644,Male,0,No,No,1,Yes,No,No,No internet service,No internet service,No internet service,No internet service,No internet service,No internet service,Month-to-month,Yes,Electronic check,19.98,19.76,1
CUST-101412,Male,1,No,No,20,Yes,Yes,Fiber optic,No,No,Yes,No,Yes,Yes,Month-to-month,Yes,Electronic check,98.38,1841.62,1
CUST-104299,Male,0,No,No,60,Yes,Yes,Fiber optic,No,No,Yes,No,Yes,No,Two year,Yes,Electronic check,89.36,5231.3,0
CUST-106842,Female,0,No,No,2,Yes,Yes,Fiber optic,No,No,No,No,No,No,Month-to-month,Yes,Mailed check,74.97,136.35,0
CUST-101415,Male,0,No,No,12,Yes,No,DSL,No,No,No,No,No,No,Month-to-month,Yes,Bank transfer (automatic),45.36,516.51,1
CUST-105945,Male,0,No,Yes,1,Yes,No,No,No internet service,No internet service,No internet service,No internet service,No internet service,No internet service,Month-to-month,Yes,Mailed check,20.05,18.56,0
CUST-103372,Female,0,Yes,Yes,10,Yes,No,DSL,No,No,Yes,Yes,No,No,Month-to-month,No,Credit card (automatic),55.24,529.33,1
CUST-105507,Female,0,Yes,No,46,Yes,No,DSL,No,Yes,No,Yes,Yes,No,Two year,Yes,Credit card (automatic),64.07,3009.0,0
CUST-100168,Female,0,Yes,Yes,69,Yes,Yes,DSL,Yes,No,Yes,Yes,No,No,Two year,Yes,Credit card (automatic),64.22,4254.11,0
CUST-104269,Female,0,No,No,55,Yes,Yes,Fiber optic,Yes,No,Yes,No,No,No,One year,Yes,Credit card (automatic),84.35,4587.78,0
CUST-104699,Female,0,Yes,Yes,33,Yes,Yes,No,No internet service,No internet service,No internet service,No internet service,No internet service,No internet service,Month-to-month,No,Bank transfer (automatic),24.07,838.62,0
CUST-101537,Male,0,Yes,Yes,52,Yes,No,DSL,No,Yes,Yes,Yes,Yes,No,One year,Yes,Electronic check,68.87,3482.04,0
CUST-100514,Male,0,Yes,Yes,25,Yes,No,DSL,No,Yes,Yes,No,No,No,One year,No,Mailed check,53.63,1355.67,0
CUST-102872,Male,0,No,No,7,Yes,No,DSL,No,No,No,No,No,No,Month-to-month,Yes,Bank transfer (automatic),44.76,319.17,0
CUST-100091,Male,0,No,Yes,47,Yes,No,No,No internet service,No internet service,No internet service,No internet service,No internet service,No internet service,One year,No,Credit card (automatic),20.43,1010.33,0
CUST-103734,Female,0,No,No,4,Yes,Yes,DSL,No,No,No,Yes,Yes,No,Month-to-month,Yes,Mailed check,64.17,254.08,0
CUST-101218,Female,0,No,No,38,Yes,No,No,No internet service,No internet service,No internet service,No internet service,No internet service,No internet service,One year,No,Mailed check,20.26,676.9,0
CUST-101302,Female,0,No,No,13,Yes,No,No,No internet service,No internet service,No internet service,No internet service,No internet service,No internet service,Month-to-month,Yes,Mailed check,20.5,273.15,0
CUST-102890,Female,0,Yes,No,42,Yes,No,Fiber optic,No,No,Yes,Yes,Yes,Yes,Two year,Yes,Credit card (automatic),98.86,4135.18,0
CUST-101729,Female,1,Yes,No,56,Yes,Yes,Fiber optic,Yes,Yes,Yes,Yes,No,No,One year,No,Electronic check,95.67,5471.0,0
CUST-102435,Female,0,No,No,13,Yes,No,DSL,Yes,No,No,Yes,No,No,One year,No,Mailed check,54.7,742.93,0
CUST-106708,Female,1,No,No,2,Yes,No,Fiber optic,No,No,No,No,No,No,Month-to-month,No,Electronic check,70.93,154.57,1
CUST-104895,Female,0,Yes,No,41,Yes,No,Fiber optic,No,Yes,Yes,Yes,No,No,One year,Yes,Bank transfer (automatic),86.41,3336.21,0
CUST-102202,Male,0,No,No,38,Yes,Yes,Fiber optic,No,No,Yes,Yes,Yes,No,One year,No,Bank transfer (automatic),94.94,3604.13,0
CUST-102303,Female,1,No,No,49,Yes,No,DSL,No,No,No,No,No,No,Month-to-month,No,Mailed check,43.59,2107.55,0
CUST-106817,Female,0,No,No,35,Yes,No,No,No internet service,No internet service,No internet service,No internet service,No internet service,No internet service,One year,No,Mailed check,20.71,701.21,0
CUST-104816,Male,1,No,No,1,Yes,No,DSL,No,No,No,No,No,No,Month-to-month,No,Bank transfer (automatic),45.38,46.45,0
CUST-104690,Female,0,No,No,1,Yes,No,No,No internet service,No internet service,No internet service,No internet service,No internet service,No internet service,Month-to-month,Yes,Bank transfer (automatic),20.21,18.76,1
CUST-105335,Female,0,No,No,9,Yes,No,Fiber optic,No,Yes,Yes,No,No,No,Month-to-month,No,Electronic check,80.47,656.22,0
CUST-105289,Male,0,Yes,Yes,72,Yes,Yes,No,No internet service,No internet service,No internet service,No internet service,No internet service,No internet service,Two year,No,Credit card (automatic),24.93,1859.28,0
CUST-101110,Female,1,No,No,25,Yes,Yes,Fiber optic,Yes,Yes,No,No,Yes,Yes,Month-to-month,Yes,Mailed check,102.8,2661.35,1
CUST-102584,Male,0,No,No,15,Yes,No,Fiber optic,No,No,Yes,Yes,Yes,Yes,Month-to-month,Yes,Electronic check,101.66,1552.14,1
CUST-103986,Male,0,No,No,42,Yes,Yes,Fiber optic,No,No,Yes,No,No,No,Month-to-month,No,Electronic check,79.85,3314.0,0
CUST-101861,Male,0,Yes,Yes,8,Yes,Yes,DSL,Yes,Yes,No,Yes,No,Yes,Two year,Yes,Credit card (automatic),76.17,645.02,0
CUST-102392,Male,0,No,No,53,Yes,No,No,No internet service,No internet service,No internet service,No internet service,No internet service,No internet service,Two year,No,Bank transfer (automatic),19.29,977.4,0
CUST-105909,Male,0,No,No,72,Yes,Yes,No,No internet service,No internet service,No internet service,No internet service,No internet service,No internet service,Two year,No,Bank transfer (automatic),24.57,1774.62,0
CUST-100896,Male,0,Yes,Yes,44,No,No phone service,DSL,No,No,Yes,Yes,Yes,Yes,One year,Yes,Electronic check,54.44,2319.07,0
CUST-101760,Male,0,No,No,3,Yes,No,DSL,No,No,No,No,Yes,No,Month-to-month,No,Mailed check,55.22,157.11,1
CUST-100028,Male,0,No,No,4,Yes,No,DSL,No,No,No,No,No,No,Month-to-month,Yes,Credit card (automatic),44.78,174.96,0
CUST-106521,Female,0,Yes,Yes,4,Yes,No,DSL,Yes,No,No,No,No,No,Month-to-month,No,Electronic check,50.27,218.33,0
CUST-104870,Female,1,No,No,1,No,No phone service,DSL,No,No,No,No,No,No,Month-to-month,No,Electronic check,25.38,26.85,1
CUST-102655,Female,0,Yes,No,21,Yes,Yes,Fiber optic,Yes,No,Yes,No,Yes,Yes,Month-to-month,Yes,Electronic check,104.08,2254.31,1
CUST-100923,Female,0,No,No,47,Yes,No,DSL,No,No,Yes,Yes,Yes,Yes,Two year,No,Mailed check,74.47,3508.71,0
CUST-103490,Male,1,Yes,No,62,Yes,Yes,Fiber optic,Yes,Yes,Yes,No,No,No,Month-to-month,Yes,Electronic check,88.97,5619.24,0
CUST-106744,Female,0,No,No,66,Yes,Yes,No,No internet service,No internet service,No internet service,No internet service,No internet service,No internet service,Two year,Yes,Credit card (automatic),25.16,1680.66,0
CUST-103931,Male,0,Yes,No,11,Yes,Yes,Fiber optic,No,No,No,No,No,No,Month-to-month,Yes,Electronic check,75.0,824.56,1
CUST-101246,Male,0,No,No,3,No,No phone service,DSL,No,Yes,No,Yes,No,No,Month-to-month,Yes,Mailed check,36.71,108.84,1
CUST-100717,Male,0,Yes,No,34,Yes,No,No,No internet service,No internet service,No internet service,No internet service,No internet service,No internet service,Two year,No,Credit card (automatic),20.11,679.58,0
CUST-101775,Male,1,Yes,No,72,Yes,Yes,Fiber optic,Yes,Yes,Yes,No,No,Yes,Two year,Yes,Credit card (automatic),102.86,7548.3,0
CUST-104655,Female,0,No,No,21,Yes,No,DSL,Yes,Yes,No,Yes,Yes,No,Two year,No,Credit card (automatic),70.89,1524.21,0
CUST-103672,Male,0,Yes,Yes,55,Yes,Yes,Fiber optic,No,No,Yes,No,Yes,No,Month-to-month,Yes,Credit card (automatic),90.59,5100.25,0
CUST-100672,Female,1,Yes,No,2,Yes,No,Fiber optic,No,No,No,No,No,No,Month-to-month,Yes,Electronic check,69.24,157.33,0
CUST-100448,Female,0,No,No,1,Yes,No,Fiber optic,Yes,No,No,No,Yes,Yes,Month-to-month,Yes,Electronic check,95.67,93.24,1
CUST-107019,Male,0,No,No,10,Yes,No,DSL,Yes,No,No,No,No,No,Month-to-month,Yes,Mailed check,52.11,527.73,0
CUST-103698,Male,0,Yes,Yes,68,Yes,Yes,DSL,No,Yes,Yes,Yes,No,Yes,One year,Yes,Bank transfer (automatic),76.04,5293.34,1
CUST-102017,Male,0,Yes,Yes,2,Yes,No,Fiber optic,No,No,No,No,Yes,Yes,Month-to-month,Yes,Bank transfer (automatic),89.74,185.22,1
CUST-103738,Female,0,Yes,Yes,24,Yes,Yes,No,No internet service,No internet service,No internet service,No internet service,No internet service,No internet service,Two year,No,Mailed check,24.99,570.89,0
CUST-104537,Female,0,Yes,No,66,Yes,Yes,Fiber optic,Yes,Yes,No,Yes,No,No,One year,No,Electronic check,89.27,5899.86,0
CUST-106081,Male,1,Yes,No,64,Yes,Yes,Fiber optic,No,No,Yes,Yes,Yes,Yes,Two year,No,Electronic check,101.8,6538.93,0
CUST-104438,Male,0,No,No,1,Yes,Yes,DSL,Yes,Yes,No,No,No,No,Month-to-month,No,Electronic check,61.36,60.08,0
CUST-101448,Female,1,No,No,1,Yes,No,Fiber optic,No,No,No,No,Yes,No,Month-to-month,Yes,Electronic check,79.5,81.37,1
CUST-104105,Male,0,Yes,Yes,9,Yes,No,No,No internet service,No internet service,No internet service,No internet service,No internet service,No internet service,Two year,No,Mailed check,19.5,196.7,0
CUST-100841,Female,1,No,No,34,Yes,Yes,Fiber optic,No,Yes,No,Yes,Yes,No,Month-to-month,Yes,Electronic check,96.21,3188.9,0
CUST-101198,Female,1,Yes,Yes,4,Yes,No,DSL,No,No,No,No,No,No,Month-to-month,No,Electronic check,46.07,182.98,1
CUST-106977,Male,0,No,No,53,Yes,Yes,No,No internet service,No internet service,No internet service,No internet service,No internet service,No internet service,Two year,No,Mailed check,24.38,1277.3,0
CUST-103904,Male,0,Yes,Yes,34,Yes,No,No,No internet service,No internet service,No internet service,No internet service,No internet service,No internet service,One year,No,Credit card (automatic),19.69,680.68,0
CUST-101315,Female,0,No,No,1,Yes,No,Fiber optic,No,No,No,No,No,No,Month-to-month,No,Electronic check,70.25,68.99,0
CUST-106188,Male,0,Yes,Yes,44,Yes,No,No,No internet service,No internet service,No internet service,No internet service,No internet service,No internet service,One year,No,Bank transfer (automatic),20.59,924.27,0
CUST-101174,Female,0,Yes,Yes,48,No,No phone service,DSL,Yes,Yes,No,Yes,No,No,Two year,No,Mailed check,39.15,1977.86,0
CUST-100797,Female,0,Yes,Yes,70,Yes,No,No,No internet service,No internet service,No internet service,No internet service,No internet service,No internet service,Two year,Yes,Mailed check,19.25,1400.02,0
CUST-104436,Male,0,No,No,1,No,No phone service,DSL,No,No,No,Yes,No,No,Month-to-month,No,Mailed check,29.17,29.69,0
CUST-102725,Female,0,Yes,No,18,No,No phone service,DSL,No,No,Yes,No,Yes,No,Month-to-month,Yes,Electronic check,39.1,669.11,1
CUST-103197,Female,0,No,No,12,Yes,Yes,Fiber optic,No,Yes,No,No,Yes,No,Month-to-month,Yes,Bank transfer (automatic),90.06,1051.75,1
CUST-102229,Female,0,Yes,No,1,Yes,No,No,No internet service,No internet service,No internet service,No internet service,No internet service,No internet service,Month-to-month,Yes,Mailed check,20.61,19.13,0
CUST-101483,Male,0,No,No,13,Yes,No,Fiber optic,No,No,No,No,No,No,Month-to-month,Yes,Electronic check,70.07,933.46,0
CUST-103046,Female,1,No,No,49,Yes,No,Fiber optic,No,Yes,Yes,No,No,Yes,One year,Yes,Bank transfer (automatic),89.95,4287.25,0
CUST-100151,Male,0,Yes,Yes,40,Yes,No,No,No internet service,No internet service,No internet service,No internet service,No internet service,No internet service,Month-to-month,Yes,Bank transfer (automatic),20.28,748.18,0
CUST-103761,Male,0,No,No,21,Yes,No,DSL,Yes,No,Yes,No,Yes,No,Month-to-month,No,Bank transfer (automatic),65.16,1427.08,0
CUST-106480,Female,0,No,No,25,Yes,No,Fiber optic,No,Yes,Yes,No,Yes,Yes,Month-to-month,Yes,Electronic check,99.74,2370.15,1
CUST-100211,Male,1,No,No,36,Yes,Yes,Fiber optic,Yes,No,No,No,Yes,No,Month-to-month,Yes,Electronic check,90.78,3186.88,1
CUST-101841,Female,0,Yes,No,48,No,No phone service,DSL,No,Yes,Yes,No,No,No,One year,No,Mailed check,34.47,1603.6,1
CUST-106378,Female,0,Yes,No,12,Yes,Yes,DSL,Yes,No,Yes,No,Yes,Yes,One year,No,Electronic check,78.61,877.61,0
CUST-103418,Female,0,Yes,No,34,Yes,Yes,DSL,Yes,No,No,Yes,No,No,Month-to-month,Yes,Bank transfer (automatic),61.0,2003.57,0
CUST-104683,Female,0,No,No,72,Yes,Yes,Fiber optic,Yes,Yes,Yes,Yes,Yes,Yes,Two year,No,Credit card (automatic),114.65,8406.62,0
CUST-104769,Female,1,Yes,No,70,Yes,No,No,No internet service,No internet service,No internet service,No internet service,No internet service,No internet service,Two year,Yes,Credit card (automatic),19.83,1462.47,0
CUST-102526,Female,0,Yes,Yes,72,Yes,Yes,Fiber optic,Yes,Yes,Yes,Yes,Yes,Yes,Two year,Yes,Credit card (automatic),116.16,8544.95,0
CUST-102992,Male,0,Yes,No,3,No,No phone service,DSL,No,No,No,Yes,No,No,Month-to-month,Yes,Electronic check,29.9,93.02,0
CUST-103993,Male,0,No,No,1,Yes,No,Fiber optic,No,No,No,No,No,Yes,Month-to-month,Yes,Mailed check,81.08,78.71,1
CUST-106144,Male,0,Yes,Yes,34,Yes,No,Fiber optic,No,No,Yes,No,Yes,No,Month-to-month,Yes,Mailed check,84.08,2911.48,0
CUST-101901,Male,0,Yes,Yes,68,Yes,No,Fiber optic,Yes,Yes,Yes,No,Yes,Yes,Two year,Yes,Bank transfer (automatic),105.35,7173.53,0
CUST-101093,Female,1,Yes,No,50,Yes,Yes,Fiber optic,No,Yes,No,No,Yes,No,Month-to-month,Yes,Electronic check,88.04,4369.01,1
CUST-102404,Female,0,Yes,Yes,49,Yes,Yes,Fiber optic,No,Yes,No,No,Yes,Yes,One year,No,Mailed check,100.56,4944.72,1
CUST-106328,Female,0,Yes,Yes,43,Yes,Yes,Fiber optic,No,No,Yes,No,Yes,Yes,Month-to-month,Yes,Bank transfer (automatic),99.16,4212.41,0
CUST-103619,Female,0,Yes,Yes,12,Yes,No,No,No internet service,No internet service,No internet service,No internet service,No internet service,No internet service,Month-to-month,No,Bank transfer (automatic),19.3,198.2,0
CUST-104262,Male,0,Yes,Yes,21,Yes,Yes,DSL,Yes,No,No,No,Yes,Yes,One year,Yes,Bank transfer (automatic),75.93,1549.69,0
CUST-103824,Female,0,Yes,No,71,Yes,No,DSL,Yes,No,Yes,Yes,Yes,Yes,Two year,No,Bank transfer (automatic),81.59,5924.73,0
CUST-102505,Male,0,No,No,11,Yes,No,DSL,No,No,Yes,No,Yes,Yes,Month-to-month,Yes,Electronic check,69.34,713.46,0
CUST-105465,Female,0,Yes,No,61,Yes,Yes,Fiber optic,No,Yes,No,Yes,No,Yes,Two year,Yes,Bank transfer (automatic),94.69,5703.97,0
CUST-101939,Male,0,Yes,Yes,55,Yes,No,DSL,Yes,No,No,No,No,Yes,One year,No,Credit card (automatic),59.46,3159.73,0
CUST-101794,Female,0,Yes,No,18,Yes,No,Fiber optic,Yes,No,No,No,No,No,Month-to-month,No,Electronic check,75.06,1439.92,0
CUST-105403,Male,1,Yes,No,71,Yes,Yes,No,No internet service,No internet service,No internet service,No internet service,No internet service,No internet service,Two year,No,Credit card (automatic),25.29,1791.92,0
CUST-101680,Male,0,Yes,No,61,Yes,Yes,DSL,No,Yes,Yes,No,Yes,Yes,Two year,No,Bank transfer (automatic),80.63,4934.28,0
CUST-104538,Female,0,Yes,No,65,Yes,Yes,Fiber optic,Yes,Yes,No,Yes,Yes,No,One year,Yes,Bank transfer (automatic),100.11,6643.11,0
CUST-100657,Male,0,No,No,4,Yes,Yes,No,No internet service,No internet service,No internet service,No internet service,No internet service,No internet service,Month-to-month,No,Mailed check,25.35,102.16,0
CUST-101780,Female,0,Yes,No,64,Yes,Yes,Fiber optic,Yes,No,Yes,No,Yes,No,Two year,Yes,Credit card (automatic),94.75,5951.5,0
CUST-101360,Male,0,No,Yes,18,Yes,No,DSL,No,No,No,No,No,No,Month-to-month,Yes,Credit card (automatic),45.53,747.01,0
CUST-102507,Female,0,Yes,No,53,Yes,No,Fiber optic,No,No,Yes,No,Yes,Yes,One year,Yes,Bank transfer (automatic),94.82,4999.79,1
CUST-102008,Male,0,Yes,Yes,1,Yes,No,No,No internet service,No internet service,No internet service,No internet service,No internet service,No internet service,One year,No,Mailed check,19.66,18.69,0
CUST-105730,Female,0,No,No,65,Yes,Yes,Fiber optic,Yes,Yes,No,Yes,No,No,One year,Yes,Electronic check,90.07,5845.86,0
CUST-106199,Male,0,No,No,1,Yes,No,Fiber optic,No,No,No,No,No,Yes,Month-to-month,No,Electronic check,79.49,79.43,1
CUST-103446,Male,0,Yes,No,16,Yes,Yes,Fiber optic,No,No,No,No,No,No,Month-to-month,Yes,Bank transfer (automatic),73.57,1284.76,1
CUST-105657,Female,0,Yes,No,71,Yes,Yes,No,No internet service,No internet service,No internet service,No internet service,No internet service,No internet service,Two year,Yes,Bank transfer (automatic),24.62,1710.12,0
CUST-103376,Female,0,Yes,Yes,23,Yes,Yes,DSL,Yes,No,Yes,Yes,Yes,No,Two year,Yes,Bank transfer (automatic),77.32,1759.02,0
CUST-103933,Male,0,Yes,Yes,43,Yes,No,No,No internet service,No internet service,No internet service,No internet service,No internet service,No internet service,One year,Yes,Mailed check,19.44,777.19,0
CUST-100361,Female,0,No,No,6,Yes,No,No,No internet service,No internet service,No internet service,No internet service,No internet service,No internet service,Month-to-month,Yes,Mailed check,21.08,110.09,0
CUST-104390,Female,0,No,No,3,Yes,No,No,No internet service,No internet service,No internet service,No internet service,No internet service,No internet service,Month-to-month,Yes,Mailed check,20.09,61.86,0
CUST-106959,Female,0,No,No,40,Yes,No,No,No internet service,No internet service,No internet service,No internet service,No internet service,No internet service,Two year,Yes,Bank transfer (automatic),20.52,825.27,0
CUST-104856,Female,0,Yes,Yes,8,Yes,Yes,DSL,No,Yes,No,No,No,No,Month-to-month,No,Electronic check,55.75,444.13,0
CUST-104210,Male,0,No,No,1,Yes,No,Fiber optic,No,No,No,No,No,No,Month-to-month,Yes,Electronic check,69.82,68.66,1
CUST-100284,Male,0,Yes,Yes,25,Yes,No,Fiber optic,No,No,No,No,Yes,Yes,One year,Yes,Electronic check,90.45,2177.16,1
CUST-104664,Male,0,No,No,10,Yes,No,DSL,No,No,No,No,No,No,Month-to-month,Yes,Credit card (automatic),45.88,437.2,0
CUST-105862,Male,0,No,No,51,Yes,Yes,Fiber optic,No,Yes,Yes,Yes,No,No,Month-to-month,Yes,Electronic check,87.71,4474.61,0
CUST-101014,Female,0,Yes,No,24,Yes,Yes,Fiber optic,No,No,Yes,No,No,No,Month-to-month,Yes,Mailed check,79.86,1928.63,0
CUST-103434,Male,0,No,No,47,Yes,Yes,Fiber optic,Yes,Yes,No,Yes,Yes,No,Month-to-month,No,Mailed check,100.98,4668.41,0
CUST-104425,Female,0,No,No,21,Yes,No,No,No internet service,No internet service,No internet service,No internet service,No internet service,No internet service,Two year,Yes,Credit card (automatic),20.89,436.61,0
CUST-103918,Female,0,No,No,15,Yes,No,DSL,Yes,Yes,Yes,Yes,Yes,Yes,Month-to-month,No,Mailed check,84.84,1287.64,0
CUST-100576,Female,0,No,No,1,Yes,No,No,No internet service,No internet service,No internet service,No internet service,No internet service,No internet service,Month-to-month,No,Mailed check,19.31,20.09,1
CUST-105553,Female,0,No,No,8,Yes,No,DSL,Yes,Yes,No,Yes,No,No,One year,No,Bank transfer (automatic),58.04,468.18,0
CUST-100072,Male,0,No,No,1,Yes,No,No,No internet service,No internet service,No internet service,No internet service,No internet service,No internet service,Month-to-month,No,Mailed check,19.99,19.95,0
CUST-105391,Male,0,Yes,Yes,52,Yes,Yes,Fiber optic,No,Yes,No,Yes,No,Yes,Month-to-month,Yes,Bank transfer (automatic),93.01,4632.63,0
CUST-104211,Male,1,Yes,No,20,Yes,Yes,Fiber optic,No,Yes,No,Yes,Yes,Yes,Month-to-month,No,Electronic check,106.89,2171.98,0
CUST-105681,Female,0,Yes,Yes,23,Yes,No,DSL,Yes,Yes,No,Yes,No,No,One year,Yes,Mailed check,57.63,1281.63,0
CUST-103244,Female,1,No,Yes,1,Yes,No,Fiber optic,No,No,No,No,No,No,Month-to-month,Yes,Electronic check,71.37,70.49,1
CUST-103708,Male,0,Yes,No,15,Yes,No,No,No internet service,No internet service,No internet service,No internet service,No internet service,No internet service,One year,No,Mailed check,18.69,296.6,0
CUST-106698,Male,0,No,No,3,Yes,No,Fiber optic,Yes,No,No,No,No,Yes,Month-to-month,Yes,Mailed check,86.24,245.41,0
CUST-104914,Male,0,Yes,No,15,Yes,No,Fiber optic,No,No,No,No,No,No,Month-to-month,Yes,Bank transfer (automatic),68.56,1108.52,0
CUST-102780,Male,0,No,No,56,Yes,Yes,No,No internet service,No internet service,No internet service,No internet service,No internet service,No internet service,Two year,Yes,Bank transfer (automatic),25.94,1442.92,0
CUST-102588,Male,0,No,No,24,Yes,No,Fiber optic,No,Yes,Yes,Yes,No,No,Month-to-month,Yes,Electronic check,85.67,2109.49,0
CUST-104762,Female,0,No,No,1,Yes,No,DSL,No,No,No,No,No,No,Month-to-month,No,Mailed check,45.27,44.8,0
CUST-100924,Female,0,No,No,32,Yes,Yes,Fiber optic,No,Yes,Yes,No,Yes,Yes,One year,Yes,Credit card (automatic),104.02,3417.07,0
CUST-102274,Male,0,Yes,Yes,58,No,No phone service,DSL,Yes,Yes,Yes,No,Yes,No,One year,No,Mailed check,49.64,2919.72,0
CUST-100655,Male,0,No,No,17,Yes,No,Fiber optic,No,No,Yes,No,No,No,Month-to-month,Yes,Electronic check,76.49,1312.77,1
CUST-105937,Male,0,Yes,No,5,Yes,Yes,Fiber optic,Yes,No,No,No,No,Yes,Month-to-month,Yes,Electronic check,89.04,413.53,0
CUST-105727,Male,0,No,No,8,Yes,No,DSL,No,No,No,No,No,No,Month-to-month,No,Mailed check,43.64,335.47,0
CUST-101266,Male,0,Yes,Yes,27,Yes,Yes,Fiber optic,No,No,No,No,No,No,Month-to-month,Yes,Bank transfer (automatic),75.79,1928.69,0
CUST-103523,Female,1,Yes,No,26,Yes,Yes,Fiber optic,No,No,Yes,No,Yes,Yes,Month-to-month,Yes,Bank transfer (automatic),98.27,2511.15,0
CUST-104344,Female,0,Yes,Yes,63,Yes,Yes,Fiber optic,Yes,No,No,No,Yes,Yes,One year,Yes,Credit card (automatic),99.32,6310.96,0
CUST-102368,Female,0,Yes,No,19,Yes,Yes,Fiber optic,No,Yes,No,No,No,Yes,Month-to-month,Yes,Electronic check,88.89,1620.88,0
CUST-102327,Female,0,No,No,60,No,No phone service,DSL,Yes,No,Yes,No,Yes,Yes,Two year,No,Electronic check,53.83,3237.73,0
CUST-101574,Male,0,No,No,17,No,No phone service,DSL,No,No,No,No,No,No,Month-to-month,No,Credit card (automatic),25.14,385.39,0
CUST-101700,Female,0,Yes,No,65,Yes,No,DSL,Yes,No,Yes,Yes,No,No,Two year,No,Credit card (automatic),58.8,3858.29,0
CUST-101114,Female,0,No,No,49,Yes,No,DSL,No,No,Yes,Yes,Yes,Yes,Two year,Yes,Bank transfer (automatic),74.51,3719.36,0
CUST-104695,Female,0,No,No,41,Yes,No,No,No internet service,No internet service,No internet service,No internet service,No internet service,No internet service,Two year,Yes,Mailed check,19.49,809.93,0
CUST-105125,Male,0,No,No,10,Yes,No,DSL,No,No,No,No,No,Yes,Month-to-month,Yes,Bank transfer (automatic),56.62,504.62,0
CUST-102816,Female,0,Yes,Yes,72,Yes,Yes,Fiber optic,Yes,No,No,No,No,No,Two year,No,Bank transfer (automatic),78.94,5729.89,0
CUST-105362,Male,0,No,No,49,Yes,Yes,DSL,No,No,No,Yes,Yes,No,Two year,Yes,Bank transfer (automatic),66.27,3198.81,0
CUST-105080,Male,0,No,No,55,Yes,No,Fiber optic,Yes,Yes,No,No,Yes,Yes,One year,Yes,Mailed check,101.04,5549.64,0
CUST-104589,Female,0,No,No,17,Yes,No,DSL,Yes,Yes,No,Yes,Yes,Yes,One year,No,Credit card (automatic),79.76,1388.64,0
CUST-104292,Female,0,No,No,8,Yes,Yes,Fiber optic,No,No,No,No,No,No,Month-to-month,Yes,Electronic check,75.0,577.54,0
CUST-104983,Male,0,No,Yes,15,Yes,No,DSL,No,No,Yes,Yes,No,No,One year,No,Credit card (automatic),55.06,867.8,0
CUST-104274,Female,0,Yes,Yes,66,Yes,No,DSL,Yes,No,No,No,Yes,No,Two year,Yes,Electronic check,59.46,3999.2,0
CUST-101874,Male,0,Yes,No,18,Yes,Yes,Fiber optic,Yes,No,No,No,Yes,Yes,Month-to-month,Yes,Electronic check,99.14,1743.32,1
CUST-100972,Male,0,No,No,2,Yes,Yes,DSL,No,No,No,No,No,Yes,Month-to-month,No,Bank transfer (automatic),61.91,119.4,1
CUST-100646,Male,0,Yes,Yes,43,Yes,No,DSL,Yes,No,Yes,Yes,Yes,Yes,Two year,Yes,Credit card (automatic),79.23,3566.56,0
CUST-100138,Male,0,No,No,9,Yes,No,DSL,No,No,No,No,No,No,Month-to-month,No,Mailed check,44.81,431.41,1
CUST-106320,Female,0,Yes,Yes,64,Yes,No,No,No internet service,No internet service,No internet service,No internet service,No internet service,No internet service,Two year,No,Mailed check,19.85,1279.47,0
CUST-104002,Female,0,Yes,Yes,65,Yes,Yes,Fiber optic,Yes,No,Yes,Yes,Yes,Yes,Two year,No,Electronic check,109.17,7337.16,0
CUST-106510,Male,1,No,No,55,No,No phone service,DSL,Yes,Yes,No,No,Yes,No,Month-to-month,Yes,Electronic check,44.86,2480.29,0
CUST-100271,Female,0,No,No,63,Yes,No,No,No internet service,No internet service,No internet service,No internet service,No internet service,No internet service,Two year,Yes,Mailed check,20.7,1297.03,0
CUST-105288,Female,0,No,No,1,Yes,No,Fiber optic,No,No,No,No,Yes,Yes,Month-to-month,No,Electronic check,90.73,89.43,1
CUST-101451,Female,1,No,No,70,Yes,Yes,DSL,No,Yes,Yes,Yes,Yes,No,Two year,Yes,Bank transfer (automatic),75.82,5210.77,0
CUST-104511,Male,0,Yes,Yes,35,Yes,Yes,Fiber optic,No,Yes,Yes,Yes,Yes,Yes,Month-to-month,Yes,Electronic check,109.83,3780.2,0
CUST-104217,Female,0,Yes,Yes,33,Yes,Yes,Fiber optic,No,No,No,No,No,Yes,Month-to-month,No,Credit card (automatic),86.13,2744.49,1
CUST-107001,Female,0,Yes,Yes,52,Yes,Yes,Fiber optic,Yes,Yes,Yes,No,No,Yes,Month-to-month,No,Bank transfer (automatic),98.21,4992.59,0
CUST-105346,Female,1,Yes,No,72,Yes,Yes,Fiber optic,Yes,Yes,Yes,No,Yes,Yes,Two year,Yes,Electronic check,112.54,8046.55,0
CUST-105471,Male,0,Yes,Yes,62,Yes,No,No,No internet service,No internet service,No internet service,No internet service,No internet service,No internet service,One year,No,Bank transfer (automatic),20.13,1245.52,0
CUST-104937,Male,1,No,No,2,Yes,No,DSL,Yes,No,No,No,No,No,Month-to-month,Yes,Electronic check,49.51,90.38,1
CUST-100981,Female,0,No,No,14,Yes,No,DSL,No,No,No,Yes,No,Yes,One year,No,Credit card (automatic),58.85,771.59,0
CUST-105215,Male,0,No,No,5,Yes,No,Fiber optic,No,No,Yes,No,Yes,Yes,Month-to-month,No,Bank transfer (automatic),96.37,494.67,1
CUST-102861,Female,0,No,No,31,No,No phone service,DSL,Yes,Yes,No,Yes,No,Yes,Two year,Yes,Bank transfer (automatic),49.85,1522.08,0
CUST-106516,Female,0,Yes,Yes,62,Yes,Yes,Fiber optic,No,Yes,Yes,Yes,Yes,Yes,One year,Yes,Electronic check,110.76,6839.75,0
CUST-101655,Male,1,No,No,57,Yes,No,DSL,No,No,Yes,Yes,No,No,One year,Yes,Electronic check,53.77,3037.82,0
CUST-103228,Female,1,No,No,47,Yes,Yes,Fiber optic,No,Yes,No,Yes,Yes,No,Month-to-month,Yes,Electronic check,94.75,4505.02,1
CUST-101205,Male,0,Yes,No,56,Yes,Yes,Fiber optic,Yes,No,No,No,Yes,Yes,One year,Yes,Electronic check,100.79,5513.92,0
CUST-106391,Female,0,No,No,2,Yes,No,No,No internet service,No internet service,No internet service,No internet service,No internet service,No internet service,Month-to-month,No,Mailed check,19.26,45.04,0
CUST-102053,Male,0,Yes,No,1,Yes,No,Fiber optic,No,No,Yes,No,No,No,Month-to-month,No,Electronic check,76.22,75.11,1
CUST-104516,Male,0,Yes,Yes,11,Yes,Yes,DSL,Yes,No,No,No,Yes,No,Month-to-month,Yes,Bank transfer (automatic),65.04,726.16,0
CUST-103977,Female,0,Yes,No,15,Yes,Yes,DSL,No,No,No,No,No,No,Month-to-month,Yes,Electronic check,51.04,710.4,0
CUST-103659,Male,0,Yes,Yes,54,Yes,No,No,No internet service,No internet service,No internet service,No internet service,No internet service,No internet service,Two year,No,Credit card (automatic),20.44,1090.45,0
CUST-102831,Male,0,No,No,12,Yes,Yes,Fiber optic,No,No,No,No,Yes,Yes,Month-to-month,No,Electronic check,94.79,1173.57,0
CUST-105115,Male,0,No,No,1,Yes,No,Fiber optic,No,No,No,No,No,No,Month-to-month,Yes,Mailed check,70.79,69.82,0
CUST-104885,Male,1,Yes,No,17,Yes,Yes,Fiber optic,No,No,Yes,No,Yes,Yes,Month-to-month,Yes,Credit card (automatic),100.51,1623.73,1
CUST-106701,Female,1,Yes,No,29,No,No phone service,DSL,Yes,No,Yes,No,No,Yes,Month-to-month,Yes,Electronic check,45.11,1226.88,0
CUST-100524,Male,0,No,No,1,Yes,No,No,No internet service,No internet service,No internet service,No internet service,No internet service,No internet service,Month-to-month,No,Mailed check,20.05,17.61,0
CUST-103115,Male,1,No,No,54,Yes,No,DSL,No,No,Yes,Yes,No,Yes,One year,No,Bank transfer (automatic),65.35,3530.78,0
CUST-103732,Male,0,No,No,72,Yes,No,No,No internet service,No internet service,No internet service,No internet service,No internet service,No internet service,Two year,Yes,Mailed check,20.7,1519.79,0
CUST-104981,Male,0,Yes,No,8,Yes,No,DSL,No,Yes,No,No,No,No,Month-to-month,Yes,Bank transfer (automatic),49.68,393.81,0
CUST-100753,Male,0,No,No,12,Yes,Yes,Fiber optic,No,No,No,Yes,Yes,Yes,Month-to-month,Yes,Mailed check,99.98,1133.03,1
CUST-104946,Male,1,Yes,Yes,71,Yes,No,No,No internet service,No internet service,No internet service,No internet service,No internet service,No internet service,Two year,No,Credit card (automatic),19.83,1387.34,0
CUST-103794,Female,0,Yes,No,47,Yes,Yes,Fiber optic,Yes,Yes,Yes,No,Yes,No,Month-to-month,Yes,Electronic check,99.0,4530.97,1
CUST-102591,Male,0,Yes,Yes,60,Yes,Yes,Fiber optic,Yes,No,Yes,No,Yes,No,One year,Yes,Bank transfer (automatic),95.26,5811.05,0
CUST-100283,Male,0,No,No,9,Yes,No,Fiber optic,No,No,No,No,No,Yes,Month-to-month,Yes,Electronic check,80.83,714.19,1
CUST-100575,Male,0,No,No,1,Yes,No,DSL,No,No,No,No,No,No,Month-to-month,Yes,Mailed check,45.71,44.88,1
CUST-105108,Female,0,No,No,1,Yes,No,No,No internet service,No internet service,No internet service,No internet service,No internet service,No internet service,Month-to-month,No,Mailed check,19.56,20.5,0
CUST-100537,Female,1,No,No,2,Yes,No,DSL,Yes,Yes,No,No,No,No,Month-to-month,No,Mailed check,54.48,103.5,1
CUST-106731,Female,0,No,No,56,Yes,Yes,Fiber optic,No,Yes,No,Yes,Yes,Yes,Month-to-month,Yes,Bank transfer (automatic),105.37,5917.06,0
CUST-104065,Female,0,No,No,9,Yes,Yes,Fiber optic,No,No,No,No,No,Yes,Month-to-month,Yes,Electronic check,83.45,802.05,1
CUST-102015,Female,0,No,No,3,Yes,No,DSL,No,No,No,No,No,No,Month-to-month,No,Mailed check,45.05,146.16,0
CUST-101578,Female,0,No,No,3,Yes,Yes,Fiber optic,No,No,No,No,No,No,Month-to-month,Yes,Electronic check,74.29,209.27,1
CUST-100571,Female,0,No,No,34,Yes,No,DSL,Yes,No,Yes,Yes,Yes,Yes,One year,Yes,Bank transfer (automatic),79.82,2728.67,0
CUST-104074,Female,0,No,No,35,Yes,No,DSL,No,No,Yes,No,No,Yes,Month-to-month,Yes,Electronic check,62.11,2094.77,0
CUST-104305,Female,1,Yes,No,32,Yes,Yes,Fiber optic,No,No,Yes,No,No,No,Month-to-month,No,Mailed check,79.1,2570.7,0
CUST-103098,Female,0,No,No,27,Yes,Yes,Fiber optic,No,No,No,No,Yes,Yes,Month-to-month,Yes,Bank transfer (automatic),95.72,2593.32,0
CUST-104661,Female,0,Yes,Yes,4,Yes,No,No,No internet service,No internet service,No internet service,No internet service,No internet service,No internet service,Month-to-month,No,Mailed check,20.4,74.5,1
CUST-101810,Male,0,Yes,Yes,57,Yes,No,DSL,Yes,Yes,No,Yes,No,No,One year,No,Mailed check,59.57,3509.33,0
CUST-102875,Female,0,Yes,No,63,Yes,No,Fiber optic,Yes,No,Yes,No,No,No,One year,Yes,Credit card (automatic),81.06,5224.87,0
CUST-106590,Female,0,No,No,72,Yes,No,No,No internet service,No internet service,No internet service,No internet service,No internet service,No internet service,Two year,No,Credit card (automatic),19.97,1567.95,0
CUST-100550,Female,1,No,No,6,No,No phone service,DSL,No,No,No,No,Yes,Yes,Month-to-month,Yes,Electronic check,43.95,263.88,0
CUST-104067,Female,0,Yes,Yes,44,Yes,No,No,No internet service,No internet service,No internet service,No internet service,No internet service,No internet service,Month-to-month,No,Mailed check,19.85,781.75,0
CUST-102111,Female,0,Yes,Yes,32,Yes,No,DSL,Yes,Yes,Yes,Yes,No,Yes,Month-to-month,No,Bank transfer (automatic),76.34,2405.47,0
CUST-101781,Female,0,Yes,Yes,59,Yes,Yes,Fiber optic,No,Yes,No,Yes,No,Yes,Month-to-month,Yes,Bank transfer (automatic),96.51,5582.58,0
CUST-100777,Female,0,Yes,No,50,Yes,Yes,Fiber optic,Yes,Yes,No,Yes,Yes,Yes,One year,No,Electronic check,108.56,5610.95,1
CUST-102987,Female,0,Yes,No,3,Yes,Yes,Fiber optic,No,No,No,No,No,No,Month-to-month,Yes,Credit card (automatic),74.84,215.53,1
CUST-100682,Male,0,No,No,1,Yes,No,Fiber optic,No,Yes,No,No,No,No,Month-to-month,Yes,Electronic check,74.5,77.05,1
CUST-100087,Female,0,Yes,Yes,1,Yes,No,No,No internet service,No internet service,No internet service,No internet service,No internet service,No internet service,Month-to-month,Yes,Mailed check,19.31,18.69,0
CUST-102464,Female,0,No,Yes,18,No,No phone service,DSL,No,No,No,No,No,Yes,Month-to-month,Yes,Electronic check,35.29,552.53,1
CUST-103975,Female,0,No,No,25,Yes,Yes,Fiber optic,No,No,No,No,Yes,No,Month-to-month,Yes,Mailed check,84.65,2086.99,0
CUST-100515,Female,0,No,Yes,19,Yes,Yes,DSL,Yes,Yes,No,Yes,Yes,No,Month-to-month,Yes,Mailed check,75.89,1375.47,0
CUST-106386,Female,1,No,No,66,Yes,Yes,Fiber optic,No,Yes,No,No,No,No,Month-to-month,Yes,Credit card (automatic),80.34,5224.36,1
CUST-102365,Female,0,Yes,Yes,67,Yes,Yes,Fiber optic,Yes,No,Yes,Yes,Yes,Yes,One year,Yes,Electronic check,109.36,7281.08,0
CUST-104439,Female,0,Yes,Yes,64,No,No phone service,DSL,No,Yes,Yes,Yes,No,Yes,Two year,No,Electronic check,49.68,3211.29,0
CUST-105834,Male,1,Yes,No,17,Yes,Yes,Fiber optic,No,No,No,No,Yes,Yes,Month-to-month,Yes,Electronic check,94.79,1564.25,0
CUST-106430,Male,0,Yes,No,59,Yes,Yes,Fiber optic,No,No,Yes,No,Yes,Yes,One year,Yes,Bank transfer (automatic),99.61,5960.77,1
CUST-103533,Female,0,No,No,5,Yes,No,Fiber optic,No,Yes,No,No,Yes,Yes,Month-to-month,Yes,Electronic check,96.24,515.18,1
CUST-100640,Male,0,Yes,No,71,Yes,Yes,Fiber optic,No,Yes,Yes,No,Yes,Yes,One year,Yes,Bank transfer (automatic),105.92,7473.06,0
CUST-105955,Male,0,No,Yes,6,Yes,No,No,No internet service,No internet service,No internet service,No internet service,No internet service,No internet service,Month-to-month,No,Mailed check,19.65,127.82,0
CUST-102884,Female,0,Yes,No,48,Yes,No,Fiber optic,No,Yes,Yes,No,Yes,Yes,One year,Yes,Electronic check,97.15,4693.33,0
CUST-102835,Male,0,No,No,11,Yes,No,Fiber optic,No,Yes,No,No,No,No,Month-to-month,Yes,Mailed check,75.95,865.29,0
CUST-105591,Male,0,Yes,Yes,9,Yes,Yes,Fiber optic,No,No,Yes,No,No,No,Month-to-month,Yes,Bank transfer (automatic),79.48,658.23,1
CUST-100763,Male,0,Yes,Yes,66,Yes,Yes,DSL,No,Yes,Yes,No,Yes,Yes,Two year,No,Bank transfer (automatic),79.75,5236.9,0
CUST-100998,Male,0,No,No,51,Yes,Yes,DSL,Yes,Yes,Yes,Yes,Yes,No,One year,Yes,Credit card (automatic),81.25,4126.63,0
CUST-101805,Male,0,Yes,No,30,Yes,No,DSL,No,No,Yes,No,No,No,Month-to-month,Yes,Mailed check,49.86,1477.12,0
CUST-104191,Male,0,No,Yes,4,Yes,No,DSL,Yes,No,No,No,No,No,Month-to-month,No,Electronic check,49.53,220.76,1
CUST-105562,Male,0,Yes,No,38,Yes,No,No,No internet service,No internet service,No internet service,No internet service,No internet service,No internet service,Two year,No,Bank transfer (automatic),20.21,743.49,0
CUST-101637,Male,0,No,No,62,Yes,No,DSL,No,Yes,Yes,Yes,Yes,Yes,Month-to-month,Yes,Bank transfer (automatic),80.55,4980.17,0
CUST-104768,Male,0,Yes,Yes,46,Yes,No,No,No internet service,No internet service,No internet service,No internet service,No internet service,No internet service,One year,Yes,Bank transfer (automatic),20.33,845.43,0
CUST-106059,Male,0,No,No,19,Yes,No,DSL,No,No,No,Yes,Yes,No,Month-to-month,Yes,Credit card (automatic),61.65,1092.31,0
CUST-103306,Male,0,Yes,No,56,Yes,Yes,Fiber optic,No,Yes,No,No,Yes,Yes,One year,No,Credit card (automatic),100.11,5615.49,1
CUST-104031,Male,1,Yes,Yes,71,Yes,No,Fiber optic,Yes,Yes,Yes,No,No,No,One year,Yes,Bank transfer (automatic),86.91,6178.61,0
CUST-101134,Male,0,No,No,72,Yes,Yes,Fiber optic,No,Yes,Yes,No,Yes,Yes,One year,Yes,Electronic check,104.83,7544.81,0
CUST-106880,Male,0,Yes,Yes,1,Yes,No,No,No internet service,No internet service,No internet service,No internet service,No internet service,No internet service,One year,No,Mailed check,20.54,18.54,0
CUST-104098,Male,0,No,No,72,Yes,Yes,DSL,Yes,Yes,Yes,Yes,No,No,Two year,No,Bank transfer (automatic),69.54,4908.43,0
CUST-103522,Female,0,Yes,Yes,72,Yes,No,No,No internet service,No internet service,No internet service,No internet service,No internet service,No internet service,Two year,No,Credit card (automatic),19.66,1380.65,0
CUST-100362,Female,0,No,No,12,Yes,No,No,No internet service,No internet service,No internet service,No internet service,No internet service,No internet service,Month-to-month,No,Mailed check,20.07,248.7,0
CUST-103709,Male,0,No,No,66,Yes,No,No,No internet service,No internet service,No internet service,No internet service,No internet service,No internet service,Two year,No,Bank transfer (automatic),19.39,1241.25,0
CUST-102849,Male,0,No,No,32,Yes,No,No,No internet service,No internet service,No internet service,No internet service,No internet service,No internet service,One year,No,Mailed check,19.97,607.55,0
CUST-106823,Male,0,No,No,8,Yes,No,Fiber optic,No,No,No,No,No,No,Month-to-month,Yes,Mailed check,70.23,551.11,1
CUST-101873,Female,0,Yes,Yes,45,Yes,No,DSL,No,Yes,No,Yes,No,No,One year,Yes,Credit card (automatic),53.8,2320.43,1
CUST-104312,Male,1,Yes,No,72,Yes,Yes,Fiber optic,Yes,Yes,Yes,No,Yes,Yes,Two year,Yes,Bank transfer (automatic),109.44,7918.4,0
CUST-106353,Male,0,No,Yes,19,Yes,No,No,No internet service,No internet service,No internet service,No internet service,No internet service,No internet service,Month-to-month,Yes,Electronic check,20.25,375.08,0
CUST-100477,Male,0,No,No,1,Yes,No,DSL,No,No,No,No,No,No,Month-to-month,Yes,Mailed check,45.12,45.18,0
CUST-105315,Female,0,Yes,Yes,2,No,No phone service,DSL,No,Yes,No,No,No,No,Month-to-month,Yes,Mailed check,30.22,60.59,0
CUST-104948,Female,0,No,No,47,Yes,Yes,DSL,Yes,Yes,No,Yes,No,Yes,Two year,No,Mailed check,74.02,3496.42,0
CUST-102845,Male,0,No,No,40,Yes,No,DSL,No,No,No,Yes,No,No,Month-to-month,Yes,Electronic check,51.39,2093.63,0
CUST-102914,Male,0,Yes,Yes,72,No,No phone service,DSL,Yes,Yes,Yes,Yes,No,Yes,Two year,Yes,Credit card (automatic),55.26,4180.44,0
CUST-102752,Male,0,No,No,13,Yes,No,No,No internet service,No internet service,No internet service,No internet service,No internet service,No internet service,Two year,No,Credit card (automatic),20.14,268.95,0
CUST-104212,Female,0,Yes,Yes,9,Yes,Yes,DSL,No,Yes,No,No,No,No,Month-to-month,Yes,Mailed check,55.65,500.68,0
CUST-104206,Male,0,No,Yes,62,Yes,No,DSL,Yes,Yes,No,No,No,No,One year,No,Bank transfer (automatic),56.11,3490.97,0
CUST-105235,Male,0,Yes,No,47,Yes,Yes,Fiber optic,No,Yes,Yes,Yes,Yes,Yes,Month-to-month,Yes,Electronic check,109.62,5123.61,1
CUST-106045,Male,0,Yes,No,47,Yes,Yes,Fiber optic,No,No,No,No,Yes,Yes,One year,Yes,Credit card (automatic),95.38,4564.4,0
CUST-103667,Male,0,No,No,19,Yes,No,Fiber optic,No,Yes,Yes,No,No,No,Month-to-month,Yes,Electronic check,77.91,1489.32,1
CUST-104751,Female,0,No,No,1,Yes,No,No,No internet service,No internet service,No internet service,No internet service,No internet service,No internet service,Month-to-month,No,Mailed check,19.33,19.66,0
CUST-106650,Female,0,No,No,4,Yes,No,No,No internet service,No internet service,No internet service,No internet service,No internet service,No internet service,Month-to-month,No,Mailed check,20.34,84.22,0
CUST-106748,Female,0,No,No,30,Yes,Yes,DSL,No,Yes,Yes,No,Yes,No,One year,Yes,Credit card (automatic),69.11,2036.48,0
CUST-101355,Female,0,Yes,Yes,11,Yes,Yes,DSL,No,No,No,Yes,No,Yes,Month-to-month,Yes,Electronic check,66.0,740.63,1
CUST-102353,Female,0,Yes,Yes,71,Yes,Yes,No,No internet service,No internet service,No internet service,No internet service,No internet service,No internet service,Two year,No,Bank transfer (automatic),25.54,1813.31,0
CUST-106439,Male,0,No,Yes,1,Yes,No,Fiber optic,No,No,No,No,Yes,Yes,Month-to-month,Yes,Electronic check,91.13,90.96,1
CUST-100563,Male,0,Yes,Yes,1,Yes,No,DSL,No,No,No,No,No,No,Month-to-month,No,Electronic check,44.65,45.92,0
CUST-101620,Male,0,No,No,11,Yes,No,Fiber optic,No,No,No,No,No,No,Month-to-month,No,Electronic check,70.31,762.15,0
CUST-102808,Male,0,No,No,15,Yes,Yes,Fiber optic,Yes,No,No,No,Yes,No,Month-to-month,Yes,Bank transfer (automatic),87.55,1241.79,0
CUST-102227,Male,0,Yes,No,39,Yes,No,No,No internet service,No internet service,No internet service,No internet service,No internet service,No internet service,Two year,Yes,Bank transfer (automatic),20.34,791.21,0
CUST-104130,Male,0,Yes,Yes,4,Yes,No,No,No internet service,No internet service,No internet service,No internet service,No internet service,No internet service,Two year,No,Credit card (automatic),19.36,95.51,0
CUST-100549,Male,0,Yes,Yes,62,Yes,No,DSL,Yes,No,Yes,Yes,No,Yes,One year,No,Credit card (automatic),71.14,4486.17,0
CUST-106055,Male,1,No,No,48,Yes,Yes,Fiber optic,No,Yes,No,No,Yes,Yes,One year,Yes,Electronic check,99.33,4743.57,0
CUST-101466,Female,0,No,No,6,No,No phone service,DSL,No,No,Yes,No,Yes,Yes,Month-to-month,Yes,Electronic check,48.03,306.57,1
CUST-104106,Female,0,Yes,Yes,12,Yes,No,DSL,No,No,Yes,No,Yes,No,Month-to-month,Yes,Credit card (automatic),58.22,740.28,0
CUST-106376,Female,1,No,No,66,Yes,Yes,Fiber optic,Yes,No,No,No,Yes,Yes,Two year,Yes,Bank transfer (automatic),102.2,6472.06,0
CUST-102174,Female,0,Yes,Yes,58,Yes,No,No,No internet service,No internet service,No internet service,No internet service,No internet service,No internet service,Two year,No,Credit card (automatic),19.55,1078.94,0
CUST-105564,Male,0,No,No,40,Yes,Yes,Fiber optic,No,No,No,No,Yes,No,Month-to-month,Yes,Electronic check,84.72,3370.8,0
CUST-105747,Male,0,Yes,No,11,Yes,Yes,Fiber optic,No,Yes,No,No,No,No,Month-to-month,Yes,Bank transfer (automatic),80.47,895.39,1
CUST-101865,Male,0,Yes,Yes,52,No,No phone service,DSL,No,Yes,Yes,Yes,Yes,No,Two year,No,Mailed check,50.39,2553.62,0
CUST-100252,Male,1,Yes,No,2,Yes,Yes,Fiber optic,No,No,No,No,Yes,No,Month-to-month,Yes,Mailed check,86.69,155.07,1
CUST-100451,Male,0,No,No,50,No,No phone service,DSL,Yes,No,No,Yes,No,No,One year,Yes,Mailed check,35.65,1745.41,0
CUST-104323,Male,0,Yes,No,45,Yes,Yes,Fiber optic,Yes,No,Yes,No,No,No,Month-to-month,Yes,Mailed check,84.64,3714.62,0
CUST-101312,Male,0,No,No,10,Yes,No,No,No internet service,No internet service,No internet service,No internet service,No internet service,No internet service,One year,No,Mailed check,20.45,177.07,0
CUST-101641,Male,0,No,No,18,No,No phone service,DSL,No,Yes,Yes,No,No,No,Month-to-month,Yes,Credit card (automatic),33.48,598.67,1
CUST-103026,Male,0,No,No,6,No,No phone service,DSL,No,Yes,No,No,No,No,Month-to-month,Yes,Credit card (automatic),30.67,207.5,1
CUST-102836,Male,0,No,No,37,Yes,Yes,DSL,Yes,Yes,Yes,Yes,Yes,Yes,One year,Yes,Bank transfer (automatic),90.97,3357.04,0
CUST-100331,Female,0,Yes,Yes,29,Yes,Yes,No,No internet service,No internet service,No internet service,No internet service,No internet service,No internet service,Two year,No,Mailed check,26.25,694.71,0
CUST-100323,Female,1,No,No,1,Yes,No,Fiber optic,No,No,No,No,No,No,Month-to-month,Yes,Electronic check,70.08,70.61,1
CUST-103365,Female,1,Yes,No,56,Yes,Yes,Fiber optic,No,No,No,Yes,No,No,Month-to-month,Yes,Bank transfer (automatic),76.64,4275.69,0
CUST-103302,Male,0,No,No,1,Yes,No,No,No internet service,No internet service,No internet service,No internet service,No internet service,No internet service,Month-to-month,Yes,Mailed check,20.35,18.72,0
CUST-101038,Female,0,Yes,Yes,42,Yes,No,No,No internet service,No internet service,No internet service,No internet service,No internet service,No internet service,Two year,No,Mailed check,19.91,831.96,0
CUST-102533,Male,1,No,No,62,Yes,Yes,Fiber optic,No,Yes,Yes,Yes,Yes,Yes,One year,Yes,Bank transfer (automatic),110.81,7055.04,0
CUST-101480,Male,0,Yes,Yes,33,Yes,No,DSL,Yes,No,Yes,No,Yes,Yes,One year,No,Credit card (automatic),74.56,2454.26,0
CUST-100832,Male,1,Yes,No,3,Yes,Yes,Fiber optic,No,Yes,Yes,No,Yes,Yes,Month-to-month,Yes,Electronic check,106.09,333.85,1
CUST-100213,Male,0,No,No,4,Yes,Yes,Fiber optic,No,No,No,No,No,No,Month-to-month,Yes,Electronic check,75.76,321.84,1
CUST-105179,Female,0,No,No,37,Yes,Yes,DSL,Yes,No,No,No,Yes,No,One year,No,Bank transfer (automatic),64.43,2348.27,0
CUST-100307,Male,0,Yes,No,61,Yes,Yes,Fiber optic,Yes,No,Yes,Yes,Yes,No,Month-to-month,No,Bank transfer (automatic),99.05,5941.76,0
CUST-100619,Male,0,Yes,No,57,Yes,Yes,Fiber optic,Yes,Yes,Yes,Yes,Yes,No,Month-to-month,Yes,Electronic check,103.15,5925.14,0
CUST-101441,Male,1,Yes,No,27,Yes,Yes,Fiber optic,No,No,No,No,No,No,Month-to-month,Yes,Electronic check,75.88,1892.32,1
CUST-102671,Female,0,No,No,2,Yes,No,No,No internet service,No internet service,No internet service,No internet service,No internet service,No internet service,Month-to-month,No,Mailed check,20.17,45.26,0
CUST-101484,Female,1,Yes,No,2,Yes,No,DSL,No,Yes,No,No,No,No,Month-to-month,No,Credit card (automatic),50.11,115.74,1
CUST-105247,Male,0,Yes,No,22,Yes,No,DSL,Yes,No,No,Yes,No,No,Month-to-month,Yes,Electronic check,54.65,1151.81,1
CUST-105107,Female,0,Yes,Yes,37,Yes,Yes,No,No internet service,No internet service,No internet service,No internet service,No internet service,No internet service,Two year,Yes,Bank transfer (automatic),24.17,862.24,0
CUST-103031,Male,0,Yes,Yes,20,Yes,No,Fiber optic,No,No,No,No,No,No,Month-to-month,Yes,Electronic check,70.75,1471.91,1
CUST-105991,Male,0,Yes,No,35,Yes,Yes,Fiber optic,No,No,No,Yes,Yes,No,Month-to-month,Yes,Credit card (automatic),91.38,3233.35,0
CUST-103765,Female,0,No,No,50,Yes,No,Fiber optic,No,Yes,No,Yes,Yes,Yes,Two year,Yes,Mailed check,100.3,5038.76,0
CUST-103968,Female,0,No,No,60,Yes,Yes,No,No internet service,No internet service,No internet service,No internet service,No internet service,No internet service,Two year,No,Mailed check,25.02,1507.46,0
CUST-104252,Male,0,Yes,Yes,50,Yes,Yes,Fiber optic,No,Yes,Yes,No,Yes,Yes,Month-to-month,Yes,Bank transfer (automatic),103.94,5017.72,1
CUST-106937,Male,0,No,Yes,1,Yes,Yes,DSL,No,No,No,No,No,No,Month-to-month,Yes,Electronic check,49.95,51.47,0
CUST-105710,Male,0,Yes,Yes,72,Yes,Yes,DSL,Yes,Yes,Yes,Yes,Yes,No,Two year,Yes,Bank transfer (automatic),80.75,5726.7,0
CUST-106000,Female,0,Yes,Yes,61,No,No phone service,DSL,No,Yes,Yes,Yes,Yes,No,Two year,No,Credit card (automatic),51.46,3243.46,0
CUST-104623,Male,0,No,No,10,Yes,Yes,No,No internet service,No internet service,No internet service,No internet service,No internet service,No internet service,Two year,No,Bank transfer (automatic),25.56,250.01,0
CUST-101009,Male,1,Yes,No,27,Yes,Yes,Fiber optic,No,Yes,Yes,No,No,Yes,Month-to-month,Yes,Electronic check,95.72,2510.08,1
CUST-105101,Male,0,No,Yes,23,No,No phone service,DSL,Yes,No,Yes,Yes,No,No,Two year,No,Mailed check,40.07,857.22,0
CUST-102374,Female,0,No,No,3,Yes,No,DSL,Yes,Yes,No,No,No,No,Month-to-month,No,Electronic check,55.3,164.73,1
CUST-100737,Male,0,No,Yes,1,Yes,No,No,No internet service,No internet service,No internet service,No internet service,No internet service,No internet service,Month-to-month,Yes,Mailed check,19.26,17.86,0
CUST-103455,Male,1,Yes,No,24,Yes,Yes,Fiber optic,No,Yes,Yes,No,Yes,Yes,Month-to-month,Yes,Electronic check,104.3,2434.19,1
CUST-102945,Male,0,No,No,1,Yes,No,DSL,No,No,No,No,No,No,Month-to-month,No,Electronic check,43.92,43.33,0
CUST-106539,Male,1,No,No,8,Yes,Yes,Fiber optic,No,No,Yes,No,No,No,Month-to-month,Yes,Electronic check,81.21,584.54,1
CUST-106289,Male,0,No,Yes,3,Yes,Yes,Fiber optic,No,No,Yes,No,No,Yes,Month-to-month,No,Electronic check,91.89,256.04,1
CUST-104643,Female,0,Yes,Yes,8,Yes,No,No,No internet service,No internet service,No internet service,No internet service,No internet service,No internet service,One year,No,Electronic check,19.93,158.99,0
CUST-101885,Female,1,Yes,No,17,Yes,Yes,Fiber optic,Yes,No,Yes,No,No,No,Month-to-month,Yes,Bank transfer (automatic),85.4,1462.53,1
CUST-100238,Male,0,Yes,Yes,62,Yes,No,No,No internet service,No internet service,No internet service,No internet service,No internet service,No internet service,Two year,No,Credit card (automatic),20.63,1218.41,0
CUST-104592,Male,0,No,No,1,Yes,No,No,No internet service,No internet service,No internet service,No internet service,No internet service,No internet service,Month-to-month,Yes,Credit card (automatic),19.85,19.82,0
CUST-101776,Male,0,No,No,51,Yes,Yes,Fiber optic,No,Yes,No,No,No,No,Month-to-month,No,Bank transfer (automatic),81.22,4085.28,0
CUST-101827,Female,0,Yes,No,46,Yes,Yes,Fiber optic,No,Yes,Yes,Yes,Yes,Yes,Two year,Yes,Credit card (automatic),108.44,4854.1,0
CUST-102679,Male,0,No,No,14,Yes,Yes,DSL,No,Yes,No,No,No,No,Month-to-month,Yes,Credit card (automatic),55.22,769.27,0
CUST-105219,Male,0,No,No,1,Yes,No,Fiber optic,Yes,No,No,No,No,Yes,Month-to-month,Yes,Mailed check,84.89,85.28,1
CUST-105425,Female,0,Yes,No,59,Yes,Yes,Fiber optic,No,Yes,No,No,Yes,Yes,Month-to-month,No,Electronic check,101.31,6042.31,1
CUST-100868,Male,0,Yes,No,37,Yes,No,Fiber optic,No,No,Yes,Yes,No,Yes,Month-to-month,Yes,Electronic check,90.16,3422.2,0
CUST-100949,Male,0,No,Yes,10,Yes,Yes,Fiber optic,No,No,No,No,Yes,Yes,Month-to-month,No,Electronic check,95.11,928.06,1
CUST-104078,Male,0,No,No,33,Yes,No,Fiber optic,No,No,No,No,No,No,Month-to-month,No,Electronic check,68.08,2170.76,1
CUST-102812,Male,0,No,No,26,Yes,Yes,Fiber optic,No,No,Yes,Yes,No,No,Month-to-month,Yes,Mailed check,84.12,2279.48,0
CUST-104257,Male,0,No,No,43,Yes,Yes,Fiber optic,No,Yes,No,No,No,No,Month-to-month,Yes,Electronic check,77.93,3365.74,1
CUST-102731,Female,0,Yes,Yes,67,No,No phone service,DSL,Yes,Yes,No,No,No,No,Two year,No,Bank transfer (automatic),35.76,2434.36,0
CUST-104476,Female,0,No,No,33,Yes,Yes,Fiber optic,No,Yes,Yes,No,Yes,Yes,Month-to-month,No,Electronic check,107.36,3645.25,0
CUST-101684,Female,1,Yes,No,66,Yes,Yes,Fiber optic,No,No,Yes,Yes,Yes,Yes,One year,Yes,Credit card (automatic),105.93,6974.6,1
CUST-104296,Female,1,No,No,18,Yes,No,No,No internet service,No internet service,No internet service,No internet service,No internet service,No internet service,One year,No,Bank transfer (automatic),20.27,372.22,0
CUST-100503,Male,1,Yes,No,14,Yes,No,No,No internet service,No internet service,No internet service,No internet service,No internet service,No internet service,One year,No,Mailed check,19.7,231.69,0
CUST-103779,Male,0,Yes,Yes,38,Yes,No,No,No internet service,No internet service,No internet service,No internet service,No internet service,No internet service,Month-to-month,No,Electronic check,19.68,717.7,0
CUST-106442,Male,0,No,No,3,Yes,No,Fiber optic,No,No,Yes,Yes,Yes,No,Month-to-month,Yes,Mailed check,90.15,243.33,0
CUST-105750,Female,0,No,No,5,Yes,Yes,DSL,No,No,No,No,No,No,Month-to-month,Yes,Mailed check,50.46,251.2,1
CUST-103007,Female,0,No,No,27,Yes,No,No,No internet service,No internet service,No internet service,No internet service,No internet service,No internet service,Two year,Yes,Bank transfer (automatic),20.55,537.44,0
CUST-105599,Male,0,No,No,25,Yes,No,No,No internet service,No internet service,No internet service,No internet service,No internet service,No internet service,One year,No,Credit card (automatic),20.0,509.77,0
CUST-105883,Female,0,Yes,Yes,33,Yes,No,DSL,Yes,Yes,Yes,No,No,No,One year,Yes,Mailed check,58.25,1957.64,0
CUST-103925,Male,0,Yes,No,42,Yes,Yes,Fiber optic,No,No,Yes,Yes,Yes,Yes,One year,Yes,Electronic check,108.3,4586.6,0
CUST-102848,Male,1,No,No,11,Yes,Yes,Fiber optic,No,Yes,Yes,Yes,Yes,Yes,Month-to-month,Yes,Electronic check,111.73,1183.64,0
CUST-106124,Male,0,No,Yes,23,No,No phone service,DSL,Yes,Yes,No,Yes,No,No,One year,No,Bank transfer (automatic),40.83,946.87,0
CUST-101797,Male,0,Yes,Yes,50,Yes,No,DSL,No,No,No,No,No,No,One year,Yes,Bank transfer (automatic),45.0,2232.79,0
CUST-101230,Male,1,Yes,No,72,Yes,Yes,No,No internet service,No internet service,No internet service,No internet service,No internet service,No internet service,Two year,Yes,Bank transfer (automatic),25.1,1801.37,0
CUST-106219,Female,0,No,No,26,Yes,Yes,Fiber optic,No,No,Yes,No,No,No,Month-to-month,Yes,Electronic check,80.84,2191.63,0
CUST-104965,Female,0,Yes,No,15,Yes,No,Fiber optic,No,No,No,No,Yes,Yes,Month-to-month,No,Electronic check,88.05,1390.01,1
CUST-101569,Female,0,Yes,No,53,Yes,Yes,Fiber optic,No,No,No,Yes,No,Yes,One year,Yes,Electronic check,91.13,4861.26,0
CUST-102684,Male,1,Yes,No,61,Yes,Yes,Fiber optic,No,Yes,No,Yes,No,No,One year,Yes,Bank transfer (automatic),85.63,5252.87,0
CUST-104047,Female,0,No,No,54,Yes,Yes,Fiber optic,No,Yes,Yes,Yes,Yes,Yes,Month-to-month,No,Electronic check,111.13,6016.04,1
CUST-104175,Male,0,Yes,Yes,53,Yes,Yes,DSL,Yes,No,No,Yes,No,Yes,Month-to-month,No,Electronic check,72.05,3827.76,0
CUST-103826,Male,0,Yes,Yes,43,Yes,Yes,Fiber optic,No,No,Yes,Yes,Yes,Yes,One year,Yes,Credit card (automatic),103.89,4453.11,0
CUST-105692,Female,0,No,No,4,Yes,Yes,No,No internet service,No internet service,No internet service,No internet service,No internet service,No internet service,One year,No,Electronic check,24.04,98.45,0
CUST-100825,Male,0,No,No,63,Yes,Yes,DSL,Yes,Yes,Yes,Yes,No,No,One year,No,Electronic check,71.35,4575.85,0
CUST-103559,Male,0,Yes,No,35,No,No phone service,DSL,Yes,No,Yes,No,Yes,Yes,One year,No,Credit card (automatic),53.33,1931.06,0
CUST-105829,Male,1,Yes,No,16,Yes,No,Fiber optic,No,No,No,No,No,No,Month-to-month,Yes,Bank transfer (automatic),71.96,1168.25,1
CUST-102080,Female,0,No,No,9,Yes,Yes,Fiber optic,No,No,No,No,Yes,Yes,Month-to-month,No,Electronic check,94.46,858.6,1
CUST-101462,Male,0,Yes,Yes,23,Yes,Yes,DSL,No,Yes,No,Yes,No,No,Two year,No,Mailed check,59.88,1415.64,0
CUST-100525,Male,1,Yes,No,1,Yes,No,Fiber optic,No,No,No,No,No,No,Month-to-month,No,Mailed check,70.66,70.52,1
CUST-106240,Female,0,No,No,34,Yes,No,DSL,Yes,Yes,No,No,No,Yes,One year,No,Electronic check,64.54,2054.83,0
CUST-103445,Male,1,No,No,35,Yes,Yes,Fiber optic,No,No,Yes,No,Yes,Yes,Month-to-month,Yes,Electronic check,99.07,3396.58,1
CUST-104584,Female,0,Yes,Yes,41,Yes,No,No,No internet service,No internet service,No internet service,No internet service,No internet service,No internet service,Two year,No,Bank transfer (automatic),19.59,804.47,0
CUST-104673,Male,0,Yes,Yes,13,Yes,No,No,No internet service,No internet service,No internet service,No internet service,No internet service,No internet service,One year,No,Mailed check,19.85,218.44,0
CUST-103851,Female,0,Yes,No,28,Yes,Yes,Fiber optic,No,No,Yes,Yes,Yes,Yes,Month-to-month,Yes,Electronic check,104.94,3047.45,1
CUST-101738,Female,0,Yes,No,23,Yes,Yes,Fiber optic,No,No,Yes,No,No,Yes,Month-to-month,No,Mailed check,90.16,2046.53,0
CUST-101165,Male,1,Yes,No,54,Yes,Yes,Fiber optic,No,Yes,Yes,Yes,Yes,Yes,Two year,Yes,Electronic check,110.18,6080.32,0
CUST-104991,Male,0,No,No,2,Yes,No,No,No internet service,No internet service,No internet service,No internet service,No internet service,No internet service,Month-to-month,No,Mailed check,20.17,40.65,0
CUST-102937,Female,0,No,No,54,Yes,Yes,Fiber optic,No,Yes,Yes,No,Yes,No,One year,Yes,Bank transfer (automatic),94.6,5120.81,0
CUST-105120,Female,0,No,No,12,No,No phone service,DSL,Yes,No,No,Yes,No,No,One year,Yes,Mailed check,33.23,435.51,0
CUST-102967,Male,0,No,No,2,Yes,No,DSL,Yes,No,No,Yes,No,No,Month-to-month,Yes,Mailed check,54.48,88.64,0
CUST-106130,Male,0,Yes,Yes,61,Yes,No,No,No internet service,No internet service,No internet service,No internet service,No internet service,No internet service,Two year,No,Credit card (automatic),20.91,1306.7,0
CUST-102598,Male,0,No,No,58,Yes,Yes,Fiber optic,No,Yes,Yes,No,Yes,Yes,One year,Yes,Bank transfer (automatic),103.48,6018.6,1
CUST-101232,Male,0,No,No,25,Yes,No,Fiber optic,No,No,No,No,No,No,Month-to-month,No,Mailed check,70.98,1766.06,1
CUST-106021,Female,0,Yes,No,40,Yes,Yes,DSL,No,Yes,No,No,Yes,No,One year,No,Bank transfer (automatic),64.17,2634.46,0
CUST-105764,Male,1,Yes,No,34,Yes,No,Fiber optic,Yes,No,No,Yes,Yes,No,One year,No,Mailed check,90.22,3128.84,0
CUST-105969,Male,0,No,No,7,Yes,Yes,Fiber optic,No,No,No,No,Yes,Yes,Month-to-month,No,Mailed check,94.83,655.07,1
CUST-106176,Male,0,No,No,5,Yes,No,DSL,No,No,No,Yes,No,No,Month-to-month,Yes,Electronic check,49.02,218.42,1
CUST-105198,Female,0,Yes,Yes,63,Yes,No,DSL,Yes,No,No,No,No,No,Two year,Yes,Bank transfer (automatic),50.64,3219.71,0
CUST-102209,Male,0,Yes,Yes,70,Yes,Yes,No,No internet service,No internet service,No internet service,No internet service,No internet service,No internet service,Two year,No,Mailed check,25.6,1714.86,0
CUST-106643,Male,0,Yes,No,42,Yes,No,No,No internet service,No internet service,No internet service,No internet service,No internet service,No internet service,Two year,No,Electronic check,20.21,836.31,0
CUST-103357,Female,0,Yes,Yes,72,Yes,No,DSL,Yes,No,Yes,Yes,Yes,Yes,Two year,Yes,Bank transfer (automatic),80.51,5886.36,0
CUST-104483,Female,1,No,No,59,Yes,Yes,Fiber optic,Yes,Yes,Yes,No,No,No,Month-to-month,Yes,Electronic check,90.05,5496.44,0
CUST-100170,Male,0,No,No,22,Yes,Yes,Fiber optic,No,No,No,No,Yes,Yes,Month-to-month,Yes,Electronic check,95.09,2161.11,0
CUST-104513,Female,0,No,No,60,Yes,No,Fiber optic,No,Yes,Yes,No,Yes,Yes,Two year,Yes,Electronic check,99.6,5940.05,0
CUST-105177,Male,0,Yes,Yes,4,Yes,No,No,No internet service,No internet service,No internet service,No internet service,No internet service,No internet service,Month-to-month,Yes,Mailed check,20.43,78.16,0
CUST-104440,Female,0,Yes,No,15,Yes,No,No,No internet service,No internet service,No internet service,No internet service,No internet service,No internet service,Month-to-month,No,Credit card (automatic),20.43,331.77,0
CUST-103527,Female,0,No,No,4,Yes,No,DSL,Yes,No,No,No,No,No,Month-to-month,Yes,Bank transfer (automatic),50.43,235.8,0
CUST-104141,Male,0,Yes,Yes,68,No,No phone service,DSL,Yes,Yes,Yes,Yes,No,Yes,Two year,Yes,Mailed check,56.52,3948.21,0
CUST-100456,Male,0,No,No,57,Yes,No,No,No internet service,No internet service,No internet service,No internet service,No internet service,No internet service,Two year,No,Bank transfer (automatic),20.25,1126.37,0
CUST-100129,Female,0,Yes,Yes,64,Yes,No,No,No internet service,No internet service,No internet service,No internet service,No internet service,No internet service,One year,No,Bank transfer (automatic),19.66,1335.7,0
CUST-101818,Female,0,No,No,55,Yes,No,DSL,No,No,No,No,No,No,One year,No,Bank transfer (automatic),45.06,2463.99,0
CUST-102717,Male,1,Yes,No,72,Yes,Yes,Fiber optic,No,Yes,Yes,Yes,Yes,Yes,Two year,Yes,Bank transfer (automatic),109.91,7930.28,0
CUST-106609,Male,1,Yes,No,8,Yes,No,DSL,No,No,Yes,Yes,No,Yes,Month-to-month,Yes,Credit card (automatic),64.47,582.31,0
CUST-105857,Female,0,Yes,No,71,Yes,Yes,DSL,Yes,Yes,Yes,Yes,Yes,Yes,Two year,No,Bank transfer (automatic),88.1,6365.75,0
CUST-101889,Male,1,No,No,13,Yes,No,DSL,No,Yes,No,No,Yes,No,Month-to-month,Yes,Electronic check,59.81,791.05,0
CUST-103410,Male,0,No,No,30,Yes,Yes,Fiber optic,Yes,Yes,Yes,Yes,No,No,Month-to-month,Yes,Credit card (automatic),95.0,2853.09,0
CUST-103012,Male,0,No,No,10,Yes,No,Fiber optic,Yes,No,Yes,No,No,No,Month-to-month,Yes,Mailed check,79.8,884.89,0
CUST-105584,Male,0,Yes,Yes,19,Yes,Yes,Fiber optic,No,No,No,Yes,Yes,Yes,One year,Yes,Electronic check,101.08,1877.65,1
CUST-105773,Male,1,No,No,15,Yes,Yes,Fiber optic,No,Yes,No,No,No,No,Month-to-month,Yes,Electronic check,79.83,1217.91,1
CUST-100794,Male,0,Yes,Yes,20,Yes,No,No,No internet service,No internet service,No internet service,No internet service,No internet service,No internet service,Two year,No,Mailed check,20.03,401.74,0
CUST-106023,Male,0,Yes,No,46,Yes,No,DSL,Yes,Yes,Yes,Yes,No,No,Two year,No,Mailed check,65.62,3047.7,0
CUST-101908,Male,0,Yes,No,23,Yes,No,DSL,Yes,No,No,No,No,Yes,Month-to-month,Yes,Bank transfer (automatic),59.74,1401.9,0
CUST-101149,Female,0,No,No,4,Yes,No,No,No internet service,No internet service,No internet service,No internet service,No internet service,No internet service,Month-to-month,Yes,Credit card (automatic),20.3,70.81,0
CUST-100384,Female,0,No,No,20,Yes,No,No,No internet service,No internet service,No internet service,No internet service,No internet service,No internet service,Two year,No,Mailed check,19.8,408.05,0
CUST-106245,Female,0,No,No,52,No,No phone service,DSL,Yes,Yes,Yes,No,Yes,Yes,Two year,Yes,Bank transfer (automatic),58.79,3039.53,0
CUST-101702,Female,1,No,No,18,Yes,Yes,Fiber optic,No,Yes,No,Yes,Yes,Yes,Month-to-month,Yes,Credit card (automatic),103.5,1805.45,0
CUST-104113,Female,0,Yes,Yes,48,No,No phone service,DSL,No,No,No,Yes,No,No,Month-to-month,Yes,Credit card (automatic),29.32,1422.6,0
CUST-101713,Female,0,No,Yes,12,Yes,Yes,Fiber optic,No,No,No,No,No,No,Month-to-month,Yes,Electronic check,76.86,892.62,0
CUST-103330,Female,0,No,No,16,Yes,Yes,DSL,No,No,Yes,No,No,Yes,Month-to-month,Yes,Credit card (automatic),65.09,1042.16,1
CUST-100136,Male,0,No,No,21,Yes,Yes,Fiber optic,No,Yes,No,No,No,No,Month-to-month,Yes,Electronic check,82.43,1850.57,1
CUST-101514,Female,0,Yes,Yes,1,Yes,No,No,No internet service,No internet service,No internet service,No internet service,No internet service,No internet service,Month-to-month,No,Mailed check,19.95,21.09,0
CUST-106445,Female,1,No,No,63,Yes,Yes,Fiber optic,No,No,Yes,No,No,Yes,Month-to-month,Yes,Bank transfer (automatic),89.66,5541.07,0
CUST-104696,Female,0,Yes,Yes,20,Yes,No,No,No internet service,No internet service,No internet service,No internet service,No internet service,No internet service,Month-to-month,No,Mailed check,20.27,443.73,0
CUST-105133,Female,0,No,Yes,21,Yes,No,DSL,Yes,No,Yes,No,No,Yes,One year,No,Mailed check,64.84,1336.48,0
CUST-104819,Male,0,No,No,43,Yes,Yes,Fiber optic,No,No,No,No,Yes,Yes,One year,No,Mailed check,94.33,3922.32,0
CUST-104646,Female,0,Yes,Yes,30,Yes,Yes,Fiber optic,No,No,Yes,No,Yes,Yes,Month-to-month,Yes,Electronic check,99.77,3045.23,1
CUST-102280,Female,0,No,No,2,Yes,No,No,No internet service,No internet service,No internet service,No internet service,No internet service,No internet service,Month-to-month,No,Mailed check,20.25,40.37,0
CUST-102253,Male,1,Yes,No,24,Yes,Yes,Fiber optic,Yes,No,No,No,No,No,Month-to-month,Yes,Electronic check,78.61,1772.57,1
CUST-102011,Male,0,No,No,31,Yes,No,Fiber optic,No,Yes,No,Yes,No,No,Month-to-month,Yes,Electronic check,78.5,2437.6,1
CUST-102916,Female,0,No,No,4,Yes,No,No,No internet service,No internet service,No internet service,No internet service,No internet service,No internet service,Month-to-month,No,Credit card (automatic),20.53,84.18,0
CUST-105225,Male,0,No,No,1,Yes,Yes,DSL,No,No,No,No,No,No,Month-to-month,No,Mailed check,50.89,50.02,0
CUST-104780,Male,0,No,No,1,No,No phone service,DSL,No,No,No,No,No,No,Month-to-month,Yes,Electronic check,25.06,26.35,1
CUST-103875,Male,0,No,No,11,No,No phone service,DSL,No,Yes,Yes,No,No,No,Month-to-month,No,Mailed check,34.65,384.54,0
CUST-100420,Male,0,Yes,Yes,48,Yes,No,DSL,No,Yes,Yes,No,No,No,One year,Yes,Credit card (automatic),55.82,2648.64,0
CUST-100050,Female,0,Yes,Yes,12,Yes,Yes,No,No internet service,No internet service,No internet service,No internet service,No internet service,No internet service,Two year,No,Credit card (automatic),25.32,275.79,0
CUST-105555,Male,0,No,No,53,Yes,No,Fiber optic,No,Yes,No,Yes,No,No,Month-to-month,Yes,Mailed check,80.6,4345.64,0
CUST-103649,Male,0,No,No,5,Yes,No,No,No internet service,No internet service,No internet service,No internet service,No internet service,No internet service,Month-to-month,Yes,Mailed check,19.22,86.9,0
CUST-103578,Male,1,Yes,No,64,Yes,No,Fiber optic,Yes,No,Yes,No,No,No,One year,No,Credit card (automatic),80.45,5018.97,0
CUST-100303,Female,0,Yes,Yes,41,Yes,No,DSL,Yes,No,No,Yes,Yes,Yes,One year,Yes,Credit card (automatic),74.81,3188.25,0
CUST-105350,Female,0,Yes,No,22,Yes,No,Fiber optic,No,No,No,No,No,No,Month-to-month,Yes,Electronic check,69.53,1553.86,1
CUST-103460,Female,0,Yes,Yes,70,Yes,Yes,DSL,Yes,Yes,No,No,Yes,No,Two year,Yes,Credit card (automatic),69.36,4871.09,0
CUST-100460,Male,0,Yes,Yes,69,Yes,No,DSL,Yes,Yes,Yes,No,No,No,Two year,Yes,Bank transfer (automatic),59.88,4070.77,0
CUST-102076,Male,0,Yes,Yes,22,Yes,No,Fiber optic,Yes,No,No,No,No,No,Month-to-month,No,Bank transfer (automatic),75.1,1573.44,0
CUST-102150,Male,0,No,No,41,Yes,No,Fiber optic,No,Yes,No,Yes,Yes,No,One year,Yes,Electronic check,89.36,3729.89,0
CUST-106001,Male,0,Yes,Yes,67,Yes,Yes,Fiber optic,No,Yes,Yes,No,Yes,Yes,One year,Yes,Electronic check,105.56,6990.1,0
CUST-100153,Female,0,Yes,Yes,9,Yes,No,DSL,No,Yes,No,Yes,Yes,No,One year,Yes,Mailed check,65.56,594.7,0
CUST-101587,Male,0,No,Yes,10,Yes,Yes,No,No internet service,No internet service,No internet service,No internet service,No internet service,No internet service,Month-to-month,No,Credit card (automatic),25.09,221.16,0
CUST-103138,Male,0,No,No,5,Yes,No,Fiber optic,No,No,No,No,No,No,Month-to-month,Yes,Electronic check,69.95,316.57,1
CUST-106759,Female,0,No,No,15,Yes,No,DSL,No,Yes,No,No,No,No,Month-to-month,No,Electronic check,48.71,737.39,0
CUST-106142,Male,1,No,No,8,Yes,No,Fiber optic,No,No,No,No,No,No,Month-to-month,Yes,Electronic check,69.58,559.5,1
CUST-105322,Female,0,No,No,20,Yes,No,No,No internet service,No internet service,No internet service,No internet service,No internet service,No internet service,Month-to-month,Yes,Credit card (automatic),18.79,349.12,0
CUST-103558,Male,0,No,No,1,Yes,No,No,No internet service,No internet service,No internet service,No internet service,No internet service,No internet service,Month-to-month,No,Mailed check,20.23,20.0,1
CUST-102383,Female,0,Yes,Yes,72,Yes,Yes,No,No internet service,No internet service,No internet service,No internet service,No internet service,No internet service,One year,Yes,Bank transfer (automatic),23.33,1624.43,0
CUST-104325,Male,1,Yes,No,69,Yes,Yes,Fiber optic,Yes,Yes,No,No,No,No,Month-to-month,Yes,Credit card (automatic),84.49,5785.77,0
CUST-105013,Female,0,No,No,6,Yes,No,DSL,Yes,Yes,No,No,No,No,Month-to-month,No,Mailed check,55.01,322.7,0
CUST-102837,Female,0,No,No,1,Yes,No,No,No internet service,No internet service,No internet service,No internet service,No internet service,No internet service,Month-to-month,No,Mailed check,19.78,20.49,1
CUST-104293,Female,0,Yes,No,51,No,No phone service,DSL,No,Yes,No,No,Yes,Yes,Month-to-month,Yes,Electronic check,49.9,2554.11,0
CUST-106399,Male,0,No,No,46,Yes,Yes,Fiber optic,Yes,Yes,No,No,No,Yes,Month-to-month,Yes,Electronic check,94.19,4154.98,1
CUST-106012,Female,0,Yes,No,16,Yes,Yes,Fiber optic,Yes,Yes,Yes,No,No,No,Month-to-month,No,Electronic check,90.89,1375.15,0
CUST-103236,Male,0,Yes,Yes,69,Yes,Yes,DSL,No,Yes,Yes,Yes,Yes,Yes,Two year,Yes,Bank transfer (automatic),81.8,5600.69,0
CUST-106610,Male,1,Yes,No,17,Yes,No,Fiber optic,No,Yes,No,No,No,No,Month-to-month,Yes,Electronic check,76.44,1234.79,1
CUST-106236,Male,0,No,Yes,45,Yes,Yes,Fiber optic,No,No,Yes,No,Yes,Yes,Two year,No,Bank transfer (automatic),99.85,4631.96,0
CUST-104879,Male,0,Yes,Yes,72,Yes,Yes,Fiber optic,Yes,Yes,Yes,Yes,Yes,Yes,Two year,Yes,Electronic check,113.92,8093.68,0
CUST-100048,Female,1,No,No,8,Yes,Yes,Fiber optic,No,No,No,No,No,Yes,Month-to-month,No,Electronic check,85.36,694.93,0
CUST-102501,Female,0,No,No,1,Yes,No,DSL,No,No,No,No,No,No,Month-to-month,Yes,Electronic check,45.54,46.65,1
CUST-101047,Female,0,Yes,No,44,Yes,Yes,Fiber optic,No,No,No,No,Yes,Yes,Month-to-month,Yes,Electronic check,96.18,4365.31,1
CUST-103926,Female,0,No,No,2,Yes,No,Fiber optic,No,No,No,No,No,No,Month-to-month,Yes,Electronic check,70.23,125.06,0
CUST-103820,Female,0,No,No,23,Yes,Yes,DSL,No,No,No,Yes,Yes,Yes,One year,Yes,Mailed check,73.91,1755.58,0
CUST-105719,Male,0,No,No,39,No,No phone service,DSL,No,No,Yes,Yes,No,No,One year,No,Mailed check,35.83,1309.19,0
CUST-105741,Male,0,No,No,1,Yes,No,Fiber optic,No,No,No,No,No,No,Month-to-month,Yes,Electronic check,69.75,69.99,1
CUST-106414,Male,0,No,No,10,Yes,No,No,No internet service,No internet service,No internet service,No internet service,No internet service,No internet service,Month-to-month,No,Electronic check,20.0,182.2,0
CUST-104608,Female,0,Yes,Yes,3,No,No phone service,DSL,Yes,No,No,No,No,No,Month-to-month,No,Credit card (automatic),29.67,91.2,1
CUST-100040,Female,1,Yes,No,54,Yes,No,No,No internet service,No internet service,No internet service,No internet service,No internet service,No internet service,Two year,Yes,Mailed check,19.18,1031.21,0
CUST-101914,Female,0,Yes,Yes,71,Yes,No,DSL,Yes,No,Yes,Yes,Yes,Yes,Two year,Yes,Credit card (automatic),82.42,6000.04,0
CUST-103873,Male,0,Yes,No,55,Yes,Yes,No,No internet service,No internet service,No internet service,No internet service,No internet service,No internet service,Two year,No,Bank transfer (automatic),25.8,1444.5,0
CUST-101779,Female,0,No,No,6,Yes,No,Fiber optic,No,No,Yes,Yes,No,Yes,Month-to-month,Yes,Electronic check,89.48,487.25,0
CUST-106018,Female,0,Yes,Yes,35,Yes,No,DSL,Yes,No,No,Yes,No,No,One year,Yes,Bank transfer (automatic),54.6,1918.03,0
CUST-106681,Male,0,No,No,10,Yes,Yes,Fiber optic,No,No,No,No,Yes,No,Month-to-month,Yes,Bank transfer (automatic),86.24,836.71,1
CUST-101325,Female,0,No,No,6,Yes,Yes,Fiber optic,No,No,No,No,Yes,Yes,Month-to-month,Yes,Bank transfer (automatic),93.52,536.4,1
CUST-103069,Female,0,Yes,No,56,Yes,Yes,Fiber optic,Yes,Yes,Yes,No,Yes,Yes,One year,No,Bank transfer (automatic),109.65,6107.96,0
CUST-103406,Male,0,No,No,1,Yes,No,No,No internet service,No internet service,No internet service,No internet service,No internet service,No internet service,Month-to-month,No,Mailed check,20.85,20.7,0
CUST-103684,Male,0,No,No,1,Yes,No,Fiber optic,No,No,No,No,Yes,Yes,Month-to-month,Yes,Electronic check,89.21,89.49,1
CUST-104600,Female,0,Yes,Yes,63,Yes,No,DSL,Yes,Yes,Yes,Yes,No,No,Two year,No,Mailed check,63.76,4014.43,0
CUST-103544,Male,1,Yes,No,72,Yes,Yes,Fiber optic,Yes,Yes,Yes,Yes,No,No,Two year,Yes,Bank transfer (automatic),93.11,6735.66,0
CUST-105812,Male,1,Yes,No,44,Yes,No,No,No internet service,No internet service,No internet service,No internet service,No internet service,No internet service,Two year,Yes,Credit card (automatic),19.12,846.47,0
CUST-104785,Female,1,No,No,12,Yes,Yes,Fiber optic,No,Yes,No,No,Yes,No,Month-to-month,Yes,Electronic check,91.24,1094.67,1
CUST-100807,Female,0,Yes,Yes,14,Yes,Yes,Fiber optic,No,No,No,No,Yes,No,Month-to-month,Yes,Electronic check,85.05,1204.16,0
CUST-106205,Female,0,No,No,25,No,No phone service,DSL,No,No,Yes,No,Yes,Yes,Month-to-month,Yes,Electronic check,48.26,1293.95,0
CUST-106468,Male,0,No,No,30,Yes,Yes,Fiber optic,Yes,Yes,No,No,No,Yes,Month-to-month,Yes,Credit card (automatic),94.1,2681.16,0
CUST-104054,Male,0,No,No,25,Yes,Yes,DSL,Yes,Yes,Yes,Yes,No,Yes,Month-to-month,No,Bank transfer (automatic),81.53,2029.75,0
CUST-103914,Male,0,Yes,No,53,Yes,No,No,No internet service,No internet service,No internet service,No internet service,No internet service,No internet service,Two year,No,Credit card (automatic),19.75,1111.28,0
CUST-103333,Female,0,Yes,No,71,Yes,Yes,Fiber optic,Yes,No,Yes,No,Yes,Yes,One year,Yes,Credit card (automatic),104.16,7410.77,0
CUST-104112,Male,0,Yes,No,61,Yes,Yes,Fiber optic,No,Yes,Yes,No,Yes,Yes,Month-to-month,Yes,Electronic check,105.35,6283.45,1
CUST-106244,Female,0,No,No,13,No,No phone service,DSL,No,Yes,No,No,No,No,Month-to-month,Yes,Electronic check,30.94,349.79,1
CUST-103251,Male,0,No,No,17,Yes,No,No,No internet service,No internet service,No internet service,No internet service,No internet service,No internet service,Two year,No,Mailed check,19.43,340.8,0
CUST-106422,Female,0,Yes,Yes,31,Yes,No,No,No internet service,No internet service,No internet service,No internet service,No internet service,No internet service,Two year,No,Mailed check,21.05,698.42,0
CUST-103671,Female,0,Yes,No,12,Yes,No,DSL,No,No,No,No,No,No,Month-to-month,No,Bank transfer (automatic),46.18,505.16,0
CUST-102682,Male,0,No,No,3,Yes,No,No,No internet service,No internet service,No internet service,No internet service,No internet service,No internet service,Month-to-month,Yes,Electronic check,20.1,78.43,0
CUST-104427,Female,0,Yes,Yes,69,Yes,No,No,No internet service,No internet service,No internet service,No internet service,No internet service,No internet service,Two year,No,Credit card (automatic),19.92,1435.37,0
CUST-102071,Female,0,No,No,68,Yes,No,No,No internet service,No internet service,No internet service,No internet service,No internet service,No internet service,Two year,No,Credit card (automatic),19.2,1441.51,0
CUST-105029,Female,0,No,No,12,Yes,Yes,Fiber optic,No,No,Yes,No,Yes,Yes,Month-to-month,Yes,Bank transfer (automatic),100.22,1164.77,1
CUST-105023,Male,0,Yes,Yes,56,Yes,Yes,Fiber optic,No,No,Yes,Yes,Yes,Yes,Two year,Yes,Electronic check,103.38,5871.76,0
CUST-103849,Male,0,No,No,1,Yes,Yes,Fiber optic,No,Yes,No,No,No,Yes,Month-to-month,Yes,Credit card (automatic),90.73,89.62,1
CUST-100677,Female,0,No,No,1,Yes,No,Fiber optic,No,No,No,No,No,No,Month-to-month,Yes,Electronic check,70.54,75.12,1
CUST-105251,Female,0,No,No,39,Yes,No,DSL,No,Yes,No,No,Yes,No,One year,Yes,Credit card (automatic),58.74,2226.07,0
CUST-105192,Female,0,No,No,64,Yes,Yes,No,No internet service,No internet service,No internet service,No internet service,No internet service,No internet service,One year,No,Mailed check,24.71,1641.9,0
CUST-106765,Female,0,No,No,5,Yes,Yes,Fiber optic,No,No,No,No,Yes,Yes,Month-to-month,Yes,Mailed check,93.93,487.74,1
CUST-105753,Male,0,No,No,1,Yes,No,No,No internet service,No internet service,No internet service,No internet service,No internet service,No internet service,Month-to-month,No,Electronic check,20.03,19.52,1
CUST-103631,Female,0,No,No,29,Yes,Yes,Fiber optic,No,No,Yes,No,Yes,Yes,Month-to-month,No,Bank transfer (automatic),100.4,2877.33,0
CUST-103910,Male,1,Yes,No,2,Yes,No,Fiber optic,No,No,No,No,No,No,Month-to-month,No,Electronic check,69.9,140.72,0
CUST-101390,Female,0,No,No,2,Yes,No,Fiber optic,No,No,No,No,Yes,No,Month-to-month,Yes,Electronic check,80.25,145.95,1
CUST-105867,Female,0,No,No,24,No,No phone service,DSL,No,Yes,Yes,No,Yes,Yes,Month-to-month,Yes,Credit card (automatic),53.98,1239.24,1
CUST-105502,Male,1,Yes,No,59,Yes,No,Fiber optic,Yes,Yes,Yes,No,No,No,One year,Yes,Credit card (automatic),83.1,4903.14,0
CUST-100279,Female,0,No,No,60,Yes,Yes,DSL,Yes,No,Yes,Yes,No,No,One year,No,Electronic check,64.88,4041.71,0
CUST-103785,Female,0,No,No,41,Yes,No,Fiber optic,No,No,No,No,No,No,Month-to-month,No,Bank transfer (automatic),70.23,2868.4,1
CUST-102878,Male,1,Yes,No,72,Yes,No,DSL,Yes,Yes,Yes,Yes,Yes,No,Two year,No,Bank transfer (automatic),74.39,5361.65,0
CUST-100262,Male,0,No,No,16,Yes,Yes,DSL,No,Yes,Yes,No,No,Yes,Month-to-month,Yes,Bank transfer (automatic),71.41,1215.63,0
CUST-103611,Male,0,Yes,Yes,50,Yes,Yes,No,No internet service,No internet service,No internet service,No internet service,No internet service,No internet service,Two year,No,Mailed check,24.87,1262.81,0
CUST-103493,Male,0,Yes,Yes,71,Yes,No,No,No internet service,No internet service,No internet service,No internet service,No internet service,No internet service,Two year,Yes,Bank transfer (automatic),19.46,1385.22,0
CUST-105295,Male,0,Yes,Yes,71,Yes,No,No,No internet service,No internet service,No internet service,No internet service,No internet service,No internet service,Two year,No,Mailed check,19.17,1377.99,0
CUST-100382,Female,0,No,No,1,Yes,No,DSL,Yes,No,No,No,No,No,Month-to-month,Yes,Credit card (automatic),48.36,46.71,1
CUST-104062,Female,0,No,No,3,Yes,No,Fiber optic,No,No,No,No,Yes,No,Month-to-month,Yes,Electronic check,80.45,232.75,0
CUST-101293,Female,1,Yes,No,72,Yes,Yes,Fiber optic,No,Yes,Yes,No,Yes,Yes,One year,No,Credit card (automatic),105.09,7578.35,0
CUST-103992,Male,1,No,No,5,No,No phone service,DSL,No,No,Yes,Yes,Yes,No,Month-to-month,No,Credit card (automatic),45.63,215.22,0
CUST-106187,Male,0,Yes,Yes,63,Yes,Yes,DSL,Yes,Yes,Yes,No,Yes,Yes,Two year,No,Credit card (automatic),83.43,5434.68,0
CUST-102064,Male,0,No,No,1,Yes,No,No,No internet service,No internet service,No internet service,No internet service,No internet service,No internet service,Month-to-month,No,Bank transfer (automatic),21.19,20.54,0
CUST-102593,Male,0,No,Yes,31,No,No phone service,DSL,No,No,No,No,No,No,Month-to-month,No,Credit card (automatic),25.35,790.7,0
CUST-102470,Male,1,Yes,No,18,Yes,No,Fiber optic,No,No,No,No,No,Yes,Month-to-month,No,Electronic check,78.45,1423.37,1
CUST-106278,Male,0,Yes,No,50,Yes,Yes,Fiber optic,No,Yes,No,No,Yes,Yes,One year,Yes,Electronic check,98.23,4857.84,0
CUST-100419,Female,0,No,No,3,Yes,Yes,DSL,No,No,No,Yes,Yes,No,Month-to-month,Yes,Electronic check,63.74,156.06,1
CUST-105329,Female,0,Yes,No,67,Yes,Yes,No,No internet service,No internet service,No internet service,No internet service,No internet service,No internet service,Two year,Yes,Credit card (automatic),25.29,1734.1,0
CUST-100513,Male,0,No,No,46,Yes,No,No,No internet service,No internet service,No internet service,No internet service,No internet service,No internet service,Two year,No,Electronic check,19.99,904.61,0
CUST-101425,Male,0,No,Yes,2,Yes,No,No,No internet service,No internet service,No internet service,No internet service,No internet service,No internet service,Month-to-month,No,Mailed check,20.45,43.83,0
CUST-106958,Male,0,Yes,Yes,18,No,No phone service,DSL,No,No,No,No,No,No,Month-to-month,No,Credit card (automatic),25.41,468.58,0
CUST-106779,Female,0,No,No,58,Yes,Yes,Fiber optic,Yes,Yes,Yes,No,Yes,Yes,One year,Yes,Electronic check,107.81,6331.34,0
CUST-102734,Female,0,Yes,No,46,Yes,No,DSL,Yes,Yes,No,Yes,No,Yes,One year,No,Mailed check,70.75,3230.19,0
CUST-103530,Male,0,Yes,Yes,7,Yes,No,DSL,Yes,No,No,No,No,No,One year,Yes,Electronic check,49.83,329.53,1
CUST-105887,Male,0,No,No,12,Yes,Yes,Fiber optic,No,No,Yes,No,Yes,No,Month-to-month,Yes,Electronic check,89.65,1020.23,0
CUST-104563,Female,0,No,No,2,Yes,Yes,DSL,No,No,No,Yes,No,No,Month-to-month,Yes,Mailed check,54.57,114.57,0
CUST-105881,Male,0,Yes,No,3,Yes,Yes,Fiber optic,No,No,No,Yes,No,No,Month-to-month,Yes,Bank transfer (automatic),79.92,249.74,1
CUST-103184,Male,1,No,No,16,Yes,Yes,Fiber optic,No,No,No,No,No,No,Month-to-month,Yes,Bank transfer (automatic),74.61,1262.41,0
CUST-104094,Male,1,Yes,No,7,Yes,No,Fiber optic,No,No,No,No,No,No,Month-to-month,Yes,Mailed check,69.89,467.8,1
CUST-105255,Male,0,Yes,No,59,Yes,Yes,Fiber optic,Yes,Yes,Yes,Yes,Yes,No,Month-to-month,Yes,Electronic check,106.8,6252.62,1
CUST-104552,Female,0,Yes,Yes,71,Yes,Yes,DSL,Yes,Yes,Yes,Yes,Yes,Yes,Two year,Yes,Credit card (automatic),90.51,6239.87,0
CUST-102294,Female,1,No,No,45,Yes,Yes,Fiber optic,No,No,Yes,No,Yes,Yes,One year,Yes,Bank transfer (automatic),100.02,4463.25,0
CUST-102966,Female,0,No,No,4,Yes,No,DSL,No,Yes,No,No,No,No,Month-to-month,No,Credit card (automatic),50.81,150.8,1
CUST-106016,Female,0,No,No,1,Yes,No,DSL,No,Yes,No,No,No,No,Month-to-month,No,Electronic check,50.02,49.89,0
CUST-104090,Female,0,Yes,Yes,72,Yes,Yes,DSL,Yes,No,Yes,No,Yes,No,Two year,Yes,Bank transfer (automatic),70.98,5025.86,0
CUST-100356,Female,0,Yes,Yes,70,Yes,Yes,DSL,Yes,No,No,Yes,Yes,Yes,Two year,Yes,Bank transfer (automatic),80.8,5459.15,0
CUST-104622,Male,1,No,No,19,Yes,Yes,Fiber optic,No,No,Yes,No,No,No,Month-to-month,Yes,Electronic check,79.56,1476.12,1
CUST-105268,Female,0,Yes,No,72,Yes,Yes,Fiber optic,Yes,Yes,Yes,Yes,Yes,No,Two year,Yes,Bank transfer (automatic),103.92,7556.83,0
CUST-106934,Female,0,No,No,59,Yes,Yes,No,No internet service,No internet service,No internet service,No internet service,No internet service,No internet service,Two year,No,Electronic check,24.43,1492.88,0
CUST-104484,Male,0,Yes,No,69,Yes,Yes,Fiber optic,No,Yes,No,Yes,Yes,No,Two year,Yes,Mailed check,92.41,6461.01,0
CUST-106594,Female,0,No,No,33,Yes,Yes,Fiber optic,No,Yes,No,No,Yes,Yes,Month-to-month,Yes,Electronic check,100.17,3319.35,0
CUST-103180,Male,0,No,Yes,19,Yes,Yes,No,No internet service,No internet service,No internet service,No internet service,No internet service,No internet service,Month-to-month,Yes,Credit card (automatic),24.22,437.8,0
CUST-106106,Female,1,No,No,2,No,No phone service,DSL,No,No,No,No,No,No,Month-to-month,No,Electronic check,24.2,42.65,1
CUST-104534,Female,0,No,No,1,Yes,No,No,No internet service,No internet service,No internet service,No internet service,No internet service,No internet service,Month-to-month,Yes,Mailed check,20.51,19.64,1
CUST-103638,Female,0,No,No,61,No,No phone service,DSL,Yes,Yes,Yes,Yes,No,No,One year,No,Credit card (automatic),43.79,2697.28,0
CUST-103351,Male,0,Yes,Yes,13,Yes,No,DSL,No,No,No,No,Yes,Yes,One year,Yes,Electronic check,64.62,879.19,0
CUST-102178,Female,0,Yes,Yes,29,Yes,No,No,No internet service,No internet service,No internet service,No internet service,No internet service,No internet service,One year,No,Electronic check,19.58,538.41,0
CUST-100183,Male,0,Yes,No,56,Yes,Yes,No,No internet service,No internet service,No internet service,No internet service,No internet service,No internet service,Two year,Yes,Credit card (automatic),25.33,1326.28,1
CUST-101539,Male,0,Yes,No,72,Yes,Yes,Fiber optic,No,Yes,Yes,No,Yes,Yes,Two year,Yes,Bank transfer (automatic),104.93,7469.84,0
CUST-101084,Male,0,No,No,28,Yes,Yes,Fiber optic,No,Yes,Yes,No,Yes,Yes,Month-to-month,Yes,Electronic check,105.79,2978.05,1
CUST-101077,Male,0,No,No,8,Yes,Yes,Fiber optic,No,Yes,No,No,Yes,Yes,Month-to-month,No,Electronic check,100.98,824.05,1
CUST-103165,Female,0,No,No,1,Yes,No,No,No internet service,No internet service,No internet service,No internet service,No internet service,No internet service,Month-to-month,No,Mailed check,20.72,19.14,0
CUST-101018,Male,0,No,No,62,Yes,Yes,DSL,Yes,Yes,Yes,Yes,No,No,Two year,No,Bank transfer (automatic),69.6,4235.38,0
CUST-101527,Female,0,Yes,No,6,Yes,Yes,DSL,No,No,No,No,No,No,Month-to-month,No,Electronic check,50.4,313.73,0
CUST-102905,Male,1,Yes,No,29,Yes,No,Fiber optic,Yes,No,Yes,No,No,Yes,One year,No,Bank transfer (automatic),90.02,2657.9,0
CUST-103385,Female,0,Yes,Yes,56,Yes,Yes,Fiber optic,No,Yes,Yes,Yes,No,Yes,One year,Yes,Credit card (automatic),99.93,5610.55,0
CUST-106385,Female,0,No,No,2,Yes,No,Fiber optic,No,No,No,No,Yes,No,Month-to-month,Yes,Electronic check,80.72,145.57,1
CUST-106615,Female,0,Yes,Yes,40,Yes,Yes,Fiber optic,No,Yes,Yes,No,Yes,No,Month-to-month,Yes,Credit card (automatic),96.36,3914.45,0
CUST-101903,Female,0,Yes,Yes,28,Yes,No,Fiber optic,No,No,No,No,No,Yes,Month-to-month,Yes,Electronic check,81.03,2225.82,1
CUST-105515,Female,0,Yes,No,68,Yes,No,DSL,No,Yes,No,Yes,Yes,No,Two year,No,Bank transfer (automatic),63.82,4325.53,0
CUST-102153,Male,0,Yes,Yes,72,Yes,Yes,Fiber optic,Yes,Yes,Yes,Yes,No,Yes,One year,Yes,Credit card (automatic),104.76,7535.73,0
CUST-101288,Female,0,No,No,1,Yes,No,Fiber optic,No,No,No,No,Yes,No,Month-to-month,Yes,Electronic check,79.64,77.48,1
CUST-101192,Female,1,No,No,20,Yes,Yes,Fiber optic,No,No,No,No,No,Yes,Month-to-month,Yes,Credit card (automatic),85.77,1730.48,1
CUST-104543,Female,0,Yes,Yes,64,Yes,Yes,Fiber optic,Yes,No,No,Yes,No,No,Month-to-month,Yes,Bank transfer (automatic),86.44,5326.67,0
CUST-103153,Male,0,Yes,Yes,46,Yes,No,No,No internet service,No internet service,No internet service,No internet service,No internet service,No internet service,Two year,No,Credit card (automatic),20.07,864.37,0
CUST-101345,Female,0,No,No,3,Yes,No,DSL,Yes,Yes,No,Yes,No,Yes,Two year,No,Mailed check,70.94,214.04,0
CUST-104523,Male,0,Yes,Yes,21,Yes,No,No,No internet service,No internet service,No internet service,No internet service,No internet service,No internet service,One year,No,Mailed check,19.95,351.81,0
CUST-102004,Male,0,Yes,Yes,1,Yes,No,No,No internet service,No internet service,No internet service,No internet service,No internet service,No internet service,Month-to-month,No,Mailed check,19.94,17.97,1
CUST-106326,Female,0,No,No,1,Yes,No,Fiber optic,No,No,No,No,No,No,Month-to-month,Yes,Electronic check,69.41,68.7,1
CUST-102061,Male,0,No,No,3,Yes,No,Fiber optic,No,No,Yes,No,No,No,Month-to-month,Yes,Credit card (automatic),73.4,231.37,0
CUST-101220,Male,0,Yes,Yes,71,Yes,Yes,DSL,Yes,Yes,No,Yes,No,No,One year,Yes,Credit card (automatic),66.99,4748.89,0
CUST-100927,Female,0,No,No,1,Yes,No,DSL,No,No,No,No,No,Yes,Month-to-month,Yes,Electronic check,55.36,53.89,0
CUST-102723,Female,0,No,No,1,Yes,Yes,Fiber optic,No,No,No,No,Yes,No,Month-to-month,Yes,Electronic check,84.68,83.91,0
CUST-104351,Female,1,Yes,No,60,Yes,No,Fiber optic,Yes,Yes,Yes,Yes,Yes,Yes,Two year,Yes,Bank transfer (automatic),110.03,6667.28,0
CUST-100287,Male,0,Yes,No,72,Yes,No,No,No internet service,No internet service,No internet service,No internet service,No internet service,No internet service,Two year,No,Credit card (automatic),19.5,1420.95,0
CUST-106015,Female,1,Yes,No,70,Yes,Yes,Fiber optic,No,No,No,No,No,No,Two year,Yes,Credit card (automatic),75.72,5413.14,0
CUST-102979,Female,0,Yes,Yes,22,Yes,No,Fiber optic,No,Yes,No,No,No,Yes,Month-to-month,No,Electronic check,83.57,1844.12,1
CUST-106017,Male,1,Yes,No,53,Yes,Yes,DSL,Yes,No,No,Yes,No,No,One year,Yes,Electronic check,60.25,3228.98,1
CUST-101458,Male,0,No,No,1,Yes,No,DSL,No,No,No,No,No,No,Month-to-month,No,Mailed check,44.47,44.09,0
CUST-104279,Female,0,Yes,Yes,55,Yes,No,Fiber optic,No,No,No,No,No,No,Two year,Yes,Credit card (automatic),68.8,3842.84,0
CUST-105569,Male,0,Yes,Yes,22,Yes,No,Fiber optic,No,Yes,Yes,No,Yes,Yes,One year,Yes,Mailed check,99.94,2092.84,0
CUST-103250,Female,0,No,No,11,Yes,No,DSL,No,Yes,No,No,No,No,Month-to-month,No,Electronic check,51.1,532.56,0
CUST-101242,Female,1,No,No,7,Yes,No,DSL,No,Yes,Yes,No,Yes,No,Month-to-month,Yes,Electronic check,64.88,496.12,0
CUST-103567,Female,1,Yes,No,1,Yes,No,Fiber optic,No,No,No,No,No,No,Month-to-month,Yes,Mailed check,70.48,68.19,1
CUST-104102,Female,0,Yes,No,2,Yes,No,Fiber optic,Yes,No,No,Yes,No,No,Month-to-month,Yes,Electronic check,79.92,194.42,0
CUST-103829,Male,0,No,Yes,6,Yes,No,Fiber optic,No,No,Yes,No,Yes,Yes,Month-to-month,No,Mailed check,94.73,576.77,1
CUST-104777,Female,0,Yes,Yes,28,Yes,No,No,No internet service,No internet service,No internet service,No internet service,No internet service,No internet service,Month-to-month,Yes,Bank transfer (automatic),19.71,546.27,0
CUST-105871,Male,1,Yes,No,6,Yes,Yes,Fiber optic,No,No,Yes,No,No,No,Month-to-month,Yes,Electronic check,81.03,457.73,0
CUST-101677,Female,0,Yes,Yes,42,Yes,Yes,Fiber optic,No,No,No,No,Yes,Yes,Month-to-month,Yes,Electronic check,94.26,4186.26,1
CUST-103767,Male,0,Yes,No,61,Yes,No,Fiber optic,No,Yes,Yes,Yes,No,Yes,Month-to-month,No,Credit card (automatic),94.17,5730.35,0
CUST-104955,Female,0,No,No,1,Yes,No,DSL,Yes,Yes,No,No,No,No,Month-to-month,Yes,Electronic check,54.97,53.68,1
CUST-102923,Female,0,Yes,No,37,Yes,No,No,No internet service,No internet service,No internet service,No internet service,No internet service,No internet service,One year,Yes,Bank transfer (automatic),19.74,718.33,0
CUST-100518,Female,0,No,No,8,Yes,No,DSL,No,No,Yes,Yes,No,Yes,Month-to-month,No,Mailed check,64.27,505.17,0
CUST-101051,Female,0,No,No,1,Yes,No,DSL,No,No,No,No,No,No,Month-to-month,Yes,Electronic check,44.15,42.57,1
CUST-104567,Female,1,Yes,No,58,Yes,No,Fiber optic,Yes,Yes,No,Yes,Yes,Yes,One year,Yes,Credit card (automatic),105.18,6205.15,1
CUST-104951,Male,1,Yes,No,4,Yes,Yes,Fiber optic,No,No,No,No,No,No,Month-to-month,No,Electronic check,75.28,308.56,1
CUST-106992,Male,0,No,No,2,Yes,No,DSL,No,No,No,No,No,No,Month-to-month,Yes,Mailed check,45.1,96.36,1
CUST-102633,Male,0,Yes,Yes,4,Yes,Yes,No,No internet service,No internet service,No internet service,No internet service,No internet service,No internet service,One year,No,Credit card (automatic),24.16,72.51,0
CUST-105949,Male,0,No,No,2,Yes,No,DSL,No,No,No,No,No,No,Month-to-month,No,Mailed check,44.62,75.01,1
CUST-102637,Female,0,Yes,Yes,19,Yes,Yes,No,No internet service,No internet service,No internet service,No internet service,No internet service,No internet service,Two year,Yes,Bank transfer (automatic),24.79,467.14,0
CUST-103565,Female,0,Yes,Yes,65,Yes,Yes,Fiber optic,No,Yes,Yes,Yes,Yes,Yes,Two year,Yes,Credit card (automatic),111.0,7246.28,0
CUST-106335,Male,0,Yes,No,33,Yes,No,Fiber optic,No,No,Yes,No,Yes,Yes,One year,Yes,Electronic check,95.89,3036.27,1
CUST-106935,Female,0,No,No,5,Yes,No,No,No internet service,No internet service,No internet service,No internet service,No internet service,No internet service,Month-to-month,Yes,Credit card (automatic),19.46,92.91,0
CUST-102309,Female,0,Yes,No,2,Yes,No,Fiber optic,No,No,No,No,No,No,Month-to-month,Yes,Electronic check,70.3,138.27,1
CUST-101571,Male,0,Yes,Yes,27,No,No phone service,DSL,No,Yes,Yes,No,No,Yes,One year,Yes,Credit card (automatic),45.72,1245.7,0
CUST-103768,Male,0,No,Yes,25,Yes,No,No,No internet service,No internet service,No internet service,No internet service,No internet service,No internet service,Month-to-month,No,Mailed check,20.74,460.8,0
CUST-100223,Female,1,Yes,No,13,Yes,No,Fiber optic,No,No,No,No,No,No,Month-to-month,Yes,Electronic check,70.11,918.46,1
CUST-100078,Male,0,No,No,44,Yes,No,Fiber optic,Yes,Yes,Yes,No,Yes,Yes,One year,Yes,Electronic check,105.87,4510.52,0
CUST-100401,Female,0,No,No,12,Yes,Yes,Fiber optic,No,No,No,No,Yes,Yes,Month-to-month,Yes,Electronic check,94.3,1047.37,1
CUST-106379,Male,0,No,No,1,Yes,No,Fiber optic,No,No,No,Yes,No,No,Month-to-month,Yes,Electronic check,76.23,75.0,1
CUST-102448,Female,0,No,No,5,Yes,No,Fiber optic,No,Yes,No,Yes,No,Yes,Month-to-month,Yes,Electronic check,89.01,461.15,1
CUST-100509,Female,0,Yes,Yes,72,Yes,Yes,No,No internet service,No internet service,No internet service,No internet service,No internet service,No internet service,Two year,Yes,Bank transfer (automatic),26.28,1988.46,0
CUST-105684,Female,1,Yes,No,72,Yes,Yes,No,No internet service,No internet service,No internet service,No internet service,No internet service,No internet service,Two year,No,Bank transfer (automatic),24.32,1776.96,0
CUST-104475,Female,0,No,No,66,No,No phone service,DSL,Yes,No,Yes,Yes,Yes,Yes,Two year,Yes,Bank transfer (automatic),61.17,4195.78,0
CUST-100625,Female,0,No,Yes,18,Yes,Yes,DSL,Yes,No,No,No,No,No,Month-to-month,No,Mailed check,57.66,992.7,0
CUST-100273,Male,0,No,No,2,Yes,No,No,No internet service,No internet service,No internet service,No internet service,No internet service,No internet service,Month-to-month,Yes,Electronic check,19.38,32.31,0
CUST-105556,Male,0,No,No,2,Yes,No,DSL,No,No,No,No,No,No,Month-to-month,Yes,Electronic check,44.92,97.01,1
CUST-104320,Male,0,No,No,72,Yes,Yes,Fiber optic,Yes,Yes,Yes,Yes,Yes,Yes,Two year,No,Bank transfer (automatic),113.36,8165.53,0
CUST-100076,Male,0,No,No,31,Yes,No,Fiber optic,No,Yes,Yes,No,Yes,Yes,Month-to-month,Yes,Electronic check,101.39,3142.1,0
CUST-105850,Female,1,No,No,4,Yes,Yes,Fiber optic,No,No,No,No,No,No,Month-to-month,Yes,Electronic check,74.54,294.84,0
CUST-100501,Male,0,No,No,9,Yes,Yes,Fiber optic,No,No,No,No,No,No,Month-to-month,Yes,Electronic check,76.4,686.82,0
CUST-106788,Male,0,No,Yes,1,Yes,No,Fiber optic,No,No,No,No,No,No,Month-to-month,Yes,Mailed check,70.52,68.95,1
CUST-105561,Male,0,No,No,1,Yes,No,Fiber optic,No,No,No,Yes,No,No,Month-to-month,Yes,Mailed check,74.31,71.17,0
CUST-106967,Female,0,No,No,48,Yes,Yes,No,No internet service,No internet service,No internet service,No internet service,No internet service,No internet service,One year,No,Bank transfer (automatic),24.27,1132.32,0
CUST-102077,Female,1,No,No,18,Yes,No,Fiber optic,No,Yes,No,No,No,No,Month-to-month,Yes,Electronic check,73.75,1361.68,0
CUST-102297,Male,0,Yes,No,65,Yes,Yes,DSL,Yes,Yes,Yes,No,No,No,One year,No,Credit card (automatic),66.8,4308.09,0
CUST-101808,Female,0,No,No,64,Yes,Yes,No,No internet service,No internet service,No internet service,No internet service,No internet service,No internet service,One year,Yes,Bank transfer (automatic),24.2,1600.81,0
CUST-101666,Male,0,Yes,Yes,72,Yes,Yes,DSL,Yes,Yes,Yes,Yes,Yes,Yes,Two year,Yes,Mailed check,89.46,6375.22,0
CUST-104529,Male,0,Yes,No,21,Yes,No,DSL,No,No,No,No,Yes,No,Month-to-month,No,Bank transfer (automatic),54.14,1127.45,0
CUST-101987,Female,0,Yes,Yes,58,Yes,No,No,No internet service,No internet service,No internet service,No internet service,No internet service,No internet service,Two year,No,Credit card (automatic),20.16,1192.15,0
CUST-103547,Male,0,No,No,27,Yes,No,No,No internet service,No internet service,No internet service,No internet service,No internet service,No internet service,One year,No,Bank transfer (automatic),20.11,561.44,0
CUST-106680,Male,0,No,No,5,No,No phone service,DSL,No,Yes,No,No,Yes,Yes,Month-to-month,Yes,Mailed check,51.35,303.98,1
CUST-101103,Male,0,No,No,29,Yes,No,Fiber optic,No,No,Yes,Yes,Yes,Yes,Month-to-month,Yes,Credit card (automatic),99.15,2807.17,0
CUST-106704,Female,0,Yes,No,66,Yes,Yes,Fiber optic,No,Yes,Yes,No,Yes,Yes,Month-to-month,Yes,Electronic check,104.87,6938.52,0
CUST-104876,Female,0,No,No,16,Yes,No,Fiber optic,No,Yes,Yes,No,No,Yes,Month-to-month,Yes,Credit card (automatic),93.25,1573.34,1
CUST-104008,Female,0,No,No,28,Yes,No,Fiber optic,No,No,No,No,No,Yes,Month-to-month,Yes,Electronic check,80.59,2245.17,0
CUST-106487,Female,0,Yes,No,70,Yes,No,No,No internet service,No internet service,No internet service,No internet service,No internet service,No internet service,Two year,No,Bank transfer (automatic),19.92,1398.02,0
CUST-102039,Male,0,No,No,7,Yes,No,Fiber optic,No,Yes,No,No,Yes,Yes,Month-to-month,Yes,Electronic check,94.46,668.35,1
CUST-105313,Male,1,Yes,No,72,Yes,Yes,Fiber optic,Yes,Yes,Yes,Yes,Yes,Yes,Month-to-month,Yes,Credit card (automatic),112.81,8058.78,0
CUST-105906,Female,0,No,No,26,Yes,No,DSL,No,Yes,Yes,No,No,No,Month-to-month,Yes,Credit card (automatic),54.45,1408.36,0
CUST-102930,Female,0,Yes,Yes,40,Yes,Yes,No,No internet service,No internet service,No internet service,No internet service,No internet service,No internet service,Two year,Yes,Mailed check,24.75,1025.13,0
CUST-106143,Female,1,No,No,2,Yes,Yes,Fiber optic,No,No,No,No,Yes,No,Month-to-month,Yes,Electronic check,85.69,185.94,1
CUST-102809,Male,0,Yes,Yes,7,No,No phone service,DSL,Yes,Yes,Yes,No,No,No,Two year,No,Mailed check,38.57,279.44,0
CUST-107028,Female,0,No,No,1,Yes,No,No,No internet service,No internet service,No internet service,No internet service,No internet service,No internet service,Month-to-month,No,Electronic check,19.36,20.74,1
CUST-100531,Female,0,No,No,3,Yes,No,Fiber optic,No,No,No,Yes,No,Yes,Month-to-month,No,Electronic check,85.67,269.51,1
CUST-104726,Male,0,No,No,1,Yes,No,No,No internet service,No internet service,No internet service,No internet service,No internet service,No internet service,Month-to-month,Yes,Mailed check,20.65,20.33,0
CUST-101644,Female,0,No,Yes,15,Yes,No,Fiber optic,No,Yes,No,No,No,Yes,Month-to-month,Yes,Bank transfer (automatic),85.99,1268.92,1
CUST-103486,Male,0,No,No,23,Yes,Yes,Fiber optic,No,No,No,No,No,No,Month-to-month,Yes,Electronic check,74.86,1711.68,1
CUST-102139,Male,0,No,Yes,66,Yes,Yes,No,No internet service,No internet service,No internet service,No internet service,No internet service,No internet service,Two year,Yes,Credit card (automatic),25.6,1672.04,0
CUST-106121,Female,1,No,No,57,Yes,Yes,Fiber optic,Yes,No,Yes,Yes,No,Yes,Two year,No,Credit card (automatic),101.32,5779.44,0
CUST-104770,Male,0,Yes,No,30,Yes,No,No,No internet service,No internet service,No internet service,No internet service,No internet service,No internet service,One year,No,Credit card (automatic),20.6,587.22,0
CUST-105855,Female,0,Yes,No,49,Yes,No,No,No internet service,No internet service,No internet service,No internet service,No internet service,No internet service,One year,No,Bank transfer (automatic),20.19,899.56,0
CUST-100986,Male,0,No,No,72,No,No phone service,DSL,Yes,No,Yes,Yes,Yes,Yes,Two year,Yes,Credit card (automatic),61.07,4391.74,0
CUST-106087,Female,0,Yes,Yes,50,Yes,No,Fiber optic,No,No,Yes,Yes,Yes,Yes,One year,No,Mailed check,102.92,5150.1,0
CUST-102457,Male,1,Yes,No,14,Yes,Yes,Fiber optic,No,No,No,No,No,No,Month-to-month,Yes,Electronic check,75.02,1013.35,0
CUST-106936,Male,1,No,No,30,Yes,No,DSL,Yes,Yes,No,No,Yes,Yes,Month-to-month,Yes,Electronic check,74.71,2113.73,0
CUST-100782,Male,0,Yes,Yes,72,Yes,Yes,Fiber optic,Yes,Yes,Yes,Yes,Yes,Yes,Two year,No,Bank transfer (automatic),114.67,8099.11,0
CUST-100780,Female,1,Yes,No,43,Yes,Yes,Fiber optic,Yes,No,Yes,Yes,Yes,Yes,One year,Yes,Mailed check,109.58,4832.56,1
CUST-104823,Female,0,Yes,Yes,30,Yes,No,No,No internet service,No internet service,No internet service,No internet service,No internet service,No internet service,Two year,No,Mailed check,19.27,600.78,0
CUST-104632,Female,0,No,No,24,Yes,No,No,No internet service,No internet service,No internet service,No internet service,No internet service,No internet service,Two year,Yes,Bank transfer (automatic),19.63,471.25,0
CUST-104990,Female,0,Yes,Yes,2,Yes,No,Fiber optic,No,No,No,No,No,No,Month-to-month,No,Electronic check,70.04,145.26,1
CUST-106841,Male,0,No,No,55,Yes,Yes,DSL,No,No,Yes,No,Yes,Yes,Two year,Yes,Bank transfer (automatic),77.88,4324.48,0
CUST-104027,Male,1,No,No,4,Yes,No,Fiber optic,No,No,Yes,No,Yes,Yes,Month-to-month,Yes,Electronic check,94.55,422.31,0
CUST-103750,Male,0,Yes,No,4,No,No phone service,DSL,No,Yes,No,No,Yes,Yes,Month-to-month,Yes,Electronic check,48.53,202.96,1
CUST-103097,Female,0,No,No,1,Yes,Yes,Fiber optic,No,No,No,No,No,No,Month-to-month,No,Electronic check,76.13,76.22,1
CUST-104546,Female,0,No,No,47,Yes,Yes,Fiber optic,Yes,No,Yes,No,Yes,No,One year,No,Credit card (automatic),94.79,4620.02,0
CUST-106990,Male,0,No,No,72,Yes,Yes,DSL,Yes,Yes,Yes,Yes,Yes,Yes,Two year,No,Bank transfer (automatic),91.67,6633.46,0
CUST-103492,Male,0,No,Yes,33,Yes,Yes,Fiber optic,Yes,No,Yes,No,No,Yes,Month-to-month,Yes,Bank transfer (automatic),95.34,3276.35,0
CUST-101603,Male,0,Yes,Yes,61,Yes,No,Fiber optic,No,Yes,Yes,Yes,Yes,Yes,One year,No,Credit card (automatic),103.97,6447.91,0
CUST-105043,Male,0,No,No,13,Yes,No,DSL,No,No,No,Yes,No,No,Month-to-month,Yes,Mailed check,50.58,608.36,0
CUST-103613,Male,0,No,No,29,Yes,No,DSL,No,No,Yes,Yes,Yes,Yes,One year,Yes,Bank transfer (automatic),75.34,2246.17,0
CUST-101847,Female,0,Yes,No,46,Yes,No,DSL,No,Yes,No,No,Yes,Yes,Month-to-month,Yes,Credit card (automatic),69.26,3168.42,0
CUST-103980,Female,0,No,No,47,Yes,No,Fiber optic,Yes,No,Yes,Yes,Yes,Yes,One year,Yes,Electronic check,103.49,4731.2,0
CUST-106268,Male,0,Yes,Yes,23,Yes,No,Fiber optic,No,Yes,Yes,Yes,No,No,One year,No,Mailed check,86.87,1941.58,0
CUST-103366,Male,0,No,No,4,No,No phone service,DSL,No,No,No,No,Yes,Yes,Month-to-month,Yes,Electronic check,44.74,174.31,1
CUST-102442,Male,0,Yes,Yes,57,Yes,No,No,No internet service,No internet service,No internet service,No internet service,No internet service,No internet service,Two year,No,Mailed check,20.68,1125.29,0
CUST-106485,Female,0,No,No,59,Yes,Yes,Fiber optic,No,Yes,Yes,No,No,No,Month-to-month,Yes,Electronic check,83.25,4950.53,0
CUST-105340,Female,0,No,No,3,Yes,Yes,Fiber optic,No,No,No,No,No,No,Month-to-month,No,Bank transfer (automatic),74.55,216.93,1
CUST-100719,Female,0,Yes,Yes,70,Yes,Yes,Fiber optic,No,Yes,Yes,No,Yes,Yes,One year,Yes,Electronic check,106.52,7397.28,0
CUST-104148,Female,0,No,No,21,Yes,Yes,Fiber optic,No,No,No,No,Yes,Yes,Month-to-month,Yes,Electronic check,97.22,2117.64,1
CUST-104371,Male,1,Yes,No,43,Yes,Yes,Fiber optic,No,Yes,No,Yes,Yes,No,Month-to-month,Yes,Electronic check,94.34,3954.44,0
CUST-105604,Female,0,Yes,Yes,60,No,No phone service,DSL,No,Yes,No,No,Yes,Yes,Month-to-month,Yes,Electronic check,49.57,3070.61,0
CUST-100422,Female,0,Yes,Yes,8,Yes,No,Fiber optic,No,No,Yes,No,Yes,Yes,Month-to-month,Yes,Electronic check,94.38,777.35,1
CUST-105944,Male,0,Yes,Yes,53,Yes,No,DSL,Yes,Yes,No,Yes,Yes,No,Two year,Yes,Mailed check,69.68,3729.62,0
CUST-105015,Female,0,Yes,No,4,Yes,No,No,No internet service,No internet service,No internet service,No internet service,No internet service,No internet service,Month-to-month,No,Electronic check,20.42,93.21,0
CUST-106613,Male,0,No,No,48,Yes,No,No,No internet service,No internet service,No internet service,No internet service,No internet service,No internet service,Two year,No,Credit card (automatic),19.77,915.32,0
CUST-107034,Male,0,Yes,Yes,6,Yes,No,DSL,Yes,No,No,No,No,No,Month-to-month,Yes,Electronic check,49.26,297.38,0
CUST-106710,Female,0,No,No,24,Yes,No,Fiber optic,Yes,No,No,No,Yes,Yes,Month-to-month,Yes,Electronic check,94.44,2282.4,0
CUST-100551,Male,0,Yes,Yes,33,Yes,No,DSL,No,No,Yes,Yes,Yes,Yes,One year,Yes,Mailed check,73.43,2405.83,1
CUST-105201,Female,1,Yes,No,42,Yes,No,Fiber optic,Yes,No,No,No,No,No,Month-to-month,Yes,Credit card (automatic),74.32,3229.39,1
CUST-104784,Female,0,Yes,No,56,Yes,Yes,No,No internet service,No internet service,No internet service,No internet service,No internet service,No internet service,One year,No,Electronic check,24.48,1262.51,0
CUST-102232,Female,0,Yes,Yes,66,Yes,No,DSL,Yes,Yes,No,Yes,No,No,Two year,Yes,Credit card (automatic),58.2,3810.72,0
CUST-100178,Female,0,No,No,7,Yes,No,Fiber optic,No,No,Yes,No,Yes,Yes,Month-to-month,Yes,Electronic check,95.57,657.8,1
CUST-103965,Male,0,No,No,4,Yes,No,Fiber optic,No,No,No,No,Yes,No,Month-to-month,Yes,Electronic check,81.05,342.58,1
CUST-105440,Female,0,Yes,Yes,6,Yes,Yes,Fiber optic,No,Yes,Yes,No,Yes,No,Month-to-month,Yes,Mailed check,93.97,523.46,0
CUST-102496,Female,0,Yes,Yes,66,Yes,Yes,Fiber optic,Yes,Yes,Yes,No,Yes,Yes,Two year,No,Bank transfer (automatic),109.23,7084.01,0
CUST-102744,Female,0,No,No,26,Yes,No,Fiber optic,Yes,No,Yes,Yes,No,Yes,One year,Yes,Bank transfer (automatic),95.84,2476.24,0
CUST-106809,Female,0,Yes,Yes,71,Yes,Yes,No,No internet service,No internet service,No internet service,No internet service,No internet service,No internet service,Two year,No,Credit card (automatic),23.8,1662.5,0
CUST-100414,Female,0,No,No,1,Yes,No,DSL,No,No,No,Yes,No,No,Month-to-month,Yes,Electronic check,50.02,50.1,0
CUST-106878,Male,0,No,No,7,Yes,No,No,No internet service,No internet service,No internet service,No internet service,No internet service,No internet service,Month-to-month,Yes,Mailed check,19.58,168.59,0
CUST-106034,Female,0,No,No,5,No,No phone service,DSL,No,Yes,No,No,Yes,Yes,Month-to-month,Yes,Credit card (automatic),50.91,229.47,0
CUST-103409,Female,0,Yes,Yes,41,Yes,Yes,Fiber optic,No,Yes,Yes,Yes,Yes,Yes,One year,Yes,Bank transfer (automatic),109.19,4453.52,0
CUST-101744,Male,0,Yes,No,35,Yes,Yes,DSL,No,Yes,No,Yes,Yes,No,One year,Yes,Electronic check,69.08,2440.78,0
CUST-105024,Male,0,No,No,22,Yes,No,Fiber optic,No,No,No,No,No,No,Month-to-month,Yes,Mailed check,69.76,1489.54,0
CUST-104023,Male,0,Yes,Yes,31,No,No phone service,DSL,Yes,No,No,Yes,No,No,Month-to-month,No,Bank transfer (automatic),35.45,1078.19,1
CUST-105168,Male,0,No,No,4,Yes,Yes,Fiber optic,No,No,No,No,No,Yes,Month-to-month,Yes,Electronic check,85.38,339.55,1
CUST-101457,Female,0,No,No,4,Yes,Yes,Fiber optic,No,No,No,No,Yes,No,Month-to-month,Yes,Electronic check,85.84,322.54,1
CUST-102540,Female,0,No,No,32,Yes,Yes,Fiber optic,Yes,No,Yes,Yes,Yes,Yes,One year,Yes,Bank transfer (automatic),109.81,3608.52,0
CUST-100081,Male,1,Yes,No,4,Yes,Yes,Fiber optic,No,No,No,No,No,No,Month-to-month,Yes,Mailed check,74.42,303.88,1
CUST-105605,Female,0,Yes,No,50,Yes,Yes,Fiber optic,Yes,No,Yes,No,Yes,Yes,One year,Yes,Mailed check,104.28,5232.81,0
CUST-103519,Male,0,No,No,35,Yes,Yes,DSL,Yes,No,Yes,No,No,No,Month-to-month,Yes,Electronic check,59.58,2097.01,0
CUST-102518,Male,0,Yes,Yes,7,Yes,No,No,No internet service,No internet service,No internet service,No internet service,No internet service,No internet service,Month-to-month,No,Mailed check,20.26,144.98,0
CUST-105237,Male,0,Yes,No,22,Yes,No,DSL,Yes,No,No,Yes,No,No,One year,Yes,Credit card (automatic),56.25,1293.11,0
CUST-102899,Female,0,Yes,No,64,Yes,No,DSL,Yes,Yes,Yes,Yes,No,Yes,Two year,Yes,Mailed check,74.33,4760.04,0
CUST-103956,Male,0,No,No,34,Yes,No,DSL,No,Yes,No,No,No,No,Month-to-month,Yes,Electronic check,49.67,1734.01,0
CUST-105431,Female,0,No,No,8,Yes,Yes,Fiber optic,No,No,No,No,No,No,Month-to-month,Yes,Credit card (automatic),74.32,546.87,0
CUST-101732,Male,1,Yes,No,13,Yes,No,Fiber optic,No,Yes,No,Yes,No,Yes,Month-to-month,Yes,Bank transfer (automatic),88.68,1170.4,1
CUST-100664,Female,0,No,No,37,No,No phone service,DSL,No,No,No,Yes,No,No,Month-to-month,No,Credit card (automatic),28.3,975.78,1
CUST-106846,Male,0,No,No,19,Yes,No,Fiber optic,No,No,No,No,Yes,No,Month-to-month,Yes,Bank transfer (automatic),78.76,1494.43,0
CUST-105473,Female,1,No,No,6,Yes,No,Fiber optic,No,No,No,No,Yes,Yes,Month-to-month,Yes,Electronic check,89.21,569.84,0
CUST-102587,Male,0,Yes,Yes,56,Yes,Yes,Fiber optic,No,Yes,No,Yes,Yes,No,Month-to-month,Yes,Credit card (automatic),97.35,5433.31,0
CUST-101120,Female,0,No,No,14,Yes,No,DSL,No,Yes,No,No,No,No,One year,No,Credit card (automatic),51.51,730.34,0
CUST-102223,Male,0,No,No,52,Yes,No,Fiber optic,Yes,No,Yes,No,Yes,No,One year,No,Electronic check,90.89,4738.18,0
CUST-106806,Female,0,No,No,6,Yes,No,DSL,No,No,No,Yes,No,No,Month-to-month,Yes,Bank transfer (automatic),50.88,286.41,1
CUST-101281,Male,1,Yes,Yes,65,Yes,Yes,Fiber optic,Yes,Yes,No,No,No,No,Month-to-month,Yes,Electronic check,85.68,5687.84,0
CUST-104302,Female,1,Yes,Yes,22,Yes,Yes,Fiber optic,No,No,No,No,Yes,No,Month-to-month,No,Bank transfer (automatic),85.29,1959.36,0
CUST-105600,Female,0,Yes,No,72,Yes,Yes,Fiber optic,No,Yes,No,No,Yes,Yes,Two year,Yes,Credit card (automatic),97.69,6868.53,0
CUST-105239,Female,1,No,No,71,Yes,Yes,Fiber optic,No,Yes,Yes,No,Yes,Yes,One year,Yes,Electronic check,105.87,7521.02,0
CUST-103424,Male,0,No,No,32,Yes,No,DSL,No,No,No,No,Yes,Yes,One year,Yes,Bank transfer (automatic),64.99,2010.14,0
CUST-101122,Female,0,Yes,Yes,45,No,No phone service,DSL,Yes,No,No,No,Yes,Yes,Month-to-month,Yes,Bank transfer (automatic),50.99,2332.77,0
CUST-103689,Female,0,Yes,Yes,24,No,No phone service,DSL,Yes,Yes,Yes,Yes,No,Yes,Two year,Yes,Mailed check,52.03,1207.48,0
CUST-104145,Female,0,Yes,Yes,65,Yes,Yes,DSL,Yes,Yes,Yes,Yes,Yes,Yes,Two year,No,Bank transfer (automatic),91.39,5964.57,0
CUST-105497,Female,0,Yes,No,3,Yes,Yes,Fiber optic,No,No,No,No,No,No,Month-to-month,Yes,Credit card (automatic),74.46,229.81,1
CUST-101241,Male,0,No,No,6,Yes,No,No,No internet service,No internet service,No internet service,No internet service,No internet service,No internet service,One year,No,Mailed check,19.57,124.55,0
CUST-101535,Male,0,Yes,Yes,67,Yes,No,DSL,Yes,Yes,No,Yes,No,No,One year,No,Mailed check,59.87,3993.88,0
CUST-103284,Male,0,Yes,Yes,18,Yes,No,Fiber optic,Yes,No,Yes,No,Yes,No,Month-to-month,Yes,Mailed check,88.02,1501.55,0
CUST-104273,Female,0,No,No,10,No,No phone service,DSL,No,No,No,Yes,No,No,Two year,Yes,Mailed check,29.55,300.19,0
CUST-104369,Female,1,No,No,8,Yes,Yes,Fiber optic,No,No,Yes,No,Yes,Yes,Month-to-month,No,Electronic check,101.4,781.81,1
CUST-101687,Female,0,Yes,No,64,Yes,Yes,Fiber optic,Yes,Yes,Yes,Yes,Yes,Yes,One year,Yes,Electronic check,114.87,7396.41,0
CUST-105073,Male,0,No,No,1,Yes,Yes,Fiber optic,No,No,No,No,Yes,No,Month-to-month,No,Electronic check,84.73,82.91,1
CUST-102351,Female,0,No,No,3,Yes,Yes,DSL,No,No,No,No,No,No,Month-to-month,Yes,Mailed check,50.46,153.74,1
CUST-105618,Female,0,Yes,Yes,47,Yes,No,No,No internet service,No internet service,No internet service,No internet service,No internet service,No internet service,Two year,No,Credit card (automatic),20.17,1017.72,0
CUST-103617,Male,0,No,No,67,No,No phone service,DSL,Yes,No,Yes,Yes,Yes,No,One year,Yes,Bank transfer (automatic),49.25,3321.84,0
CUST-106371,Male,0,Yes,No,71,Yes,Yes,DSL,Yes,No,Yes,Yes,Yes,Yes,Two year,No,Electronic check,83.09,6124.97,0
CUST-100997,Male,0,No,No,35,Yes,Yes,No,No internet service,No internet service,No internet service,No internet service,No internet service,No internet service,Month-to-month,Yes,Electronic check,25.47,900.24,0
CUST-101272,Female,0,Yes,Yes,57,Yes,No,No,No internet service,No internet service,No internet service,No internet service,No internet service,No internet service,Two year,No,Bank transfer (automatic),19.74,1271.28,0
CUST-101190,Male,0,No,No,5,Yes,No,Fiber optic,No,No,No,No,No,Yes,Month-to-month,No,Mailed check,78.69,425.91,0
CUST-102483,Female,0,No,No,72,Yes,Yes,Fiber optic,No,Yes,Yes,Yes,Yes,Yes,Two year,Yes,Bank transfer (automatic),111.65,8015.72,0
CUST-102749,Male,0,Yes,No,62,Yes,Yes,Fiber optic,No,No,Yes,Yes,Yes,Yes,Two year,Yes,Bank transfer (automatic),107.39,6911.57,0
CUST-100219,Male,0,No,No,10,Yes,No,Fiber optic,No,No,No,No,No,No,Month-to-month,Yes,Electronic check,70.13,741.26,1
CUST-100489,Female,0,No,No,26,Yes,Yes,DSL,Yes,Yes,No,No,Yes,No,Month-to-month,Yes,Bank transfer (automatic),69.34,1803.41,0
CUST-102868,Male,0,No,No,43,Yes,No,DSL,No,Yes,No,No,No,Yes,Two year,Yes,Electronic check,59.9,2549.27,0
CUST-106312,Male,0,Yes,Yes,42,Yes,Yes,DSL,Yes,Yes,No,No,Yes,No,Month-to-month,Yes,Bank transfer (automatic),69.22,3058.66,0
CUST-100088,Male,1,Yes,No,19,No,No phone service,DSL,No,Yes,Yes,No,No,No,Month-to-month,Yes,Credit card (automatic),34.54,576.36,0
CUST-100940,Female,0,No,No,2,Yes,No,No,No internet service,No internet service,No internet service,No internet service,No internet service,No internet service,Month-to-month,No,Mailed check,20.77,38.32,1
CUST-101559,Female,0,Yes,Yes,1,Yes,No,Fiber optic,No,No,No,No,No,No,Month-to-month,Yes,Mailed check,69.19,69.67,1
CUST-101762,Female,0,Yes,No,21,No,No phone service,DSL,Yes,No,No,No,No,No,Month-to-month,No,Electronic check,28.14,630.94,0
CUST-102963,Male,0,No,No,5,Yes,No,No,No internet service,No internet service,No internet service,No internet service,No internet service,No internet service,Month-to-month,No,Mailed check,20.39,95.56,0
CUST-106617,Female,0,No,No,60,Yes,Yes,Fiber optic,No,No,Yes,No,No,No,One year,Yes,Bank transfer (automatic),79.33,4765.24,0
CUST-105296,Female,0,Yes,Yes,37,Yes,Yes,No,No internet service,No internet service,No internet service,No internet service,No internet service,No internet service,Month-to-month,No,Mailed check,26.57,912.9,0
CUST-104960,Male,0,Yes,Yes,19,Yes,No,Fiber optic,No,Yes,No,Yes,Yes,Yes,One year,No,Bank transfer (automatic),99.73,1888.49,1
CUST-102764,Male,0,Yes,No,51,Yes,Yes,DSL,No,No,No,Yes,Yes,Yes,Two year,Yes,Bank transfer (automatic),74.93,3898.92,0
CUST-102318,Female,0,Yes,Yes,71,Yes,Yes,Fiber optic,Yes,No,Yes,Yes,No,Yes,Two year,No,Electronic check,100.41,7158.88,0
CUST-106027,Female,0,Yes,Yes,11,Yes,No,DSL,Yes,No,No,No,No,No,Month-to-month,No,Bank transfer (automatic),51.0,579.86,0
CUST-102617,Male,0,No,No,72,Yes,No,No,No internet service,No internet service,No internet service,No internet service,No internet service,No internet service,Two year,No,Bank transfer (automatic),19.1,1415.79,0
CUST-102454,Male,0,Yes,Yes,60,Yes,Yes,Fiber optic,No,No,No,No,No,No,Month-to-month,No,Bank transfer (automatic),74.25,4452.99,0
CUST-102009,Male,0,Yes,Yes,50,Yes,Yes,Fiber optic,Yes,No,Yes,No,Yes,Yes,Month-to-month,No,Credit card (automatic),105.82,5341.36,1
CUST-105817,Female,0,No,No,47,Yes,No,No,No internet service,No internet service,No internet service,No internet service,No internet service,No internet service,Two year,No,Credit card (automatic),20.18,1029.97,0
CUST-101796,Female,0,Yes,Yes,18,Yes,No,DSL,No,No,No,No,Yes,No,Month-to-month,No,Mailed check,55.9,1081.09,0
CUST-103283,Male,0,No,No,12,Yes,No,DSL,No,Yes,No,Yes,No,No,Month-to-month,Yes,Mailed check,53.81,646.37,0
CUST-103907,Female,0,No,No,43,Yes,No,DSL,No,Yes,No,Yes,No,No,One year,No,Electronic check,55.37,2445.35,0
CUST-105532,Female,0,No,No,1,Yes,Yes,Fiber optic,No,No,No,No,No,No,Month-to-month,Yes,Electronic check,77.08,77.96,1
CUST-101387,Male,0,No,No,72,Yes,No,DSL,Yes,Yes,Yes,Yes,Yes,No,Two year,Yes,Bank transfer (automatic),75.1,5338.73,0
CUST-100951,Female,0,Yes,Yes,37,Yes,Yes,Fiber optic,No,Yes,Yes,No,No,Yes,Month-to-month,Yes,Electronic check,95.26,3533.19,0
CUST-106537,Male,0,Yes,Yes,42,Yes,Yes,Fiber optic,Yes,No,No,No,Yes,Yes,One year,No,Electronic check,97.14,4013.48,0
CUST-102504,Female,1,Yes,No,55,Yes,Yes,Fiber optic,No,Yes,Yes,No,No,No,Month-to-month,Yes,Electronic check,85.41,4876.01,1
CUST-101074,Female,0,Yes,No,71,Yes,Yes,DSL,Yes,Yes,Yes,Yes,Yes,Yes,Two year,No,Credit card (automatic),85.73,6224.93,0
CUST-106499,Male,1,Yes,No,72,Yes,Yes,Fiber optic,No,Yes,Yes,Yes,Yes,Yes,Two year,Yes,Bank transfer (automatic),111.64,8021.14,0
CUST-102379,Female,0,Yes,No,17,Yes,Yes,DSL,No,Yes,No,No,Yes,Yes,Month-to-month,Yes,Bank transfer (automatic),75.72,1323.45,0
CUST-100938,Female,0,No,No,65,Yes,Yes,Fiber optic,Yes,Yes,Yes,No,Yes,Yes,Month-to-month,Yes,Credit card (automatic),111.26,7107.44,0
CUST-105759,Male,1,Yes,Yes,47,Yes,No,Fiber optic,No,Yes,No,No,Yes,No,One year,Yes,Bank transfer (automatic),85.05,4020.08,0
CUST-102248,Female,1,Yes,No,72,Yes,Yes,Fiber optic,Yes,Yes,Yes,Yes,Yes,Yes,Two year,Yes,Bank transfer (automatic),114.76,8336.52,0
CUST-102609,Female,0,Yes,No,58,Yes,Yes,Fiber optic,No,Yes,Yes,No,No,Yes,One year,Yes,Electronic check,94.69,5612.27,0
CUST-100373,Male,1,Yes,No,72,Yes,Yes,Fiber optic,No,Yes,Yes,No,Yes,Yes,Two year,Yes,Bank transfer (automatic),104.06,7688.66,1
CUST-100565,Female,0,No,Yes,17,Yes,Yes,Fiber optic,No,Yes,Yes,Yes,No,No,Month-to-month,Yes,Credit card (automatic),92.68,1559.16,0
CUST-100465,Female,0,Yes,Yes,38,Yes,No,No,No internet service,No internet service,No internet service,No internet service,No internet service,No internet service,Two year,Yes,Mailed check,20.35,743.73,0
CUST-106714,Female,0,Yes,Yes,17,Yes,No,No,No internet service,No internet service,No internet service,No internet service,No internet service,No internet service,One year,No,Mailed check,20.68,419.46,0
CUST-106160,Female,0,No,No,2,Yes,No,Fiber optic,No,No,No,No,No,No,Month-to-month,No,Bank transfer (automatic),69.81,152.58,1
CUST-106665,Male,0,No,No,1,Yes,No,No,No internet service,No internet service,No internet service,No internet service,No internet service,No internet service,Month-to-month,No,Credit card (automatic),19.22,18.24,0
CUST-100696,Female,1,No,No,49,Yes,Yes,Fiber optic,Yes,No,No,No,Yes,Yes,Month-to-month,No,Credit card (automatic),101.52,5070.6,0
CUST-106164,Male,0,No,No,1,Yes,No,No,No internet service,No internet service,No internet service,No internet service,No internet service,No internet service,Month-to-month,No,Mailed check,18.97,20.69,0
CUST-106046,Male,1,No,No,64,Yes,Yes,Fiber optic,No,No,Yes,Yes,Yes,Yes,One year,No,Electronic check,102.1,6689.4,0
CUST-102062,Female,0,No,No,32,Yes,Yes,Fiber optic,No,No,No,No,Yes,No,One year,No,Electronic check,84.24,2785.19,1
CUST-105106,Male,0,Yes,No,40,Yes,Yes,DSL,No,Yes,No,Yes,Yes,No,One year,No,Credit card (automatic),70.84,2921.09,0
CUST-104812,Female,0,No,No,51,No,No phone service,DSL,No,Yes,Yes,No,Yes,Yes,One year,Yes,Credit card (automatic),56.27,2925.59,0
CUST-104338,Female,0,Yes,Yes,17,Yes,Yes,DSL,No,No,Yes,Yes,No,No,One year,Yes,Mailed check,62.21,1068.45,0
CUST-103597,Female,0,Yes,Yes,50,Yes,Yes,DSL,No,Yes,Yes,Yes,Yes,Yes,One year,Yes,Credit card (automatic),84.26,4162.28,0
CUST-100110,Male,0,No,No,65,Yes,No,No,No internet service,No internet service,No internet service,No internet service,No internet service,No internet service,Two year,Yes,Credit card (automatic),19.41,1219.1,0
CUST-106089,Female,1,No,No,16,Yes,No,DSL,No,No,No,Yes,Yes,No,Month-to-month,No,Electronic check,59.33,1021.06,1
CUST-100095,Male,0,Yes,Yes,11,Yes,No,No,No internet service,No internet service,No internet service,No internet service,No internet service,No internet service,Month-to-month,Yes,Electronic check,20.44,250.94,0
CUST-102266,Female,0,Yes,Yes,22,Yes,No,DSL,No,Yes,No,Yes,No,No,Month-to-month,No,Electronic check,55.03,1204.57,1
CUST-104507,Male,0,Yes,Yes,69,Yes,No,DSL,Yes,Yes,No,Yes,Yes,Yes,Two year,No,Bank transfer (automatic),80.6,5543.67,0
CUST-105423,Female,0,No,No,3,Yes,No,Fiber optic,No,No,No,No,Yes,Yes,Month-to-month,Yes,Electronic check,89.46,240.12,1
CUST-101311,Female,0,No,Yes,11,No,No phone service,DSL,Yes,No,No,Yes,No,No,One year,Yes,Mailed check,36.55,402.38,0
CUST-106484,Female,0,No,No,42,Yes,No,DSL,No,No,Yes,Yes,No,Yes,Two year,No,Credit card (automatic),66.47,2761.63,0
CUST-102091,Female,0,No,No,11,No,No phone service,DSL,No,Yes,Yes,Yes,No,No,One year,Yes,Credit card (automatic),40.76,422.33,0
CUST-105651,Male,0,Yes,Yes,69,Yes,Yes,Fiber optic,No,No,No,Yes,Yes,Yes,Two year,Yes,Electronic check,99.16,6855.34,0
CUST-106462,Male,0,No,Yes,32,Yes,No,No,No internet service,No internet service,No internet service,No internet service,No internet service,No internet service,Two year,No,Mailed check,20.69,697.55,0
CUST-100497,Male,0,Yes,Yes,61,Yes,No,Fiber optic,No,Yes,No,Yes,Yes,Yes,One year,Yes,Bank transfer (automatic),98.46,6143.69,0
CUST-105655,Female,0,Yes,No,57,No,No phone service,DSL,Yes,Yes,Yes,No,Yes,Yes,Month-to-month,Yes,Bank transfer (automatic),58.85,3437.4,0
CUST-102648,Female,0,No,No,1,Yes,No,DSL,No,No,No,No,No,No,Month-to-month,No,Mailed check,45.09,45.91,0
CUST-102773,Male,1,Yes,No,72,Yes,Yes,DSL,No,Yes,Yes,Yes,Yes,No,Two year,No,Credit card (automatic),77.36,5396.44,0
CUST-102985,Male,0,Yes,No,21,Yes,Yes,Fiber optic,No,Yes,Yes,Yes,Yes,Yes,Month-to-month,Yes,Electronic check,111.38,2317.39,1
CUST-105990,Male,1,Yes,No,13,Yes,No,Fiber optic,No,Yes,Yes,No,Yes,Yes,Month-to-month,Yes,Electronic check,98.06,1236.01,1
CUST-105680,Male,0,Yes,No,70,Yes,No,DSL,Yes,Yes,No,Yes,No,Yes,Two year,No,Mailed check,68.26,4666.98,0
CUST-103442,Male,1,Yes,No,10,Yes,No,Fiber optic,Yes,No,No,No,No,No,Month-to-month,No,Electronic check,75.34,717.86,0
CUST-106739,Female,1,No,No,2,Yes,No,Fiber optic,No,Yes,No,No,Yes,No,Month-to-month,Yes,Bank transfer (automatic),84.02,162.88,0
CUST-106682,Female,0,Yes,Yes,22,Yes,Yes,Fiber optic,No,No,No,No,No,No,Month-to-month,Yes,Bank transfer (automatic),76.05,1613.28,0
CUST-106666,Female,0,No,No,38,Yes,Yes,No,No internet service,No internet service,No internet service,No internet service,No internet service,No internet service,One year,Yes,Electronic check,24.36,913.58,0
CUST-106042,Female,0,No,No,15,Yes,Yes,Fiber optic,No,Yes,No,No,Yes,Yes,Month-to-month,Yes,Electronic check,100.22,1416.24,0
CUST-104837,Female,0,No,No,72,Yes,Yes,DSL,No,Yes,Yes,Yes,Yes,Yes,Two year,No,Bank transfer (automatic),86.53,6347.97,0
CUST-101845,Female,0,No,Yes,1,Yes,No,Fiber optic,No,No,No,No,Yes,Yes,Month-to-month,Yes,Electronic check,89.35,88.76,0
CUST-104607,Male,0,No,No,50,Yes,Yes,DSL,No,No,Yes,Yes,No,Yes,Two year,No,Bank transfer (automatic),69.67,3418.38,0
CUST-100811,Female,0,Yes,Yes,12,Yes,No,No,No internet service,No internet service,No internet service,No internet service,No internet service,No internet service,Month-to-month,No,Mailed check,18.98,234.41,1
CUST-106078,Female,0,Yes,Yes,72,Yes,Yes,DSL,Yes,Yes,Yes,Yes,No,Yes,Two year,Yes,Bank transfer (automatic),79.42,5660.84,0
CUST-103870,Female,0,Yes,No,42,Yes,Yes,DSL,Yes,No,Yes,Yes,Yes,Yes,Two year,No,Credit card (automatic),84.71,3570.89,0
CUST-101150,Male,1,No,No,51,Yes,Yes,No,No internet service,No internet service,No internet service,No internet service,No internet service,No internet service,One year,No,Bank transfer (automatic),25.1,1259.58,0
CUST-104962,Female,0,Yes,Yes,28,Yes,No,Fiber optic,Yes,No,No,No,No,Yes,One year,Yes,Bank transfer (automatic),82.85,2321.66,0
CUST-100012,Male,0,Yes,No,36,Yes,No,No,No internet service,No internet service,No internet service,No internet service,No internet service,No internet service,One year,No,Mailed check,20.25,668.81,0
CUST-106646,Male,0,No,No,56,Yes,No,DSL,No,Yes,Yes,Yes,Yes,Yes,Two year,Yes,Credit card (automatic),81.61,4534.07,0
CUST-105324,Female,0,No,No,34,Yes,No,Fiber optic,No,Yes,No,No,No,No,Month-to-month,Yes,Credit card (automatic),74.1,2527.01,1
CUST-100291,Male,0,Yes,No,28,Yes,Yes,Fiber optic,No,Yes,Yes,No,Yes,No,Month-to-month,No,Credit card (automatic),96.56,2685.69,0
CUST-104187,Male,0,Yes,No,19,Yes,Yes,Fiber optic,Yes,Yes,No,Yes,No,No,Month-to-month,Yes,Credit card (automatic),88.56,1673.39,0
CUST-106639,Female,0,No,No,21,Yes,Yes,Fiber optic,No,Yes,No,No,Yes,Yes,Month-to-month,Yes,Credit card (automatic),99.92,1992.4,0
CUST-106812,Male,0,No,No,18,Yes,No,Fiber optic,No,Yes,Yes,No,Yes,Yes,Month-to-month,No,Credit card (automatic),101.37,1793.16,0
CUST-104116,Female,0,No,No,9,Yes,No,Fiber optic,No,No,No,No,Yes,No,Month-to-month,Yes,Bank transfer (automatic),77.79,713.16,1
CUST-103718,Male,0,No,No,37,Yes,Yes,Fiber optic,Yes,No,No,No,Yes,No,Month-to-month,Yes,Electronic check,91.0,3369.64,0
CUST-101604,Female,0,Yes,Yes,70,Yes,No,DSL,Yes,No,No,Yes,Yes,Yes,Two year,No,Credit card (automatic),75.51,5440.04,0
CUST-101273,Female,1,Yes,No,5,Yes,No,Fiber optic,No,No,No,No,No,No,Month-to-month,Yes,Electronic check,69.45,340.79,0
CUST-102047,Female,0,Yes,No,71,Yes,Yes,DSL,Yes,Yes,Yes,Yes,Yes,Yes,Two year,No,Electronic check,90.5,6309.58,0
CUST-102856,Male,0,Yes,Yes,72,Yes,Yes,Fiber optic,No,Yes,Yes,No,Yes,Yes,One year,Yes,Credit card (automatic),104.15,7459.55,0
CUST-105359,Male,0,No,No,3,Yes,No,DSL,No,No,No,Yes,No,No,Month-to-month,Yes,Mailed check,50.86,147.77,0
CUST-102098,Female,0,No,No,2,Yes,No,DSL,No,Yes,No,No,No,No,Month-to-month,No,Mailed check,49.32,103.97,0
CUST-107011,Male,0,No,No,1,No,No phone service,DSL,No,No,No,No,No,No,Month-to-month,No,Bank transfer (automatic),24.77,25.59,1
CUST-101297,Male,0,Yes,Yes,72,Yes,Yes,Fiber optic,Yes,Yes,Yes,Yes,Yes,Yes,Two year,Yes,Credit card (automatic),114.46,8287.95,0
CUST-104091,Male,0,Yes,Yes,45,Yes,Yes,Fiber optic,No,Yes,Yes,No,No,Yes,One year,Yes,Credit card (automatic),94.68,4372.2,0
CUST-103518,Female,0,No,No,50,No,No phone service,DSL,No,Yes,Yes,Yes,No,No,Two year,No,Credit card (automatic),39.88,1931.57,0
CUST-104373,Female,0,No,No,41,Yes,Yes,Fiber optic,Yes,No,No,No,No,No,Month-to-month,Yes,Credit card (automatic),81.18,3189.65,0
CUST-103361,Male,1,Yes,No,59,Yes,Yes,Fiber optic,No,No,No,No,Yes,Yes,Month-to-month,Yes,Bank transfer (automatic),93.47,5576.05,1
CUST-104710,Male,0,No,No,45,Yes,No,No,No internet service,No internet service,No internet service,No internet service,No internet service,No internet service,One year,Yes,Electronic check,20.65,933.4,1
CUST-102592,Female,0,No,No,42,Yes,No,DSL,Yes,Yes,Yes,No,No,No,Month-to-month,No,Bank transfer (automatic),59.73,2536.78,0
CUST-104218,Male,0,No,No,26,No,No phone service,DSL,No,No,Yes,Yes,No,No,Month-to-month,No,Electronic check,35.8,1021.01,0
CUST-105188,Female,0,Yes,Yes,25,Yes,No,No,No internet service,No internet service,No internet service,No internet service,No internet service,No internet service,Two year,No,Mailed check,20.26,484.23,0
CUST-102306,Male,0,No,No,52,No,No phone service,DSL,Yes,Yes,Yes,Yes,Yes,Yes,Two year,No,Credit card (automatic),63.67,3335.18,0
CUST-103984,Female,0,No,No,67,Yes,Yes,No,No internet service,No internet service,No internet service,No internet service,No internet service,No internet service,Two year,Yes,Mailed check,25.88,1757.68,0
CUST-102961,Female,0,No,No,28,Yes,Yes,DSL,No,No,No,Yes,No,No,Month-to-month,Yes,Credit card (automatic),55.16,1505.41,0
CUST-105078,Male,0,Yes,No,70,Yes,Yes,Fiber optic,Yes,Yes,No,Yes,No,No,Two year,Yes,Credit card (automatic),87.94,5988.72,0
CUST-103860,Male,0,Yes,Yes,70,Yes,Yes,Fiber optic,Yes,Yes,No,No,Yes,Yes,Month-to-month,Yes,Electronic check,106.26,7553.81,0
CUST-102753,Female,0,No,No,12,Yes,No,DSL,No,Yes,No,No,No,No,Month-to-month,Yes,Electronic check,49.39,610.07,0
CUST-102194,Male,0,No,No,6,Yes,No,DSL,No,No,No,Yes,No,No,Month-to-month,Yes,Credit card (automatic),49.73,314.45,0
CUST-102889,Female,0,No,No,1,Yes,No,No,No internet service,No internet service,No internet service,No internet service,No internet service,No internet service,Month-to-month,No,Mailed check,21.01,19.86,0
CUST-106619,Male,0,No,No,3,Yes,No,No,No internet service,No internet service,No internet service,No internet service,No internet service,No internet service,Month-to-month,No,Mailed check,20.65,56.88,0
CUST-102003,Male,1,Yes,No,17,Yes,No,Fiber optic,No,No,No,No,No,Yes,Month-to-month,No,Bank transfer (automatic),81.31,1330.37,1
CUST-106630,Male,1,No,No,9,Yes,No,Fiber optic,No,No,No,No,No,Yes,Month-to-month,Yes,Electronic check,79.56,717.82,0
CUST-102288,Female,0,No,No,6,Yes,No,DSL,Yes,Yes,No,No,No,No,Month-to-month,No,Electronic check,56.14,391.22,1
CUST-100321,Female,0,Yes,No,49,Yes,No,No,No internet service,No internet service,No internet service,No internet service,No internet service,No internet service,One year,No,Credit card (automatic),20.61,1033.78,0
CUST-103428,Female,0,No,No,1,Yes,No,No,No internet service,No internet service,No internet service,No internet service,No internet service,No internet service,Month-to-month,No,Electronic check,19.15,18.81,0
CUST-101638,Female,0,No,No,20,Yes,No,No,No internet service,No internet service,No internet service,No internet service,No internet service,No internet service,One year,Yes,Credit card (automatic),19.23,430.98,0
CUST-103991,Male,0,No,No,64,Yes,Yes,DSL,No,Yes,Yes,Yes,Yes,Yes,Two year,No,Credit card (automatic),86.68,5633.4,0
CUST-101505,Male,0,No,No,71,Yes,No,No,No internet service,No internet service,No internet service,No internet service,No internet service,No internet service,Two year,Yes,Credit card (automatic),19.95,1357.13,0
CUST-102339,Female,0,No,No,6,Yes,No,DSL,No,No,No,Yes,No,No,Month-to-month,Yes,Bank transfer (automatic),49.59,268.92,1
CUST-105149,Female,1,Yes,Yes,72,Yes,Yes,DSL,Yes,Yes,Yes,Yes,Yes,Yes,Two year,Yes,Credit card (automatic),88.04,6422.33,0
CUST-106881,Male,1,Yes,No,49,Yes,Yes,Fiber optic,Yes,Yes,Yes,No,No,No,Month-to-month,Yes,Electronic check,88.41,4159.27,0
CUST-101313,Female,0,Yes,Yes,47,Yes,Yes,DSL,Yes,Yes,No,Yes,Yes,Yes,Two year,Yes,Credit card (automatic),85.47,4105.5,0
CUST-101419,Female,0,Yes,Yes,72,Yes,Yes,Fiber optic,No,Yes,Yes,Yes,Yes,Yes,Two year,Yes,Bank transfer (automatic),109.33,7710.33,0
CUST-104827,Male,0,No,No,59,No,No phone service,DSL,No,No,No,Yes,Yes,Yes,Month-to-month,Yes,Electronic check,51.52,3005.55,0
CUST-101482,Male,1,No,No,19,Yes,No,Fiber optic,No,No,Yes,No,Yes,Yes,Month-to-month,Yes,Credit card (automatic),95.79,1778.33,1
CUST-105407,Male,0,Yes,Yes,1,Yes,No,Fiber optic,No,No,No,No,No,No,Month-to-month,Yes,Electronic check,70.68,68.54,1
CUST-104142,Female,1,Yes,No,30,Yes,Yes,Fiber optic,No,Yes,No,No,Yes,No,Month-to-month,Yes,Electronic check,90.04,2626.18,0
CUST-103805,Female,0,No,No,30,Yes,No,Fiber optic,No,No,No,Yes,Yes,No,Month-to-month,No,Electronic check,85.2,2556.82,1
CUST-101583,Male,0,No,No,12,Yes,No,DSL,No,No,No,Yes,No,No,Month-to-month,No,Bank transfer (automatic),50.34,593.45,1
CUST-106995,Female,0,No,No,54,Yes,Yes,Fiber optic,No,No,Yes,Yes,No,Yes,Two year,Yes,Bank transfer (automatic),95.23,5065.32,0
CUST-103221,Male,0,No,No,7,Yes,No,Fiber optic,No,No,No,No,No,No,Month-to-month,No,Bank transfer (automatic),69.01,489.58,0
CUST-102200,Female,0,Yes,No,59,Yes,Yes,Fiber optic,Yes,Yes,No,No,Yes,No,Month-to-month,Yes,Electronic check,94.75,5596.05,0
CUST-103683,Female,0,No,No,54,No,No phone service,DSL,Yes,No,No,Yes,No,Yes,One year,No,Bank transfer (automatic),44.22,2370.35,0
CUST-106324,Male,1,Yes,No,24,Yes,No,Fiber optic,No,No,Yes,No,Yes,Yes,Month-to-month,Yes,Electronic check,93.51,2229.1,1
CUST-105014,Female,0,No,No,1,No,No phone service,DSL,No,No,No,No,Yes,No,Month-to-month,Yes,Electronic check,35.66,34.23,1
CUST-104915,Male,0,Yes,Yes,54,Yes,Yes,No,No internet service,No internet service,No internet service,No internet service,No internet service,No internet service,Two year,Yes,Bank transfer (automatic),23.92,1230.85,0
CUST-103816,Male,0,Yes,Yes,47,Yes,Yes,DSL,Yes,Yes,Yes,Yes,Yes,Yes,Two year,Yes,Mailed check,90.6,4316.97,0
CUST-103021,Male,0,No,No,5,Yes,No,DSL,Yes,No,No,Yes,No,No,Month-to-month,Yes,Mailed check,55.55,266.81,0
CUST-100770,Male,0,Yes,Yes,23,No,No phone service,DSL,No,No,No,Yes,No,No,Month-to-month,Yes,Bank transfer (automatic),30.08,679.49,0
CUST-102519,Female,0,Yes,Yes,72,Yes,No,DSL,Yes,Yes,Yes,No,Yes,No,Two year,Yes,Credit card (automatic),70.63,5013.06,0
CUST-105004,Male,0,Yes,No,67,Yes,Yes,No,No internet service,No internet service,No internet service,No internet service,No internet service,No internet service,Two year,No,Credit card (automatic),25.15,1583.51,0
CUST-105512,Male,0,Yes,No,72,Yes,Yes,Fiber optic,No,Yes,Yes,No,Yes,Yes,Two year,Yes,Bank transfer (automatic),103.65,7346.75,0
CUST-100528,Female,0,No,No,39,Yes,No,No,No internet service,No internet service,No internet service,No internet service,No internet service,No internet service,Two year,No,Credit card (automatic),20.83,761.53,0
CUST-105072,Female,0,No,No,13,Yes,No,Fiber optic,No,Yes,No,No,No,No,One year,Yes,Mailed check,74.41,965.78,0
CUST-106273,Female,0,No,No,1,Yes,No,Fiber optic,No,No,No,No,No,No,Month-to-month,Yes,Mailed check,69.84,69.69,1
CUST-105740,Male,0,Yes,No,63,Yes,No,No,No internet service,No internet service,No internet service,No internet service,No internet service,No internet service,Two year,No,Mailed check,19.32,1238.37,0
CUST-102236,Male,0,Yes,Yes,70,No,No phone service,DSL,No,Yes,Yes,Yes,Yes,Yes,One year,No,Electronic check,60.08,4136.96,0
CUST-106466,Female,0,No,No,8,Yes,No,No,No internet service,No internet service,No internet service,No internet service,No internet service,No internet service,One year,Yes,Bank transfer (automatic),20.21,143.09,0
CUST-103004,Female,0,No,No,41,Yes,No,DSL,No,No,No,Yes,No,No,One year,No,Bank transfer (automatic),50.19,2029.97,0
CUST-104185,Female,0,No,No,22,Yes,Yes,DSL,Yes,No,No,Yes,No,No,Month-to-month,Yes,Mailed check,58.9,1254.44,0
CUST-105986,Female,0,No,No,1,Yes,No,No,No internet service,No internet service,No internet service,No internet service,No internet service,No internet service,Month-to-month,No,Credit card (automatic),19.49,19.79,0
CUST-104173,Male,0,Yes,Yes,35,Yes,No,No,No internet service,No internet service,No internet service,No internet service,No internet service,No internet service,One year,No,Bank transfer (automatic),20.16,746.25,0
CUST-105443,Male,1,Yes,No,36,Yes,Yes,Fiber optic,No,No,No,No,No,Yes,Month-to-month,Yes,Credit card (automatic),85.18,3134.05,1
CUST-107027,Female,0,No,No,58,Yes,No,Fiber optic,No,No,No,Yes,Yes,Yes,Month-to-month,Yes,Electronic check,94.97,5818.23,0
CUST-104458,Male,1,No,No,3,Yes,Yes,Fiber optic,No,No,Yes,No,Yes,No,Month-to-month,No,Electronic check,90.85,288.74,1
CUST-105893,Female,0,Yes,Yes,24,Yes,Yes,DSL,Yes,No,Yes,No,Yes,Yes,Two year,No,Credit card (automatic),78.64,1848.6,0
CUST-102252,Male,0,No,No,41,Yes,Yes,DSL,No,No,Yes,No,No,No,Month-to-month,Yes,Bank transfer (automatic),55.46,2236.45,0
CUST-104712,Female,0,No,No,1,Yes,No,DSL,No,Yes,No,No,No,No,Month-to-month,Yes,Electronic check,48.58,51.9,0
CUST-106651,Male,0,No,Yes,1,No,No phone service,DSL,No,Yes,No,No,No,No,Month-to-month,Yes,Mailed check,31.42,34.16,1
CUST-101562,Female,0,Yes,No,71,No,No phone service,DSL,No,Yes,Yes,Yes,Yes,Yes,Two year,No,Bank transfer (automatic),58.43,4147.87,0
CUST-105926,Female,0,Yes,No,71,Yes,Yes,Fiber optic,No,Yes,Yes,Yes,Yes,Yes,Two year,No,Electronic check,109.21,7707.62,0
CUST-105574,Male,0,No,Yes,53,Yes,No,No,No internet service,No internet service,No internet service,No internet service,No internet service,No internet service,Two year,No,Bank transfer (automatic),19.86,1050.76,1
CUST-104627,Female,0,No,Yes,1,Yes,Yes,No,No internet service,No internet service,No internet service,No internet service,No internet service,No internet service,Month-to-month,No,Mailed check,24.02,23.8,0
CUST-100207,Male,0,No,No,59,Yes,Yes,No,No internet service,No internet service,No internet service,No internet service,No internet service,No internet service,Two year,No,Mailed check,24.98,1510.67,0
CUST-104861,Male,0,Yes,Yes,40,No,No phone service,DSL,No,Yes,Yes,Yes,Yes,Yes,One year,No,Mailed check,60.47,2449.74,0
CUST-104758,Male,1,Yes,No,27,No,No phone service,DSL,No,No,No,No,No,Yes,Month-to-month,No,Bank transfer (automatic),36.75,1032.69,1
CUST-106451,Female,0,Yes,No,28,Yes,No,No,No internet service,No internet service,No internet service,No internet service,No internet service,No internet service,Month-to-month,No,Mailed check,20.28,563.67,0
CUST-102546,Male,0,No,No,26,Yes,No,Fiber optic,No,No,Yes,Yes,Yes,Yes,Month-to-month,Yes,Electronic check,98.35,2537.75,0
CUST-104495,Male,0,Yes,Yes,67,Yes,No,DSL,Yes,Yes,Yes,No,Yes,Yes,Two year,No,Credit card (automatic),81.43,5398.38,0
CUST-104220,Female,0,Yes,No,65,Yes,No,DSL,No,No,No,Yes,Yes,No,Two year,Yes,Credit card (automatic),59.87,3807.88,0
CUST-101127,Male,0,No,No,8,Yes,No,DSL,Yes,No,Yes,No,No,Yes,Month-to-month,Yes,Electronic check,66.49,577.42,0
CUST-102122,Male,0,Yes,Yes,69,Yes,Yes,Fiber optic,No,No,Yes,No,Yes,Yes,Month-to-month,Yes,Credit card (automatic),99.43,7007.88,1
CUST-101156,Male,0,Yes,Yes,52,Yes,Yes,Fiber optic,No,No,Yes,Yes,No,Yes,Two year,Yes,Bank transfer (automatic),96.07,4988.85,1
CUST-102409,Male,0,No,No,24,Yes,No,DSL,Yes,Yes,No,Yes,No,No,Month-to-month,No,Bank transfer (automatic),60.51,1442.79,0
CUST-101238,Female,0,No,No,10,Yes,No,No,No internet service,No internet service,No internet service,No internet service,No internet service,No internet service,One year,Yes,Mailed check,20.01,197.56,0
CUST-104192,Female,0,No,No,32,Yes,No,No,No internet service,No internet service,No internet service,No internet service,No internet service,No internet service,One year,No,Bank transfer (automatic),19.81,622.48,0
CUST-101754,Female,1,Yes,Yes,60,Yes,No,DSL,Yes,Yes,Yes,Yes,No,Yes,One year,Yes,Credit card (automatic),75.07,4457.68,0
CUST-104243,Female,1,Yes,No,1,Yes,No,No,No internet service,No internet service,No internet service,No internet service,No internet service,No internet service,Month-to-month,Yes,Mailed check,20.97,20.51,1
CUST-100164,Female,0,Yes,No,3,Yes,Yes,Fiber optic,No,No,No,No,Yes,Yes,Month-to-month,No,Electronic check,94.84,272.79,0
CUST-102090,Female,0,No,No,60,Yes,No,DSL,No,Yes,Yes,Yes,Yes,No,One year,Yes,Credit card (automatic),70.07,4227.15,0
CUST-105476,Female,0,No,No,42,Yes,No,No,No internet service,No internet service,No internet service,No internet service,No internet service,No internet service,Two year,Yes,Bank transfer (automatic),20.51,846.05,0
CUST-105534,Female,0,No,No,31,Yes,No,Fiber optic,Yes,No,Yes,Yes,No,No,Month-to-month,No,Electronic check,87.75,2724.07,0
CUST-100603,Male,0,Yes,Yes,1,Yes,No,Fiber optic,No,No,No,No,No,No,Month-to-month,Yes,Credit card (automatic),70.27,67.16,0
CUST-100663,Female,0,Yes,No,28,Yes,No,Fiber optic,No,Yes,Yes,No,No,Yes,Month-to-month,No,Credit card (automatic),90.06,2430.73,0
CUST-103601,Female,0,No,No,6,Yes,No,Fiber optic,No,No,Yes,Yes,Yes,Yes,Month-to-month,Yes,Mailed check,99.93,551.16,1
CUST-105368,Male,0,No,No,26,Yes,No,DSL,No,No,No,Yes,Yes,No,One year,No,Credit card (automatic),59.32,1507.11,0
CUST-103676,Female,1,Yes,No,19,Yes,Yes,Fiber optic,No,No,No,No,Yes,Yes,Month-to-month,Yes,Electronic check,95.23,1760.8,0
CUST-101856,Male,1,No,No,3,Yes,Yes,Fiber optic,No,Yes,No,No,No,No,Month-to-month,Yes,Electronic check,81.35,232.72,1
CUST-101216,Female,0,Yes,No,60,Yes,Yes,Fiber optic,No,Yes,No,No,Yes,Yes,Month-to-month,Yes,Electronic check,99.69,5986.9,0
CUST-103168,Female,0,Yes,No,51,Yes,Yes,No,No internet service,No internet service,No internet service,No internet service,No internet service,No internet service,Two year,No,Mailed check,25.77,1281.11,0
CUST-106478,Female,0,No,No,2,Yes,No,No,No internet service,No internet service,No internet service,No internet service,No internet service,No internet service,One year,No,Mailed check,20.58,35.49,0
CUST-103120,Female,0,Yes,Yes,18,Yes,No,DSL,Yes,Yes,No,Yes,No,No,One year,Yes,Mailed check,61.54,1088.61,0
CUST-100835,Male,0,No,No,4,Yes,No,DSL,No,No,Yes,Yes,Yes,Yes,Month-to-month,Yes,Electronic check,74.41,297.21,1
CUST-100934,Male,0,No,No,1,Yes,No,Fiber optic,No,No,No,No,No,No,Month-to-month,Yes,Electronic check,69.66,70.32,1
CUST-104290,Male,0,Yes,No,65,Yes,Yes,Fiber optic,Yes,Yes,Yes,No,No,No,One year,No,Electronic check,89.85,5769.78,1
CUST-106964,Female,0,Yes,Yes,59,Yes,No,DSL,No,Yes,No,Yes,Yes,Yes,Two year,Yes,Credit card (automatic),76.15,4542.93,0
CUST-101352,Male,0,No,No,1,Yes,No,DSL,No,No,No,No,No,No,Month-to-month,Yes,Electronic check,44.65,43.61,0
CUST-102800,Female,0,Yes,Yes,23,No,No phone service,DSL,Yes,No,No,Yes,No,No,Two year,No,Mailed check,34.4,814.26,0
CUST-104213,Male,0,Yes,Yes,35,Yes,Yes,No,No internet service,No internet service,No internet service,No internet service,No internet service,No internet service,Two year,No,Bank transfer (automatic),25.46,809.47,0
CUST-106184,Male,0,Yes,Yes,72,No,No phone service,DSL,Yes,Yes,Yes,No,No,No,Two year,No,Credit card (automatic),38.52,2765.34,0
CUST-105379,Female,0,Yes,Yes,68,Yes,No,DSL,Yes,Yes,Yes,Yes,Yes,Yes,Two year,Yes,Credit card (automatic),84.88,5609.16,0
CUST-104923,Male,0,No,No,3,Yes,No,Fiber optic,No,No,No,No,Yes,No,Month-to-month,Yes,Electronic check,78.39,243.35,1
CUST-101622,Female,0,Yes,No,2,Yes,Yes,Fiber optic,No,No,Yes,Yes,Yes,Yes,Month-to-month,Yes,Electronic check,104.75,241.99,1
CUST-101474,Female,1,Yes,No,35,Yes,Yes,Fiber optic,No,No,Yes,No,Yes,Yes,Month-to-month,No,Bank transfer (automatic),101.86,3451.52,0
CUST-106587,Male,0,Yes,Yes,53,Yes,No,DSL,No,Yes,No,Yes,Yes,No,Month-to-month,No,Credit card (automatic),64.92,3364.24,0
CUST-106768,Male,0,Yes,Yes,72,Yes,No,No,No internet service,No internet service,No internet service,No internet service,No internet service,No internet service,Two year,No,Bank transfer (automatic),20.05,1323.64,0
CUST-104857,Female,0,No,No,12,Yes,No,Fiber optic,Yes,No,No,No,Yes,No,One year,Yes,Credit card (automatic),85.3,979.76,0
CUST-102144,Female,0,Yes,No,68,Yes,Yes,Fiber optic,Yes,Yes,Yes,Yes,Yes,Yes,Two year,No,Mailed check,118.5,7989.07,0
CUST-106317,Male,0,Yes,Yes,57,Yes,No,Fiber optic,No,Yes,Yes,No,Yes,Yes,One year,Yes,Credit card (automatic),97.8,5600.54,0
CUST-102804,Male,0,Yes,Yes,28,Yes,No,No,No internet service,No internet service,No internet service,No internet service,No internet service,No internet service,Two year,Yes,Credit card (automatic),20.11,486.83,0
CUST-100017,Female,0,Yes,Yes,38,Yes,No,DSL,Yes,Yes,No,Yes,Yes,Yes,One year,No,Credit card (automatic),80.37,3057.44,1
CUST-100113,Male,0,Yes,No,14,Yes,No,DSL,No,Yes,Yes,Yes,Yes,Yes,Two year,No,Mailed check,81.93,1180.29,0
CUST-107040,Male,0,Yes,No,1,Yes,No,Fiber optic,No,No,No,No,No,No,Month-to-month,Yes,Electronic check,69.04,68.69,1
CUST-106720,Female,0,Yes,No,65,Yes,No,DSL,Yes,Yes,Yes,No,No,Yes,Two year,No,Bank transfer (automatic),70.78,4386.7,0
CUST-101925,Female,0,Yes,Yes,45,Yes,Yes,No,No internet service,No internet service,No internet service,No internet service,No internet service,No internet service,One year,Yes,Credit card (automatic),25.71,1215.71,0
CUST-102086,Male,0,No,No,24,Yes,No,Fiber optic,No,No,No,No,No,Yes,Month-to-month,Yes,Credit card (automatic),79.86,2001.41,0
CUST-102161,Male,0,Yes,No,30,Yes,No,No,No internet service,No internet service,No internet service,No internet service,No internet service,No internet service,One year,No,Credit card (automatic),19.45,576.41,0
CUST-103501,Male,1,No,No,1,Yes,No,DSL,No,No,No,No,No,No,Month-to-month,No,Electronic check,46.77,46.43,0
CUST-100966,Male,0,No,Yes,8,Yes,No,No,No internet service,No internet service,No internet service,No internet service,No internet service,No internet service,Month-to-month,No,Bank transfer (automatic),19.62,158.99,0
CUST-102034,Male,0,Yes,Yes,69,Yes,No,No,No internet service,No internet service,No internet service,No internet service,No internet service,No internet service,Two year,No,Bank transfer (automatic),19.7,1358.98,0
CUST-106198,Female,0,No,No,10,Yes,Yes,Fiber optic,No,No,No,No,No,Yes,Month-to-month,No,Electronic check,86.56,829.88,1
CUST-106741,Male,0,Yes,No,20,Yes,No,DSL,Yes,No,No,Yes,No,Yes,One year,Yes,Mailed check,64.09,1275.48,0
CUST-106150,Male,1,No,No,15,Yes,Yes,Fiber optic,No,No,No,No,No,No,Month-to-month,No,Electronic check,75.48,1149.28,1
CUST-104974,Male,1,Yes,No,33,Yes,Yes,Fiber optic,Yes,No,Yes,Yes,Yes,Yes,Month-to-month,Yes,Bank transfer (automatic),109.91,3695.06,0
CUST-102074,Female,0,Yes,Yes,9,Yes,No,No,No internet service,No internet service,No internet service,No internet service,No internet service,No internet service,Two year,No,Mailed check,19.61,209.91,0
CUST-102777,Female,1,No,No,19,Yes,No,Fiber optic,Yes,Yes,No,Yes,Yes,Yes,Month-to-month,Yes,Mailed check,105.0,2009.59,0
CUST-100174,Male,0,No,No,1,Yes,Yes,DSL,No,Yes,No,Yes,No,No,Month-to-month,No,Mailed check,59.94,62.08,1
CUST-104435,Male,1,Yes,Yes,66,Yes,Yes,DSL,Yes,Yes,Yes,Yes,Yes,No,Two year,No,Credit card (automatic),79.38,5155.05,1
CUST-107002,Male,1,Yes,No,27,Yes,No,Fiber optic,No,No,No,No,No,No,Month-to-month,Yes,Electronic check,70.75,1944.12,0
CUST-102722,Female,0,Yes,Yes,46,Yes,No,No,No internet service,No internet service,No internet service,No internet service,No internet service,No internet service,Two year,Yes,Mailed check,19.91,926.37,0
CUST-101133,Male,0,No,No,61,Yes,Yes,Fiber optic,Yes,No,Yes,Yes,Yes,Yes,Two year,Yes,Credit card (automatic),111.69,6878.07,1
CUST-105478,Female,0,Yes,Yes,70,Yes,Yes,No,No internet service,No internet service,No internet service,No internet service,No internet service,No internet service,Two year,No,Bank transfer (automatic),24.64,1687.64,0
CUST-101379,Male,0,No,No,15,Yes,Yes,Fiber optic,No,Yes,No,Yes,No,Yes,Month-to-month,No,Electronic check,95.55,1451.53,0
CUST-101858,Female,0,Yes,Yes,72,Yes,Yes,Fiber optic,Yes,Yes,Yes,Yes,Yes,Yes,Two year,Yes,Bank transfer (automatic),116.0,8476.32,0
CUST-106901,Male,0,No,No,72,No,No phone service,DSL,Yes,Yes,Yes,Yes,Yes,Yes,Two year,Yes,Bank transfer (automatic),63.74,4461.03,0
CUST-104041,Female,0,Yes,No,37,Yes,Yes,Fiber optic,No,No,Yes,No,Yes,Yes,Month-to-month,Yes,Electronic check,99.42,3757.43,1
CUST-104892,Female,0,Yes,No,30,Yes,No,No,No internet service,No internet service,No internet service,No internet service,No internet service,No internet service,Month-to-month,No,Bank transfer (automatic),19.68,657.71,1
CUST-105485,Female,0,Yes,Yes,46,Yes,Yes,No,No internet service,No internet service,No internet service,No internet service,No internet service,No internet service,One year,No,Mailed check,25.18,1164.95,0
CUST-103872,Male,0,No,No,22,Yes,Yes,DSL,Yes,Yes,Yes,No,No,No,Month-to-month,No,Mailed check,65.3,1425.35,0
CUST-103078,Male,0,Yes,Yes,63,Yes,No,No,No internet service,No internet service,No internet service,No internet service,No internet service,No internet service,Two year,Yes,Mailed check,19.36,1178.52,0
CUST-102909,Male,0,No,No,1,Yes,No,DSL,No,No,No,Yes,No,No,Month-to-month,No,Credit card (automatic),49.08,48.59,0
CUST-104591,Male,0,Yes,No,17,No,No phone service,DSL,No,Yes,No,No,Yes,Yes,Month-to-month,Yes,Mailed check,50.17,836.22,0
CUST-103209,Female,0,No,No,11,Yes,Yes,Fiber optic,No,No,No,Yes,Yes,No,Month-to-month,No,Electronic check,90.26,987.05,1
CUST-101584,Male,1,No,No,14,Yes,No,Fiber optic,No,No,No,No,Yes,Yes,Month-to-month,No,Credit card (automatic),90.57,1264.13,1
CUST-105575,Female,0,Yes,No,64,Yes,Yes,DSL,Yes,No,Yes,Yes,Yes,Yes,Two year,Yes,Credit card (automatic),85.12,5485.49,0
CUST-100249,Male,0,Yes,No,31,Yes,Yes,DSL,No,No,Yes,Yes,Yes,Yes,One year,Yes,Mailed check,79.44,2483.2,0
CUST-102585,Female,1,No,No,28,Yes,Yes,DSL,No,Yes,Yes,Yes,No,No,Month-to-month,No,Bank transfer (automatic),64.27,1866.67,0
CUST-105807,Male,0,Yes,Yes,19,Yes,Yes,DSL,No,No,No,No,No,No,Month-to-month,No,Credit card (automatic),50.14,909.14,0
CUST-101624,Female,0,Yes,Yes,1,Yes,No,Fiber optic,No,Yes,No,No,No,No,Month-to-month,Yes,Electronic check,74.44,74.55,1
CUST-100128,Male,0,Yes,No,11,Yes,No,No,No internet service,No internet service,No internet service,No internet service,No internet service,No internet service,One year,Yes,Mailed check,20.55,184.8,0
CUST-101837,Female,0,Yes,Yes,69,Yes,Yes,DSL,Yes,No,No,Yes,No,No,Two year,No,Credit card (automatic),61.44,4061.07,0
CUST-102135,Female,0,No,No,70,Yes,Yes,Fiber optic,Yes,Yes,Yes,No,Yes,Yes,Two year,Yes,Mailed check,111.31,7737.57,0
CUST-106686,Female,0,No,No,72,Yes,Yes,Fiber optic,Yes,Yes,Yes,No,Yes,No,Two year,Yes,Bank transfer (automatic),101.22,7262.71,0
CUST-106978,Male,0,Yes,Yes,63,Yes,No,No,No internet service,No internet service,No internet service,No internet service,No internet service,No internet service,Two year,No,Mailed check,19.47,1276.73,0
CUST-100399,Female,0,Yes,No,4,Yes,No,No,No internet service,No internet service,No internet service,No internet service,No internet service,No internet service,One year,No,Bank transfer (automatic),20.96,79.31,0
CUST-101942,Male,0,No,No,17,Yes,No,Fiber optic,Yes,No,No,No,Yes,Yes,Month-to-month,No,Electronic check,93.94,1624.23,1
CUST-104387,Male,0,No,Yes,9,Yes,No,DSL,No,Yes,No,No,No,No,Month-to-month,Yes,Electronic check,50.16,484.33,0
CUST-106721,Male,1,No,No,21,Yes,Yes,Fiber optic,No,Yes,Yes,No,Yes,Yes,Month-to-month,Yes,Electronic check,104.39,2271.4,0
CUST-104044,Male,0,Yes,No,55,Yes,Yes,Fiber optic,Yes,Yes,No,No,Yes,No,Month-to-month,Yes,Electronic check,96.82,5240.25,1
CUST-106624,Female,0,No,No,58,Yes,Yes,DSL,Yes,Yes,Yes,Yes,No,No,One year,Yes,Credit card (automatic),70.95,4298.43,0
CUST-102531,Female,0,Yes,No,6,Yes,Yes,Fiber optic,No,Yes,No,No,No,Yes,Month-to-month,Yes,Electronic check,90.88,509.8,0
CUST-105222,Female,0,Yes,No,35,Yes,No,Fiber optic,No,No,No,No,No,No,Month-to-month,Yes,Electronic check,70.78,2416.34,1
CUST-102751,Male,0,Yes,No,23,Yes,Yes,Fiber optic,Yes,Yes,Yes,No,Yes,No,Month-to-month,Yes,Electronic check,99.39,2186.99,1
CUST-105416,Male,1,Yes,No,70,Yes,Yes,DSL,Yes,Yes,Yes,Yes,Yes,Yes,Two year,No,Credit card (automatic),90.17,6332.69,0
CUST-105483,Female,0,No,No,1,No,No phone service,DSL,No,Yes,No,No,No,No,Month-to-month,No,Bank transfer (automatic),29.82,28.07,1
CUST-102747,Female,0,No,No,13,No,No phone service,DSL,No,No,Yes,No,Yes,Yes,Month-to-month,No,Electronic check,48.8,651.61,0
CUST-100653,Female,0,No,No,26,No,No phone service,DSL,No,No,Yes,Yes,Yes,No,Month-to-month,Yes,Credit card (automatic),44.54,1183.45,0
CUST-104114,Female,0,No,No,25,Yes,No,DSL,Yes,Yes,Yes,Yes,Yes,No,One year,No,Mailed check,74.32,1865.68,1
CUST-101117,Female,0,No,No,1,Yes,No,No,No internet service,No internet service,No internet service,No internet service,No internet service,No internet service,Month-to-month,Yes,Bank transfer (automatic),18.95,21.42,0
CUST-104150,Female,0,Yes,Yes,28,Yes,No,No,No internet service,No internet service,No internet service,No internet service,No internet service,No internet service,One year,No,Mailed check,19.87,541.02,0
CUST-103861,Female,0,Yes,Yes,24,Yes,Yes,Fiber optic,No,Yes,Yes,No,No,No,One year,No,Bank transfer (automatic),83.33,2034.48,0
CUST-104579,Female,0,No,Yes,2,Yes,No,No,No internet service,No internet service,No internet service,No internet service,No internet service,No internet service,One year,No,Bank transfer (automatic),20.47,40.13,0
CUST-106637,Male,0,No,No,54,No,No phone service,DSL,Yes,No,No,Yes,Yes,No,Two year,No,Credit card (automatic),45.08,2460.57,0
CUST-103419,Female,1,No,Yes,33,Yes,Yes,Fiber optic,No,Yes,Yes,No,Yes,Yes,Month-to-month,Yes,Bank transfer (automatic),105.28,3466.97,0
CUST-102550,Male,0,No,No,1,Yes,No,DSL,No,Yes,No,No,No,No,Month-to-month,No,Mailed check,50.85,52.34,1
CUST-103124,Female,0,No,No,34,Yes,Yes,Fiber optic,No,No,No,No,Yes,No,Month-to-month,No,Electronic check,85.45,2894.1,0
CUST-101341,Female,0,No,No,37,Yes,No,Fiber optic,No,Yes,Yes,No,No,No,One year,No,Electronic check,80.19,3018.84,0
CUST-106180,Female,0,No,No,9,No,No phone service,DSL,No,Yes,No,No,No,Yes,Month-to-month,No,Electronic check,40.63,360.13,0
CUST-102391,Female,0,No,No,1,Yes,No,Fiber optic,No,No,Yes,No,No,No,Month-to-month,Yes,Electronic check,74.81,73.82,1
CUST-105401,Female,0,No,No,1,Yes,No,No,No internet service,No internet service,No internet service,No internet service,No internet service,No internet service,Month-to-month,No,Credit card (automatic),20.58,23.45,0
CUST-102755,Female,0,Yes,No,58,Yes,No,DSL,Yes,Yes,No,No,Yes,No,Month-to-month,Yes,Credit card (automatic),65.27,3793.42,0
CUST-103347,Male,0,Yes,Yes,30,Yes,Yes,Fiber optic,No,Yes,No,Yes,No,No,Month-to-month,Yes,Bank transfer (automatic),83.63,2568.24,0
CUST-101532,Female,0,Yes,Yes,0,Yes,Yes,DSL,No,Yes,Yes,Yes,Yes,No,Two year,No,Mailed check,73.25,,0
CUST-104413,Male,0,No,No,9,Yes,No,No,No internet service,No internet service,No internet service,No internet service,No internet service,No internet service,Month-to-month,No,Mailed check,19.66,179.2,0
CUST-102489,Male,0,Yes,No,36,No,No phone service,DSL,Yes,No,Yes,No,No,No,One year,No,Mailed check,35.72,1317.5,0
CUST-105468,Female,0,No,No,70,Yes,Yes,Fiber optic,No,Yes,Yes,Yes,No,No,One year,Yes,Bank transfer (automatic),90.2,6386.48,0
CUST-102842,Female,0,No,No,4,Yes,No,Fiber optic,No,No,No,No,No,No,Month-to-month,No,Electronic check,70.68,278.61,1
CUST-100838,Male,0,Yes,Yes,71,Yes,No,DSL,Yes,No,Yes,Yes,No,Yes,Two year,Yes,Credit card (automatic),70.6,4974.25,0
CUST-105058,Male,1,Yes,No,30,Yes,Yes,Fiber optic,No,No,No,No,No,No,Month-to-month,No,Mailed check,77.68,2350.06,0
CUST-105171,Female,0,No,No,63,Yes,No,Fiber optic,No,No,Yes,Yes,Yes,No,One year,Yes,Credit card (automatic),90.02,5816.9,0
CUST-106931,Male,0,No,No,11,Yes,No,DSL,No,Yes,No,No,Yes,No,One year,Yes,Electronic check,61.22,731.0,0
CUST-104321,Male,0,No,No,13,Yes,No,No,No internet service,No internet service,No internet service,No internet service,No internet service,No internet service,Two year,No,Mailed check,19.73,246.69,0
CUST-101955,Male,0,No,No,64,Yes,Yes,Fiber optic,Yes,Yes,No,No,No,No,One year,Yes,Credit card (automatic),84.22,5289.32,0
CUST-106316,Female,0,No,No,5,Yes,Yes,Fiber optic,No,No,No,No,No,No,Month-to-month,No,Electronic check,75.57,402.53,0
CUST-105733,Male,0,Yes,Yes,41,Yes,Yes,DSL,No,Yes,Yes,No,Yes,No,One year,No,Bank transfer (automatic),68.22,2839.21,0
CUST-102771,Female,0,Yes,No,54,Yes,Yes,Fiber optic,No,Yes,Yes,Yes,Yes,Yes,One year,No,Electronic check,110.29,5894.06,1
CUST-104448,Female,1,No,No,16,Yes,Yes,Fiber optic,No,No,No,No,Yes,No,Month-to-month,Yes,Electronic check,84.75,1349.13,1
CUST-106210,Male,0,Yes,No,72,Yes,Yes,No,No internet service,No internet service,No internet service,No internet service,No internet service,No internet service,Two year,No,Credit card (automatic),25.75,1863.8,0
CUST-103877,Female,0,Yes,No,13,No,No phone service,DSL,No,No,Yes,No,Yes,Yes,Month-to-month,Yes,Bank transfer (automatic),48.84,631.8,1
CUST-106604,Male,0,No,No,10,Yes,Yes,Fiber optic,No,No,No,No,No,No,Month-to-month,Yes,Mailed check,73.98,809.63,1
CUST-101859,Male,0,No,No,59,Yes,No,DSL,No,No,Yes,No,No,Yes,One year,Yes,Bank transfer (automatic),61.36,3645.21,0
CUST-101105,Male,0,Yes,No,65,Yes,Yes,Fiber optic,No,Yes,No,No,No,Yes,Month-to-month,Yes,Electronic check,90.7,5929.85,0
CUST-106331,Female,0,Yes,Yes,61,Yes,No,No,No internet service,No internet service,No internet service,No internet service,No internet service,No internet service,Two year,No,Credit card (automatic),19.49,1309.99,0
CUST-100381,Female,0,No,No,1,Yes,No,DSL,No,No,No,No,No,No,Month-to-month,No,Electronic check,45.63,47.15,1
CUST-102924,Female,0,No,No,69,Yes,Yes,Fiber optic,No,Yes,Yes,Yes,Yes,Yes,Two year,Yes,Bank transfer (automatic),110.52,7455.55,0
CUST-106524,Female,1,No,No,8,Yes,Yes,Fiber optic,No,Yes,Yes,No,Yes,Yes,Month-to-month,Yes,Electronic check,105.55,829.23,1
CUST-103322,Female,0,Yes,Yes,48,Yes,No,No,No internet service,No internet service,No internet service,No internet service,No internet service,No internet service,Two year,No,Bank transfer (automatic),20.41,1055.78,0
CUST-104167,Female,0,Yes,Yes,65,Yes,Yes,Fiber optic,Yes,No,Yes,No,Yes,Yes,Two year,Yes,Credit card (automatic),104.13,6725.29,0
CUST-101690,Male,0,Yes,Yes,72,Yes,Yes,No,No internet service,No internet service,No internet service,No internet service,No internet service,No internet service,Two year,No,Bank transfer (automatic),24.66,1773.48,0
CUST-102917,Female,0,Yes,No,57,Yes,Yes,Fiber optic,No,No,Yes,No,Yes,Yes,One year,Yes,Credit card (automatic),100.75,5984.46,0
CUST-105399,Male,0,No,No,67,No,No phone service,DSL,Yes,No,No,Yes,Yes,No,Two year,No,Electronic check,43.87,3096.7,0
CUST-102693,Female,0,Yes,Yes,66,Yes,Yes,DSL,Yes,Yes,Yes,No,No,No,Month-to-month,Yes,Bank transfer (automatic),67.42,4508.78,0
CUST-102021,Male,0,Yes,Yes,72,Yes,Yes,DSL,Yes,Yes,Yes,No,No,No,Two year,No,Credit card (automatic),64.56,4719.29,0
CUST-106166,Male,0,Yes,Yes,30,Yes,Yes,DSL,Yes,No,No,No,No,No,Month-to-month,Yes,Bank transfer (automatic),54.23,1590.89,0
CUST-102113,Female,0,Yes,No,72,Yes,No,No,No internet service,No internet service,No internet service,No internet service,No internet service,No internet service,Two year,No,Bank transfer (automatic),19.12,1497.91,0
CUST-100275,Male,0,No,No,4,Yes,No,Fiber optic,No,No,No,No,No,No,Month-to-month,Yes,Electronic check,70.05,238.24,1
CUST-105297,Male,1,Yes,No,71,No,No phone service,DSL,Yes,Yes,Yes,Yes,No,No,Two year,No,Credit card (automatic),46.25,3352.92,0
CUST-102991,Male,0,No,No,44,Yes,Yes,DSL,No,Yes,Yes,Yes,Yes,Yes,One year,Yes,Bank transfer (automatic),84.89,3703.87,0
CUST-104494,Female,0,Yes,Yes,33,Yes,Yes,Fiber optic,Yes,No,Yes,No,Yes,Yes,One year,Yes,Mailed check,103.99,3465.85,1
CUST-104930,Female,0,No,Yes,14,Yes,No,DSL,No,No,Yes,No,Yes,No,Month-to-month,Yes,Credit card (automatic),60.14,826.27,0
CUST-105333,Male,0,Yes,Yes,24,Yes,No,No,No internet service,No internet service,No internet service,No internet service,No internet service,No internet service,One year,No,Mailed check,20.16,439.78,0
CUST-100564,Female,0,Yes,Yes,30,Yes,No,DSL,No,No,Yes,Yes,Yes,No,One year,Yes,Electronic check,64.49,1983.73,0
CUST-102119,Male,0,No,No,1,Yes,No,Fiber optic,No,No,No,No,No,No,Month-to-month,Yes,Electronic check,69.78,66.34,1
CUST-100082,Female,0,No,No,1,Yes,No,No,No internet service,No internet service,No internet service,No internet service,No internet service,No internet service,Month-to-month,Yes,Mailed check,19.48,19.77,1
CUST-102718,Male,0,Yes,Yes,58,Yes,Yes,DSL,Yes,Yes,Yes,Yes,No,No,Two year,No,Credit card (automatic),71.71,4231.5,0
CUST-106344,Female,0,Yes,Yes,72,No,No phone service,DSL,Yes,Yes,Yes,Yes,No,Yes,Two year,No,Credit card (automatic),55.28,3880.04,0
CUST-106506,Male,0,No,No,19,No,No phone service,DSL,No,No,No,No,No,No,Month-to-month,Yes,Bank transfer (automatic),25.3,467.75,0
CUST-105907,Female,0,Yes,Yes,70,Yes,No,DSL,Yes,Yes,Yes,Yes,No,Yes,One year,No,Credit card (automatic),74.12,5221.13,0
CUST-104586,Female,0,No,Yes,26,No,No phone service,DSL,No,No,Yes,No,No,No,Month-to-month,Yes,Mailed check,30.04,786.19,0
CUST-101804,Female,0,No,No,13,Yes,Yes,Fiber optic,Yes,No,No,No,Yes,Yes,Month-to-month,Yes,Electronic check,100.19,1361.32,1
CUST-104404,Female,0,Yes,Yes,11,Yes,No,No,No internet service,No internet service,No internet service,No internet service,No internet service,No internet service,One year,No,Mailed check,20.31,234.74,0
CUST-103185,Male,0,No,No,17,Yes,Yes,Fiber optic,No,No,Yes,Yes,No,No,One year,No,Electronic check,86.74,1409.92,0
CUST-100260,Male,0,No,No,38,Yes,No,No,No internet service,No internet service,No internet service,No internet service,No internet service,No internet service,One year,No,Mailed check,20.3,730.01,0
CUST-106230,Male,0,No,No,24,Yes,No,DSL,No,Yes,No,No,No,No,Month-to-month,Yes,Mailed check,49.75,1217.83,0
CUST-102346,Female,0,Yes,No,1,Yes,No,Fiber optic,No,No,No,No,No,No,Month-to-month,Yes,Electronic check,69.11,70.87,1
CUST-106875,Male,0,Yes,No,71,Yes,Yes,Fiber optic,Yes,Yes,Yes,No,Yes,Yes,One year,Yes,Electronic check,109.7,7854.94,0
CUST-106424,Female,1,Yes,Yes,11,Yes,Yes,Fiber optic,No,No,Yes,No,No,No,Month-to-month,Yes,Credit card (automatic),78.14,864.75,0
CUST-106803,Female,0,No,Yes,13,Yes,Yes,Fiber optic,No,Yes,Yes,No,Yes,Yes,One year,Yes,Credit card (automatic),104.41,1300.79,0
CUST-100817,Male,0,No,No,45,No,No phone service,DSL,Yes,No,Yes,Yes,No,No,One year,No,Bank transfer (automatic),42.47,1840.72,0
CUST-102191,Female,0,No,No,4,Yes,Yes,Fiber optic,No,Yes,No,No,No,Yes,Month-to-month,Yes,Electronic check,88.53,354.34,1
CUST-105717,Female,0,No,No,11,Yes,No,DSL,No,No,Yes,Yes,No,No,One year,No,Bank transfer (automatic),53.75,653.99,0
CUST-105879,Male,0,Yes,No,70,Yes,No,DSL,Yes,Yes,Yes,Yes,No,No,Two year,No,Credit card (automatic),65.11,4521.88,0
CUST-100708,Female,1,Yes,No,71,Yes,No,Fiber optic,No,Yes,Yes,No,Yes,Yes,Two year,Yes,Electronic check,99.01,7214.08,0
CUST-100702,Male,0,Yes,Yes,62,Yes,Yes,Fiber optic,Yes,Yes,No,No,Yes,Yes,Month-to-month,Yes,Electronic check,105.55,6488.83,0
CUST-103774,Female,1,Yes,No,26,Yes,Yes,Fiber optic,No,Yes,Yes,No,No,Yes,Month-to-month,Yes,Electronic check,93.72,2381.26,1
CUST-102601,Female,0,Yes,No,40,Yes,Yes,Fiber optic,Yes,No,Yes,No,Yes,Yes,One year,No,Bank transfer (automatic),105.72,4227.76,0
CUST-106598,Female,0,Yes,Yes,15,Yes,No,DSL,No,No,No,No,No,No,Month-to-month,No,Electronic check,46.36,639.03,0
CUST-100067,Female,1,Yes,No,69,Yes,Yes,Fiber optic,No,Yes,No,Yes,Yes,Yes,Two year,No,Credit card (automatic),105.55,6997.83,0
CUST-106135,Female,0,No,No,1,Yes,No,No,No internet service,No internet service,No internet service,No internet service,No internet service,No internet service,Month-to-month,No,Electronic check,21.09,18.24,0
CUST-106673,Male,0,No,No,57,No,No phone service,DSL,Yes,No,Yes,No,Yes,Yes,Month-to-month,Yes,Electronic check,53.53,3197.26,0
CUST-103723,Male,0,No,Yes,22,Yes,No,Fiber optic,No,Yes,Yes,No,Yes,No,Month-to-month,Yes,Electronic check,89.54,1999.24,1
CUST-101369,Male,0,No,No,14,No,No phone service,DSL,No,No,Yes,No,Yes,Yes,Month-to-month,Yes,Electronic check,50.57,709.15,1
CUST-103334,Female,0,Yes,No,26,Yes,Yes,No,No internet service,No internet service,No internet service,No internet service,No internet service,No internet service,One year,No,Mailed check,26.01,681.22,0
CUST-105795,Male,1,No,No,68,Yes,No,No,No internet service,No internet service,No internet service,No internet service,No internet service,No internet service,Two year,Yes,Credit card (automatic),19.98,1395.56,0
CUST-103324,Male,0,Yes,Yes,34,Yes,No,No,No internet service,No internet service,No internet service,No internet service,No internet service,No internet service,Month-to-month,No,Mailed check,20.96,635.53,0
CUST-103252,Male,1,Yes,No,35,Yes,Yes,Fiber optic,Yes,Yes,No,No,No,Yes,Month-to-month,Yes,Electronic check,94.77,3366.05,0
CUST-107013,Female,0,No,No,37,Yes,No,DSL,No,No,No,No,Yes,Yes,Month-to-month,Yes,Electronic check,64.8,2348.26,1
CUST-104342,Male,0,Yes,Yes,4,Yes,Yes,DSL,No,No,No,No,No,No,Month-to-month,Yes,Electronic check,50.85,225.65,1
CUST-104559,Male,0,No,No,4,Yes,Yes,Fiber optic,Yes,No,No,No,Yes,No,Month-to-month,No,Electronic check,90.61,364.81,0
CUST-105330,Female,0,Yes,No,3,Yes,Yes,Fiber optic,No,Yes,No,No,No,Yes,Month-to-month,Yes,Credit card (automatic),91.47,240.69,1
CUST-105847,Male,0,Yes,No,48,Yes,No,No,No internet service,No internet service,No internet service,No internet service,No internet service,No internet service,Two year,No,Mailed check,19.25,852.57,0
CUST-106903,Female,1,No,No,41,Yes,Yes,Fiber optic,Yes,Yes,Yes,No,Yes,Yes,Month-to-month,Yes,Electronic check,112.93,4692.24,1
CUST-105290,Male,0,Yes,No,60,Yes,No,No,No internet service,No internet service,No internet service,No internet service,No internet service,No internet service,Two year,Yes,Bank transfer (automatic),20.78,1199.63,0
CUST-105785,Male,0,Yes,No,18,Yes,Yes,Fiber optic,No,No,No,No,Yes,Yes,Month-to-month,Yes,Electronic check,94.66,1692.43,0
CUST-100810,Male,0,Yes,Yes,58,Yes,Yes,Fiber optic,No,No,Yes,Yes,Yes,Yes,One year,Yes,Bank transfer (automatic),104.78,6006.07,0
CUST-107020,Male,0,No,No,22,Yes,Yes,DSL,Yes,Yes,No,No,No,No,Month-to-month,No,Electronic check,58.94,1255.9,1
CUST-103753,Male,0,Yes,Yes,13,Yes,Yes,DSL,No,Yes,Yes,Yes,Yes,No,Month-to-month,Yes,Electronic check,72.87,932.15,0
CUST-104978,Male,1,No,No,1,No,No phone service,DSL,No,No,No,No,No,No,Month-to-month,Yes,Electronic check,25.14,23.91,1
CUST-104009,Female,0,No,No,47,Yes,No,DSL,Yes,Yes,No,Yes,No,No,One year,Yes,Mailed check,58.93,2812.99,0
CUST-101831,Male,0,No,No,18,Yes,No,DSL,Yes,No,No,No,No,No,Month-to-month,No,Electronic check,49.74,876.58,1
CUST-100426,Female,0,No,No,57,Yes,Yes,Fiber optic,No,Yes,No,Yes,No,Yes,One year,No,Electronic check,94.78,5470.99,0
CUST-106599,Female,0,Yes,No,50,Yes,Yes,DSL,No,No,Yes,No,Yes,Yes,One year,No,Bank transfer (automatic),75.62,3876.6,0
CUST-103065,Male,0,No,No,25,Yes,No,No,No internet service,No internet service,No internet service,No internet service,No internet service,No internet service,Two year,Yes,Mailed check,20.63,501.1,0
CUST-101596,Female,0,Yes,Yes,70,No,No phone service,DSL,No,Yes,Yes,Yes,Yes,Yes,One year,Yes,Bank transfer (automatic),58.59,4112.18,0
CUST-104468,Male,1,No,No,43,Yes,No,Fiber optic,No,No,No,No,Yes,Yes,Month-to-month,Yes,Mailed check,89.43,3856.48,1
CUST-103430,Male,1,Yes,No,5,Yes,Yes,Fiber optic,No,No,Yes,No,No,No,Month-to-month,Yes,Bank transfer (automatic),80.17,343.47,1
CUST-102716,Male,0,No,Yes,33,Yes,No,No,No internet service,No internet service,No internet service,No internet service,No internet service,No internet service,One year,Yes,Mailed check,20.13,682.32,0
CUST-105548,Female,1,Yes,No,50,Yes,No,Fiber optic,No,No,No,No,No,No,Month-to-month,Yes,Electronic check,71.09,3446.47,1
CUST-102240,Male,0,Yes,Yes,60,Yes,No,No,No internet service,No internet service,No internet service,No internet service,No internet service,No internet service,Two year,No,Credit card (automatic),19.72,1162.8,0
CUST-104230,Male,0,Yes,Yes,27,Yes,No,DSL,Yes,Yes,No,No,No,No,Month-to-month,Yes,Credit card (automatic),54.69,1511.1,0
CUST-100023,Female,0,Yes,No,2,Yes,Yes,Fiber optic,No,No,No,No,Yes,No,Month-to-month,Yes,Electronic check,84.05,134.82,0
CUST-104831,Male,0,No,No,1,Yes,No,Fiber optic,No,No,No,No,No,No,Month-to-month,Yes,Electronic check,69.67,71.77,1
CUST-101316,Female,0,No,No,62,Yes,Yes,DSL,No,Yes,Yes,Yes,Yes,Yes,Two year,No,Bank transfer (automatic),84.6,5191.55,0
CUST-102942,Male,1,No,No,38,Yes,No,DSL,No,Yes,Yes,Yes,Yes,No,One year,Yes,Credit card (automatic),70.2,2498.8,1
CUST-107033,Male,0,Yes,No,12,Yes,No,Fiber optic,No,Yes,No,No,No,Yes,Month-to-month,Yes,Credit card (automatic),85.26,998.73,0
CUST-101017,Female,0,Yes,Yes,34,Yes,Yes,Fiber optic,No,No,Yes,No,Yes,No,Month-to-month,No,Electronic check,87.18,2871.67,1
CUST-102953,Male,0,Yes,Yes,38,Yes,Yes,DSL,No,Yes,Yes,No,Yes,Yes,One year,No,Credit card (automatic),78.87,2863.0,0
CUST-106783,Female,1,No,No,4,Yes,Yes,Fiber optic,No,No,Yes,No,Yes,No,Month-to-month,Yes,Electronic check,89.49,346.67,1
CUST-103763,Male,0,No,Yes,12,Yes,No,DSL,Yes,No,No,No,Yes,Yes,Month-to-month,Yes,Mailed check,69.91,838.91,0
CUST-104867,Male,0,No,No,55,Yes,No,DSL,Yes,No,Yes,Yes,No,No,Two year,Yes,Electronic check,59.13,3177.51,0
CUST-104574,Female,0,Yes,Yes,71,No,No phone service,DSL,Yes,Yes,No,Yes,Yes,Yes,Two year,No,Bank transfer (automatic),60.01,4122.0,0
CUST-100429,Female,0,Yes,No,72,Yes,Yes,Fiber optic,Yes,Yes,Yes,Yes,Yes,Yes,Two year,Yes,Credit card (automatic),116.95,8529.76,0
CUST-104163,Male,0,Yes,No,54,Yes,No,DSL,Yes,Yes,No,No,Yes,Yes,Two year,Yes,Bank transfer (automatic),74.41,4190.4,0
CUST-106508,Female,0,Yes,Yes,41,No,No phone service,DSL,Yes,No,Yes,No,No,No,One year,No,Credit card (automatic),35.06,1412.67,0
CUST-105405,Male,1,No,No,6,Yes,No,DSL,No,No,No,No,No,No,Month-to-month,No,Credit card (automatic),44.93,276.5,0
CUST-103561,Female,0,Yes,Yes,71,No,No phone service,DSL,Yes,Yes,No,Yes,Yes,Yes,Two year,No,Mailed check,58.49,4146.15,0
CUST-103707,Male,0,No,No,27,Yes,No,DSL,Yes,No,Yes,Yes,Yes,No,One year,No,Credit card (automatic),69.47,1927.22,0
CUST-101152,Female,0,Yes,Yes,39,Yes,Yes,Fiber optic,No,No,No,Yes,Yes,Yes,Month-to-month,Yes,Credit card (automatic),100.09,3766.71,0
CUST-100216,Female,0,Yes,Yes,45,Yes,No,No,No internet service,No internet service,No internet service,No internet service,No internet service,No internet service,Two year,Yes,Bank transfer (automatic),20.08,886.44,0
CUST-100408,Female,0,Yes,Yes,35,Yes,No,No,No internet service,No internet service,No internet service,No internet service,No internet service,No internet service,Two year,Yes,Mailed check,19.84,737.65,0
CUST-106656,Male,1,No,No,2,Yes,Yes,Fiber optic,No,No,No,No,Yes,Yes,Month-to-month,Yes,Electronic check,93.53,196.99,1
CUST-101050,Female,0,Yes,Yes,6,Yes,No,No,No internet service,No internet service,No internet service,No internet service,No internet service,No internet service,One year,No,Credit card (automatic),18.95,104.98,0
CUST-103635,Female,0,Yes,Yes,57,Yes,No,DSL,Yes,No,Yes,Yes,No,No,One year,Yes,Mailed check,58.98,3275.02,0
CUST-106254,Male,0,Yes,Yes,51,Yes,Yes,Fiber optic,No,Yes,No,Yes,No,No,One year,No,Bank transfer (automatic),84.3,4301.86,0
CUST-106149,Male,0,Yes,Yes,66,Yes,No,DSL,Yes,Yes,Yes,Yes,Yes,No,One year,Yes,Electronic check,74.85,5013.2,0
CUST-102817,Male,0,Yes,No,68,Yes,Yes,No,No internet service,No internet service,No internet service,No internet service,No internet service,No internet service,Two year,No,Credit card (automatic),24.82,1627.31,0
CUST-104947,Female,1,Yes,Yes,1,Yes,No,Fiber optic,No,No,No,No,No,No,Month-to-month,Yes,Electronic check,69.63,68.1,1
CUST-103139,Male,0,Yes,No,43,Yes,Yes,DSL,Yes,No,Yes,No,Yes,Yes,One year,Yes,Electronic check,80.19,3581.44,0
CUST-103586,Female,0,No,No,5,Yes,Yes,DSL,Yes,No,No,No,No,No,Month-to-month,Yes,Electronic check,53.95,285.87,0
CUST-106859,Female,0,No,No,13,No,No phone service,DSL,No,Yes,No,No,No,No,Month-to-month,Yes,Electronic check,31.36,387.48,0
CUST-103154,Female,1,No,No,14,Yes,Yes,Fiber optic,No,No,No,No,No,No,Month-to-month,Yes,Electronic check,74.51,1097.56,1
CUST-102913,Female,0,Yes,Yes,55,Yes,Yes,Fiber optic,Yes,Yes,No,No,No,No,Month-to-month,Yes,Electronic check,85.22,4600.04,0
CUST-102990,Male,0,Yes,No,45,Yes,Yes,Fiber optic,No,Yes,No,No,No,No,Month-to-month,No,Bank transfer (automatic),81.38,3775.54,0
CUST-104504,Female,0,No,Yes,17,Yes,Yes,DSL,No,No,Yes,No,No,No,One year,Yes,Mailed check,55.78,938.8,1
CUST-105663,Female,0,Yes,Yes,49,Yes,No,DSL,Yes,No,Yes,Yes,No,No,Month-to-month,No,Bank transfer (automatic),62.01,3024.81,0
CUST-102980,Female,0,No,No,22,Yes,Yes,Fiber optic,No,No,No,No,Yes,No,Month-to-month,Yes,Bank transfer (automatic),84.24,1822.72,0
CUST-102492,Female,0,No,No,6,Yes,No,Fiber optic,No,No,No,No,Yes,Yes,Month-to-month,No,Electronic check,89.45,580.82,1
CUST-101764,Male,1,Yes,Yes,46,Yes,Yes,Fiber optic,Yes,Yes,Yes,No,Yes,No,Month-to-month,Yes,Electronic check,100.71,4543.72,1
CUST-102466,Male,0,No,No,31,Yes,Yes,DSL,No,Yes,No,Yes,Yes,No,Month-to-month,Yes,Electronic check,71.45,2166.7,0
CUST-103303,Male,0,No,No,52,Yes,No,DSL,Yes,No,Yes,No,No,No,One year,No,Electronic check,53.34,2793.03,0
CUST-101439,Female,1,No,No,38,Yes,No,No,No internet service,No internet service,No internet service,No internet service,No internet service,No internet service,Two year,No,Mailed check,19.97,735.82,0
CUST-100937,Female,0,Yes,Yes,55,Yes,Yes,DSL,Yes,No,Yes,Yes,Yes,Yes,Two year,Yes,Bank transfer (automatic),85.32,4657.71,0
CUST-105299,Female,0,No,No,52,No,No phone service,DSL,Yes,Yes,No,Yes,No,No,Two year,No,Mailed check,39.05,1979.94,0
CUST-106395,Male,1,No,No,55,No,No phone service,DSL,No,No,Yes,No,Yes,Yes,One year,Yes,Bank transfer (automatic),50.03,2744.48,0
CUST-103474,Female,0,Yes,Yes,56,Yes,Yes,No,No internet service,No internet service,No internet service,No internet service,No internet service,No internet service,Two year,Yes,Mailed check,24.41,1386.65,0
CUST-101811,Male,1,No,No,1,Yes,Yes,Fiber optic,No,No,No,No,Yes,Yes,Month-to-month,Yes,Electronic check,93.86,93.75,1
CUST-102794,Female,0,No,No,32,Yes,No,No,No internet service,No internet service,No internet service,No internet service,No internet service,No internet service,Month-to-month,No,Bank transfer (automatic),19.88,600.18,0
CUST-106269,Male,0,No,No,14,Yes,Yes,Fiber optic,No,Yes,No,No,Yes,Yes,Month-to-month,Yes,Electronic check,100.33,1412.9,1
CUST-106350,Female,1,No,No,65,Yes,Yes,Fiber optic,No,Yes,Yes,No,Yes,No,Month-to-month,Yes,Bank transfer (automatic),95.38,6226.22,0
CUST-104169,Female,0,Yes,Yes,6,Yes,Yes,DSL,No,No,No,No,No,No,Month-to-month,Yes,Credit card (automatic),48.93,273.04,0
CUST-104127,Female,0,No,No,42,Yes,No,DSL,No,Yes,No,No,No,No,Month-to-month,Yes,Electronic check,49.41,2079.94,0
CUST-101377,Female,0,Yes,Yes,69,Yes,Yes,No,No internet service,No internet service,No internet service,No internet service,No internet service,No internet service,Two year,Yes,Bank transfer (automatic),25.56,1674.77,0
CUST-102624,Female,0,Yes,Yes,5,Yes,No,Fiber optic,No,Yes,No,Yes,Yes,Yes,Month-to-month,Yes,Mailed check,99.13,464.74,1
CUST-101495,Male,0,No,No,43,Yes,No,No,No internet service,No internet service,No internet service,No internet service,No internet service,No internet service,Two year,No,Mailed check,19.52,876.72,0
CUST-100295,Female,0,No,Yes,4,Yes,No,No,No internet service,No internet service,No internet service,No internet service,No internet service,No internet service,Month-to-month,No,Credit card (automatic),20.7,92.99,0
CUST-105841,Male,1,No,No,32,Yes,Yes,Fiber optic,No,No,Yes,No,No,No,Month-to-month,Yes,Credit card (automatic),81.02,2618.67,0
CUST-104629,Female,0,Yes,Yes,72,No,No phone service,DSL,Yes,Yes,Yes,Yes,Yes,Yes,Two year,Yes,Bank transfer (automatic),63.97,4682.03,0
CUST-107022,Female,0,No,No,7,Yes,No,No,No internet service,No internet service,No internet service,No internet service,No internet service,No internet service,Month-to-month,No,Mailed check,19.07,145.12,0
CUST-102341,Female,0,No,No,1,Yes,Yes,No,No internet service,No internet service,No internet service,No internet service,No internet service,No internet service,Month-to-month,Yes,Electronic check,25.97,24.73,0
CUST-102607,Female,0,Yes,Yes,56,Yes,No,Fiber optic,No,No,No,No,Yes,Yes,One year,No,Bank transfer (automatic),88.58,4968.39,0
CUST-104275,Female,0,Yes,Yes,38,Yes,No,DSL,Yes,Yes,No,No,No,No,Month-to-month,No,Electronic check,54.27,2073.37,0
CUST-102140,Female,0,Yes,Yes,15,Yes,No,No,No internet service,No internet service,No internet service,No internet service,No internet service,No internet service,Month-to-month,No,Mailed check,20.11,283.79,0
CUST-105948,Male,0,Yes,No,9,Yes,No,Fiber optic,No,Yes,Yes,Yes,Yes,No,Month-to-month,Yes,Mailed check,94.95,888.66,1
CUST-103626,Male,0,Yes,Yes,2,Yes,No,Fiber optic,Yes,No,No,No,Yes,Yes,Month-to-month,No,Electronic check,96.8,184.43,0
CUST-100922,Male,0,No,No,1,Yes,Yes,Fiber optic,No,No,No,No,No,Yes,Month-to-month,Yes,Electronic check,86.52,86.42,1
CUST-102542,Male,1,No,No,5,Yes,No,Fiber optic,No,No,No,No,No,No,Month-to-month,Yes,Mailed check,71.47,370.44,0
CUST-105902,Male,0,Yes,No,29,Yes,No,Fiber optic,No,No,Yes,No,No,No,Month-to-month,Yes,Credit card (automatic),75.35,2264.54,0
CUST-105634,Female,1,No,No,14,No,No phone service,DSL,No,No,No,No,Yes,Yes,Month-to-month,Yes,Electronic check,46.25,671.25,0
CUST-104635,Male,1,Yes,No,32,Yes,Yes,Fiber optic,No,Yes,Yes,No,No,Yes,Month-to-month,Yes,Electronic check,93.77,2972.57,0
CUST-106469,Female,0,Yes,Yes,56,Yes,Yes,DSL,Yes,No,Yes,No,No,Yes,One year,Yes,Bank transfer (automatic),68.94,3806.77,0
CUST-106024,Male,0,No,No,56,Yes,No,DSL,No,Yes,No,Yes,Yes,Yes,One year,Yes,Bank transfer (automatic),75.79,4285.83,0
CUST-102233,Female,0,Yes,Yes,10,Yes,No,DSL,No,Yes,Yes,No,No,No,Month-to-month,Yes,Mailed check,55.65,550.04,0
CUST-101890,Male,0,No,No,23,Yes,No,No,No internet service,No internet service,No internet service,No internet service,No internet service,No internet service,One year,No,Mailed check,20.55,481.58,0
CUST-105292,Male,0,No,No,29,Yes,No,DSL,Yes,Yes,No,Yes,No,No,One year,Yes,Electronic check,58.64,1694.87,0
CUST-105495,Male,0,Yes,No,66,Yes,Yes,Fiber optic,Yes,No,Yes,No,Yes,Yes,Two year,Yes,Credit card (automatic),106.02,6982.22,1
CUST-103448,Female,0,Yes,No,4,No,No phone service,DSL,No,No,No,No,No,No,Month-to-month,Yes,Electronic check,25.01,101.57,0
CUST-106283,Male,0,Yes,No,61,Yes,Yes,Fiber optic,No,Yes,Yes,Yes,Yes,Yes,Month-to-month,Yes,Electronic check,113.93,7129.96,0
CUST-104053,Male,0,No,No,43,No,No phone service,DSL,No,No,Yes,Yes,No,Yes,One year,No,Electronic check,44.59,1930.26,0
CUST-103614,Male,0,No,No,20,Yes,No,DSL,No,No,No,Yes,No,No,Month-to-month,No,Mailed check,49.78,1000.76,0
CUST-100994,Female,0,No,No,62,Yes,Yes,No,No internet service,No internet service,No internet service,No internet service,No internet service,No internet service,Two year,Yes,Credit card (automatic),25.86,1561.92,0
CUST-101533,Female,0,No,No,38,Yes,Yes,DSL,No,Yes,No,Yes,No,Yes,Month-to-month,No,Credit card (automatic),67.92,2655.82,0
CUST-101949,Male,0,Yes,No,72,Yes,No,Fiber optic,No,No,Yes,No,Yes,Yes,Month-to-month,Yes,Electronic check,95.14,6749.28,0
CUST-100405,Female,0,Yes,No,64,Yes,No,No,No internet service,No internet service,No internet service,No internet service,No internet service,No internet service,Two year,No,Credit card (automatic),19.39,1208.98,0
CUST-106621,Male,0,Yes,No,6,Yes,No,Fiber optic,No,Yes,Yes,No,No,Yes,Month-to-month,Yes,Electronic check,90.79,532.52,1
CUST-103648,Female,0,Yes,Yes,23,Yes,No,Fiber optic,No,No,Yes,No,No,No,Month-to-month,Yes,Credit card (automatic),75.68,1703.98,0
CUST-101197,Male,1,Yes,No,70,Yes,Yes,DSL,Yes,Yes,Yes,Yes,Yes,Yes,Two year,Yes,Credit card (automatic),88.74,6307.72,0
CUST-106449,Male,0,Yes,Yes,71,Yes,Yes,DSL,Yes,Yes,Yes,Yes,Yes,Yes,Two year,No,Bank transfer (automatic),86.86,6262.69,0
CUST-100031,Male,0,Yes,No,57,No,No phone service,DSL,No,Yes,Yes,Yes,Yes,Yes,Two year,Yes,Bank transfer (automatic),57.56,3266.73,0
CUST-102898,Female,1,No,No,11,Yes,No,Fiber optic,No,Yes,No,No,Yes,Yes,Month-to-month,Yes,Electronic check,94.97,1120.49,1
CUST-104891,Female,0,No,Yes,16,Yes,Yes,Fiber optic,No,No,No,Yes,No,No,One year,Yes,Credit card (automatic),79.58,1265.28,0
CUST-100643,Male,0,Yes,Yes,40,Yes,Yes,Fiber optic,No,No,Yes,No,No,No,Month-to-month,Yes,Electronic check,81.21,3295.24,0
CUST-102322,Male,0,No,No,4,Yes,Yes,DSL,No,No,No,No,No,No,Month-to-month,No,Credit card (automatic),51.87,201.4,1
CUST-105210,Male,0,Yes,No,66,Yes,Yes,Fiber optic,Yes,Yes,Yes,Yes,Yes,Yes,One year,No,Bank transfer (automatic),115.82,7944.11,0
CUST-104982,Female,0,Yes,Yes,40,Yes,No,No,No internet service,No internet service,No internet service,No internet service,No internet service,No internet service,Two year,No,Bank transfer (automatic),20.07,779.67,0
CUST-103259,Female,0,Yes,No,31,Yes,No,DSL,Yes,No,No,Yes,No,Yes,One year,Yes,Electronic check,63.76,1910.64,0
CUST-101279,Female,0,No,No,38,Yes,No,No,No internet service,No internet service,No internet service,No internet service,No internet service,No internet service,Two year,No,Mailed check,20.0,740.14,0
CUST-101371,Female,0,Yes,Yes,45,Yes,Yes,Fiber optic,Yes,Yes,No,No,Yes,Yes,Month-to-month,Yes,Electronic check,105.38,4732.41,0
CUST-106126,Male,1,Yes,No,32,Yes,Yes,Fiber optic,No,No,No,No,No,No,Month-to-month,Yes,Electronic check,75.03,2303.92,1
CUST-102888,Male,0,Yes,Yes,34,No,No phone service,DSL,No,No,No,Yes,Yes,No,Two year,Yes,Electronic check,40.98,1325.56,0
CUST-105287,Male,0,No,No,1,Yes,No,DSL,No,Yes,No,No,No,No,Month-to-month,Yes,Mailed check,50.16,46.34,0
CUST-103967,Male,0,No,No,26,Yes,No,Fiber optic,No,Yes,Yes,No,Yes,No,Month-to-month,No,Electronic check,90.02,2334.27,1
CUST-100015,Male,0,No,No,66,Yes,Yes,No,No internet service,No internet service,No internet service,No internet service,No internet service,No internet service,One year,No,Bank transfer (automatic),25.23,1701.63,0
CUST-104157,Female,0,No,No,29,Yes,Yes,DSL,No,No,No,No,Yes,Yes,One year,Yes,Credit card (automatic),71.13,2079.69,0
CUST-104020,Male,1,Yes,Yes,32,Yes,No,Fiber optic,No,Yes,No,No,Yes,Yes,Month-to-month,Yes,Mailed check,94.04,2862.83,0
CUST-106671,Male,0,Yes,No,37,Yes,Yes,Fiber optic,No,No,Yes,Yes,Yes,No,Two year,No,Mailed check,94.41,3460.79,0
CUST-106248,Male,0,Yes,No,64,Yes,Yes,Fiber optic,Yes,No,Yes,Yes,Yes,Yes,One year,Yes,Mailed check,108.26,6879.05,0
CUST-104109,Female,0,No,No,41,Yes,Yes,Fiber optic,No,Yes,Yes,No,Yes,Yes,Month-to-month,Yes,Electronic check,106.64,4443.07,1
CUST-106443,Female,0,No,No,60,Yes,Yes,Fiber optic,No,Yes,Yes,No,Yes,Yes,Month-to-month,Yes,Electronic check,105.86,6394.97,1
CUST-101619,Male,1,No,No,52,No,No phone service,DSL,No,Yes,No,No,Yes,Yes,Month-to-month,Yes,Electronic check,48.85,2553.69,1
CUST-103003,Female,0,No,Yes,21,Yes,No,No,No internet service,No internet service,No internet service,No internet service,No internet service,No internet service,Month-to-month,No,Mailed check,20.88,450.3,0
CUST-101229,Female,0,Yes,No,71,Yes,Yes,DSL,Yes,Yes,Yes,Yes,Yes,Yes,Two year,No,Credit card (automatic),93.05,6504.42,0
CUST-104336,Male,0,No,No,34,Yes,No,DSL,Yes,No,Yes,No,No,No,One year,No,Mailed check,56.8,1889.64,0
CUST-104329,Male,0,No,No,48,Yes,No,No,No internet service,No internet service,No internet service,No internet service,No internet service,No internet service,Two year,No,Credit card (automatic),19.99,983.39,0
CUST-104030,Male,1,Yes,No,51,Yes,Yes,Fiber optic,Yes,No,Yes,No,Yes,No,Month-to-month,Yes,Bank transfer (automatic),93.87,4749.31,1
CUST-101045,Male,0,Yes,No,17,Yes,Yes,Fiber optic,No,Yes,No,No,No,No,Month-to-month,Yes,Bank transfer (automatic),80.28,1336.45,0
CUST-103737,Female,0,Yes,No,58,Yes,Yes,Fiber optic,Yes,Yes,No,Yes,Yes,Yes,Two year,Yes,Credit card (automatic),108.86,6395.72,0
CUST-102313,Male,1,No,No,49,Yes,Yes,DSL,Yes,Yes,Yes,Yes,No,Yes,Two year,No,Credit card (automatic),81.08,4060.1,0
CUST-101944,Male,1,Yes,No,46,Yes,Yes,Fiber optic,No,No,Yes,No,Yes,Yes,Month-to-month,Yes,Electronic check,99.14,4568.08,0
CUST-105383,Female,0,Yes,No,72,No,No phone service,DSL,Yes,Yes,Yes,Yes,Yes,Yes,Two year,No,Bank transfer (automatic),65.43,4921.51,0
CUST-100991,Male,0,No,No,51,No,No phone service,DSL,Yes,No,No,Yes,No,Yes,Month-to-month,Yes,Credit card (automatic),44.13,2179.64,0
CUST-106096,Male,0,Yes,Yes,63,Yes,Yes,DSL,Yes,Yes,Yes,Yes,Yes,Yes,Two year,Yes,Credit card (automatic),89.45,5597.12,0
CUST-100471,Female,0,No,Yes,66,Yes,Yes,Fiber optic,Yes,No,Yes,Yes,No,No,Two year,Yes,Credit card (automatic),91.03,5928.38,0
CUST-102228,Female,0,No,No,11,Yes,Yes,Fiber optic,No,No,Yes,No,Yes,No,Month-to-month,Yes,Electronic check,89.08,988.59,0
CUST-102803,Female,0,Yes,No,51,Yes,No,Fiber optic,No,No,No,No,No,No,Month-to-month,No,Mailed check,69.08,3649.43,0
CUST-106953,Male,0,No,No,39,No,No phone service,DSL,No,No,No,Yes,No,Yes,Month-to-month,Yes,Electronic check,40.68,1492.67,0
CUST-102350,Male,0,No,Yes,3,Yes,No,No,No internet service,No internet service,No internet service,No internet service,No internet service,No internet service,Month-to-month,No,Mailed check,19.9,58.38,0
CUST-102093,Female,0,No,No,59,Yes,No,Fiber optic,No,No,Yes,No,Yes,Yes,Two year,No,Electronic check,95.87,5657.03,0
CUST-105582,Male,0,No,No,2,Yes,No,Fiber optic,No,No,No,No,No,No,Month-to-month,Yes,Credit card (automatic),69.76,133.01,1
CUST-105276,Male,0,No,No,32,Yes,No,Fiber optic,Yes,Yes,Yes,No,No,Yes,Month-to-month,Yes,Credit card (automatic),93.38,2978.99,0
CUST-104684,Female,0,No,No,5,Yes,No,Fiber optic,No,No,No,Yes,No,Yes,Month-to-month,Yes,Credit card (automatic),85.63,425.56,1
CUST-100131,Male,0,Yes,No,13,No,No phone service,DSL,Yes,No,No,Yes,Yes,Yes,Month-to-month,Yes,Electronic check,54.44,707.56,1
CUST-105961,Male,0,No,No,27,Yes,No,DSL,Yes,No,No,Yes,No,No,Month-to-month,No,Mailed check,53.37,1462.2,0
CUST-102705,Female,0,No,No,6,Yes,No,Fiber optic,Yes,Yes,Yes,Yes,No,Yes,Month-to-month,Yes,Bank transfer (automatic),97.95,567.24,1
CUST-103127,Male,0,Yes,No,57,Yes,No,DSL,Yes,No,No,Yes,No,No,Month-to-month,No,Electronic check,55.8,3171.27,0
CUST-101204,Female,0,Yes,No,59,Yes,Yes,Fiber optic,Yes,Yes,Yes,Yes,No,Yes,One year,Yes,Credit card (automatic),107.25,6151.11,0
CUST-103521,Female,1,No,No,1,Yes,No,Fiber optic,No,No,No,No,No,No,Month-to-month,Yes,Electronic check,70.82,74.5,1
CUST-100487,Female,0,Yes,Yes,18,Yes,Yes,No,No internet service,No internet service,No internet service,No internet service,No internet service,No internet service,Two year,No,Mailed check,25.0,425.37,0
CUST-106851,Male,0,No,No,4,Yes,No,No,No internet service,No internet service,No internet service,No internet service,No internet service,No internet service,Month-to-month,No,Mailed check,20.55,72.03,0
CUST-103239,Female,0,No,No,9,Yes,No,Fiber optic,No,No,No,No,No,Yes,Month-to-month,Yes,Electronic check,79.51,722.61,1
CUST-100680,Male,0,Yes,No,32,Yes,Yes,Fiber optic,No,No,No,Yes,No,No,One year,Yes,Electronic check,79.02,2618.06,0
CUST-106715,Male,0,Yes,No,67,No,No phone service,DSL,Yes,Yes,No,Yes,No,Yes,Two year,Yes,Bank transfer (automatic),51.09,3519.49,0
CUST-104268,Female,1,No,No,71,Yes,Yes,Fiber optic,No,Yes,No,No,Yes,Yes,Month-to-month,Yes,Credit card (automatic),99.55,6950.66,0
CUST-102597,Male,0,No,No,20,Yes,Yes,DSL,No,Yes,No,Yes,Yes,No,One year,Yes,Electronic check,68.49,1415.46,0
CUST-105968,Female,0,No,No,60,No,No phone service,DSL,Yes,No,Yes,No,No,Yes,One year,Yes,Electronic check,44.31,2776.43,0
CUST-101860,Female,0,No,No,7,Yes,Yes,Fiber optic,Yes,No,No,No,No,No,Month-to-month,Yes,Mailed check,79.35,604.91,1
CUST-102567,Female,0,Yes,Yes,56,Yes,Yes,No,No internet service,No internet service,No internet service,No internet service,No internet service,No internet service,Two year,Yes,Credit card (automatic),25.19,1471.1,0
CUST-102142,Female,0,No,No,13,No,No phone service,DSL,No,No,No,No,No,No,Month-to-month,Yes,Electronic check,23.81,302.49,1
CUST-100239,Female,0,Yes,No,72,Yes,Yes,DSL,Yes,Yes,Yes,Yes,Yes,Yes,Two year,Yes,Bank transfer (automatic),90.71,6466.68,0
CUST-105826,Male,1,No,No,18,Yes,Yes,Fiber optic,No,No,No,No,Yes,Yes,Month-to-month,Yes,Electronic check,95.28,1752.47,1
CUST-102169,Female,0,Yes,Yes,65,Yes,Yes,Fiber optic,Yes,Yes,No,Yes,Yes,No,Two year,Yes,Credit card (automatic),99.11,6417.84,0
CUST-100768,Male,0,No,No,12,Yes,Yes,No,No internet service,No internet service,No internet service,No internet service,No internet service,No internet service,Month-to-month,No,Electronic check,24.95,317.65,0
CUST-105645,Female,1,Yes,No,65,Yes,No,Fiber optic,No,Yes,Yes,Yes,Yes,Yes,Two year,Yes,Credit card (automatic),105.76,6727.81,0
CUST-104860,Female,0,No,No,24,Yes,Yes,Fiber optic,No,No,No,Yes,No,Yes,Month-to-month,Yes,Electronic check,89.6,2257.42,0
CUST-102476,Male,0,Yes,No,10,Yes,Yes,Fiber optic,No,No,Yes,No,Yes,Yes,Month-to-month,Yes,Electronic check,98.5,1036.67,1
CUST-106640,Male,1,No,No,33,Yes,Yes,Fiber optic,No,Yes,Yes,No,No,No,Month-to-month,Yes,Credit card (automatic),83.56,2717.22,1
CUST-104887,Male,1,No,No,8,Yes,No,Fiber optic,No,No,No,No,No,No,Month-to-month,Yes,Electronic check,69.54,575.62,0
CUST-101927,Female,1,Yes,No,53,Yes,No,Fiber optic,No,Yes,Yes,Yes,Yes,No,One year,Yes,Electronic check,94.2,4871.1,0
CUST-105656,Female,1,Yes,Yes,65,Yes,Yes,Fiber optic,No,No,Yes,Yes,Yes,Yes,One year,Yes,Bank transfer (automatic),104.01,6763.71,0
CUST-101472,Male,0,Yes,Yes,71,Yes,Yes,DSL,Yes,Yes,Yes,Yes,Yes,Yes,Two year,Yes,Mailed check,91.28,6588.35,0
CUST-104957,Female,1,No,No,45,Yes,Yes,Fiber optic,Yes,Yes,No,Yes,Yes,No,Month-to-month,Yes,Electronic check,97.07,4384.02,0
CUST-102522,Male,0,No,No,24,Yes,Yes,Fiber optic,No,Yes,No,No,Yes,No,Month-to-month,Yes,Credit card (automatic),90.48,2281.38,1
CUST-102583,Male,0,No,No,12,Yes,No,No,No internet service,No internet service,No internet service,No internet service,No internet service,No internet service,One year,No,Credit card (automatic),19.69,265.9,0
CUST-105162,Male,0,No,No,20,Yes,Yes,Fiber optic,No,No,No,No,Yes,No,Month-to-month,Yes,Electronic check,85.29,1737.32,1
CUST-102781,Female,0,Yes,Yes,1,Yes,No,Fiber optic,No,No,No,No,No,No,Month-to-month,Yes,Electronic check,69.73,71.17,1
CUST-106864,Male,0,Yes,Yes,7,Yes,No,DSL,No,No,Yes,No,No,No,Month-to-month,No,Electronic check,48.82,342.07,1
CUST-105270,Male,0,Yes,No,5,Yes,No,Fiber optic,No,No,Yes,No,Yes,Yes,Month-to-month,Yes,Electronic check,94.41,497.58,1
CUST-100204,Male,0,No,No,5,Yes,Yes,Fiber optic,No,No,Yes,No,Yes,No,Month-to-month,Yes,Electronic check,92.84,451.86,1
CUST-106460,Female,0,Yes,Yes,69,Yes,No,No,No internet service,No internet service,No internet service,No internet service,No internet service,No internet service,Two year,No,Mailed check,19.36,1347.78,0
CUST-102319,Female,0,No,No,12,Yes,No,Fiber optic,Yes,No,No,Yes,Yes,Yes,Month-to-month,Yes,Bank transfer (automatic),98.79,1122.16,1
CUST-104343,Male,0,Yes,Yes,31,Yes,Yes,No,No internet service,No internet service,No internet service,No internet service,No internet service,No internet service,Two year,No,Mailed check,25.85,757.69,0
CUST-106332,Male,0,Yes,No,22,Yes,No,No,No internet service,No internet service,No internet service,No internet service,No internet service,No internet service,Month-to-month,Yes,Bank transfer (automatic),20.65,469.93,0
CUST-102691,Male,0,No,No,6,Yes,No,No,No internet service,No internet service,No internet service,No internet service,No internet service,No internet service,Month-to-month,No,Mailed check,18.88,110.03,0
CUST-100350,Female,0,Yes,No,45,Yes,Yes,No,No internet service,No internet service,No internet service,No internet service,No internet service,No internet service,Two year,No,Mailed check,25.72,1121.65,0
CUST-104472,Male,1,Yes,No,18,Yes,No,DSL,Yes,No,No,No,No,Yes,Month-to-month,Yes,Credit card (automatic),59.43,1010.6,0
CUST-102422,Female,0,No,No,2,Yes,Yes,Fiber optic,No,No,No,No,Yes,Yes,Month-to-month,Yes,Electronic check,95.18,199.59,1
CUST-106175,Male,0,No,No,31,Yes,No,Fiber optic,No,Yes,No,No,Yes,Yes,Month-to-month,Yes,Electronic check,94.02,2978.9,0
CUST-105302,Female,0,No,No,3,Yes,No,No,No internet service,No internet service,No internet service,No internet service,No internet service,No internet service,Month-to-month,No,Electronic check,19.37,60.99,0
CUST-105060,Male,0,No,No,69,No,No phone service,DSL,No,Yes,Yes,No,No,No,One year,Yes,Bank transfer (automatic),35.9,2493.33,0
CUST-100111,Female,1,Yes,No,68,Yes,Yes,Fiber optic,No,Yes,No,No,No,Yes,Month-to-month,Yes,Bank transfer (automatic),89.47,6129.97,1
CUST-105166,Female,0,No,No,15,Yes,No,No,No internet service,No internet service,No internet service,No internet service,No internet service,No internet service,Month-to-month,No,Bank transfer (automatic),19.67,295.46,1
CUST-104456,Female,0,No,No,12,Yes,No,DSL,No,Yes,No,Yes,No,No,Month-to-month,Yes,Electronic check,54.6,651.61,0
CUST-102670,Male,1,Yes,No,13,Yes,Yes,Fiber optic,Yes,Yes,No,No,No,Yes,Month-to-month,No,Credit card (automatic),93.99,1262.27,0
CUST-101548,Male,0,Yes,Yes,30,Yes,No,Fiber optic,No,Yes,Yes,No,No,No,Month-to-month,No,Bank transfer (automatic),81.94,2570.76,0
CUST-100056,Male,0,No,No,7,Yes,Yes,Fiber optic,No,No,No,No,Yes,Yes,Month-to-month,Yes,Electronic check,94.24,698.86,0
CUST-100438,Female,0,Yes,No,27,Yes,No,Fiber optic,Yes,No,No,Yes,Yes,Yes,One year,Yes,Credit card (automatic),101.97,2681.28,0
CUST-104353,Female,0,Yes,Yes,44,Yes,No,DSL,Yes,No,No,Yes,No,No,Month-to-month,No,Bank transfer (automatic),56.13,2418.53,0
CUST-104473,Male,0,No,No,54,Yes,No,No,No internet service,No internet service,No internet service,No internet service,No internet service,No internet service,Two year,No,Mailed check,19.98,1150.44,0
CUST-100475,Female,0,Yes,Yes,35,Yes,No,No,No internet service,No internet service,No internet service,No internet service,No internet service,No internet service,One year,No,Mailed check,19.76,710.0,0
CUST-106574,Female,0,No,No,48,Yes,No,Fiber optic,Yes,No,Yes,Yes,Yes,Yes,Two year,Yes,Credit card (automatic),102.33,4905.1,0
CUST-100598,Female,0,No,No,17,Yes,No,Fiber optic,No,No,No,No,No,No,Month-to-month,Yes,Electronic check,69.89,1144.41,1
CUST-102453,Male,0,No,No,2,Yes,No,No,No internet service,No internet service,No internet service,No internet service,No internet service,No internet service,Month-to-month,Yes,Credit card (automatic),19.81,33.11,0
CUST-106581,Male,0,Yes,No,71,Yes,Yes,Fiber optic,No,Yes,Yes,Yes,Yes,Yes,Two year,Yes,Credit card (automatic),108.49,7689.53,1
CUST-105992,Female,1,Yes,No,31,Yes,Yes,Fiber optic,No,No,No,No,No,Yes,Month-to-month,Yes,Electronic check,84.96,2633.47,0
CUST-101434,Male,0,Yes,No,49,Yes,No,Fiber optic,No,Yes,No,No,Yes,Yes,Two year,Yes,Electronic check,94.56,4690.4,0
CUST-103844,Female,0,Yes,Yes,57,Yes,Yes,DSL,Yes,Yes,No,Yes,No,No,Month-to-month,No,Bank transfer (automatic),65.05,3689.4,0
CUST-100848,Female,0,Yes,Yes,61,Yes,Yes,Fiber optic,Yes,Yes,Yes,No,No,Yes,One year,Yes,Credit card (automatic),100.64,6016.5,0
CUST-103480,Male,0,No,No,4,Yes,No,No,No internet service,No internet service,No internet service,No internet service,No internet service,No internet service,Month-to-month,No,Mailed check,19.47,94.14,0
CUST-105102,Female,0,Yes,No,62,Yes,No,DSL,Yes,Yes,Yes,No,Yes,No,Two year,Yes,Credit card (automatic),72.25,4280.81,0
CUST-103479,Male,0,No,Yes,3,Yes,Yes,No,No internet service,No internet service,No internet service,No internet service,No internet service,No internet service,Two year,Yes,Mailed check,26.42,121.19,0
CUST-100394,Female,0,No,No,72,Yes,Yes,Fiber optic,Yes,Yes,Yes,Yes,Yes,Yes,Two year,Yes,Credit card (automatic),112.93,8193.35,0
CUST-102204,Male,0,No,No,6,Yes,No,Fiber optic,Yes,Yes,No,No,No,No,Month-to-month,Yes,Electronic check,78.8,495.24,0
CUST-100119,Male,0,No,No,29,No,No phone service,DSL,Yes,No,No,Yes,No,No,One year,No,Mailed check,35.77,1073.64,0
CUST-103511,Female,0,Yes,Yes,14,Yes,No,No,No internet service,No internet service,No internet service,No internet service,No internet service,No internet service,One year,No,Mailed check,19.36,294.62,0
CUST-101996,Female,1,Yes,No,25,Yes,Yes,DSL,Yes,No,No,Yes,Yes,No,Month-to-month,Yes,Credit card (automatic),69.06,1756.17,0
CUST-105446,Female,0,No,No,23,Yes,No,Fiber optic,No,Yes,Yes,Yes,No,No,Month-to-month,No,Bank transfer (automatic),83.5,2031.99,0
CUST-104424,Female,0,Yes,Yes,14,Yes,Yes,DSL,No,Yes,No,Yes,Yes,Yes,Month-to-month,No,Credit card (automatic),80.59,1136.33,0
CUST-105578,Male,0,No,No,1,Yes,No,No,No internet service,No internet service,No internet service,No internet service,No internet service,No internet service,Month-to-month,No,Mailed check,20.46,19.98,1
CUST-103092,Female,0,Yes,Yes,0,No,No phone service,DSL,Yes,Yes,Yes,Yes,Yes,No,Two year,No,Credit card (automatic),56.28,,0
CUST-102895,Female,0,No,No,15,Yes,No,Fiber optic,No,No,Yes,No,Yes,Yes,Month-to-month,Yes,Credit card (automatic),94.04,1505.75,0
CUST-100367,Female,0,Yes,No,7,Yes,Yes,Fiber optic,No,No,No,No,Yes,No,Month-to-month,Yes,Electronic check,86.62,579.36,1
CUST-102388,Female,1,No,No,31,Yes,No,Fiber optic,Yes,No,No,No,No,No,Month-to-month,Yes,Credit card (automatic),73.43,2096.86,0
CUST-105071,Male,1,No,No,12,No,No phone service,DSL,No,Yes,No,No,No,No,Month-to-month,Yes,Credit card (automatic),28.86,382.23,0
CUST-100727,Female,0,No,No,8,Yes,No,No,No internet service,No internet service,No internet service,No internet service,No internet service,No internet service,One year,Yes,Mailed check,19.44,161.57,0
CUST-101880,Male,0,No,No,64,Yes,Yes,DSL,Yes,Yes,Yes,Yes,Yes,No,One year,No,Electronic check,81.57,5566.11,0
CUST-105052,Female,0,No,No,15,Yes,Yes,No,No internet service,No internet service,No internet service,No internet service,No internet service,No internet service,Month-to-month,Yes,Credit card (automatic),25.47,402.59,1
CUST-103047,Female,1,Yes,No,68,Yes,Yes,Fiber optic,Yes,Yes,No,No,No,Yes,One year,Yes,Credit card (automatic),96.45,6581.02,1
CUST-102013,Male,0,No,No,46,Yes,Yes,Fiber optic,Yes,No,No,No,Yes,No,Month-to-month,Yes,Credit card (automatic),89.22,4245.42,0
CUST-100834,Female,1,Yes,No,64,Yes,No,Fiber optic,Yes,Yes,Yes,No,No,Yes,One year,No,Bank transfer (automatic),96.88,6430.56,0
CUST-106022,Female,0,Yes,No,23,Yes,No,DSL,Yes,No,Yes,Yes,No,Yes,One year,Yes,Bank transfer (automatic),68.82,1690.02,0
CUST-102827,Female,0,No,No,3,Yes,Yes,DSL,No,No,No,Yes,Yes,No,Month-to-month,No,Electronic check,64.77,176.86,0
CUST-104515,Female,0,No,No,2,Yes,No,No,No internet service,No internet service,No internet service,No internet service,No internet service,No internet service,Month-to-month,No,Bank transfer (automatic),18.7,53.86,0
CUST-100342,Female,0,Yes,Yes,63,Yes,No,No,No internet service,No internet service,No internet service,No internet service,No internet service,No internet service,Two year,No,Credit card (automatic),20.03,1206.21,0
CUST-105609,Female,0,Yes,Yes,27,Yes,No,DSL,No,Yes,No,No,No,No,Month-to-month,No,Mailed check,49.53,1337.8,0
CUST-102697,Male,0,No,No,1,Yes,Yes,DSL,No,No,No,No,No,No,Month-to-month,Yes,Electronic check,50.08,46.63,0
CUST-103313,Male,0,No,No,31,Yes,Yes,Fiber optic,No,Yes,No,No,No,No,Month-to-month,Yes,Electronic check,80.99,2640.91,0
CUST-105901,Male,0,Yes,Yes,5,Yes,No,No,No internet service,No internet service,No internet service,No internet service,No internet service,No internet service,One year,No,Mailed check,20.11,84.36,0
CUST-100481,Female,1,No,No,45,Yes,Yes,Fiber optic,No,No,Yes,No,Yes,Yes,One year,Yes,Bank transfer (automatic),102.14,4735.9,0
CUST-103720,Male,0,No,No,62,Yes,Yes,Fiber optic,Yes,Yes,Yes,No,No,No,Month-to-month,No,Bank transfer (automatic),90.57,5585.76,0
CUST-104735,Female,0,No,No,1,No,No phone service,DSL,No,No,No,No,No,No,Month-to-month,Yes,Mailed check,25.39,22.19,1
CUST-106507,Female,0,No,No,32,Yes,Yes,DSL,Yes,No,No,No,Yes,Yes,One year,No,Mailed check,74.79,2281.11,0
CUST-104384,Male,0,No,No,53,Yes,Yes,No,No internet service,No internet service,No internet service,No internet service,No internet service,No internet service,One year,No,Bank transfer (automatic),24.36,1302.14,0
CUST-102242,Female,0,No,No,2,Yes,Yes,Fiber optic,No,No,Yes,No,Yes,No,Month-to-month,Yes,Electronic check,91.23,193.64,1
CUST-106790,Female,0,Yes,Yes,60,Yes,No,DSL,No,Yes,Yes,Yes,Yes,Yes,Two year,Yes,Bank transfer (automatic),80.7,4942.39,0
CUST-104775,Female,0,No,No,7,Yes,No,Fiber optic,No,No,No,No,Yes,No,Month-to-month,Yes,Electronic check,79.34,589.43,1
CUST-106850,Male,0,No,No,24,Yes,No,DSL,Yes,No,No,No,No,No,Month-to-month,Yes,Electronic check,50.9,1277.49,0
CUST-104393,Male,0,Yes,No,24,Yes,No,DSL,Yes,No,No,Yes,Yes,Yes,One year,No,Bank transfer (automatic),74.26,1711.7,0
CUST-104894,Female,0,No,No,32,Yes,Yes,DSL,No,Yes,No,No,No,No,Month-to-month,Yes,Electronic check,54.39,1739.14,0
CUST-103413,Female,0,Yes,Yes,12,Yes,No,No,No internet service,No internet service,No internet service,No internet service,No internet service,No internet service,Two year,No,Bank transfer (automatic),20.7,226.33,0
CUST-106246,Female,0,Yes,Yes,49,Yes,Yes,Fiber optic,No,No,No,No,Yes,Yes,Month-to-month,Yes,Electronic check,95.48,4783.31,1
CUST-103712,Female,0,Yes,Yes,57,Yes,No,No,No internet service,No internet service,No internet service,No internet service,No internet service,No internet service,Two year,Yes,Bank transfer (automatic),20.1,1090.75,0
CUST-102447,Male,0,Yes,No,53,Yes,No,Fiber optic,No,Yes,No,No,Yes,Yes,One year,Yes,Bank transfer (automatic),94.13,4865.73,1
CUST-102325,Female,0,Yes,Yes,52,Yes,Yes,No,No internet service,No internet service,No internet service,No internet service,No internet service,No internet service,Two year,Yes,Bank transfer (automatic),25.02,1268.46,0
CUST-100157,Female,0,Yes,Yes,24,Yes,No,No,No internet service,No internet service,No internet service,No internet service,No internet service,No internet service,One year,No,Mailed check,20.16,533.21,0
CUST-105241,Male,1,Yes,No,16,Yes,Yes,Fiber optic,No,No,Yes,No,Yes,Yes,Month-to-month,Yes,Electronic check,98.77,1588.02,1
CUST-102972,Male,0,Yes,No,22,Yes,No,Fiber optic,No,No,Yes,No,Yes,Yes,Month-to-month,Yes,Credit card (automatic),94.49,1914.66,1
CUST-101159,Female,0,Yes,No,4,Yes,No,DSL,Yes,Yes,No,No,No,No,Month-to-month,No,Mailed check,54.62,235.97,0
CUST-106547,Male,0,No,No,3,Yes,No,No,No internet service,No internet service,No internet service,No internet service,No internet service,No internet service,One year,No,Mailed check,20.77,53.26,0
CUST-102885,Male,0,No,No,1,Yes,No,No,No internet service,No internet service,No internet service,No internet service,No internet service,No internet service,Month-to-month,Yes,Mailed check,18.81,15.47,1
CUST-103515,Male,0,No,No,4,Yes,No,No,No internet service,No internet service,No internet service,No internet service,No internet service,No internet service,Month-to-month,Yes,Mailed check,19.97,59.02,0
CUST-106548,Female,0,No,No,16,Yes,No,DSL,No,Yes,No,Yes,No,No,Month-to-month,Yes,Mailed check,53.67,833.14,1
CUST-106712,Female,1,Yes,No,45,Yes,No,Fiber optic,No,No,Yes,No,No,Yes,Month-to-month,Yes,Electronic check,86.17,3860.58,0
CUST-103164,Female,0,Yes,No,7,Yes,No,DSL,Yes,No,Yes,Yes,Yes,Yes,Month-to-month,No,Bank transfer (automatic),81.11,579.91,0
CUST-101001,Male,1,Yes,No,72,No,No phone service,DSL,Yes,Yes,Yes,Yes,Yes,Yes,Two year,Yes,Credit card (automatic),64.51,4639.01,0
CUST-101410,Male,1,Yes,No,1,Yes,Yes,Fiber optic,No,No,No,No,Yes,Yes,Month-to-month,Yes,Electronic check,94.87,93.25,1
CUST-102631,Male,0,Yes,Yes,39,Yes,No,DSL,Yes,No,Yes,Yes,Yes,Yes,One year,No,Credit card (automatic),80.08,3181.66,1
CUST-104228,Female,0,No,No,18,Yes,No,DSL,No,No,Yes,No,No,No,Month-to-month,Yes,Mailed check,49.94,890.16,0
CUST-103013,Female,0,Yes,Yes,63,Yes,Yes,Fiber optic,Yes,Yes,Yes,No,Yes,No,Month-to-month,Yes,Electronic check,100.3,6215.27,1
CUST-105579,Male,0,Yes,No,37,Yes,Yes,DSL,Yes,No,Yes,No,Yes,Yes,One year,No,Mailed check,79.08,2911.32,0
CUST-106676,Male,0,Yes,Yes,62,Yes,No,Fiber optic,Yes,Yes,No,No,No,No,One year,Yes,Credit card (automatic),81.42,4984.79,0
CUST-106976,Female,0,Yes,Yes,23,Yes,Yes,Fiber optic,No,No,No,No,No,Yes,Month-to-month,No,Electronic check,86.11,1867.5,0
CUST-106361,Male,0,No,No,57,Yes,No,No,No internet service,No internet service,No internet service,No internet service,No internet service,No internet service,Two year,No,Mailed check,20.64,1121.05,0
CUST-103563,Male,0,Yes,No,56,Yes,Yes,Fiber optic,Yes,Yes,Yes,No,No,No,One year,Yes,Electronic check,92.87,5253.97,0
CUST-104959,Male,0,No,Yes,13,Yes,No,Fiber optic,No,No,No,No,Yes,No,Month-to-month,Yes,Credit card (automatic),78.55,1032.84,0
CUST-103900,Male,0,Yes,No,71,Yes,Yes,DSL,Yes,Yes,No,Yes,No,No,Two year,No,Bank transfer (automatic),64.99,4681.89,0
CUST-105661,Male,1,No,No,15,Yes,No,Fiber optic,No,Yes,No,No,No,No,Month-to-month,Yes,Electronic check,74.57,1073.86,1
CUST-103752,Male,0,Yes,Yes,13,Yes,No,No,No internet service,No internet service,No internet service,No internet service,No internet service,No internet service,Month-to-month,Yes,Mailed check,19.97,254.21,0
CUST-102027,Female,0,Yes,Yes,62,Yes,No,DSL,Yes,No,Yes,No,No,No,One year,No,Credit card (automatic),54.65,3425.47,0
CUST-105118,Female,0,No,No,24,Yes,No,DSL,Yes,No,No,Yes,No,No,Month-to-month,No,Credit card (automatic),56.31,1378.98,0
CUST-100032,Female,0,No,No,15,Yes,No,Fiber optic,Yes,No,No,No,Yes,No,Month-to-month,No,Electronic check,86.19,1270.23,1
CUST-100675,Male,0,No,Yes,17,Yes,No,DSL,No,Yes,Yes,Yes,Yes,Yes,One year,No,Electronic check,80.84,1446.14,0
CUST-105428,Male,0,No,No,11,No,No phone service,DSL,No,Yes,No,Yes,No,No,Month-to-month,Yes,Electronic check,35.64,425.77,0
CUST-104522,Female,0,Yes,No,24,Yes,No,DSL,No,Yes,No,No,Yes,Yes,Month-to-month,Yes,Bank transfer (automatic),69.84,1613.16,0
CUST-100881,Male,0,No,No,21,No,No phone service,DSL,No,Yes,No,Yes,No,No,Month-to-month,Yes,Mailed check,35.84,779.34,0
CUST-105796,Male,1,Yes,No,3,Yes,Yes,Fiber optic,No,No,No,No,Yes,Yes,Month-to-month,Yes,Electronic check,94.6,277.91,1
CUST-101676,Female,0,Yes,No,1,No,No phone service,DSL,No,Yes,No,No,No,No,Month-to-month,Yes,Electronic check,29.92,30.0,0
CUST-104039,Female,0,Yes,No,4,No,No phone service,DSL,Yes,No,No,No,No,No,Month-to-month,Yes,Electronic check,28.96,129.39,0
CUST-103135,Female,0,No,No,1,No,No phone service,DSL,No,No,No,No,No,No,Month-to-month,No,Electronic check,24.51,24.16,1
CUST-106041,Female,1,No,No,18,Yes,Yes,Fiber optic,No,Yes,No,Yes,No,No,Month-to-month,Yes,Electronic check,85.26,1505.01,1
CUST-100545,Female,1,Yes,Yes,57,Yes,No,Fiber optic,No,Yes,Yes,Yes,Yes,No,Month-to-month,Yes,Credit card (automatic),95.34,5569.14,0
CUST-103921,Female,0,No,No,41,Yes,No,No,No internet service,No internet service,No internet service,No internet service,No internet service,No internet service,Month-to-month,No,Electronic check,20.69,774.64,0
CUST-100659,Female,0,No,No,29,Yes,No,No,No internet service,No internet service,No internet service,No internet service,No internet service,No internet service,One year,No,Mailed check,19.76,600.19,0
CUST-106838,Male,0,No,No,18,Yes,Yes,Fiber optic,No,No,Yes,No,No,Yes,Month-to-month,Yes,Credit card (automatic),90.64,1600.09,1
CUST-106512,Male,0,No,Yes,1,Yes,No,No,No internet service,No internet service,No internet service,No internet service,No internet service,No internet service,Month-to-month,Yes,Mailed check,19.57,21.71,0
CUST-103953,Male,0,No,No,72,Yes,Yes,Fiber optic,Yes,Yes,Yes,Yes,Yes,Yes,Two year,Yes,Electronic check,118.55,8549.01,0
CUST-101422,Male,0,Yes,No,72,Yes,Yes,DSL,No,Yes,Yes,Yes,Yes,Yes,Two year,Yes,Bank transfer (automatic),85.16,6316.92,0
CUST-100354,Female,0,No,No,1,No,No phone service,DSL,No,No,No,No,Yes,No,Month-to-month,Yes,Electronic check,34.37,36.25,1
CUST-105374,Male,0,Yes,No,70,Yes,Yes,DSL,Yes,Yes,Yes,Yes,Yes,No,Two year,No,Mailed check,79.4,5539.18,0
CUST-101994,Female,0,No,Yes,8,No,No phone service,DSL,Yes,No,No,No,No,Yes,Month-to-month,Yes,Electronic check,38.78,330.2,0
CUST-104804,Male,0,Yes,Yes,44,No,No phone service,DSL,Yes,Yes,Yes,Yes,No,Yes,Two year,Yes,Credit card (automatic),54.17,2373.51,0
CUST-104033,Female,0,Yes,No,68,Yes,Yes,No,No internet service,No internet service,No internet service,No internet service,No internet service,No internet service,Two year,Yes,Credit card (automatic),24.99,1614.94,0
CUST-102298,Male,0,No,No,31,Yes,No,No,No internet service,No internet service,No internet service,No internet service,No internet service,No internet service,Two year,No,Bank transfer (automatic),20.42,610.15,0
CUST-103407,Female,0,Yes,No,71,Yes,Yes,Fiber optic,Yes,Yes,Yes,Yes,Yes,Yes,Two year,Yes,Credit card (automatic),115.04,8077.08,0
CUST-103370,Male,0,No,Yes,1,No,No phone service,DSL,No,No,No,No,No,No,Month-to-month,Yes,Electronic check,24.76,21.81,0
CUST-100019,Female,0,No,No,9,Yes,No,Fiber optic,No,No,No,No,Yes,Yes,Month-to-month,Yes,Mailed check,88.35,788.14,0
CUST-100424,Female,1,Yes,No,18,No,No phone service,DSL,No,No,Yes,No,Yes,Yes,Month-to-month,Yes,Electronic check,48.47,808.9,1
CUST-100018,Female,0,Yes,No,31,Yes,No,DSL,No,No,No,Yes,No,No,Month-to-month,Yes,Mailed check,49.08,1499.99,0
CUST-103647,Male,0,Yes,Yes,42,No,No phone service,DSL,Yes,No,Yes,Yes,Yes,No,Two year,No,Credit card (automatic),48.4,2032.4,0
CUST-106339,Male,0,No,No,33,Yes,No,DSL,No,Yes,Yes,No,Yes,No,Month-to-month,Yes,Credit card (automatic),66.12,2247.78,0
CUST-106498,Male,1,No,No,54,Yes,Yes,Fiber optic,No,Yes,No,No,No,Yes,Month-to-month,Yes,Electronic check,89.94,4929.9,0
CUST-102997,Female,0,Yes,No,2,No,No phone service,DSL,No,No,No,No,Yes,Yes,Month-to-month,No,Electronic check,44.46,98.01,1
CUST-102439,Male,0,Yes,Yes,4,Yes,No,No,No internet service,No internet service,No internet service,No internet service,No internet service,No internet service,Month-to-month,No,Mailed check,19.12,85.51,0
CUST-106330,Female,0,No,No,1,Yes,No,Fiber optic,No,No,Yes,No,Yes,Yes,Month-to-month,No,Electronic check,94.45,94.49,1
CUST-103178,Female,0,Yes,Yes,65,Yes,Yes,No,No internet service,No internet service,No internet service,No internet service,No internet service,No internet service,Two year,Yes,Bank transfer (automatic),25.52,1745.41,0
CUST-101654,Male,1,No,No,26,Yes,No,No,No internet service,No internet service,No internet service,No internet service,No internet service,No internet service,One year,No,Credit card (automatic),19.22,504.52,0
CUST-106402,Female,0,Yes,Yes,16,Yes,No,Fiber optic,No,Yes,Yes,No,Yes,No,Month-to-month,Yes,Credit card (automatic),89.68,1430.8,1
CUST-105898,Male,0,No,No,7,Yes,No,No,No internet service,No internet service,No internet service,No internet service,No internet service,No internet service,Month-to-month,Yes,Mailed check,19.77,148.2,0
CUST-104954,Female,1,No,No,26,Yes,Yes,Fiber optic,Yes,Yes,No,No,No,Yes,Month-to-month,Yes,Electronic check,94.72,2499.92,1
CUST-101712,Male,0,No,No,1,No,No phone service,DSL,No,No,No,No,No,No,Month-to-month,No,Mailed check,24.34,22.85,0
CUST-106007,Male,0,Yes,Yes,54,No,No phone service,DSL,No,No,Yes,Yes,No,Yes,Two year,No,Credit card (automatic),46.25,2422.16,0
CUST-105853,Female,0,No,No,11,Yes,No,DSL,Yes,No,Yes,No,No,Yes,Month-to-month,No,Bank transfer (automatic),64.2,733.89,0
CUST-106203,Female,0,No,No,10,Yes,No,No,No internet service,No internet service,No internet service,No internet service,No internet service,No internet service,Month-to-month,Yes,Mailed check,21.07,247.8,0
CUST-105597,Male,0,Yes,Yes,60,Yes,No,Fiber optic,No,Yes,Yes,No,Yes,No,One year,No,Electronic check,91.07,5453.53,1
CUST-101508,Male,0,No,No,2,Yes,No,Fiber optic,No,No,No,No,No,No,Month-to-month,Yes,Electronic check,67.63,113.83,1
CUST-100542,Female,0,Yes,Yes,22,Yes,No,Fiber optic,No,No,No,No,No,Yes,Month-to-month,Yes,Electronic check,80.05,1791.02,0
CUST-100842,Female,0,No,No,8,Yes,Yes,Fiber optic,No,No,No,No,Yes,No,Month-to-month,Yes,Electronic check,86.97,761.32,1
CUST-102386,Female,0,Yes,Yes,30,Yes,No,No,No internet service,No internet service,No internet service,No internet service,No internet service,No internet service,Two year,No,Mailed check,19.77,597.25,0
CUST-103045,Male,1,No,No,49,Yes,Yes,Fiber optic,No,No,No,No,Yes,Yes,Month-to-month,Yes,Electronic check,96.2,4719.39,1
CUST-103057,Female,0,No,No,4,Yes,Yes,DSL,No,No,No,No,No,No,Month-to-month,No,Electronic check,50.65,212.69,0
CUST-102005,Male,0,Yes,Yes,24,Yes,No,No,No internet service,No internet service,No internet service,No internet service,No internet service,No internet service,One year,Yes,Credit card (automatic),20.57,470.79,0
CUST-103535,Male,0,Yes,Yes,36,Yes,No,No,No internet service,No internet service,No internet service,No internet service,No internet service,No internet service,Two year,No,Credit card (automatic),19.54,754.17,0
CUST-100093,Female,0,No,No,23,Yes,No,Fiber optic,Yes,No,No,No,No,No,Month-to-month,Yes,Bank transfer (automatic),74.91,1776.83,0
CUST-105858,Female,0,Yes,Yes,12,No,No phone service,DSL,No,Yes,No,No,No,No,Month-to-month,No,Mailed check,29.23,310.47,1
CUST-101792,Male,0,Yes,Yes,51,Yes,Yes,No,No internet service,No internet service,No internet service,No internet service,No internet service,No internet service,Two year,Yes,Mailed check,25.16,1225.71,0
CUST-104840,Female,0,Yes,No,67,Yes,Yes,Fiber optic,No,Yes,Yes,No,Yes,Yes,One year,Yes,Bank transfer (automatic),105.84,6814.43,0
CUST-106216,Female,0,No,Yes,8,Yes,No,No,No internet service,No internet service,No internet service,No internet service,No internet service,No internet service,Month-to-month,No,Mailed check,20.28,165.42,0
CUST-100375,Female,0,No,No,1,Yes,No,DSL,No,No,No,No,Yes,No,Month-to-month,Yes,Credit card (automatic),55.33,55.71,1
CUST-101189,Male,0,Yes,No,51,No,No phone service,DSL,No,Yes,No,No,No,No,Month-to-month,Yes,Credit card (automatic),30.29,1530.99,0
CUST-102843,Male,0,Yes,Yes,56,No,No phone service,DSL,No,Yes,Yes,No,No,No,One year,Yes,Credit card (automatic),36.14,1972.67,0
CUST-102193,Male,0,Yes,No,43,Yes,No,Fiber optic,Yes,No,Yes,Yes,No,No,One year,Yes,Bank transfer (automatic),84.11,3539.47,0
CUST-106435,Male,0,Yes,No,38,Yes,No,Fiber optic,Yes,Yes,No,No,No,No,Month-to-month,Yes,Electronic check,79.14,3011.47,1
CUST-105191,Male,0,Yes,Yes,68,Yes,Yes,Fiber optic,Yes,Yes,No,No,No,No,One year,Yes,Bank transfer (automatic),85.68,5697.32,0
CUST-100176,Male,0,No,Yes,21,Yes,No,No,No internet service,No internet service,No internet service,No internet service,No internet service,No internet service,Two year,No,Mailed check,19.7,397.67,0
CUST-100253,Female,0,No,No,32,Yes,Yes,Fiber optic,No,No,Yes,No,Yes,Yes,Month-to-month,Yes,Electronic check,101.32,3333.21,0
CUST-101088,Male,0,No,No,10,Yes,No,Fiber optic,Yes,No,Yes,No,Yes,Yes,One year,Yes,Electronic check,98.87,1064.96,0
CUST-101768,Male,0,No,No,1,Yes,No,No,No internet service,No internet service,No internet service,No internet service,No internet service,No internet service,Month-to-month,No,Mailed check,20.08,18.63,0
CUST-101956,Female,0,No,No,68,Yes,No,No,No internet service,No internet service,No internet service,No internet service,No internet service,No internet service,Two year,No,Bank transfer (automatic),20.12,1389.6,0
CUST-101070,Female,1,No,No,1,Yes,No,Fiber optic,No,No,No,No,No,No,Month-to-month,Yes,Electronic check,70.61,68.97,1
CUST-105307,Male,0,No,No,22,Yes,Yes,Fiber optic,No,No,No,No,Yes,Yes,Month-to-month,Yes,Credit card (automatic),94.37,2104.11,1
CUST-105012,Female,0,No,No,1,Yes,No,No,No internet service,No internet service,No internet service,No internet service,No internet service,No internet service,Month-to-month,No,Mailed check,20.95,19.76,1
CUST-102563,Female,0,Yes,Yes,49,Yes,Yes,Fiber optic,No,Yes,Yes,Yes,Yes,Yes,Two year,Yes,Bank transfer (automatic),108.04,5292.51,1
CUST-102847,Female,0,No,No,1,Yes,Yes,DSL,No,No,No,No,No,No,Month-to-month,Yes,Mailed check,50.21,49.46,1
CUST-103201,Female,0,No,No,6,Yes,No,No,No internet service,No internet service,No internet service,No internet service,No internet service,No internet service,Month-to-month,No,Credit card (automatic),19.58,130.19,0
CUST-102602,Male,0,Yes,Yes,13,Yes,No,Fiber optic,No,No,Yes,No,Yes,Yes,Month-to-month,No,Electronic check,96.91,1334.65,0
CUST-103041,Male,0,Yes,No,71,Yes,No,DSL,Yes,Yes,Yes,Yes,Yes,Yes,Two year,Yes,Bank transfer (automatic),85.73,6046.65,0
CUST-103879,Male,0,Yes,Yes,31,Yes,Yes,DSL,No,No,No,No,No,Yes,Month-to-month,No,Bank transfer (automatic),59.4,1826.06,0
CUST-102412,Male,1,No,No,38,Yes,Yes,Fiber optic,No,No,No,No,Yes,Yes,Month-to-month,No,Electronic check,94.98,3652.17,0
CUST-103736,Male,0,No,No,2,Yes,No,DSL,No,No,No,No,No,No,Month-to-month,No,Mailed check,45.86,80.71,1
CUST-101274,Female,0,No,No,15,Yes,Yes,DSL,No,No,No,No,No,No,Month-to-month,Yes,Mailed check,48.58,722.08,0
CUST-105919,Female,0,Yes,Yes,67,No,No phone service,DSL,Yes,Yes,Yes,Yes,Yes,No,Two year,No,Credit card (automatic),53.76,3623.23,0
CUST-101398,Male,0,Yes,Yes,61,Yes,Yes,DSL,No,No,Yes,Yes,Yes,Yes,Two year,Yes,Bank transfer (automatic),81.07,4976.74,0
CUST-101365,Female,0,No,No,41,Yes,Yes,DSL,No,No,Yes,Yes,No,Yes,One year,Yes,Electronic check,68.8,2877.64,0
CUST-102285,Female,1,No,No,26,Yes,No,Fiber optic,No,No,No,No,No,Yes,Month-to-month,Yes,Electronic check,78.72,2005.31,0
CUST-100102,Female,1,No,No,7,Yes,No,Fiber optic,No,No,No,No,Yes,Yes,Month-to-month,Yes,Electronic check,89.45,576.79,0
CUST-104238,Male,0,No,Yes,8,No,No phone service,DSL,Yes,No,No,Yes,No,Yes,Two year,Yes,Mailed check,44.44,340.88,0
CUST-105044,Female,0,Yes,Yes,58,Yes,Yes,DSL,Yes,No,Yes,Yes,Yes,No,Two year,No,Mailed check,75.92,4415.99,0
CUST-105530,Female,0,Yes,Yes,72,Yes,Yes,No,No internet service,No internet service,No internet service,No internet service,No internet service,No internet service,Two year,No,Credit card (automatic),24.22,1784.83,0
CUST-102342,Female,0,No,No,4,No,No phone service,DSL,Yes,No,Yes,Yes,No,Yes,Month-to-month,No,Mailed check,48.32,200.35,0
CUST-103983,Male,0,No,No,32,Yes,Yes,Fiber optic,Yes,No,No,Yes,No,No,Month-to-month,No,Bank transfer (automatic),87.59,2766.88,0
CUST-106970,Female,0,Yes,Yes,71,Yes,Yes,Fiber optic,Yes,Yes,Yes,No,Yes,Yes,Two year,Yes,Bank transfer (automatic),109.15,7662.22,0
CUST-100877,Female,0,Yes,Yes,30,Yes,No,DSL,No,Yes,Yes,Yes,Yes,Yes,Two year,No,Bank transfer (automatic),80.87,2371.22,0
CUST-105464,Female,0,No,No,41,Yes,Yes,Fiber optic,Yes,Yes,Yes,Yes,Yes,No,Month-to-month,Yes,Electronic check,106.12,4283.41,0
CUST-102891,Male,0,No,No,26,Yes,No,No,No internet service,No internet service,No internet service,No internet service,No internet service,No internet service,One year,No,Credit card (automatic),19.92,457.26,0
CUST-106567,Female,0,Yes,Yes,66,Yes,Yes,Fiber optic,No,Yes,Yes,No,Yes,Yes,One year,Yes,Credit card (automatic),102.36,6616.01,1
CUST-106028,Female,0,No,No,45,Yes,Yes,Fiber optic,Yes,Yes,Yes,Yes,Yes,Yes,Month-to-month,Yes,Electronic check,115.72,5126.63,0
CUST-105590,Female,0,No,No,2,Yes,No,Fiber optic,No,No,No,No,No,No,Month-to-month,Yes,Electronic check,70.76,153.9,1
CUST-106119,Female,0,No,No,48,Yes,Yes,Fiber optic,No,No,Yes,Yes,Yes,Yes,Month-to-month,Yes,Electronic check,104.03,4948.94,0
CUST-100022,Male,0,Yes,Yes,72,Yes,Yes,DSL,Yes,No,No,No,No,No,Two year,No,Bank transfer (automatic),55.27,3983.5,0
CUST-102650,Female,0,No,No,14,Yes,No,DSL,Yes,No,No,No,No,No,Month-to-month,No,Bank transfer (automatic),50.37,707.33,0
CUST-104386,Male,0,Yes,Yes,29,Yes,No,DSL,No,No,Yes,Yes,Yes,Yes,Two year,No,Mailed check,75.58,2052.32,0
CUST-105854,Male,1,No,No,19,Yes,Yes,Fiber optic,No,Yes,No,No,Yes,No,Month-to-month,Yes,Electronic check,88.36,1775.26,1
CUST-106280,Male,1,No,No,57,Yes,Yes,Fiber optic,Yes,No,No,Yes,No,Yes,Two year,No,Electronic check,93.62,5627.64,0
CUST-101006,Female,1,Yes,No,33,Yes,Yes,Fiber optic,No,Yes,No,No,No,No,Month-to-month,Yes,Bank transfer (automatic),80.9,2656.15,1
CUST-101151,Male,1,No,No,45,Yes,No,DSL,Yes,No,Yes,No,No,Yes,One year,No,Credit card (automatic),63.02,2791.21,1
CUST-104587,Female,1,Yes,No,11,Yes,Yes,Fiber optic,No,No,Yes,Yes,Yes,Yes,Month-to-month,Yes,Bank transfer (automatic),104.02,1134.16,1
CUST-106679,Female,0,Yes,No,71,Yes,No,No,No internet service,No internet service,No internet service,No internet service,No internet service,No internet service,Two year,Yes,Bank transfer (automatic),20.99,1490.69,0
CUST-105776,Female,0,Yes,No,34,Yes,Yes,No,No internet service,No internet service,No internet service,No internet service,No internet service,No internet service,Month-to-month,No,Electronic check,24.9,779.15,0
CUST-105364,Male,0,No,Yes,40,Yes,No,DSL,Yes,Yes,No,No,No,No,Month-to-month,Yes,Mailed check,55.07,2138.71,1
CUST-105922,Male,1,Yes,No,10,Yes,No,Fiber optic,No,Yes,Yes,Yes,Yes,No,Month-to-month,Yes,Mailed check,92.27,934.75,1
CUST-103513,Female,1,Yes,No,59,Yes,Yes,Fiber optic,Yes,Yes,Yes,Yes,No,No,One year,Yes,Electronic check,93.81,5482.95,0
CUST-101554,Male,0,No,No,40,No,No phone service,DSL,No,Yes,No,Yes,No,No,One year,No,Credit card (automatic),35.72,1383.02,0
CUST-101033,Female,0,Yes,No,2,Yes,No,No,No internet service,No internet service,No internet service,No internet service,No internet service,No internet service,Month-to-month,No,Bank transfer (automatic),19.76,51.38,0
CUST-103807,Female,0,No,Yes,10,No,No phone service,DSL,Yes,Yes,No,Yes,No,No,One year,No,Mailed check,40.31,412.61,0
CUST-106110,Male,0,Yes,No,54,Yes,Yes,Fiber optic,Yes,Yes,Yes,No,Yes,Yes,Month-to-month,No,Electronic check,109.25,6120.27,0
CUST-100045,Male,0,No,No,4,Yes,Yes,DSL,No,No,No,Yes,No,Yes,Month-to-month,No,Mailed check,65.36,236.75,0
CUST-100442,Male,1,No,No,27,Yes,Yes,Fiber optic,No,Yes,No,No,No,No,Month-to-month,Yes,Electronic check,81.49,2124.23,1
CUST-104570,Male,0,No,No,63,Yes,No,Fiber optic,Yes,Yes,Yes,Yes,Yes,Yes,Two year,No,Credit card (automatic),109.12,7051.36,0
CUST-103576,Female,0,No,No,1,Yes,No,Fiber optic,No,No,No,No,Yes,No,Month-to-month,Yes,Electronic check,80.09,77.79,1
CUST-102559,Female,0,No,No,16,Yes,No,Fiber optic,No,Yes,No,No,No,Yes,Month-to-month,Yes,Electronic check,86.31,1341.48,0
CUST-100443,Female,0,No,No,63,Yes,Yes,No,No internet service,No internet service,No internet service,No internet service,No internet service,No internet service,Two year,No,Mailed check,24.39,1617.04,0
CUST-100306,Female,0,Yes,No,1,No,No phone service,DSL,No,No,No,No,No,No,Month-to-month,Yes,Electronic check,24.58,25.06,1
CUST-105197,Male,0,Yes,Yes,66,Yes,No,No,No internet service,No internet service,No internet service,No internet service,No internet service,No internet service,Two year,No,Credit card (automatic),19.78,1376.7,0
CUST-106844,Female,1,No,No,41,Yes,Yes,Fiber optic,No,Yes,Yes,No,Yes,Yes,Month-to-month,Yes,Electronic check,104.26,4133.59,0
CUST-103379,Male,0,Yes,Yes,36,Yes,No,DSL,Yes,Yes,No,No,No,No,One year,No,Mailed check,53.39,1940.54,0
CUST-104969,Female,0,Yes,No,70,Yes,Yes,Fiber optic,No,Yes,Yes,Yes,Yes,Yes,One year,Yes,Electronic check,109.35,7673.69,1
CUST-103394,Male,0,No,No,10,Yes,No,Fiber optic,Yes,Yes,Yes,Yes,Yes,Yes,Month-to-month,Yes,Electronic check,109.92,1043.86,1
CUST-103481,Male,0,Yes,Yes,47,Yes,Yes,Fiber optic,Yes,Yes,Yes,Yes,Yes,Yes,One year,Yes,Bank transfer (automatic),113.59,5319.07,0
CUST-105885,Male,0,Yes,No,23,Yes,Yes,Fiber optic,No,Yes,Yes,No,No,No,Month-to-month,No,Electronic check,84.22,1966.31,0
CUST-103032,Male,0,Yes,Yes,2,Yes,Yes,DSL,Yes,No,No,No,No,No,Month-to-month,No,Mailed check,56.38,112.17,1
CUST-107018,Male,0,Yes,Yes,46,Yes,No,DSL,Yes,No,Yes,Yes,Yes,Yes,Two year,No,Mailed check,80.95,3843.98,0
CUST-106709,Female,0,Yes,No,49,No,No phone service,DSL,Yes,No,No,No,Yes,No,Month-to-month,No,Bank transfer (automatic),40.67,2070.03,0
CUST-104593,Female,0,Yes,Yes,72,Yes,No,Fiber optic,Yes,Yes,Yes,Yes,Yes,Yes,Two year,Yes,Bank transfer (automatic),108.43,7680.16,0
CUST-102950,Female,0,No,No,3,Yes,Yes,Fiber optic,No,No,No,No,No,No,Month-to-month,No,Electronic check,75.16,240.19,1
CUST-100261,Female,0,No,No,9,Yes,No,DSL,Yes,Yes,No,No,Yes,Yes,Month-to-month,Yes,Electronic check,74.44,703.29,1
CUST-102714,Male,0,No,No,24,Yes,No,DSL,No,No,No,Yes,No,No,Month-to-month,Yes,Credit card (automatic),51.27,1267.27,0
CUST-103451,Male,0,Yes,No,71,Yes,Yes,Fiber optic,No,Yes,Yes,Yes,Yes,Yes,One year,Yes,Bank transfer (automatic),112.81,7953.66,0
CUST-102976,Male,0,No,Yes,13,Yes,No,DSL,No,No,No,No,No,No,Month-to-month,No,Mailed check,44.15,659.6,0
CUST-103895,Male,0,No,No,26,Yes,Yes,Fiber optic,No,No,No,No,No,Yes,Month-to-month,Yes,Electronic check,84.03,2252.25,1
CUST-101319,Male,0,Yes,No,1,Yes,No,Fiber optic,No,No,No,No,No,No,Month-to-month,No,Electronic check,69.82,71.47,1
CUST-101453,Female,1,Yes,No,27,Yes,No,Fiber optic,Yes,No,Yes,No,Yes,Yes,Month-to-month,Yes,Electronic check,101.24,2755.63,1
CUST-106161,Male,0,No,No,2,Yes,No,DSL,No,No,No,No,No,No,Month-to-month,Yes,Credit card (automatic),45.97,83.62,1
CUST-100588,Male,0,Yes,Yes,49,Yes,Yes,Fiber optic,No,Yes,Yes,No,Yes,No,One year,Yes,Electronic check,93.44,4520.56,0
CUST-105433,Male,0,No,No,68,Yes,Yes,No,No internet service,No internet service,No internet service,No internet service,No internet service,No internet service,Two year,No,Mailed check,24.19,1659.44,0
CUST-100852,Male,0,No,No,16,Yes,No,No,No internet service,No internet service,No internet service,No internet service,No internet service,No internet service,Month-to-month,No,Bank transfer (automatic),20.26,325.71,1
CUST-104638,Female,0,Yes,Yes,30,Yes,Yes,Fiber optic,No,Yes,Yes,Yes,Yes,Yes,Month-to-month,Yes,Electronic check,107.41,3242.29,0
CUST-107012,Female,0,Yes,No,9,Yes,No,Fiber optic,No,No,Yes,No,No,No,Month-to-month,Yes,Bank transfer (automatic),75.92,657.19,1
CUST-105269,Male,0,Yes,No,29,No,No phone service,DSL,No,No,No,No,Yes,Yes,Month-to-month,Yes,Electronic check,46.23,1333.97,0
CUST-101823,Female,0,Yes,No,47,Yes,No,Fiber optic,No,No,Yes,No,No,Yes,Month-to-month,Yes,Electronic check,85.5,4045.49,1
CUST-100567,Male,0,No,No,13,Yes,Yes,Fiber optic,Yes,No,No,No,Yes,Yes,Month-to-month,No,Mailed check,98.01,1229.7,1
CUST-105232,Male,0,No,No,27,Yes,No,No,No internet service,No internet service,No internet service,No internet service,No internet service,No internet service,One year,No,Mailed check,20.58,594.95,0
CUST-103444,Female,1,No,No,18,Yes,No,Fiber optic,No,No,Yes,No,No,Yes,Month-to-month,Yes,Electronic check,84.77,1442.15,0
CUST-106401,Male,0,No,No,9,No,No phone service,DSL,No,No,No,No,No,No,Month-to-month,Yes,Electronic check,25.12,188.92,0
CUST-104322,Male,0,No,No,10,Yes,No,No,No internet service,No internet service,No internet service,No internet service,No internet service,No internet service,Month-to-month,Yes,Credit card (automatic),19.92,198.14,0
CUST-104881,Male,0,Yes,Yes,37,No,No phone service,DSL,Yes,No,Yes,Yes,No,No,One year,Yes,Electronic check,40.17,1523.68,0
CUST-105877,Female,0,No,No,2,Yes,No,DSL,Yes,No,No,No,Yes,Yes,Month-to-month,Yes,Electronic check,70.84,147.66,1
CUST-106389,Female,1,No,No,2,Yes,No,Fiber optic,No,No,No,No,No,No,Month-to-month,Yes,Bank transfer (automatic),70.29,114.43,1
CUST-101742,Male,0,Yes,Yes,45,Yes,No,No,No internet service,No internet service,No internet service,No internet service,No internet service,No internet service,Two year,No,Mailed check,20.29,927.65,0
CUST-102258,Female,0,Yes,Yes,22,Yes,No,No,No internet service,No internet service,No internet service,No internet service,No internet service,No internet service,Month-to-month,No,Bank transfer (automatic),19.4,453.11,0
CUST-106002,Female,0,No,No,13,No,No phone service,DSL,Yes,No,No,No,No,No,Month-to-month,Yes,Bank transfer (automatic),30.78,394.52,0
CUST-104199,Male,0,No,Yes,11,Yes,Yes,Fiber optic,No,No,No,No,No,Yes,Month-to-month,No,Electronic check,86.15,892.61,0
CUST-103819,Male,1,Yes,No,1,No,No phone service,DSL,No,Yes,No,No,Yes,No,Month-to-month,No,Electronic check,40.23,40.76,1
CUST-105384,Male,0,Yes,No,9,Yes,Yes,DSL,No,Yes,Yes,No,No,Yes,Month-to-month,Yes,Credit card (automatic),68.81,651.16,0
CUST-103555,Female,0,No,Yes,18,Yes,Yes,DSL,Yes,No,No,No,No,Yes,Month-to-month,No,Electronic check,64.94,1167.21,0
CUST-105203,Female,0,Yes,Yes,51,Yes,Yes,Fiber optic,No,No,No,Yes,No,No,Month-to-month,Yes,Electronic check,81.14,4120.16,0
CUST-106834,Male,0,Yes,Yes,5,Yes,Yes,No,No internet service,No internet service,No internet service,No internet service,No internet service,No internet service,Month-to-month,Yes,Bank transfer (automatic),25.91,131.99,1
CUST-105280,Male,0,No,No,1,Yes,No,DSL,Yes,No,No,Yes,No,No,Month-to-month,Yes,Electronic check,54.0,50.39,1
CUST-101904,Female,0,Yes,No,55,Yes,Yes,Fiber optic,Yes,No,No,No,Yes,No,Month-to-month,Yes,Bank transfer (automatic),89.82,4959.18,0
CUST-106868,Male,0,Yes,No,14,Yes,No,DSL,No,No,No,No,No,No,One year,No,Electronic check,44.73,639.37,0
CUST-103054,Female,0,No,No,27,Yes,No,Fiber optic,No,No,Yes,Yes,No,Yes,Month-to-month,Yes,Electronic check,89.23,2382.97,0
CUST-100387,Male,1,Yes,No,64,Yes,Yes,No,No internet service,No internet service,No internet service,No internet service,No internet service,No internet service,Two year,No,Credit card (automatic),25.59,1743.09,0
CUST-106282,Male,0,Yes,No,65,Yes,No,No,No internet service,No internet service,No internet service,No internet service,No internet service,No internet service,Two year,Yes,Credit card (automatic),20.69,1414.73,0
CUST-103196,Female,0,Yes,No,16,Yes,Yes,Fiber optic,No,Yes,No,No,Yes,Yes,Month-to-month,Yes,Electronic check,99.64,1531.68,1
CUST-104733,Male,0,No,No,52,Yes,No,DSL,Yes,Yes,No,No,Yes,No,Two year,Yes,Credit card (automatic),63.28,3343.38,0
CUST-104925,Female,0,Yes,Yes,32,Yes,Yes,DSL,No,Yes,Yes,No,No,No,Month-to-month,No,Bank transfer (automatic),62.61,2044.39,0
CUST-103114,Male,0,No,No,2,Yes,No,Fiber optic,No,No,Yes,No,Yes,Yes,Month-to-month,Yes,Electronic check,95.77,197.7,1
CUST-104832,Female,0,No,Yes,34,Yes,Yes,Fiber optic,Yes,Yes,Yes,Yes,Yes,Yes,Two year,Yes,Credit card (automatic),116.18,3946.71,0
CUST-104133,Male,0,No,Yes,6,Yes,No,No,No internet service,No internet service,No internet service,No internet service,No internet service,No internet service,Month-to-month,No,Mailed check,19.49,99.65,0
CUST-105685,Female,0,No,No,54,Yes,Yes,Fiber optic,Yes,No,Yes,No,Yes,Yes,One year,Yes,Bank transfer (automatic),103.91,5638.55,1
CUST-103048,Male,0,Yes,Yes,7,No,No phone service,DSL,Yes,No,Yes,Yes,No,Yes,Two year,No,Credit card (automatic),49.66,303.81,0
CUST-103605,Female,1,Yes,No,52,Yes,Yes,Fiber optic,No,Yes,Yes,No,Yes,Yes,One year,Yes,Electronic check,106.47,5622.1,0
CUST-105262,Female,0,Yes,No,20,No,No phone service,DSL,No,No,No,No,No,No,Month-to-month,Yes,Electronic check,24.22,483.31,1
CUST-101711,Male,1,Yes,Yes,71,Yes,Yes,DSL,No,Yes,Yes,Yes,No,Yes,One year,Yes,Bank transfer (automatic),73.1,5140.58,0
CUST-100600,Female,0,Yes,Yes,7,Yes,No,DSL,Yes,Yes,Yes,No,Yes,No,One year,No,Electronic check,69.26,477.22,0
CUST-104356,Male,0,Yes,No,5,No,No phone service,DSL,No,No,No,No,No,No,Month-to-month,Yes,Electronic check,24.86,99.24,1
CUST-101486,Female,0,No,No,2,No,No phone service,DSL,No,No,No,No,No,Yes,Month-to-month,Yes,Electronic check,34.71,63.54,1
CUST-100971,Female,0,Yes,Yes,45,Yes,No,No,No internet service,No internet service,No internet service,No internet service,No internet service,No internet service,Two year,No,Mailed check,20.79,892.44,0
CUST-103072,Female,1,No,No,2,No,No phone service,DSL,No,No,Yes,No,No,No,Month-to-month,Yes,Electronic check,30.39,76.47,1
CUST-101160,Female,0,No,No,47,No,No phone service,DSL,Yes,Yes,No,Yes,No,No,One year,No,Credit card (automatic),39.59,1796.13,0
CUST-101625,Female,0,No,No,61,Yes,Yes,Fiber optic,No,No,Yes,Yes,Yes,Yes,Two year,Yes,Electronic check,106.57,6428.68,1
CUST-105749,Female,0,No,No,71,Yes,Yes,Fiber optic,Yes,Yes,Yes,Yes,Yes,Yes,Two year,Yes,Electronic check,118.88,8478.5,0
CUST-106625,Male,0,No,No,2,Yes,No,Fiber optic,No,No,No,No,Yes,No,Month-to-month,No,Electronic check,79.31,144.46,1
CUST-102283,Female,0,No,No,2,Yes,No,Fiber optic,No,No,No,No,No,No,Month-to-month,Yes,Electronic check,69.86,135.81,0
CUST-103525,Male,0,No,No,2,Yes,No,DSL,Yes,No,No,No,No,No,Month-to-month,Yes,Electronic check,47.57,93.92,1
CUST-102971,Male,1,No,No,43,Yes,Yes,Fiber optic,No,No,No,No,Yes,No,Month-to-month,Yes,Electronic check,84.73,3643.47,0
CUST-102364,Male,1,No,No,72,Yes,Yes,No,No internet service,No internet service,No internet service,No internet service,No internet service,No internet service,Two year,Yes,Credit card (automatic),24.93,1789.18,0
CUST-105537,Female,0,Yes,No,65,Yes,Yes,Fiber optic,No,Yes,Yes,Yes,Yes,Yes,Two year,Yes,Bank transfer (automatic),107.66,7083.02,0
CUST-105009,Female,0,Yes,Yes,4,Yes,No,Fiber optic,No,No,No,No,Yes,No,Month-to-month,Yes,Mailed check,78.71,296.25,0
CUST-101669,Male,0,No,No,13,Yes,No,Fiber optic,Yes,No,No,No,No,No,Month-to-month,Yes,Credit card (automatic),73.66,957.66,0
CUST-102304,Male,0,No,No,1,Yes,No,No,No internet service,No internet service,No internet service,No internet service,No internet service,No internet service,Month-to-month,No,Mailed check,20.27,19.88,1
CUST-100229,Female,0,Yes,No,17,No,No phone service,DSL,No,Yes,Yes,No,No,No,Month-to-month,Yes,Credit card (automatic),35.65,646.74,0
CUST-104966,Male,0,Yes,Yes,50,No,No phone service,DSL,Yes,No,No,No,Yes,No,Month-to-month,Yes,Credit card (automatic),39.57,2020.31,0
CUST-103656,Male,0,Yes,No,52,Yes,Yes,DSL,Yes,Yes,Yes,Yes,No,Yes,One year,Yes,Credit card (automatic),81.47,4354.18,0
CUST-101526,Female,0,Yes,No,55,Yes,Yes,DSL,Yes,Yes,No,Yes,No,No,One year,Yes,Credit card (automatic),66.11,3462.28,0
CUST-102676,Female,1,No,No,8,Yes,Yes,Fiber optic,No,No,No,Yes,Yes,Yes,Month-to-month,Yes,Credit card (automatic),100.21,909.34,0
CUST-102515,Male,0,Yes,No,60,Yes,Yes,No,No internet service,No internet service,No internet service,No internet service,No internet service,No internet service,One year,No,Bank transfer (automatic),24.1,1506.94,0
CUST-103487,Male,0,Yes,No,49,Yes,No,Fiber optic,No,No,Yes,Yes,Yes,Yes,One year,Yes,Credit card (automatic),99.37,4920.59,0
CUST-105205,Male,0,No,No,39,Yes,Yes,DSL,No,No,No,Yes,No,No,Two year,Yes,Credit card (automatic),53.58,2200.48,0
CUST-100122,Female,0,No,No,35,No,No phone service,DSL,No,No,No,No,No,No,Month-to-month,No,Electronic check,24.01,812.48,0
CUST-106729,Female,0,No,No,8,Yes,No,Fiber optic,No,No,No,No,Yes,No,Month-to-month,Yes,Bank transfer (automatic),80.12,680.16,1
CUST-100685,Female,0,No,No,3,Yes,No,Fiber optic,No,No,Yes,No,No,No,Month-to-month,Yes,Mailed check,74.86,239.75,0
CUST-100055,Male,0,Yes,No,1,No,No phone service,DSL,No,No,Yes,No,Yes,Yes,Month-to-month,Yes,Electronic check,50.28,52.76,1
CUST-103962,Female,1,Yes,No,62,Yes,No,DSL,Yes,No,Yes,Yes,Yes,Yes,Two year,Yes,Credit card (automatic),79.87,4823.67,0
CUST-102982,Male,0,Yes,Yes,36,Yes,No,DSL,Yes,No,Yes,No,No,Yes,One year,Yes,Credit card (automatic),63.79,2188.22,0
CUST-103231,Female,0,Yes,No,3,Yes,No,No,No internet service,No internet service,No internet service,No internet service,No internet service,No internet service,Month-to-month,No,Mailed check,20.69,71.37,0
CUST-105163,Male,0,No,No,49,Yes,Yes,Fiber optic,No,Yes,No,Yes,Yes,Yes,One year,Yes,Bank transfer (automatic),106.81,5167.2,0
CUST-105175,Female,0,No,No,43,No,No phone service,DSL,No,No,Yes,No,Yes,Yes,Month-to-month,Yes,Bank transfer (automatic),49.31,2078.04,1
CUST-101449,Male,0,No,No,66,Yes,Yes,Fiber optic,No,Yes,No,No,No,Yes,Month-to-month,No,Credit card (automatic),89.21,5977.91,0
CUST-106728,Female,0,Yes,Yes,52,Yes,No,No,No internet service,No internet service,No internet service,No internet service,No internet service,No internet service,Two year,No,Mailed check,19.4,1030.55,0
CUST-101698,Female,0,Yes,No,17,Yes,No,No,No internet service,No internet service,No internet service,No internet service,No internet service,No internet service,One year,No,Mailed check,19.54,309.35,0
CUST-104409,Male,0,Yes,No,62,Yes,No,DSL,No,Yes,Yes,Yes,No,No,Two year,Yes,Credit card (automatic),60.13,3751.55,0
CUST-100335,Male,1,Yes,No,58,Yes,Yes,Fiber optic,Yes,Yes,Yes,No,Yes,Yes,One year,Yes,Electronic check,108.92,6288.94,1
CUST-101608,Male,0,No,No,1,Yes,No,No,No internet service,No internet service,No internet service,No internet service,No internet service,No internet service,Month-to-month,No,Mailed check,19.68,21.56,1
CUST-103140,Male,0,No,Yes,13,Yes,No,DSL,No,No,No,No,Yes,Yes,Month-to-month,No,Credit card (automatic),66.5,831.57,0
CUST-100674,Male,0,Yes,Yes,20,Yes,No,Fiber optic,No,No,No,No,Yes,Yes,Month-to-month,Yes,Electronic check,90.39,1775.45,1
CUST-104286,Female,0,No,No,16,Yes,No,No,No internet service,No internet service,No internet service,No internet service,No internet service,No internet service,One year,No,Mailed check,20.0,294.3,0
CUST-103550,Female,0,No,No,3,Yes,Yes,DSL,No,No,No,No,Yes,No,Month-to-month,Yes,Electronic check,60.14,170.34,0
CUST-106695,Male,0,Yes,No,48,Yes,Yes,Fiber optic,Yes,Yes,Yes,No,Yes,No,Two year,Yes,Bank transfer (automatic),96.94,4472.14,0
CUST-105525,Female,0,Yes,Yes,70,Yes,No,No,No internet service,No internet service,No internet service,No internet service,No internet service,No internet service,Two year,No,Bank transfer (automatic),19.93,1378.66,0
CUST-105445,Male,0,No,No,3,Yes,Yes,Fiber optic,No,Yes,Yes,No,Yes,Yes,Month-to-month,No,Mailed check,108.03,312.76,0
CUST-101489,Female,0,Yes,Yes,9,Yes,Yes,Fiber optic,No,No,No,No,Yes,No,Month-to-month,Yes,Bank transfer (automatic),85.18,755.01,1
CUST-104731,Female,0,No,No,38,Yes,No,Fiber optic,No,No,No,No,Yes,Yes,One year,Yes,Mailed check,89.33,3342.37,0
CUST-103401,Female,0,No,No,10,Yes,Yes,Fiber optic,No,Yes,No,No,No,No,Month-to-month,Yes,Bank transfer (automatic),79.88,831.75,1
CUST-101590,Male,1,No,No,57,Yes,Yes,Fiber optic,No,Yes,No,Yes,Yes,Yes,Month-to-month,Yes,Bank transfer (automatic),104.91,5916.38,0
CUST-104082,Male,1,No,No,45,Yes,Yes,Fiber optic,No,No,No,No,Yes,Yes,Month-to-month,Yes,Bank transfer (automatic),94.04,4203.0,0
CUST-101394,Female,0,No,No,22,Yes,No,Fiber optic,No,No,No,No,Yes,Yes,Month-to-month,No,Electronic check,89.49,1907.3,1
CUST-103655,Male,0,No,Yes,47,Yes,No,DSL,Yes,Yes,No,No,No,No,Month-to-month,Yes,Electronic check,55.37,2652.8,0
CUST-102539,Female,0,No,No,2,Yes,No,No,No internet service,No internet service,No internet service,No internet service,No internet service,No internet service,Month-to-month,No,Credit card (automatic),20.2,34.18,0
CUST-101186,Female,0,No,No,13,Yes,No,Fiber optic,No,No,No,No,No,No,Month-to-month,Yes,Mailed check,70.19,885.27,0
CUST-106125,Female,1,Yes,No,50,Yes,Yes,Fiber optic,Yes,Yes,Yes,No,Yes,Yes,Month-to-month,No,Bank transfer (automatic),108.58,5430.08,0
CUST-107042,Female,0,No,No,48,Yes,No,DSL,Yes,No,Yes,Yes,No,No,One year,Yes,Credit card (automatic),60.37,2895.54,1
CUST-105206,Male,0,Yes,No,70,Yes,No,Fiber optic,Yes,Yes,Yes,Yes,No,Yes,Two year,No,Credit card (automatic),101.02,7083.97,0
CUST-103495,Female,1,No,No,6,Yes,No,No,No internet service,No internet service,No internet service,No internet service,No internet service,No internet service,Month-to-month,No,Bank transfer (automatic),19.3,108.25,0
CUST-102677,Female,0,No,Yes,49,Yes,No,No,No internet service,No internet service,No internet service,No internet service,No internet service,No internet service,Two year,No,Credit card (automatic),20.6,1024.56,0
CUST-102887,Male,0,Yes,Yes,12,No,No phone service,DSL,No,Yes,No,Yes,No,No,Month-to-month,No,Mailed check,35.71,428.98,0
CUST-106447,Female,0,Yes,Yes,48,Yes,No,No,No internet service,No internet service,No internet service,No internet service,No internet service,No internet service,Two year,No,Mailed check,20.01,936.56,0
CUST-106086,Male,0,No,No,1,Yes,Yes,Fiber optic,Yes,No,No,No,No,No,Month-to-month,Yes,Electronic check,82.19,81.57,1
CUST-100316,Female,0,Yes,No,72,Yes,Yes,Fiber optic,Yes,Yes,Yes,Yes,No,No,Two year,Yes,Bank transfer (automatic),94.21,6848.99,0
CUST-105904,Male,0,Yes,Yes,70,Yes,Yes,DSL,Yes,Yes,Yes,Yes,No,Yes,One year,No,Bank transfer (automatic),78.17,5446.8,0
CUST-105061,Female,0,Yes,Yes,19,Yes,No,No,No internet service,No internet service,No internet service,No internet service,No internet service,No internet service,Two year,No,Mailed check,19.69,387.97,0
CUST-106792,Female,0,Yes,Yes,61,Yes,No,DSL,No,No,Yes,Yes,Yes,Yes,Two year,Yes,Bank transfer (automatic),74.02,4615.9,0
CUST-100956,Male,0,No,No,41,Yes,No,No,No internet service,No internet service,No internet service,No internet service,No internet service,No internet service,Two year,No,Mailed check,20.3,800.94,0
CUST-101767,Male,0,No,No,35,Yes,Yes,Fiber optic,Yes,No,Yes,Yes,Yes,Yes,Two year,Yes,Electronic check,109.1,4029.26,0
CUST-101386,Male,0,No,No,25,Yes,No,No,No internet service,No internet service,No internet service,No internet service,No internet service,No internet service,One year,Yes,Bank transfer (automatic),19.55,516.32,0
CUST-105032,Male,0,No,Yes,9,Yes,No,DSL,No,No,No,No,Yes,No,Month-to-month,No,Electronic check,55.35,452.2,1
CUST-103265,Male,0,Yes,Yes,68,Yes,No,No,No internet service,No internet service,No internet service,No internet service,No internet service,No internet service,Two year,Yes,Bank transfer (automatic),20.12,1302.76,0
CUST-101335,Female,0,No,No,20,No,No phone service,DSL,No,No,No,No,No,No,Month-to-month,No,Credit card (automatic),25.12,505.67,0
CUST-105914,Female,0,No,No,5,Yes,No,Fiber optic,No,No,No,No,No,Yes,Month-to-month,Yes,Electronic check,80.33,407.79,1
CUST-105249,Female,0,No,No,1,Yes,Yes,Fiber optic,No,No,No,No,Yes,Yes,Month-to-month,No,Mailed check,95.79,93.81,1
CUST-106080,Male,1,No,No,50,Yes,Yes,Fiber optic,No,No,No,No,Yes,Yes,Month-to-month,Yes,Electronic check,95.71,4819.04,1
CUST-104021,Female,0,No,No,40,No,No phone service,DSL,Yes,No,No,Yes,Yes,Yes,One year,Yes,Bank transfer (automatic),54.56,2235.96,0
CUST-105676,Male,0,Yes,Yes,22,Yes,No,DSL,No,No,No,Yes,No,No,Month-to-month,Yes,Electronic check,51.29,1233.34,0
CUST-101327,Male,0,Yes,Yes,37,No,No phone service,DSL,Yes,Yes,Yes,No,No,No,Month-to-month,No,Bank transfer (automatic),40.18,1451.72,1
CUST-105703,Male,0,No,No,1,Yes,No,DSL,No,No,No,Yes,No,No,Month-to-month,Yes,Electronic check,49.29,48.21,0
CUST-106743,Female,0,No,No,23,Yes,No,DSL,No,Yes,Yes,No,No,No,One year,No,Bank transfer (automatic),55.66,1328.12,0
CUST-101730,Male,0,Yes,Yes,22,Yes,No,No,No internet service,No internet service,No internet service,No internet service,No internet service,No internet service,One year,No,Mailed check,19.97,419.97,0
CUST-105687,Female,0,No,No,1,Yes,No,No,No internet service,No internet service,No internet service,No internet service,No internet service,No internet service,Month-to-month,No,Mailed check,19.96,17.93,0
CUST-105510,Male,0,No,No,10,Yes,Yes,No,No internet service,No internet service,No internet service,No internet service,No internet service,No internet service,Month-to-month,Yes,Electronic check,23.61,226.78,0
CUST-103520,Female,0,Yes,Yes,55,Yes,No,Fiber optic,No,Yes,Yes,Yes,Yes,Yes,One year,Yes,Bank transfer (automatic),103.47,5656.68,0
CUST-104165,Female,0,No,No,23,Yes,No,No,No internet service,No internet service,No internet service,No internet service,No internet service,No internet service,One year,Yes,Credit card (automatic),19.41,479.95,0
CUST-105048,Female,1,Yes,No,5,Yes,Yes,Fiber optic,No,Yes,No,No,No,No,Month-to-month,Yes,Electronic check,81.08,370.81,1
CUST-101601,Female,0,Yes,No,69,Yes,No,Fiber optic,No,Yes,No,No,Yes,Yes,One year,Yes,Credit card (automatic),95.84,6744.15,0
CUST-105671,Female,1,Yes,No,72,Yes,Yes,DSL,Yes,Yes,Yes,Yes,Yes,Yes,Two year,No,Credit card (automatic),89.02,6353.78,0
CUST-100278,Male,0,No,Yes,1,Yes,No,No,No internet service,No internet service,No internet service,No internet service,No internet service,No internet service,Month-to-month,No,Mailed check,19.14,18.6,0
CUST-104871,Female,0,Yes,No,2,Yes,No,Fiber optic,Yes,Yes,No,No,Yes,No,Month-to-month,No,Electronic check,90.08,192.96,0
CUST-102791,Male,0,No,Yes,24,No,No phone service,DSL,Yes,No,No,Yes,No,No,Two year,No,Mailed check,35.47,829.76,0
CUST-101385,Male,0,No,No,48,Yes,Yes,Fiber optic,No,Yes,Yes,No,Yes,Yes,Two year,Yes,Bank transfer (automatic),108.25,5066.64,0
CUST-106139,Female,0,Yes,Yes,35,Yes,No,No,No internet service,No internet service,No internet service,No internet service,No internet service,No internet service,Two year,No,Credit card (automatic),19.67,730.5,0
CUST-100888,Female,1,No,No,46,Yes,Yes,DSL,No,No,Yes,Yes,No,Yes,One year,Yes,Credit card (automatic),69.1,3255.59,0
CUST-106431,Male,1,Yes,Yes,56,Yes,Yes,Fiber optic,Yes,No,Yes,No,Yes,Yes,One year,Yes,Bank transfer (automatic),104.66,5793.9,1
CUST-105626,Female,0,Yes,No,71,Yes,No,DSL,Yes,Yes,Yes,Yes,Yes,Yes,Two year,Yes,Credit card (automatic),84.49,5968.44,0
CUST-101923,Female,0,No,No,70,Yes,Yes,Fiber optic,Yes,Yes,Yes,Yes,Yes,Yes,One year,No,Credit card (automatic),115.57,8128.58,1
CUST-102632,Female,0,No,No,17,Yes,No,No,No internet service,No internet service,No internet service,No internet service,No internet service,No internet service,One year,No,Mailed check,19.51,282.37,0
CUST-106444,Female,0,Yes,No,12,Yes,No,DSL,Yes,No,No,Yes,No,No,Month-to-month,No,Bank transfer (automatic),53.81,691.84,0
CUST-100298,Male,0,Yes,Yes,52,Yes,No,No,No internet service,No internet service,No internet service,No internet service,No internet service,No internet service,One year,Yes,Credit card (automatic),21.16,1069.73,0
CUST-102423,Female,0,Yes,No,57,Yes,Yes,DSL,No,Yes,Yes,Yes,Yes,No,One year,No,Bank transfer (automatic),74.67,4367.82,0
CUST-100876,Male,0,Yes,No,1,Yes,No,Fiber optic,No,No,No,Yes,Yes,No,Month-to-month,Yes,Electronic check,84.91,83.5,1
CUST-106200,Female,0,Yes,Yes,63,Yes,No,No,No internet service,No internet service,No internet service,No internet service,No internet service,No internet service,Two year,No,Electronic check,19.3,1259.68,0
CUST-103842,Female,0,No,No,14,Yes,No,Fiber optic,No,No,No,No,Yes,Yes,Month-to-month,Yes,Mailed check,90.12,1127.75,1
CUST-102610,Female,0,Yes,Yes,3,Yes,No,Fiber optic,No,No,No,No,No,No,Month-to-month,Yes,Electronic check,69.5,200.23,0
CUST-102892,Female,0,Yes,Yes,20,Yes,Yes,Fiber optic,No,No,Yes,Yes,No,Yes,Month-to-month,Yes,Bank transfer (automatic),95.57,1915.5,0
CUST-103438,Male,0,Yes,No,72,Yes,Yes,DSL,Yes,Yes,Yes,Yes,No,Yes,Two year,Yes,Bank transfer (automatic),81.99,5977.33,0
CUST-106394,Female,0,Yes,Yes,61,No,No phone service,DSL,Yes,Yes,No,Yes,No,Yes,One year,Yes,Bank transfer (automatic),50.85,3089.37,0
CUST-102401,Female,1,No,No,4,Yes,Yes,Fiber optic,No,No,No,No,No,No,Month-to-month,Yes,Electronic check,74.91,321.52,1
CUST-102337,Female,0,Yes,Yes,72,Yes,No,No,No internet service,No internet service,No internet service,No internet service,No internet service,No internet service,Two year,Yes,Credit card (automatic),19.73,1329.0,0
CUST-105672,Female,1,No,No,13,Yes,Yes,Fiber optic,No,No,No,No,Yes,Yes,Month-to-month,Yes,Electronic check,95.13,1290.6,1
CUST-101225,Male,1,No,No,34,Yes,No,Fiber optic,No,Yes,Yes,No,Yes,Yes,One year,Yes,Electronic check,100.04,3344.23,0
CUST-103200,Female,1,No,No,13,Yes,No,Fiber optic,No,No,Yes,No,Yes,Yes,Month-to-month,Yes,Electronic check,96.68,1236.61,0
CUST-104642,Female,0,Yes,Yes,23,Yes,Yes,Fiber optic,No,No,No,No,Yes,No,Month-to-month,Yes,Electronic check,83.83,1851.9,0
CUST-105132,Female,0,No,No,2,No,No phone service,DSL,Yes,Yes,No,No,No,Yes,Month-to-month,Yes,Electronic check,42.25,71.58,1
CUST-100775,Female,1,No,No,39,Yes,Yes,Fiber optic,No,No,Yes,No,Yes,Yes,Month-to-month,Yes,Electronic check,99.77,4035.55,0
CUST-101303,Female,0,No,No,2,Yes,No,No,No internet service,No internet service,No internet service,No internet service,No internet service,No internet service,Month-to-month,Yes,Mailed check,19.97,40.07,0
CUST-106322,Male,0,Yes,No,67,Yes,Yes,DSL,Yes,Yes,Yes,Yes,No,No,Two year,No,Credit card (automatic),70.56,4677.54,0
CUST-100160,Female,0,Yes,Yes,72,No,No phone service,DSL,Yes,No,Yes,No,Yes,Yes,Two year,Yes,Credit card (automatic),53.78,3950.68,0
CUST-104519,Male,0,No,Yes,1,Yes,No,DSL,No,No,No,No,No,No,Month-to-month,Yes,Electronic check,44.63,44.57,1
CUST-101976,Male,0,Yes,No,47,Yes,Yes,No,No internet service,No internet service,No internet service,No internet service,No internet service,No internet service,Month-to-month,No,Electronic check,25.42,1139.55,0
CUST-103799,Male,0,Yes,Yes,48,Yes,Yes,Fiber optic,Yes,Yes,Yes,Yes,Yes,Yes,Two year,No,Credit card (automatic),111.77,5443.44,0
CUST-106272,Male,0,Yes,No,3,No,No phone service,DSL,No,No,No,No,No,Yes,Month-to-month,Yes,Electronic check,35.13,100.93,1
CUST-102023,Male,0,Yes,Yes,72,Yes,Yes,Fiber optic,Yes,No,Yes,No,Yes,Yes,One year,Yes,Bank transfer (automatic),106.22,7850.59,0
CUST-103529,Female,0,No,No,57,Yes,Yes,Fiber optic,Yes,Yes,No,Yes,No,No,Month-to-month,Yes,Bank transfer (automatic),87.88,4887.46,0
CUST-105298,Female,0,No,No,5,Yes,No,No,No internet service,No internet service,No internet service,No internet service,No internet service,No internet service,Month-to-month,No,Credit card (automatic),19.91,109.81,1
CUST-102910,Male,0,No,No,1,Yes,No,Fiber optic,No,No,No,No,No,No,Month-to-month,Yes,Electronic check,70.05,71.7,0
CUST-102858,Female,0,No,Yes,1,Yes,No,DSL,Yes,No,No,No,No,No,Month-to-month,No,Mailed check,50.12,50.13,0
CUST-100062,Male,1,Yes,No,13,Yes,Yes,Fiber optic,No,No,No,No,Yes,Yes,Month-to-month,Yes,Electronic check,95.19,1234.04,1
CUST-102117,Female,0,Yes,Yes,16,Yes,No,Fiber optic,Yes,No,Yes,No,Yes,Yes,Month-to-month,No,Bank transfer (automatic),100.62,1524.0,0
CUST-100118,Female,0,No,No,9,Yes,No,DSL,No,No,No,No,No,No,Month-to-month,Yes,Electronic check,43.98,404.58,0
CUST-103217,Male,0,No,Yes,3,Yes,No,DSL,No,No,No,No,Yes,No,Month-to-month,Yes,Credit card (automatic),54.59,170.79,1
CUST-101314,Male,0,No,No,41,Yes,Yes,No,No internet service,No internet service,No internet service,No internet service,No internet service,No internet service,Month-to-month,Yes,Bank transfer (automatic),25.05,998.87,0
CUST-103447,Female,0,Yes,No,68,Yes,Yes,DSL,Yes,Yes,Yes,Yes,No,No,Two year,No,Credit card (automatic),70.89,4909.99,0
CUST-104415,Male,0,No,No,1,Yes,No,Fiber optic,No,No,No,No,No,No,Month-to-month,Yes,Mailed check,71.45,71.44,1
CUST-101560,Female,0,Yes,No,6,Yes,No,No,No internet service,No internet service,No internet service,No internet service,No internet service,No internet service,Month-to-month,No,Bank transfer (automatic),19.51,147.38,1
CUST-101753,Female,0,No,No,38,Yes,Yes,Fiber optic,No,No,Yes,Yes,Yes,Yes,Month-to-month,Yes,Electronic check,103.43,3990.16,0
CUST-105648,Female,0,No,No,18,No,No phone service,DSL,No,No,Yes,Yes,No,No,Month-to-month,Yes,Electronic check,35.35,606.61,0
CUST-104792,Male,0,No,No,46,No,No phone service,DSL,No,No,Yes,Yes,No,No,One year,No,Credit card (automatic),33.51,1540.25,0
CUST-102569,Female,0,Yes,No,30,Yes,Yes,Fiber optic,No,No,No,No,No,Yes,Month-to-month,Yes,Electronic check,85.36,2622.89,1
CUST-102700,Female,0,Yes,No,53,Yes,No,No,No internet service,No internet service,No internet service,No internet service,No internet service,No internet service,One year,No,Credit card (automatic),18.7,989.01,0
CUST-101269,Male,1,Yes,No,35,Yes,Yes,Fiber optic,No,No,Yes,No,No,No,One year,Yes,Bank transfer (automatic),81.54,2815.11,0
CUST-103263,Male,0,No,No,18,Yes,No,Fiber optic,No,No,No,Yes,No,No,Month-to-month,Yes,Bank transfer (automatic),75.8,1373.05,0
CUST-102380,Male,0,Yes,No,72,Yes,Yes,No,No internet service,No internet service,No internet service,No internet service,No internet service,No internet service,Two year,No,Mailed check,25.42,1795.17,0
CUST-101154,Female,0,No,No,2,Yes,No,No,No internet service,No internet service,No internet service,No internet service,No internet service,No internet service,Month-to-month,Yes,Mailed check,20.0,40.35,0
CUST-106520,Female,1,No,No,64,No,No phone service,DSL,No,Yes,No,Yes,Yes,No,Month-to-month,Yes,Electronic check,43.98,2747.34,0
CUST-105093,Female,0,No,No,2,Yes,No,Fiber optic,Yes,No,Yes,No,No,No,Month-to-month,Yes,Electronic check,80.47,140.0,0
CUST-103497,Female,0,Yes,Yes,46,Yes,No,No,No internet service,No internet service,No internet service,No internet service,No internet service,No internet service,Two year,No,Bank transfer (automatic),20.26,890.11,0
CUST-104180,Female,0,Yes,No,72,Yes,Yes,Fiber optic,Yes,No,No,No,No,No,Two year,No,Bank transfer (automatic),80.63,5736.84,0
CUST-106735,Female,0,No,No,6,No,No phone service,DSL,Yes,No,No,No,No,No,Month-to-month,No,Bank transfer (automatic),28.89,158.93,0
CUST-101627,Male,0,No,No,54,Yes,Yes,Fiber optic,No,Yes,No,No,No,No,Month-to-month,Yes,Bank transfer (automatic),79.93,4310.18,0
CUST-101631,Female,0,No,No,35,Yes,Yes,Fiber optic,No,No,No,Yes,No,No,Month-to-month,No,Credit card (automatic),80.29,2836.02,0
CUST-103673,Male,0,No,No,31,Yes,No,No,No internet service,No internet service,No internet service,No internet service,No internet service,No internet service,Two year,No,Mailed check,20.3,637.54,0
CUST-103840,Female,0,Yes,Yes,68,Yes,Yes,Fiber optic,No,Yes,No,Yes,No,No,One year,Yes,Bank transfer (automatic),83.79,5732.02,0
CUST-102727,Male,0,Yes,No,71,Yes,Yes,Fiber optic,No,Yes,Yes,No,No,Yes,Month-to-month,Yes,Bank transfer (automatic),93.16,6668.41,0
CUST-101239,Female,0,Yes,No,68,Yes,Yes,Fiber optic,No,No,Yes,No,Yes,No,Two year,Yes,Bank transfer (automatic),89.88,5972.25,0
CUST-105143,Male,0,Yes,Yes,59,Yes,Yes,Fiber optic,No,No,Yes,No,Yes,Yes,Two year,Yes,Credit card (automatic),99.42,5862.19,0
CUST-102338,Male,0,Yes,No,37,Yes,Yes,DSL,Yes,No,No,No,No,No,Month-to-month,Yes,Mailed check,55.06,2030.44,0
