booking_id,cancellation_probability,require_deposit
BOOK-213558,0.37034593960715334,0
BOOK-217639,0.37034593960715334,0
BOOK-171155,0.37034593960715334,0
BOOK-117879,0.37034593960715334,0
BOOK-117147,0.37034593960715334,0
BOOK-151821,0.37034593960715334,0
BOOK-214965,0.37034593960715334,0
BOOK-131734,0.37034593960715334,0
BOOK-190287,0.37034593960715334,0
BOOK-201330,0.37034593960715334,0
BOOK-206325,0.37034593960715334,0
BOOK-195498,0.37034593960715334,0
BOOK-126877,0.37034593960715334,0
BOOK-185139,0.37034593960715334,0
BOOK-134565,0.37034593960715334,0
BOOK-124029,0.37034593960715334,0
BOOK-107562,0.37034593960715334,0
BOOK-177939,0.37034593960715334,0
BOOK-148549,0.37034593960715334,0
BOOK-164095,0.37034593960715334,0
BOOK-128164,0.37034593960715334,0
BOOK-138458,0.37034593960715334,0
BOOK-184533,0.37034593960715334,0
BOOK-196331,0.37034593960715334,0
BOOK-189850,0.37034593960715334,0
BOOK-217349,0.37034593960715334,0
BOOK-122751,0.37034593960715334,0
BOOK-187265,0.37034593960715334,0
BOOK-218525,0.37034593960715334,0
BOOK-171688,0.37034593960715334,0
BOOK-100452,0.37034593960715334,0
BOOK-122953,0.37034593960715334,0
BOOK-116286,0.37034593960715334,0
BOOK-190113,0.37034593960715334,0
BOOK-124146,0.37034593960715334,0
BOOK-104070,0.37034593960715334,0
BOOK-162953,0.37034593960715334,0
BOOK-105877,0.37034593960715334,0
BOOK-205980,0.37034593960715334,0
BOOK-101026,0.37034593960715334,0
BOOK-139702,0.37034593960715334,0
BOOK-112875,0.37034593960715334,0
BOOK-155827,0.37034593960715334,0
BOOK-119288,0.37034593960715334,0
BOOK-147269,0.37034593960715334,0
BOOK-199805,0.37034593960715334,0
BOOK-111972,0.37034593960715334,0
BOOK-216059,0.37034593960715334,0
BOOK-156300,0.37034593960715334,0
BOOK-200577,0.37034593960715334,0
BOOK-149409,0.37034593960715334,0
BOOK-218415,0.37034593960715334,0
BOOK-215268,0.37034593960715334,0
BOOK-209398,0.37034593960715334,0
BOOK-214696,0.37034593960715334,0
BOOK-119620,0.37034593960715334,0
BOOK-218279,0.37034593960715334,0
BOOK-119430,0.37034593960715334,0
BOOK-164364,0.37034593960715334,0
BOOK-114728,0.37034593960715334,0
BOOK-146889,0.37034593960715334,0
BOOK-106496,0.37034593960715334,0
BOOK-102900,0.37034593960715334,0
BOOK-214773,0.37034593960715334,0
BOOK-164704,0.37034593960715334,0
BOOK-130273,0.37034593960715334,0
BOOK-138520,0.37034593960715334,0
BOOK-156367,0.37034593960715334,0
BOOK-139533,0.37034593960715334,0
BOOK-103399,0.37034593960715334,0
BOOK-171473,0.37034593960715334,0
BOOK-116293,0.37034593960715334,0
BOOK-103569,0.37034593960715334,0
BOOK-112529,0.37034593960715334,0
BOOK-119960,0.37034593960715334,0
BOOK-191270,0.37034593960715334,0
BOOK-146473,0.37034593960715334,0
BOOK-116120,0.37034593960715334,0
BOOK-142786,0.37034593960715334,0
BOOK-102706,0.37034593960715334,0
BOOK-203333,0.37034593960715334,0
BOOK-174877,0.37034593960715334,0
BOOK-192553,0.37034593960715334,0
BOOK-120532,0.37034593960715334,0
BOOK-108976,0.37034593960715334,0
BOOK-178469,0.37034593960715334,0
BOOK-114301,0.37034593960715334,0
BOOK-122260,0.37034593960715334,0
BOOK-135347,0.37034593960715334,0
BOOK-108613,0.37034593960715334,0
BOOK-166193,0.37034593960715334,0
BOOK-170549,0.37034593960715334,0
BOOK-183498,0.37034593960715334,0
BOOK-136827,0.37034593960715334,0
BOOK-146865,0.37034593960715334,0
BOOK-154784,0.37034593960715334,0
BOOK-209768,0.37034593960715334,0
BOOK-152624,0.37034593960715334,0
BOOK-145600,0.37034593960715334,0
BOOK-108776,0.37034593960715334,0
BOOK-126721,0.37034593960715334,0
BOOK-143493,0.37034593960715334,0
BOOK-201641,0.37034593960715334,0
BOOK-109090,0.37034593960715334,0
BOOK-203406,0.37034593960715334,0
BOOK-191921,0.37034593960715334,0
BOOK-175216,0.37034593960715334,0
BOOK-209311,0.37034593960715334,0
BOOK-103691,0.37034593960715334,0
BOOK-175150,0.37034593960715334,0
BOOK-104817,0.37034593960715334,0
BOOK-155110,0.37034593960715334,0
BOOK-125337,0.37034593960715334,0
BOOK-206943,0.37034593960715334,0
BOOK-138213,0.37034593960715334,0
BOOK-177674,0.37034593960715334,0
BOOK-125320,0.37034593960715334,0
BOOK-120670,0.37034593960715334,0
BOOK-178642,0.37034593960715334,0
BOOK-183819,0.37034593960715334,0
BOOK-101000,0.37034593960715334,0
BOOK-122187,0.37034593960715334,0
BOOK-117682,0.37034593960715334,0
BOOK-206837,0.37034593960715334,0
BOOK-114329,0.37034593960715334,0
BOOK-118574,0.37034593960715334,0
BOOK-206624,0.37034593960715334,0
BOOK-179588,0.37034593960715334,0
BOOK-185190,0.37034593960715334,0
BOOK-142350,0.37034593960715334,0
BOOK-109693,0.37034593960715334,0
BOOK-115487,0.37034593960715334,0
BOOK-115508,0.37034593960715334,0
BOOK-192608,0.37034593960715334,0
BOOK-164078,0.37034593960715334,0
BOOK-156176,0.37034593960715334,0
BOOK-130877,0.37034593960715334,0
BOOK-198744,0.37034593960715334,0
BOOK-103598,0.37034593960715334,0
BOOK-212214,0.37034593960715334,0
BOOK-106384,0.37034593960715334,0
BOOK-103348,0.37034593960715334,0
BOOK-118348,0.37034593960715334,0
BOOK-160619,0.37034593960715334,0
BOOK-104272,0.37034593960715334,0
BOOK-170394,0.37034593960715334,0
BOOK-215015,0.37034593960715334,0
BOOK-155097,0.37034593960715334,0
BOOK-102914,0.37034593960715334,0
BOOK-133989,0.37034593960715334,0
BOOK-173323,0.37034593960715334,0
BOOK-116391,0.37034593960715334,0
BOOK-108768,0.37034593960715334,0
BOOK-187081,0.37034593960715334,0
BOOK-207218,0.37034593960715334,0
BOOK-109236,0.37034593960715334,0
BOOK-179980,0.37034593960715334,0
BOOK-151926,0.37034593960715334,0
BOOK-170766,0.37034593960715334,0
BOOK-169124,0.37034593960715334,0
BOOK-160140,0.37034593960715334,0
BOOK-121067,0.37034593960715334,0
BOOK-156662,0.37034593960715334,0
BOOK-162802,0.37034593960715334,0
BOOK-156327,0.37034593960715334,0
BOOK-114381,0.37034593960715334,0
BOOK-141448,0.37034593960715334,0
BOOK-148994,0.37034593960715334,0
BOOK-207011,0.37034593960715334,0
BOOK-110481,0.37034593960715334,0
BOOK-147343,0.37034593960715334,0
BOOK-192102,0.37034593960715334,0
BOOK-180011,0.37034593960715334,0
BOOK-123256,0.37034593960715334,0
BOOK-178281,0.37034593960715334,0
BOOK-143163,0.37034593960715334,0
BOOK-110874,0.37034593960715334,0
BOOK-182147,0.37034593960715334,0
BOOK-205809,0.37034593960715334,0
BOOK-104797,0.37034593960715334,0
BOOK-114615,0.37034593960715334,0
BOOK-179568,0.37034593960715334,0
BOOK-136089,0.37034593960715334,0
BOOK-114450,0.37034593960715334,0
BOOK-219020,0.37034593960715334,0
BOOK-201074,0.37034593960715334,0
BOOK-119908,0.37034593960715334,0
BOOK-113707,0.37034593960715334,0
BOOK-199563,0.37034593960715334,0
BOOK-191478,0.37034593960715334,0
BOOK-116183,0.37034593960715334,0
BOOK-136057,0.37034593960715334,0
BOOK-186428,0.37034593960715334,0
BOOK-110889,0.37034593960715334,0
BOOK-121630,0.37034593960715334,0
BOOK-171968,0.37034593960715334,0
BOOK-170164,0.37034593960715334,0
BOOK-100399,0.37034593960715334,0
BOOK-190854,0.37034593960715334,0
BOOK-157437,0.37034593960715334,0
BOOK-212279,0.37034593960715334,0
BOOK-115060,0.37034593960715334,0
BOOK-103893,0.37034593960715334,0
BOOK-213784,0.37034593960715334,0
BOOK-169114,0.37034593960715334,0
BOOK-218469,0.37034593960715334,0
BOOK-180137,0.37034593960715334,0
BOOK-180509,0.37034593960715334,0
BOOK-115421,0.37034593960715334,0
BOOK-132963,0.37034593960715334,0
BOOK-153918,0.37034593960715334,0
BOOK-214137,0.37034593960715334,0
BOOK-164492,0.37034593960715334,0
BOOK-218410,0.37034593960715334,0
BOOK-190942,0.37034593960715334,0
BOOK-204172,0.37034593960715334,0
BOOK-196742,0.37034593960715334,0
BOOK-131639,0.37034593960715334,0
BOOK-194059,0.37034593960715334,0
BOOK-147203,0.37034593960715334,0
BOOK-122089,0.37034593960715334,0
BOOK-172617,0.37034593960715334,0
BOOK-209019,0.37034593960715334,0
BOOK-152616,0.37034593960715334,0
BOOK-185292,0.37034593960715334,0
BOOK-181718,0.37034593960715334,0
BOOK-126946,0.37034593960715334,0
BOOK-131674,0.37034593960715334,0
BOOK-163096,0.37034593960715334,0
BOOK-109161,0.37034593960715334,0
BOOK-154091,0.37034593960715334,0
BOOK-167301,0.37034593960715334,0
BOOK-138963,0.37034593960715334,0
BOOK-149684,0.37034593960715334,0
BOOK-182913,0.37034593960715334,0
BOOK-174289,0.37034593960715334,0
BOOK-115347,0.37034593960715334,0
BOOK-110082,0.37034593960715334,0
BOOK-185496,0.37034593960715334,0
BOOK-135775,0.37034593960715334,0
BOOK-216312,0.37034593960715334,0
BOOK-144585,0.37034593960715334,0
BOOK-190407,0.37034593960715334,0
BOOK-109552,0.37034593960715334,0
BOOK-191611,0.37034593960715334,0
BOOK-204689,0.37034593960715334,0
BOOK-163041,0.37034593960715334,0
BOOK-180898,0.37034593960715334,0
BOOK-151159,0.37034593960715334,0
BOOK-115510,0.37034593960715334,0
BOOK-214959,0.37034593960715334,0
BOOK-185040,0.37034593960715334,0
BOOK-209719,0.37034593960715334,0
BOOK-183832,0.37034593960715334,0
BOOK-105146,0.37034593960715334,0
BOOK-103629,0.37034593960715334,0
BOOK-209743,0.37034593960715334,0
BOOK-111114,0.37034593960715334,0
BOOK-101358,0.37034593960715334,0
BOOK-149127,0.37034593960715334,0
BOOK-146127,0.37034593960715334,0
BOOK-203936,0.37034593960715334,0
BOOK-132271,0.37034593960715334,0
BOOK-208877,0.37034593960715334,0
BOOK-176646,0.37034593960715334,0
BOOK-168905,0.37034593960715334,0
BOOK-155893,0.37034593960715334,0
BOOK-142219,0.37034593960715334,0
BOOK-178227,0.37034593960715334,0
BOOK-197641,0.37034593960715334,0
BOOK-174101,0.37034593960715334,0
BOOK-177621,0.37034593960715334,0
BOOK-218728,0.37034593960715334,0
BOOK-190547,0.37034593960715334,0
BOOK-215372,0.37034593960715334,0
BOOK-148842,0.37034593960715334,0
BOOK-175155,0.37034593960715334,0
BOOK-179583,0.37034593960715334,0
BOOK-149788,0.37034593960715334,0
BOOK-164817,0.37034593960715334,0
BOOK-152904,0.37034593960715334,0
BOOK-132386,0.37034593960715334,0
BOOK-156064,0.37034593960715334,0
BOOK-106373,0.37034593960715334,0
BOOK-196314,0.37034593960715334,0
BOOK-114970,0.37034593960715334,0
BOOK-203577,0.37034593960715334,0
BOOK-218990,0.37034593960715334,0
BOOK-200136,0.37034593960715334,0
BOOK-107349,0.37034593960715334,0
BOOK-218663,0.37034593960715334,0
BOOK-202001,0.37034593960715334,0
BOOK-209162,0.37034593960715334,0
BOOK-122522,0.37034593960715334,0
BOOK-176088,0.37034593960715334,0
BOOK-186307,0.37034593960715334,0
BOOK-202111,0.37034593960715334,0
BOOK-156380,0.37034593960715334,0
BOOK-196974,0.37034593960715334,0
BOOK-120992,0.37034593960715334,0
BOOK-181737,0.37034593960715334,0
BOOK-127617,0.37034593960715334,0
BOOK-177384,0.37034593960715334,0
BOOK-160530,0.37034593960715334,0
BOOK-115237,0.37034593960715334,0
BOOK-207944,0.37034593960715334,0
BOOK-155702,0.37034593960715334,0
BOOK-174156,0.37034593960715334,0
BOOK-100826,0.37034593960715334,0
BOOK-181231,0.37034593960715334,0
BOOK-107324,0.37034593960715334,0
BOOK-213787,0.37034593960715334,0
BOOK-190162,0.37034593960715334,0
BOOK-142040,0.37034593960715334,0
BOOK-108164,0.37034593960715334,0
BOOK-156355,0.37034593960715334,0
BOOK-212251,0.37034593960715334,0
BOOK-139227,0.37034593960715334,0
BOOK-214605,0.37034593960715334,0
BOOK-136855,0.37034593960715334,0
BOOK-153830,0.37034593960715334,0
BOOK-196967,0.37034593960715334,0
BOOK-173063,0.37034593960715334,0
BOOK-213866,0.37034593960715334,0
BOOK-203427,0.37034593960715334,0
BOOK-156169,0.37034593960715334,0
BOOK-128051,0.37034593960715334,0
BOOK-132578,0.37034593960715334,0
BOOK-192406,0.37034593960715334,0
BOOK-209258,0.37034593960715334,0
BOOK-205223,0.37034593960715334,0
BOOK-132139,0.37034593960715334,0
BOOK-219239,0.37034593960715334,0
BOOK-107358,0.37034593960715334,0
BOOK-160096,0.37034593960715334,0
BOOK-198616,0.37034593960715334,0
BOOK-198138,0.37034593960715334,0
BOOK-149519,0.37034593960715334,0
BOOK-114129,0.37034593960715334,0
BOOK-162639,0.37034593960715334,0
BOOK-122494,0.37034593960715334,0
BOOK-190542,0.37034593960715334,0
BOOK-162338,0.37034593960715334,0
BOOK-142851,0.37034593960715334,0
BOOK-111298,0.37034593960715334,0
BOOK-172356,0.37034593960715334,0
BOOK-147093,0.37034593960715334,0
BOOK-135929,0.37034593960715334,0
BOOK-141658,0.37034593960715334,0
BOOK-151813,0.37034593960715334,0
BOOK-217604,0.37034593960715334,0
BOOK-114668,0.37034593960715334,0
BOOK-102009,0.37034593960715334,0
BOOK-148097,0.37034593960715334,0
BOOK-190401,0.37034593960715334,0
BOOK-216854,0.37034593960715334,0
BOOK-106867,0.37034593960715334,0
BOOK-160326,0.37034593960715334,0
BOOK-106003,0.37034593960715334,0
BOOK-132455,0.37034593960715334,0
BOOK-181259,0.37034593960715334,0
BOOK-132748,0.37034593960715334,0
BOOK-178874,0.37034593960715334,0
BOOK-143004,0.37034593960715334,0
BOOK-159920,0.37034593960715334,0
BOOK-157100,0.37034593960715334,0
BOOK-175649,0.37034593960715334,0
BOOK-203440,0.37034593960715334,0
BOOK-149468,0.37034593960715334,0
BOOK-212391,0.37034593960715334,0
BOOK-132425,0.37034593960715334,0
BOOK-116240,0.37034593960715334,0
BOOK-132532,0.37034593960715334,0
BOOK-178361,0.37034593960715334,0
BOOK-150725,0.37034593960715334,0
BOOK-215483,0.37034593960715334,0
BOOK-216537,0.37034593960715334,0
BOOK-169086,0.37034593960715334,0
BOOK-169229,0.37034593960715334,0
BOOK-218177,0.37034593960715334,0
BOOK-107656,0.37034593960715334,0
BOOK-144473,0.37034593960715334,0
BOOK-107549,0.37034593960715334,0
BOOK-103033,0.37034593960715334,0
BOOK-183145,0.37034593960715334,0
BOOK-191474,0.37034593960715334,0
BOOK-103860,0.37034593960715334,0
BOOK-187236,0.37034593960715334,0
BOOK-112582,0.37034593960715334,0
BOOK-120457,0.37034593960715334,0
BOOK-123390,0.37034593960715334,0
BOOK-163795,0.37034593960715334,0
BOOK-215316,0.37034593960715334,0
BOOK-119560,0.37034593960715334,0
BOOK-106533,0.37034593960715334,0
BOOK-218483,0.37034593960715334,0
BOOK-192824,0.37034593960715334,0
BOOK-219064,0.37034593960715334,0
BOOK-210914,0.37034593960715334,0
BOOK-207158,0.37034593960715334,0
BOOK-125698,0.37034593960715334,0
BOOK-140135,0.37034593960715334,0
BOOK-139086,0.37034593960715334,0
BOOK-133725,0.37034593960715334,0
BOOK-165489,0.37034593960715334,0
BOOK-198209,0.37034593960715334,0
BOOK-139927,0.37034593960715334,0
BOOK-146761,0.37034593960715334,0
BOOK-160959,0.37034593960715334,0
BOOK-207433,0.37034593960715334,0
BOOK-201527,0.37034593960715334,0
BOOK-198585,0.37034593960715334,0
BOOK-194389,0.37034593960715334,0
BOOK-178471,0.37034593960715334,0
BOOK-106160,0.37034593960715334,0
BOOK-113426,0.37034593960715334,0
BOOK-107837,0.37034593960715334,0
BOOK-106994,0.37034593960715334,0
BOOK-116796,0.37034593960715334,0
BOOK-160425,0.37034593960715334,0
BOOK-152104,0.37034593960715334,0
BOOK-174270,0.37034593960715334,0
BOOK-148213,0.37034593960715334,0
BOOK-200244,0.37034593960715334,0
BOOK-148135,0.37034593960715334,0
BOOK-175344,0.37034593960715334,0
BOOK-141854,0.37034593960715334,0
BOOK-171297,0.37034593960715334,0
BOOK-130630,0.37034593960715334,0
BOOK-212479,0.37034593960715334,0
BOOK-180445,0.37034593960715334,0
BOOK-146840,0.37034593960715334,0
BOOK-112742,0.37034593960715334,0
BOOK-131434,0.37034593960715334,0
BOOK-217571,0.37034593960715334,0
BOOK-139876,0.37034593960715334,0
BOOK-181835,0.37034593960715334,0
BOOK-112223,0.37034593960715334,0
BOOK-208761,0.37034593960715334,0
BOOK-164055,0.37034593960715334,0
BOOK-106407,0.37034593960715334,0
BOOK-155691,0.37034593960715334,0
BOOK-126958,0.37034593960715334,0
BOOK-218100,0.37034593960715334,0
BOOK-159106,0.37034593960715334,0
BOOK-146606,0.37034593960715334,0
BOOK-112916,0.37034593960715334,0
BOOK-122570,0.37034593960715334,0
BOOK-191318,0.37034593960715334,0
BOOK-163414,0.37034593960715334,0
BOOK-171298,0.37034593960715334,0
BOOK-125230,0.37034593960715334,0
BOOK-198865,0.37034593960715334,0
BOOK-149348,0.37034593960715334,0
BOOK-139497,0.37034593960715334,0
BOOK-149484,0.37034593960715334,0
BOOK-172614,0.37034593960715334,0
BOOK-107848,0.37034593960715334,0
BOOK-190582,0.37034593960715334,0
BOOK-156083,0.37034593960715334,0
BOOK-168458,0.37034593960715334,0
BOOK-144192,0.37034593960715334,0
BOOK-212696,0.37034593960715334,0
BOOK-158033,0.37034593960715334,0
BOOK-167231,0.37034593960715334,0
BOOK-157107,0.37034593960715334,0
BOOK-135461,0.37034593960715334,0
BOOK-193922,0.37034593960715334,0
BOOK-185004,0.37034593960715334,0
BOOK-108291,0.37034593960715334,0
BOOK-157942,0.37034593960715334,0
BOOK-195055,0.37034593960715334,0
BOOK-162783,0.37034593960715334,0
BOOK-212911,0.37034593960715334,0
BOOK-163115,0.37034593960715334,0
BOOK-195898,0.37034593960715334,0
BOOK-137137,0.37034593960715334,0
BOOK-132944,0.37034593960715334,0
BOOK-187962,0.37034593960715334,0
BOOK-130947,0.37034593960715334,0
BOOK-106060,0.37034593960715334,0
BOOK-106951,0.37034593960715334,0
BOOK-202874,0.37034593960715334,0
BOOK-116311,0.37034593960715334,0
BOOK-178942,0.37034593960715334,0
BOOK-145764,0.37034593960715334,0
BOOK-191608,0.37034593960715334,0
BOOK-188849,0.37034593960715334,0
BOOK-173044,0.37034593960715334,0
BOOK-160936,0.37034593960715334,0
BOOK-207823,0.37034593960715334,0
BOOK-114907,0.37034593960715334,0
BOOK-199022,0.37034593960715334,0
BOOK-209189,0.37034593960715334,0
BOOK-168604,0.37034593960715334,0
BOOK-214270,0.37034593960715334,0
BOOK-139007,0.37034593960715334,0
BOOK-127540,0.37034593960715334,0
BOOK-163189,0.37034593960715334,0
BOOK-200344,0.37034593960715334,0
BOOK-164615,0.37034593960715334,0
BOOK-131518,0.37034593960715334,0
BOOK-161253,0.37034593960715334,0
BOOK-184495,0.37034593960715334,0
BOOK-115781,0.37034593960715334,0
BOOK-182401,0.37034593960715334,0
BOOK-114527,0.37034593960715334,0
BOOK-187259,0.37034593960715334,0
BOOK-106475,0.37034593960715334,0
BOOK-205427,0.37034593960715334,0
BOOK-183410,0.37034593960715334,0
BOOK-131868,0.37034593960715334,0
BOOK-212376,0.37034593960715334,0
BOOK-111466,0.37034593960715334,0
BOOK-162331,0.37034593960715334,0
BOOK-199613,0.37034593960715334,0
BOOK-164873,0.37034593960715334,0
BOOK-128250,0.37034593960715334,0
BOOK-114895,0.37034593960715334,0
BOOK-116953,0.37034593960715334,0
BOOK-139635,0.37034593960715334,0
BOOK-143523,0.37034593960715334,0
BOOK-100009,0.37034593960715334,0
BOOK-179629,0.37034593960715334,0
BOOK-108565,0.37034593960715334,0
BOOK-209896,0.37034593960715334,0
BOOK-209600,0.37034593960715334,0
BOOK-125299,0.37034593960715334,0
BOOK-178683,0.37034593960715334,0
BOOK-137846,0.37034593960715334,0
BOOK-169736,0.37034593960715334,0
BOOK-195011,0.37034593960715334,0
BOOK-203556,0.37034593960715334,0
BOOK-146006,0.37034593960715334,0
BOOK-190181,0.37034593960715334,0
BOOK-205701,0.37034593960715334,0
BOOK-123386,0.37034593960715334,0
BOOK-102403,0.37034593960715334,0
BOOK-156760,0.37034593960715334,0
BOOK-163860,0.37034593960715334,0
BOOK-148769,0.37034593960715334,0
BOOK-183054,0.37034593960715334,0
BOOK-166179,0.37034593960715334,0
BOOK-165716,0.37034593960715334,0
BOOK-186193,0.37034593960715334,0
BOOK-207202,0.37034593960715334,0
BOOK-183055,0.37034593960715334,0
BOOK-199542,0.37034593960715334,0
BOOK-214057,0.37034593960715334,0
BOOK-148219,0.37034593960715334,0
BOOK-101853,0.37034593960715334,0
BOOK-140927,0.37034593960715334,0
BOOK-146237,0.37034593960715334,0
BOOK-138836,0.37034593960715334,0
BOOK-187903,0.37034593960715334,0
BOOK-104993,0.37034593960715334,0
BOOK-180939,0.37034593960715334,0
BOOK-110948,0.37034593960715334,0
BOOK-107007,0.37034593960715334,0
BOOK-154966,0.37034593960715334,0
BOOK-178062,0.37034593960715334,0
BOOK-178830,0.37034593960715334,0
BOOK-116714,0.37034593960715334,0
BOOK-137501,0.37034593960715334,0
BOOK-211958,0.37034593960715334,0
BOOK-133489,0.37034593960715334,0
BOOK-160549,0.37034593960715334,0
BOOK-174425,0.37034593960715334,0
BOOK-166534,0.37034593960715334,0
BOOK-191482,0.37034593960715334,0
BOOK-218642,0.37034593960715334,0
BOOK-197134,0.37034593960715334,0
BOOK-128049,0.37034593960715334,0
BOOK-155571,0.37034593960715334,0
BOOK-109468,0.37034593960715334,0
BOOK-102360,0.37034593960715334,0
BOOK-187179,0.37034593960715334,0
BOOK-138633,0.37034593960715334,0
BOOK-193034,0.37034593960715334,0
BOOK-167766,0.37034593960715334,0
BOOK-219291,0.37034593960715334,0
BOOK-191534,0.37034593960715334,0
BOOK-187560,0.37034593960715334,0
BOOK-193367,0.37034593960715334,0
BOOK-111854,0.37034593960715334,0
BOOK-133670,0.37034593960715334,0
BOOK-150589,0.37034593960715334,0
BOOK-138194,0.37034593960715334,0
BOOK-197025,0.37034593960715334,0
BOOK-151349,0.37034593960715334,0
BOOK-202464,0.37034593960715334,0
BOOK-212066,0.37034593960715334,0
BOOK-216257,0.37034593960715334,0
BOOK-169023,0.37034593960715334,0
BOOK-180549,0.37034593960715334,0
BOOK-217127,0.37034593960715334,0
BOOK-192494,0.37034593960715334,0
BOOK-199459,0.37034593960715334,0
BOOK-159269,0.37034593960715334,0
BOOK-216481,0.37034593960715334,0
BOOK-155528,0.37034593960715334,0
BOOK-134709,0.37034593960715334,0
BOOK-171917,0.37034593960715334,0
BOOK-101832,0.37034593960715334,0
BOOK-124633,0.37034593960715334,0
BOOK-176936,0.37034593960715334,0
BOOK-105537,0.37034593960715334,0
BOOK-163605,0.37034593960715334,0
BOOK-128413,0.37034593960715334,0
BOOK-101967,0.37034593960715334,0
BOOK-199146,0.37034593960715334,0
BOOK-163560,0.37034593960715334,0
BOOK-115180,0.37034593960715334,0
BOOK-139714,0.37034593960715334,0
BOOK-151346,0.37034593960715334,0
BOOK-190558,0.37034593960715334,0
BOOK-212856,0.37034593960715334,0
BOOK-128453,0.37034593960715334,0
BOOK-177196,0.37034593960715334,0
BOOK-140001,0.37034593960715334,0
BOOK-149852,0.37034593960715334,0
BOOK-162769,0.37034593960715334,0
BOOK-113460,0.37034593960715334,0
BOOK-203497,0.37034593960715334,0
BOOK-110488,0.37034593960715334,0
BOOK-151438,0.37034593960715334,0
BOOK-205849,0.37034593960715334,0
BOOK-204885,0.37034593960715334,0
BOOK-164852,0.37034593960715334,0
BOOK-195257,0.37034593960715334,0
BOOK-121182,0.37034593960715334,0
BOOK-101420,0.37034593960715334,0
BOOK-119651,0.37034593960715334,0
BOOK-197063,0.37034593960715334,0
BOOK-197043,0.37034593960715334,0
BOOK-153066,0.37034593960715334,0
BOOK-130930,0.37034593960715334,0
BOOK-152038,0.37034593960715334,0
BOOK-218156,0.37034593960715334,0
BOOK-178876,0.37034593960715334,0
BOOK-192694,0.37034593960715334,0
BOOK-149278,0.37034593960715334,0
BOOK-121540,0.37034593960715334,0
BOOK-192873,0.37034593960715334,0
BOOK-218859,0.37034593960715334,0
BOOK-148483,0.37034593960715334,0
BOOK-209274,0.37034593960715334,0
BOOK-154079,0.37034593960715334,0
BOOK-179508,0.37034593960715334,0
BOOK-140462,0.37034593960715334,0
BOOK-159211,0.37034593960715334,0
BOOK-176865,0.37034593960715334,0
BOOK-158048,0.37034593960715334,0
BOOK-168038,0.37034593960715334,0
BOOK-138598,0.37034593960715334,0
BOOK-216113,0.37034593960715334,0
BOOK-102043,0.37034593960715334,0
BOOK-205166,0.37034593960715334,0
BOOK-206608,0.37034593960715334,0
BOOK-209541,0.37034593960715334,0
BOOK-110244,0.37034593960715334,0
BOOK-139522,0.37034593960715334,0
BOOK-104099,0.37034593960715334,0
BOOK-163197,0.37034593960715334,0
BOOK-177842,0.37034593960715334,0
BOOK-119273,0.37034593960715334,0
BOOK-187144,0.37034593960715334,0
BOOK-201180,0.37034593960715334,0
BOOK-177552,0.37034593960715334,0
BOOK-183718,0.37034593960715334,0
BOOK-140229,0.37034593960715334,0
BOOK-153236,0.37034593960715334,0
BOOK-144944,0.37034593960715334,0
BOOK-157905,0.37034593960715334,0
BOOK-109057,0.37034593960715334,0
BOOK-171951,0.37034593960715334,0
BOOK-180300,0.37034593960715334,0
BOOK-196182,0.37034593960715334,0
BOOK-157972,0.37034593960715334,0
BOOK-181067,0.37034593960715334,0
BOOK-135219,0.37034593960715334,0
BOOK-114550,0.37034593960715334,0
BOOK-119650,0.37034593960715334,0
BOOK-178156,0.37034593960715334,0
BOOK-218882,0.37034593960715334,0
BOOK-155058,0.37034593960715334,0
BOOK-139855,0.37034593960715334,0
BOOK-208593,0.37034593960715334,0
BOOK-157561,0.37034593960715334,0
BOOK-147557,0.37034593960715334,0
BOOK-156817,0.37034593960715334,0
BOOK-187877,0.37034593960715334,0
BOOK-146543,0.37034593960715334,0
BOOK-114839,0.37034593960715334,0
BOOK-197794,0.37034593960715334,0
BOOK-114541,0.37034593960715334,0
BOOK-155302,0.37034593960715334,0
BOOK-105712,0.37034593960715334,0
BOOK-141609,0.37034593960715334,0
BOOK-203771,0.37034593960715334,0
BOOK-197674,0.37034593960715334,0
BOOK-161273,0.37034593960715334,0
BOOK-134855,0.37034593960715334,0
BOOK-143153,0.37034593960715334,0
BOOK-219036,0.37034593960715334,0
BOOK-191185,0.37034593960715334,0
BOOK-107972,0.37034593960715334,0
BOOK-128460,0.37034593960715334,0
BOOK-172143,0.37034593960715334,0
BOOK-197090,0.37034593960715334,0
BOOK-122814,0.37034593960715334,0
BOOK-153637,0.37034593960715334,0
BOOK-133770,0.37034593960715334,0
BOOK-114313,0.37034593960715334,0
BOOK-171071,0.37034593960715334,0
BOOK-182879,0.37034593960715334,0
BOOK-160582,0.37034593960715334,0
BOOK-180754,0.37034593960715334,0
BOOK-185724,0.37034593960715334,0
BOOK-214195,0.37034593960715334,0
BOOK-110335,0.37034593960715334,0
BOOK-140419,0.37034593960715334,0
BOOK-195977,0.37034593960715334,0
BOOK-204395,0.37034593960715334,0
BOOK-182379,0.37034593960715334,0
BOOK-102917,0.37034593960715334,0
BOOK-198308,0.37034593960715334,0
BOOK-153680,0.37034593960715334,0
BOOK-111028,0.37034593960715334,0
BOOK-204712,0.37034593960715334,0
BOOK-100707,0.37034593960715334,0
BOOK-170905,0.37034593960715334,0
BOOK-102471,0.37034593960715334,0
BOOK-173823,0.37034593960715334,0
BOOK-123497,0.37034593960715334,0
BOOK-189555,0.37034593960715334,0
BOOK-218445,0.37034593960715334,0
BOOK-211255,0.37034593960715334,0
BOOK-155854,0.37034593960715334,0
BOOK-193120,0.37034593960715334,0
BOOK-192783,0.37034593960715334,0
BOOK-126679,0.37034593960715334,0
BOOK-122935,0.37034593960715334,0
BOOK-175893,0.37034593960715334,0
BOOK-188052,0.37034593960715334,0
BOOK-156637,0.37034593960715334,0
BOOK-137708,0.37034593960715334,0
BOOK-174254,0.37034593960715334,0
BOOK-159022,0.37034593960715334,0
BOOK-148951,0.37034593960715334,0
BOOK-171467,0.37034593960715334,0
BOOK-212231,0.37034593960715334,0
BOOK-176123,0.37034593960715334,0
BOOK-136373,0.37034593960715334,0
BOOK-127826,0.37034593960715334,0
BOOK-168439,0.37034593960715334,0
BOOK-143184,0.37034593960715334,0
BOOK-190353,0.37034593960715334,0
BOOK-162619,0.37034593960715334,0
BOOK-145394,0.37034593960715334,0
BOOK-171449,0.37034593960715334,0
BOOK-212098,0.37034593960715334,0
BOOK-125730,0.37034593960715334,0
BOOK-118947,0.37034593960715334,0
BOOK-171307,0.37034593960715334,0
BOOK-172025,0.37034593960715334,0
BOOK-138295,0.37034593960715334,0
BOOK-170837,0.37034593960715334,0
BOOK-137265,0.37034593960715334,0
BOOK-125859,0.37034593960715334,0
BOOK-138347,0.37034593960715334,0
BOOK-143598,0.37034593960715334,0
BOOK-148428,0.37034593960715334,0
BOOK-188280,0.37034593960715334,0
BOOK-163061,0.37034593960715334,0
BOOK-113239,0.37034593960715334,0
BOOK-191873,0.37034593960715334,0
BOOK-121047,0.37034593960715334,0
BOOK-210011,0.37034593960715334,0
BOOK-185590,0.37034593960715334,0
BOOK-173110,0.37034593960715334,0
BOOK-170894,0.37034593960715334,0
BOOK-167114,0.37034593960715334,0
BOOK-104033,0.37034593960715334,0
BOOK-159348,0.37034593960715334,0
BOOK-103374,0.37034593960715334,0
BOOK-122552,0.37034593960715334,0
BOOK-154379,0.37034593960715334,0
BOOK-101892,0.37034593960715334,0
BOOK-109413,0.37034593960715334,0
BOOK-114170,0.37034593960715334,0
BOOK-209895,0.37034593960715334,0
BOOK-204661,0.37034593960715334,0
BOOK-144166,0.37034593960715334,0
BOOK-181042,0.37034593960715334,0
BOOK-140715,0.37034593960715334,0
BOOK-144061,0.37034593960715334,0
BOOK-199994,0.37034593960715334,0
BOOK-156821,0.37034593960715334,0
BOOK-116027,0.37034593960715334,0
BOOK-134178,0.37034593960715334,0
BOOK-199937,0.37034593960715334,0
BOOK-134202,0.37034593960715334,0
BOOK-209709,0.37034593960715334,0
BOOK-168795,0.37034593960715334,0
BOOK-214089,0.37034593960715334,0
BOOK-207149,0.37034593960715334,0
BOOK-205921,0.37034593960715334,0
BOOK-124397,0.37034593960715334,0
BOOK-119937,0.37034593960715334,0
BOOK-172099,0.37034593960715334,0
BOOK-184377,0.37034593960715334,0
BOOK-173919,0.37034593960715334,0
BOOK-105689,0.37034593960715334,0
BOOK-197543,0.37034593960715334,0
BOOK-198212,0.37034593960715334,0
BOOK-146752,0.37034593960715334,0
BOOK-180129,0.37034593960715334,0
BOOK-209318,0.37034593960715334,0
BOOK-101158,0.37034593960715334,0
BOOK-125259,0.37034593960715334,0
BOOK-160466,0.37034593960715334,0
BOOK-187444,0.37034593960715334,0
BOOK-123724,0.37034593960715334,0
BOOK-194629,0.37034593960715334,0
BOOK-179228,0.37034593960715334,0
BOOK-107139,0.37034593960715334,0
BOOK-115218,0.37034593960715334,0
BOOK-115795,0.37034593960715334,0
BOOK-173991,0.37034593960715334,0
BOOK-187002,0.37034593960715334,0
BOOK-208676,0.37034593960715334,0
BOOK-196485,0.37034593960715334,0
BOOK-199056,0.37034593960715334,0
BOOK-146920,0.37034593960715334,0
BOOK-198036,0.37034593960715334,0
BOOK-108053,0.37034593960715334,0
BOOK-207185,0.37034593960715334,0
BOOK-175680,0.37034593960715334,0
BOOK-111538,0.37034593960715334,0
BOOK-136540,0.37034593960715334,0
BOOK-114209,0.37034593960715334,0
BOOK-163045,0.37034593960715334,0
BOOK-211317,0.37034593960715334,0
BOOK-162056,0.37034593960715334,0
BOOK-129262,0.37034593960715334,0
BOOK-126861,0.37034593960715334,0
BOOK-129432,0.37034593960715334,0
BOOK-159329,0.37034593960715334,0
BOOK-187455,0.37034593960715334,0
BOOK-128728,0.37034593960715334,0
BOOK-143784,0.37034593960715334,0
BOOK-165727,0.37034593960715334,0
BOOK-189855,0.37034593960715334,0
BOOK-167330,0.37034593960715334,0
BOOK-147533,0.37034593960715334,0
BOOK-147124,0.37034593960715334,0
BOOK-212781,0.37034593960715334,0
BOOK-119821,0.37034593960715334,0
BOOK-122015,0.37034593960715334,0
BOOK-219357,0.37034593960715334,0
BOOK-105050,0.37034593960715334,0
BOOK-120763,0.37034593960715334,0
BOOK-203579,0.37034593960715334,0
BOOK-123907,0.37034593960715334,0
BOOK-144466,0.37034593960715334,0
BOOK-131005,0.37034593960715334,0
BOOK-122380,0.37034593960715334,0
BOOK-197662,0.37034593960715334,0
BOOK-190571,0.37034593960715334,0
BOOK-203176,0.37034593960715334,0
BOOK-101222,0.37034593960715334,0
BOOK-127269,0.37034593960715334,0
BOOK-106696,0.37034593960715334,0
BOOK-171324,0.37034593960715334,0
BOOK-106647,0.37034593960715334,0
BOOK-110757,0.37034593960715334,0
BOOK-172107,0.37034593960715334,0
BOOK-206678,0.37034593960715334,0
BOOK-121004,0.37034593960715334,0
BOOK-203937,0.37034593960715334,0
BOOK-108950,0.37034593960715334,0
BOOK-156592,0.37034593960715334,0
BOOK-216024,0.37034593960715334,0
BOOK-169268,0.37034593960715334,0
BOOK-141843,0.37034593960715334,0
BOOK-106239,0.37034593960715334,0
BOOK-156463,0.37034593960715334,0
BOOK-196610,0.37034593960715334,0
BOOK-151989,0.37034593960715334,0
BOOK-200512,0.37034593960715334,0
BOOK-109701,0.37034593960715334,0
BOOK-152167,0.37034593960715334,0
BOOK-161399,0.37034593960715334,0
BOOK-122621,0.37034593960715334,0
BOOK-218257,0.37034593960715334,0
BOOK-164406,0.37034593960715334,0
BOOK-196419,0.37034593960715334,0
BOOK-127027,0.37034593960715334,0
BOOK-124805,0.37034593960715334,0
BOOK-135292,0.37034593960715334,0
BOOK-111734,0.37034593960715334,0
BOOK-153797,0.37034593960715334,0
BOOK-204213,0.37034593960715334,0
BOOK-128835,0.37034593960715334,0
BOOK-208411,0.37034593960715334,0
BOOK-113964,0.37034593960715334,0
BOOK-121763,0.37034593960715334,0
BOOK-156896,0.37034593960715334,0
BOOK-140305,0.37034593960715334,0
BOOK-210584,0.37034593960715334,0
BOOK-117532,0.37034593960715334,0
BOOK-190098,0.37034593960715334,0
BOOK-181384,0.37034593960715334,0
BOOK-163446,0.37034593960715334,0
BOOK-177029,0.37034593960715334,0
BOOK-141090,0.37034593960715334,0
BOOK-173342,0.37034593960715334,0
BOOK-176630,0.37034593960715334,0
BOOK-154445,0.37034593960715334,0
BOOK-184468,0.37034593960715334,0
BOOK-171780,0.37034593960715334,0
BOOK-187971,0.37034593960715334,0
BOOK-199847,0.37034593960715334,0
BOOK-130539,0.37034593960715334,0
BOOK-121440,0.37034593960715334,0
BOOK-105958,0.37034593960715334,0
BOOK-113492,0.37034593960715334,0
BOOK-171136,0.37034593960715334,0
BOOK-163891,0.37034593960715334,0
BOOK-188597,0.37034593960715334,0
BOOK-115970,0.37034593960715334,0
BOOK-125705,0.37034593960715334,0
BOOK-175063,0.37034593960715334,0
BOOK-111021,0.37034593960715334,0
BOOK-117425,0.37034593960715334,0
BOOK-202134,0.37034593960715334,0
BOOK-116706,0.37034593960715334,0
BOOK-105850,0.37034593960715334,0
BOOK-134165,0.37034593960715334,0
BOOK-200349,0.37034593960715334,0
BOOK-145443,0.37034593960715334,0
BOOK-149411,0.37034593960715334,0
BOOK-163141,0.37034593960715334,0
BOOK-100526,0.37034593960715334,0
BOOK-211036,0.37034593960715334,0
BOOK-205678,0.37034593960715334,0
BOOK-213278,0.37034593960715334,0
BOOK-197939,0.37034593960715334,0
BOOK-204849,0.37034593960715334,0
BOOK-132324,0.37034593960715334,0
BOOK-118909,0.37034593960715334,0
BOOK-173762,0.37034593960715334,0
BOOK-103416,0.37034593960715334,0
BOOK-117534,0.37034593960715334,0
BOOK-158798,0.37034593960715334,0
BOOK-170773,0.37034593960715334,0
BOOK-204174,0.37034593960715334,0
BOOK-214075,0.37034593960715334,0
BOOK-187694,0.37034593960715334,0
BOOK-137510,0.37034593960715334,0
BOOK-173158,0.37034593960715334,0
BOOK-164328,0.37034593960715334,0
BOOK-104270,0.37034593960715334,0
BOOK-110374,0.37034593960715334,0
BOOK-191165,0.37034593960715334,0
BOOK-212015,0.37034593960715334,0
BOOK-110127,0.37034593960715334,0
BOOK-129412,0.37034593960715334,0
BOOK-173074,0.37034593960715334,0
BOOK-174451,0.37034593960715334,0
BOOK-110705,0.37034593960715334,0
BOOK-154411,0.37034593960715334,0
BOOK-103017,0.37034593960715334,0
BOOK-110063,0.37034593960715334,0
BOOK-205127,0.37034593960715334,0
BOOK-175393,0.37034593960715334,0
BOOK-207634,0.37034593960715334,0
BOOK-107491,0.37034593960715334,0
BOOK-128462,0.37034593960715334,0
BOOK-138484,0.37034593960715334,0
BOOK-134406,0.37034593960715334,0
BOOK-133060,0.37034593960715334,0
BOOK-186582,0.37034593960715334,0
BOOK-131879,0.37034593960715334,0
BOOK-184765,0.37034593960715334,0
BOOK-172892,0.37034593960715334,0
BOOK-187953,0.37034593960715334,0
BOOK-117388,0.37034593960715334,0
BOOK-117262,0.37034593960715334,0
BOOK-176329,0.37034593960715334,0
BOOK-106088,0.37034593960715334,0
BOOK-200705,0.37034593960715334,0
BOOK-213630,0.37034593960715334,0
BOOK-129499,0.37034593960715334,0
BOOK-124948,0.37034593960715334,0
BOOK-192209,0.37034593960715334,0
BOOK-216063,0.37034593960715334,0
BOOK-178564,0.37034593960715334,0
BOOK-139904,0.37034593960715334,0
BOOK-169644,0.37034593960715334,0
BOOK-157600,0.37034593960715334,0
BOOK-118689,0.37034593960715334,0
BOOK-140377,0.37034593960715334,0
BOOK-112735,0.37034593960715334,0
BOOK-138523,0.37034593960715334,0
BOOK-156951,0.37034593960715334,0
BOOK-164946,0.37034593960715334,0
BOOK-149012,0.37034593960715334,0
BOOK-213251,0.37034593960715334,0
BOOK-150441,0.37034593960715334,0
BOOK-186478,0.37034593960715334,0
BOOK-178349,0.37034593960715334,0
BOOK-192620,0.37034593960715334,0
BOOK-112625,0.37034593960715334,0
BOOK-163158,0.37034593960715334,0
BOOK-213932,0.37034593960715334,0
BOOK-147086,0.37034593960715334,0
BOOK-131201,0.37034593960715334,0
BOOK-205044,0.37034593960715334,0
BOOK-140181,0.37034593960715334,0
BOOK-206535,0.37034593960715334,0
BOOK-183665,0.37034593960715334,0
BOOK-111863,0.37034593960715334,0
BOOK-176486,0.37034593960715334,0
BOOK-184609,0.37034593960715334,0
BOOK-105583,0.37034593960715334,0
BOOK-213265,0.37034593960715334,0
BOOK-141612,0.37034593960715334,0
BOOK-206376,0.37034593960715334,0
BOOK-195197,0.37034593960715334,0
BOOK-129042,0.37034593960715334,0
BOOK-106109,0.37034593960715334,0
BOOK-160102,0.37034593960715334,0
BOOK-168197,0.37034593960715334,0
BOOK-107031,0.37034593960715334,0
BOOK-145033,0.37034593960715334,0
BOOK-142421,0.37034593960715334,0
BOOK-137431,0.37034593960715334,0
BOOK-213555,0.37034593960715334,0
BOOK-205820,0.37034593960715334,0
BOOK-117199,0.37034593960715334,0
BOOK-170338,0.37034593960715334,0
BOOK-200640,0.37034593960715334,0
BOOK-168638,0.37034593960715334,0
BOOK-193819,0.37034593960715334,0
BOOK-153514,0.37034593960715334,0
BOOK-107103,0.37034593960715334,0
BOOK-208086,0.37034593960715334,0
BOOK-197364,0.37034593960715334,0
BOOK-135094,0.37034593960715334,0
BOOK-156229,0.37034593960715334,0
BOOK-134644,0.37034593960715334,0
BOOK-128823,0.37034593960715334,0
BOOK-197268,0.37034593960715334,0
BOOK-112173,0.37034593960715334,0
BOOK-143712,0.37034593960715334,0
BOOK-155439,0.37034593960715334,0
BOOK-108314,0.37034593960715334,0
BOOK-126557,0.37034593960715334,0
BOOK-103288,0.37034593960715334,0
BOOK-171188,0.37034593960715334,0
BOOK-159922,0.37034593960715334,0
BOOK-134099,0.37034593960715334,0
BOOK-171597,0.37034593960715334,0
BOOK-113290,0.37034593960715334,0
BOOK-132818,0.37034593960715334,0
BOOK-129114,0.37034593960715334,0
BOOK-205276,0.37034593960715334,0
BOOK-170702,0.37034593960715334,0
BOOK-133835,0.37034593960715334,0
BOOK-202922,0.37034593960715334,0
BOOK-217565,0.37034593960715334,0
BOOK-184101,0.37034593960715334,0
BOOK-145195,0.37034593960715334,0
BOOK-214522,0.37034593960715334,0
BOOK-200396,0.37034593960715334,0
BOOK-190585,0.37034593960715334,0
BOOK-161409,0.37034593960715334,0
BOOK-143632,0.37034593960715334,0
BOOK-202501,0.37034593960715334,0
BOOK-201550,0.37034593960715334,0
BOOK-129000,0.37034593960715334,0
BOOK-169702,0.37034593960715334,0
BOOK-155948,0.37034593960715334,0
BOOK-212158,0.37034593960715334,0
BOOK-185311,0.37034593960715334,0
BOOK-203862,0.37034593960715334,0
BOOK-162370,0.37034593960715334,0
BOOK-108623,0.37034593960715334,0
BOOK-127446,0.37034593960715334,0
BOOK-128077,0.37034593960715334,0
BOOK-203561,0.37034593960715334,0
BOOK-117549,0.37034593960715334,0
BOOK-201890,0.37034593960715334,0
BOOK-143978,0.37034593960715334,0
BOOK-129434,0.37034593960715334,0
BOOK-186784,0.37034593960715334,0
BOOK-162055,0.37034593960715334,0
BOOK-188990,0.37034593960715334,0
BOOK-175082,0.37034593960715334,0
BOOK-106136,0.37034593960715334,0
BOOK-130073,0.37034593960715334,0
BOOK-121075,0.37034593960715334,0
BOOK-216459,0.37034593960715334,0
BOOK-132010,0.37034593960715334,0
BOOK-136613,0.37034593960715334,0
BOOK-116867,0.37034593960715334,0
BOOK-112437,0.37034593960715334,0
BOOK-100263,0.37034593960715334,0
BOOK-190747,0.37034593960715334,0
BOOK-186968,0.37034593960715334,0
BOOK-180871,0.37034593960715334,0
BOOK-120082,0.37034593960715334,0
BOOK-208138,0.37034593960715334,0
BOOK-156897,0.37034593960715334,0
BOOK-149565,0.37034593960715334,0
BOOK-203396,0.37034593960715334,0
BOOK-205149,0.37034593960715334,0
BOOK-194588,0.37034593960715334,0
BOOK-159688,0.37034593960715334,0
BOOK-130403,0.37034593960715334,0
BOOK-210721,0.37034593960715334,0
BOOK-207852,0.37034593960715334,0
BOOK-128302,0.37034593960715334,0
BOOK-197309,0.37034593960715334,0
BOOK-141119,0.37034593960715334,0
BOOK-123366,0.37034593960715334,0
BOOK-212023,0.37034593960715334,0
BOOK-192002,0.37034593960715334,0
BOOK-127226,0.37034593960715334,0
BOOK-202724,0.37034593960715334,0
BOOK-142447,0.37034593960715334,0
BOOK-154497,0.37034593960715334,0
BOOK-109567,0.37034593960715334,0
BOOK-111344,0.37034593960715334,0
BOOK-187677,0.37034593960715334,0
BOOK-150046,0.37034593960715334,0
BOOK-171160,0.37034593960715334,0
BOOK-104499,0.37034593960715334,0
BOOK-140812,0.37034593960715334,0
BOOK-174180,0.37034593960715334,0
BOOK-139182,0.37034593960715334,0
BOOK-182937,0.37034593960715334,0
BOOK-125025,0.37034593960715334,0
BOOK-172004,0.37034593960715334,0
BOOK-153142,0.37034593960715334,0
BOOK-204144,0.37034593960715334,0
BOOK-119424,0.37034593960715334,0
BOOK-183727,0.37034593960715334,0
BOOK-153342,0.37034593960715334,0
BOOK-135472,0.37034593960715334,0
BOOK-179108,0.37034593960715334,0
BOOK-212197,0.37034593960715334,0
BOOK-211788,0.37034593960715334,0
BOOK-158365,0.37034593960715334,0
BOOK-205694,0.37034593960715334,0
BOOK-193434,0.37034593960715334,0
BOOK-163877,0.37034593960715334,0
BOOK-148280,0.37034593960715334,0
BOOK-214168,0.37034593960715334,0
BOOK-135078,0.37034593960715334,0
BOOK-156213,0.37034593960715334,0
BOOK-141140,0.37034593960715334,0
BOOK-153031,0.37034593960715334,0
BOOK-190872,0.37034593960715334,0
BOOK-134478,0.37034593960715334,0
BOOK-116067,0.37034593960715334,0
BOOK-122345,0.37034593960715334,0
BOOK-162601,0.37034593960715334,0
BOOK-182169,0.37034593960715334,0
BOOK-197442,0.37034593960715334,0
BOOK-159730,0.37034593960715334,0
BOOK-201106,0.37034593960715334,0
BOOK-141934,0.37034593960715334,0
BOOK-173972,0.37034593960715334,0
BOOK-185310,0.37034593960715334,0
BOOK-138847,0.37034593960715334,0
BOOK-195215,0.37034593960715334,0
BOOK-163614,0.37034593960715334,0
BOOK-126739,0.37034593960715334,0
BOOK-103354,0.37034593960715334,0
BOOK-114535,0.37034593960715334,0
BOOK-144235,0.37034593960715334,0
BOOK-141990,0.37034593960715334,0
BOOK-104274,0.37034593960715334,0
BOOK-186898,0.37034593960715334,0
BOOK-151826,0.37034593960715334,0
BOOK-170575,0.37034593960715334,0
BOOK-159539,0.37034593960715334,0
BOOK-124210,0.37034593960715334,0
BOOK-167495,0.37034593960715334,0
BOOK-202010,0.37034593960715334,0
BOOK-175123,0.37034593960715334,0
BOOK-166400,0.37034593960715334,0
BOOK-130794,0.37034593960715334,0
BOOK-219202,0.37034593960715334,0
BOOK-211119,0.37034593960715334,0
BOOK-217013,0.37034593960715334,0
BOOK-176906,0.37034593960715334,0
BOOK-101061,0.37034593960715334,0
BOOK-159249,0.37034593960715334,0
BOOK-200147,0.37034593960715334,0
BOOK-217819,0.37034593960715334,0
BOOK-124058,0.37034593960715334,0
BOOK-127351,0.37034593960715334,0
BOOK-103954,0.37034593960715334,0
BOOK-208756,0.37034593960715334,0
BOOK-132650,0.37034593960715334,0
BOOK-142232,0.37034593960715334,0
BOOK-128201,0.37034593960715334,0
BOOK-119592,0.37034593960715334,0
BOOK-154594,0.37034593960715334,0
BOOK-194985,0.37034593960715334,0
BOOK-161377,0.37034593960715334,0
BOOK-144444,0.37034593960715334,0
BOOK-116385,0.37034593960715334,0
BOOK-179698,0.37034593960715334,0
BOOK-139067,0.37034593960715334,0
BOOK-123877,0.37034593960715334,0
BOOK-154895,0.37034593960715334,0
BOOK-207148,0.37034593960715334,0
BOOK-115467,0.37034593960715334,0
BOOK-132477,0.37034593960715334,0
BOOK-168926,0.37034593960715334,0
BOOK-161381,0.37034593960715334,0
BOOK-188958,0.37034593960715334,0
BOOK-181031,0.37034593960715334,0
BOOK-196587,0.37034593960715334,0
BOOK-209179,0.37034593960715334,0
BOOK-104221,0.37034593960715334,0
BOOK-200068,0.37034593960715334,0
BOOK-162902,0.37034593960715334,0
BOOK-119615,0.37034593960715334,0
BOOK-204855,0.37034593960715334,0
BOOK-190586,0.37034593960715334,0
BOOK-134218,0.37034593960715334,0
BOOK-136673,0.37034593960715334,0
BOOK-100985,0.37034593960715334,0
BOOK-162090,0.37034593960715334,0
BOOK-104858,0.37034593960715334,0
BOOK-203225,0.37034593960715334,0
BOOK-162183,0.37034593960715334,0
BOOK-115442,0.37034593960715334,0
BOOK-212097,0.37034593960715334,0
BOOK-191346,0.37034593960715334,0
BOOK-129595,0.37034593960715334,0
BOOK-209366,0.37034593960715334,0
BOOK-152561,0.37034593960715334,0
BOOK-188333,0.37034593960715334,0
BOOK-183948,0.37034593960715334,0
BOOK-212710,0.37034593960715334,0
BOOK-117129,0.37034593960715334,0
BOOK-155519,0.37034593960715334,0
BOOK-189238,0.37034593960715334,0
BOOK-203020,0.37034593960715334,0
BOOK-135804,0.37034593960715334,0
BOOK-199577,0.37034593960715334,0
BOOK-184360,0.37034593960715334,0
BOOK-202132,0.37034593960715334,0
BOOK-137063,0.37034593960715334,0
BOOK-185521,0.37034593960715334,0
BOOK-119940,0.37034593960715334,0
BOOK-143696,0.37034593960715334,0
BOOK-165393,0.37034593960715334,0
BOOK-163862,0.37034593960715334,0
BOOK-219028,0.37034593960715334,0
BOOK-135329,0.37034593960715334,0
BOOK-103577,0.37034593960715334,0
BOOK-169176,0.37034593960715334,0
BOOK-214641,0.37034593960715334,0
BOOK-200953,0.37034593960715334,0
BOOK-106857,0.37034593960715334,0
BOOK-199582,0.37034593960715334,0
BOOK-141674,0.37034593960715334,0
BOOK-130987,0.37034593960715334,0
BOOK-156124,0.37034593960715334,0
BOOK-203045,0.37034593960715334,0
BOOK-172100,0.37034593960715334,0
BOOK-158846,0.37034593960715334,0
BOOK-178291,0.37034593960715334,0
BOOK-187856,0.37034593960715334,0
BOOK-213216,0.37034593960715334,0
BOOK-207990,0.37034593960715334,0
BOOK-184071,0.37034593960715334,0
BOOK-153962,0.37034593960715334,0
BOOK-206248,0.37034593960715334,0
BOOK-140721,0.37034593960715334,0
BOOK-195289,0.37034593960715334,0
BOOK-196576,0.37034593960715334,0
BOOK-132147,0.37034593960715334,0
BOOK-140930,0.37034593960715334,0
BOOK-142093,0.37034593960715334,0
BOOK-198942,0.37034593960715334,0
BOOK-123385,0.37034593960715334,0
BOOK-159370,0.37034593960715334,0
BOOK-162199,0.37034593960715334,0
BOOK-114735,0.37034593960715334,0
BOOK-202174,0.37034593960715334,0
BOOK-204048,0.37034593960715334,0
BOOK-128507,0.37034593960715334,0
BOOK-201181,0.37034593960715334,0
BOOK-216898,0.37034593960715334,0
BOOK-121516,0.37034593960715334,0
BOOK-155465,0.37034593960715334,0
BOOK-158534,0.37034593960715334,0
BOOK-121545,0.37034593960715334,0
BOOK-202520,0.37034593960715334,0
BOOK-152546,0.37034593960715334,0
BOOK-180079,0.37034593960715334,0
BOOK-162550,0.37034593960715334,0
BOOK-178055,0.37034593960715334,0
BOOK-134974,0.37034593960715334,0
BOOK-123981,0.37034593960715334,0
BOOK-188039,0.37034593960715334,0
BOOK-141179,0.37034593960715334,0
BOOK-193451,0.37034593960715334,0
BOOK-133046,0.37034593960715334,0
BOOK-109261,0.37034593960715334,0
BOOK-197271,0.37034593960715334,0
BOOK-122329,0.37034593960715334,0
BOOK-103708,0.37034593960715334,0
BOOK-172240,0.37034593960715334,0
BOOK-195791,0.37034593960715334,0
BOOK-150321,0.37034593960715334,0
BOOK-179249,0.37034593960715334,0
BOOK-211735,0.37034593960715334,0
BOOK-167868,0.37034593960715334,0
BOOK-124459,0.37034593960715334,0
BOOK-100166,0.37034593960715334,0
BOOK-211447,0.37034593960715334,0
BOOK-113039,0.37034593960715334,0
BOOK-144865,0.37034593960715334,0
BOOK-187030,0.37034593960715334,0
BOOK-185919,0.37034593960715334,0
BOOK-144110,0.37034593960715334,0
BOOK-106359,0.37034593960715334,0
BOOK-197453,0.37034593960715334,0
BOOK-177590,0.37034593960715334,0
BOOK-139894,0.37034593960715334,0
BOOK-217786,0.37034593960715334,0
BOOK-195778,0.37034593960715334,0
BOOK-111204,0.37034593960715334,0
BOOK-124766,0.37034593960715334,0
BOOK-176020,0.37034593960715334,0
BOOK-129883,0.37034593960715334,0
BOOK-139001,0.37034593960715334,0
BOOK-208747,0.37034593960715334,0
BOOK-113804,0.37034593960715334,0
BOOK-163938,0.37034593960715334,0
BOOK-113874,0.37034593960715334,0
BOOK-120660,0.37034593960715334,0
BOOK-148187,0.37034593960715334,0
BOOK-179647,0.37034593960715334,0
BOOK-216574,0.37034593960715334,0
BOOK-200850,0.37034593960715334,0
BOOK-101409,0.37034593960715334,0
BOOK-185392,0.37034593960715334,0
BOOK-100444,0.37034593960715334,0
BOOK-110995,0.37034593960715334,0
BOOK-164539,0.37034593960715334,0
BOOK-143950,0.37034593960715334,0
BOOK-126405,0.37034593960715334,0
BOOK-111414,0.37034593960715334,0
BOOK-108974,0.37034593960715334,0
BOOK-212838,0.37034593960715334,0
BOOK-143268,0.37034593960715334,0
BOOK-100989,0.37034593960715334,0
BOOK-158545,0.37034593960715334,0
BOOK-165656,0.37034593960715334,0
BOOK-150953,0.37034593960715334,0
BOOK-136489,0.37034593960715334,0
BOOK-173774,0.37034593960715334,0
BOOK-139341,0.37034593960715334,0
BOOK-171855,0.37034593960715334,0
BOOK-148963,0.37034593960715334,0
BOOK-164799,0.37034593960715334,0
BOOK-170148,0.37034593960715334,0
BOOK-154158,0.37034593960715334,0
BOOK-124511,0.37034593960715334,0
BOOK-103997,0.37034593960715334,0
BOOK-107181,0.37034593960715334,0
BOOK-155490,0.37034593960715334,0
BOOK-180519,0.37034593960715334,0
BOOK-175089,0.37034593960715334,0
BOOK-180867,0.37034593960715334,0
BOOK-136560,0.37034593960715334,0
BOOK-153820,0.37034593960715334,0
BOOK-129510,0.37034593960715334,0
BOOK-179032,0.37034593960715334,0
BOOK-208123,0.37034593960715334,0
BOOK-143025,0.37034593960715334,0
BOOK-185100,0.37034593960715334,0
BOOK-146486,0.37034593960715334,0
BOOK-170888,0.37034593960715334,0
BOOK-211408,0.37034593960715334,0
BOOK-182847,0.37034593960715334,0
BOOK-213647,0.37034593960715334,0
BOOK-150002,0.37034593960715334,0
BOOK-135205,0.37034593960715334,0
BOOK-162835,0.37034593960715334,0
BOOK-114864,0.37034593960715334,0
BOOK-127903,0.37034593960715334,0
BOOK-112591,0.37034593960715334,0
BOOK-159461,0.37034593960715334,0
BOOK-174147,0.37034593960715334,0
BOOK-102789,0.37034593960715334,0
BOOK-169826,0.37034593960715334,0
BOOK-199496,0.37034593960715334,0
BOOK-204167,0.37034593960715334,0
BOOK-156384,0.37034593960715334,0
BOOK-105699,0.37034593960715334,0
BOOK-213139,0.37034593960715334,0
BOOK-215967,0.37034593960715334,0
BOOK-169291,0.37034593960715334,0
BOOK-209921,0.37034593960715334,0
BOOK-100353,0.37034593960715334,0
BOOK-120123,0.37034593960715334,0
BOOK-140803,0.37034593960715334,0
BOOK-141759,0.37034593960715334,0
BOOK-185030,0.37034593960715334,0
BOOK-205152,0.37034593960715334,0
BOOK-105621,0.37034593960715334,0
BOOK-185156,0.37034593960715334,0
BOOK-167896,0.37034593960715334,0
BOOK-177340,0.37034593960715334,0
BOOK-126042,0.37034593960715334,0
BOOK-188381,0.37034593960715334,0
BOOK-144023,0.37034593960715334,0
BOOK-201642,0.37034593960715334,0
BOOK-100998,0.37034593960715334,0
BOOK-180922,0.37034593960715334,0
BOOK-171003,0.37034593960715334,0
BOOK-168749,0.37034593960715334,0
BOOK-150082,0.37034593960715334,0
BOOK-184313,0.37034593960715334,0
BOOK-215814,0.37034593960715334,0
BOOK-137391,0.37034593960715334,0
BOOK-148273,0.37034593960715334,0
BOOK-102564,0.37034593960715334,0
BOOK-175125,0.37034593960715334,0
BOOK-114704,0.37034593960715334,0
BOOK-123171,0.37034593960715334,0
BOOK-209487,0.37034593960715334,0
BOOK-184331,0.37034593960715334,0
BOOK-128313,0.37034593960715334,0
BOOK-105300,0.37034593960715334,0
BOOK-100055,0.37034593960715334,0
BOOK-100265,0.37034593960715334,0
BOOK-187185,0.37034593960715334,0
BOOK-129533,0.37034593960715334,0
BOOK-161184,0.37034593960715334,0
BOOK-104114,0.37034593960715334,0
BOOK-101653,0.37034593960715334,0
BOOK-208033,0.37034593960715334,0
BOOK-115783,0.37034593960715334,0
BOOK-113116,0.37034593960715334,0
BOOK-112525,0.37034593960715334,0
BOOK-142163,0.37034593960715334,0
BOOK-195905,0.37034593960715334,0
BOOK-185197,0.37034593960715334,0
BOOK-142835,0.37034593960715334,0
BOOK-164140,0.37034593960715334,0
BOOK-103160,0.37034593960715334,0
BOOK-125378,0.37034593960715334,0
BOOK-116541,0.37034593960715334,0
BOOK-139156,0.37034593960715334,0
BOOK-127444,0.37034593960715334,0
BOOK-120121,0.37034593960715334,0
BOOK-156055,0.37034593960715334,0
BOOK-120043,0.37034593960715334,0
BOOK-141593,0.37034593960715334,0
BOOK-190199,0.37034593960715334,0
BOOK-183262,0.37034593960715334,0
BOOK-152441,0.37034593960715334,0
BOOK-190851,0.37034593960715334,0
BOOK-176090,0.37034593960715334,0
BOOK-177509,0.37034593960715334,0
BOOK-125934,0.37034593960715334,0
BOOK-168845,0.37034593960715334,0
BOOK-138991,0.37034593960715334,0
BOOK-140099,0.37034593960715334,0
BOOK-172547,0.37034593960715334,0
BOOK-193393,0.37034593960715334,0
BOOK-176432,0.37034593960715334,0
BOOK-141120,0.37034593960715334,0
BOOK-160873,0.37034593960715334,0
BOOK-206931,0.37034593960715334,0
BOOK-115139,0.37034593960715334,0
BOOK-184156,0.37034593960715334,0
BOOK-169467,0.37034593960715334,0
BOOK-118777,0.37034593960715334,0
BOOK-161348,0.37034593960715334,0
BOOK-111099,0.37034593960715334,0
BOOK-125918,0.37034593960715334,0
BOOK-188588,0.37034593960715334,0
BOOK-189910,0.37034593960715334,0
BOOK-101534,0.37034593960715334,0
BOOK-205750,0.37034593960715334,0
BOOK-199629,0.37034593960715334,0
BOOK-163044,0.37034593960715334,0
BOOK-131468,0.37034593960715334,0
BOOK-175309,0.37034593960715334,0
BOOK-109891,0.37034593960715334,0
BOOK-160476,0.37034593960715334,0
BOOK-108410,0.37034593960715334,0
BOOK-203515,0.37034593960715334,0
BOOK-161531,0.37034593960715334,0
BOOK-159906,0.37034593960715334,0
BOOK-203717,0.37034593960715334,0
BOOK-184111,0.37034593960715334,0
BOOK-167789,0.37034593960715334,0
BOOK-114674,0.37034593960715334,0
BOOK-203251,0.37034593960715334,0
BOOK-136081,0.37034593960715334,0
BOOK-108657,0.37034593960715334,0
BOOK-205392,0.37034593960715334,0
BOOK-130012,0.37034593960715334,0
BOOK-191294,0.37034593960715334,0
BOOK-122471,0.37034593960715334,0
BOOK-177140,0.37034593960715334,0
BOOK-182433,0.37034593960715334,0
BOOK-105873,0.37034593960715334,0
BOOK-175321,0.37034593960715334,0
BOOK-160552,0.37034593960715334,0
BOOK-105327,0.37034593960715334,0
BOOK-206149,0.37034593960715334,0
BOOK-134772,0.37034593960715334,0
BOOK-212457,0.37034593960715334,0
BOOK-170838,0.37034593960715334,0
BOOK-203917,0.37034593960715334,0
BOOK-186452,0.37034593960715334,0
BOOK-113393,0.37034593960715334,0
BOOK-207426,0.37034593960715334,0
BOOK-165093,0.37034593960715334,0
BOOK-135285,0.37034593960715334,0
BOOK-108954,0.37034593960715334,0
BOOK-145377,0.37034593960715334,0
BOOK-211396,0.37034593960715334,0
BOOK-124579,0.37034593960715334,0
BOOK-113241,0.37034593960715334,0
BOOK-144342,0.37034593960715334,0
BOOK-185625,0.37034593960715334,0
BOOK-157208,0.37034593960715334,0
BOOK-180252,0.37034593960715334,0
BOOK-140446,0.37034593960715334,0
BOOK-162404,0.37034593960715334,0
BOOK-215987,0.37034593960715334,0
BOOK-215470,0.37034593960715334,0
BOOK-107013,0.37034593960715334,0
BOOK-213288,0.37034593960715334,0
BOOK-193220,0.37034593960715334,0
BOOK-145609,0.37034593960715334,0
BOOK-139901,0.37034593960715334,0
BOOK-181285,0.37034593960715334,0
BOOK-142136,0.37034593960715334,0
BOOK-105372,0.37034593960715334,0
BOOK-108387,0.37034593960715334,0
BOOK-207074,0.37034593960715334,0
BOOK-179648,0.37034593960715334,0
BOOK-162009,0.37034593960715334,0
BOOK-153191,0.37034593960715334,0
BOOK-120126,0.37034593960715334,0
BOOK-176683,0.37034593960715334,0
BOOK-129074,0.37034593960715334,0
BOOK-209014,0.37034593960715334,0
BOOK-211005,0.37034593960715334,0
BOOK-124044,0.37034593960715334,0
BOOK-200727,0.37034593960715334,0
BOOK-142509,0.37034593960715334,0
BOOK-175963,0.37034593960715334,0
BOOK-205544,0.37034593960715334,0
BOOK-203653,0.37034593960715334,0
BOOK-173023,0.37034593960715334,0
BOOK-137635,0.37034593960715334,0
BOOK-157358,0.37034593960715334,0
BOOK-115395,0.37034593960715334,0
BOOK-172924,0.37034593960715334,0
BOOK-166905,0.37034593960715334,0
BOOK-141462,0.37034593960715334,0
BOOK-160576,0.37034593960715334,0
BOOK-210932,0.37034593960715334,0
BOOK-111044,0.37034593960715334,0
BOOK-125943,0.37034593960715334,0
BOOK-183171,0.37034593960715334,0
BOOK-164640,0.37034593960715334,0
BOOK-207146,0.37034593960715334,0
BOOK-160668,0.37034593960715334,0
BOOK-213722,0.37034593960715334,0
BOOK-102270,0.37034593960715334,0
BOOK-214450,0.37034593960715334,0
BOOK-176999,0.37034593960715334,0
BOOK-216630,0.37034593960715334,0
BOOK-172532,0.37034593960715334,0
BOOK-175765,0.37034593960715334,0
BOOK-170834,0.37034593960715334,0
BOOK-117937,0.37034593960715334,0
BOOK-136651,0.37034593960715334,0
BOOK-118397,0.37034593960715334,0
BOOK-128176,0.37034593960715334,0
BOOK-114257,0.37034593960715334,0
BOOK-158206,0.37034593960715334,0
BOOK-131111,0.37034593960715334,0
BOOK-100416,0.37034593960715334,0
BOOK-133100,0.37034593960715334,0
BOOK-194875,0.37034593960715334,0
BOOK-191501,0.37034593960715334,0
BOOK-104310,0.37034593960715334,0
BOOK-199913,0.37034593960715334,0
BOOK-130573,0.37034593960715334,0
BOOK-210048,0.37034593960715334,0
BOOK-175498,0.37034593960715334,0
BOOK-211058,0.37034593960715334,0
BOOK-121794,0.37034593960715334,0
BOOK-185213,0.37034593960715334,0
BOOK-207245,0.37034593960715334,0
BOOK-213738,0.37034593960715334,0
BOOK-109868,0.37034593960715334,0
BOOK-184543,0.37034593960715334,0
BOOK-152672,0.37034593960715334,0
BOOK-172371,0.37034593960715334,0
BOOK-134336,0.37034593960715334,0
BOOK-100723,0.37034593960715334,0
BOOK-219273,0.37034593960715334,0
BOOK-174203,0.37034593960715334,0
BOOK-133664,0.37034593960715334,0
BOOK-159603,0.37034593960715334,0
BOOK-107917,0.37034593960715334,0
BOOK-174263,0.37034593960715334,0
BOOK-201557,0.37034593960715334,0
BOOK-161376,0.37034593960715334,0
BOOK-183029,0.37034593960715334,0
BOOK-197204,0.37034593960715334,0
BOOK-136731,0.37034593960715334,0
BOOK-146274,0.37034593960715334,0
BOOK-217655,0.37034593960715334,0
BOOK-189914,0.37034593960715334,0
BOOK-146911,0.37034593960715334,0
BOOK-203314,0.37034593960715334,0
BOOK-190133,0.37034593960715334,0
BOOK-110046,0.37034593960715334,0
BOOK-128931,0.37034593960715334,0
BOOK-212465,0.37034593960715334,0
BOOK-162165,0.37034593960715334,0
BOOK-103182,0.37034593960715334,0
BOOK-127567,0.37034593960715334,0
BOOK-215828,0.37034593960715334,0
BOOK-124344,0.37034593960715334,0
BOOK-145816,0.37034593960715334,0
BOOK-205184,0.37034593960715334,0
BOOK-106822,0.37034593960715334,0
BOOK-193728,0.37034593960715334,0
BOOK-111353,0.37034593960715334,0
BOOK-167617,0.37034593960715334,0
BOOK-147834,0.37034593960715334,0
BOOK-161334,0.37034593960715334,0
BOOK-191933,0.37034593960715334,0
BOOK-107171,0.37034593960715334,0
BOOK-153300,0.37034593960715334,0
BOOK-180891,0.37034593960715334,0
BOOK-175323,0.37034593960715334,0
BOOK-171262,0.37034593960715334,0
BOOK-191060,0.37034593960715334,0
BOOK-169428,0.37034593960715334,0
BOOK-142203,0.37034593960715334,0
BOOK-215600,0.37034593960715334,0
BOOK-124012,0.37034593960715334,0
BOOK-109177,0.37034593960715334,0
BOOK-158145,0.37034593960715334,0
BOOK-159351,0.37034593960715334,0
BOOK-215358,0.37034593960715334,0
BOOK-155993,0.37034593960715334,0
BOOK-208713,0.37034593960715334,0
BOOK-147397,0.37034593960715334,0
BOOK-198063,0.37034593960715334,0
BOOK-165168,0.37034593960715334,0
BOOK-216515,0.37034593960715334,0
BOOK-214109,0.37034593960715334,0
BOOK-117042,0.37034593960715334,0
BOOK-144842,0.37034593960715334,0
BOOK-105896,0.37034593960715334,0
BOOK-134463,0.37034593960715334,0
BOOK-150573,0.37034593960715334,0
BOOK-139199,0.37034593960715334,0
BOOK-139751,0.37034593960715334,0
BOOK-150891,0.37034593960715334,0
BOOK-105160,0.37034593960715334,0
BOOK-218042,0.37034593960715334,0
BOOK-175292,0.37034593960715334,0
BOOK-180482,0.37034593960715334,0
BOOK-154167,0.37034593960715334,0
BOOK-203353,0.37034593960715334,0
BOOK-202563,0.37034593960715334,0
BOOK-140933,0.37034593960715334,0
BOOK-185394,0.37034593960715334,0
BOOK-152675,0.37034593960715334,0
BOOK-120295,0.37034593960715334,0
BOOK-141040,0.37034593960715334,0
BOOK-150930,0.37034593960715334,0
BOOK-212415,0.37034593960715334,0
BOOK-210973,0.37034593960715334,0
BOOK-132289,0.37034593960715334,0
BOOK-180957,0.37034593960715334,0
BOOK-110180,0.37034593960715334,0
BOOK-110126,0.37034593960715334,0
BOOK-127474,0.37034593960715334,0
BOOK-196366,0.37034593960715334,0
BOOK-133606,0.37034593960715334,0
BOOK-157499,0.37034593960715334,0
BOOK-197552,0.37034593960715334,0
BOOK-110165,0.37034593960715334,0
BOOK-121759,0.37034593960715334,0
BOOK-143144,0.37034593960715334,0
BOOK-100934,0.37034593960715334,0
BOOK-106186,0.37034593960715334,0
BOOK-195448,0.37034593960715334,0
BOOK-153065,0.37034593960715334,0
BOOK-185548,0.37034593960715334,0
BOOK-209828,0.37034593960715334,0
BOOK-171535,0.37034593960715334,0
BOOK-217873,0.37034593960715334,0
BOOK-183190,0.37034593960715334,0
BOOK-162764,0.37034593960715334,0
BOOK-177375,0.37034593960715334,0
BOOK-191379,0.37034593960715334,0
BOOK-161127,0.37034593960715334,0
BOOK-192778,0.37034593960715334,0
BOOK-193983,0.37034593960715334,0
BOOK-190806,0.37034593960715334,0
BOOK-161346,0.37034593960715334,0
BOOK-157936,0.37034593960715334,0
BOOK-207799,0.37034593960715334,0
BOOK-145776,0.37034593960715334,0
BOOK-145644,0.37034593960715334,0
BOOK-132905,0.37034593960715334,0
BOOK-110323,0.37034593960715334,0
BOOK-207912,0.37034593960715334,0
BOOK-201960,0.37034593960715334,0
BOOK-205853,0.37034593960715334,0
BOOK-121337,0.37034593960715334,0
BOOK-148453,0.37034593960715334,0
BOOK-123331,0.37034593960715334,0
BOOK-155453,0.37034593960715334,0
BOOK-167426,0.37034593960715334,0
BOOK-168302,0.37034593960715334,0
BOOK-149907,0.37034593960715334,0
BOOK-154571,0.37034593960715334,0
BOOK-138635,0.37034593960715334,0
BOOK-139204,0.37034593960715334,0
BOOK-111146,0.37034593960715334,0
BOOK-132461,0.37034593960715334,0
BOOK-155630,0.37034593960715334,0
BOOK-126631,0.37034593960715334,0
BOOK-207367,0.37034593960715334,0
BOOK-202958,0.37034593960715334,0
BOOK-108551,0.37034593960715334,0
BOOK-169433,0.37034593960715334,0
BOOK-180487,0.37034593960715334,0
BOOK-170519,0.37034593960715334,0
BOOK-188777,0.37034593960715334,0
BOOK-116591,0.37034593960715334,0
BOOK-170832,0.37034593960715334,0
BOOK-191331,0.37034593960715334,0
BOOK-165009,0.37034593960715334,0
BOOK-104492,0.37034593960715334,0
BOOK-181624,0.37034593960715334,0
BOOK-110938,0.37034593960715334,0
BOOK-112516,0.37034593960715334,0
BOOK-197139,0.37034593960715334,0
BOOK-111068,0.37034593960715334,0
BOOK-143745,0.37034593960715334,0
BOOK-193059,0.37034593960715334,0
BOOK-197295,0.37034593960715334,0
BOOK-211269,0.37034593960715334,0
BOOK-103525,0.37034593960715334,0
BOOK-217983,0.37034593960715334,0
BOOK-104514,0.37034593960715334,0
BOOK-215468,0.37034593960715334,0
BOOK-153482,0.37034593960715334,0
BOOK-150425,0.37034593960715334,0
BOOK-217684,0.37034593960715334,0
BOOK-164500,0.37034593960715334,0
BOOK-166585,0.37034593960715334,0
BOOK-197257,0.37034593960715334,0
BOOK-104474,0.37034593960715334,0
BOOK-147142,0.37034593960715334,0
BOOK-193613,0.37034593960715334,0
BOOK-152318,0.37034593960715334,0
BOOK-174935,0.37034593960715334,0
BOOK-164966,0.37034593960715334,0
BOOK-166967,0.37034593960715334,0
BOOK-176440,0.37034593960715334,0
BOOK-158745,0.37034593960715334,0
BOOK-125511,0.37034593960715334,0
BOOK-180326,0.37034593960715334,0
BOOK-204429,0.37034593960715334,0
BOOK-146415,0.37034593960715334,0
BOOK-140754,0.37034593960715334,0
BOOK-162865,0.37034593960715334,0
BOOK-204424,0.37034593960715334,0
BOOK-143183,0.37034593960715334,0
BOOK-134917,0.37034593960715334,0
BOOK-212054,0.37034593960715334,0
BOOK-210386,0.37034593960715334,0
BOOK-107057,0.37034593960715334,0
BOOK-188905,0.37034593960715334,0
BOOK-184503,0.37034593960715334,0
BOOK-103424,0.37034593960715334,0
BOOK-111372,0.37034593960715334,0
BOOK-192900,0.37034593960715334,0
BOOK-160917,0.37034593960715334,0
BOOK-184604,0.37034593960715334,0
BOOK-170079,0.37034593960715334,0
BOOK-216571,0.37034593960715334,0
BOOK-199967,0.37034593960715334,0
BOOK-122303,0.37034593960715334,0
BOOK-111264,0.37034593960715334,0
BOOK-112089,0.37034593960715334,0
BOOK-158786,0.37034593960715334,0
BOOK-134431,0.37034593960715334,0
BOOK-125592,0.37034593960715334,0
BOOK-154878,0.37034593960715334,0
BOOK-190604,0.37034593960715334,0
BOOK-189888,0.37034593960715334,0
BOOK-157048,0.37034593960715334,0
BOOK-188542,0.37034593960715334,0
BOOK-123291,0.37034593960715334,0
BOOK-195990,0.37034593960715334,0
BOOK-106604,0.37034593960715334,0
BOOK-148106,0.37034593960715334,0
BOOK-145673,0.37034593960715334,0
BOOK-107248,0.37034593960715334,0
BOOK-191902,0.37034593960715334,0
BOOK-214471,0.37034593960715334,0
BOOK-128691,0.37034593960715334,0
BOOK-202882,0.37034593960715334,0
BOOK-169383,0.37034593960715334,0
BOOK-214860,0.37034593960715334,0
BOOK-108421,0.37034593960715334,0
BOOK-165623,0.37034593960715334,0
BOOK-193604,0.37034593960715334,0
BOOK-153317,0.37034593960715334,0
BOOK-204511,0.37034593960715334,0
BOOK-124296,0.37034593960715334,0
BOOK-109592,0.37034593960715334,0
BOOK-123769,0.37034593960715334,0
BOOK-157688,0.37034593960715334,0
BOOK-170016,0.37034593960715334,0
BOOK-143353,0.37034593960715334,0
BOOK-172787,0.37034593960715334,0
BOOK-175531,0.37034593960715334,0
BOOK-117736,0.37034593960715334,0
BOOK-144916,0.37034593960715334,0
BOOK-208414,0.37034593960715334,0
BOOK-197989,0.37034593960715334,0
BOOK-154468,0.37034593960715334,0
BOOK-211876,0.37034593960715334,0
BOOK-176846,0.37034593960715334,0
BOOK-207002,0.37034593960715334,0
BOOK-146939,0.37034593960715334,0
BOOK-152047,0.37034593960715334,0
BOOK-111565,0.37034593960715334,0
BOOK-182028,0.37034593960715334,0
BOOK-186443,0.37034593960715334,0
BOOK-210629,0.37034593960715334,0
BOOK-148232,0.37034593960715334,0
BOOK-100864,0.37034593960715334,0
BOOK-216918,0.37034593960715334,0
BOOK-173488,0.37034593960715334,0
BOOK-204789,0.37034593960715334,0
BOOK-201401,0.37034593960715334,0
BOOK-169589,0.37034593960715334,0
BOOK-185461,0.37034593960715334,0
BOOK-134307,0.37034593960715334,0
BOOK-111436,0.37034593960715334,0
BOOK-145340,0.37034593960715334,0
BOOK-109100,0.37034593960715334,0
BOOK-111236,0.37034593960715334,0
BOOK-209335,0.37034593960715334,0
BOOK-113690,0.37034593960715334,0
BOOK-160167,0.37034593960715334,0
BOOK-192991,0.37034593960715334,0
BOOK-146766,0.37034593960715334,0
BOOK-149208,0.37034593960715334,0
BOOK-202651,0.37034593960715334,0
BOOK-187922,0.37034593960715334,0
BOOK-142633,0.37034593960715334,0
BOOK-140499,0.37034593960715334,0
BOOK-186317,0.37034593960715334,0
BOOK-147902,0.37034593960715334,0
BOOK-142536,0.37034593960715334,0
BOOK-100015,0.37034593960715334,0
BOOK-127847,0.37034593960715334,0
BOOK-204402,0.37034593960715334,0
BOOK-218127,0.37034593960715334,0
BOOK-216477,0.37034593960715334,0
BOOK-101773,0.37034593960715334,0
BOOK-185840,0.37034593960715334,0
BOOK-123028,0.37034593960715334,0
BOOK-141735,0.37034593960715334,0
BOOK-185345,0.37034593960715334,0
BOOK-182382,0.37034593960715334,0
BOOK-201437,0.37034593960715334,0
BOOK-195610,0.37034593960715334,0
BOOK-104561,0.37034593960715334,0
BOOK-168708,0.37034593960715334,0
BOOK-125321,0.37034593960715334,0
BOOK-149043,0.37034593960715334,0
BOOK-107911,0.37034593960715334,0
BOOK-202055,0.37034593960715334,0
BOOK-161360,0.37034593960715334,0
BOOK-126831,0.37034593960715334,0
BOOK-159502,0.37034593960715334,0
BOOK-193443,0.37034593960715334,0
BOOK-168496,0.37034593960715334,0
BOOK-123414,0.37034593960715334,0
BOOK-129927,0.37034593960715334,0
BOOK-160736,0.37034593960715334,0
BOOK-212195,0.37034593960715334,0
BOOK-115810,0.37034593960715334,0
BOOK-113263,0.37034593960715334,0
BOOK-188328,0.37034593960715334,0
BOOK-109335,0.37034593960715334,0
BOOK-163403,0.37034593960715334,0
BOOK-218892,0.37034593960715334,0
BOOK-208173,0.37034593960715334,0
BOOK-144663,0.37034593960715334,0
BOOK-181468,0.37034593960715334,0
BOOK-188436,0.37034593960715334,0
BOOK-170871,0.37034593960715334,0
BOOK-214749,0.37034593960715334,0
BOOK-106114,0.37034593960715334,0
BOOK-175678,0.37034593960715334,0
BOOK-192882,0.37034593960715334,0
BOOK-154166,0.37034593960715334,0
BOOK-105657,0.37034593960715334,0
BOOK-156710,0.37034593960715334,0
BOOK-150025,0.37034593960715334,0
BOOK-155612,0.37034593960715334,0
BOOK-164422,0.37034593960715334,0
BOOK-211640,0.37034593960715334,0
BOOK-166521,0.37034593960715334,0
BOOK-163453,0.37034593960715334,0
BOOK-134949,0.37034593960715334,0
BOOK-127964,0.37034593960715334,0
BOOK-184295,0.37034593960715334,0
BOOK-192817,0.37034593960715334,0
BOOK-121109,0.37034593960715334,0
BOOK-126500,0.37034593960715334,0
BOOK-140682,0.37034593960715334,0
BOOK-189800,0.37034593960715334,0
BOOK-182544,0.37034593960715334,0
BOOK-213122,0.37034593960715334,0
BOOK-170015,0.37034593960715334,0
BOOK-178025,0.37034593960715334,0
BOOK-136979,0.37034593960715334,0
BOOK-106338,0.37034593960715334,0
BOOK-184382,0.37034593960715334,0
BOOK-115553,0.37034593960715334,0
BOOK-164285,0.37034593960715334,0
BOOK-127298,0.37034593960715334,0
BOOK-112080,0.37034593960715334,0
BOOK-210249,0.37034593960715334,0
BOOK-199706,0.37034593960715334,0
BOOK-116866,0.37034593960715334,0
BOOK-113441,0.37034593960715334,0
BOOK-134150,0.37034593960715334,0
BOOK-140724,0.37034593960715334,0
BOOK-119501,0.37034593960715334,0
BOOK-203140,0.37034593960715334,0
BOOK-216834,0.37034593960715334,0
BOOK-179187,0.37034593960715334,0
BOOK-110612,0.37034593960715334,0
BOOK-133322,0.37034593960715334,0
BOOK-193672,0.37034593960715334,0
BOOK-204135,0.37034593960715334,0
BOOK-146704,0.37034593960715334,0
BOOK-187336,0.37034593960715334,0
BOOK-142305,0.37034593960715334,0
BOOK-178878,0.37034593960715334,0
BOOK-130621,0.37034593960715334,0
BOOK-213979,0.37034593960715334,0
BOOK-164407,0.37034593960715334,0
BOOK-174505,0.37034593960715334,0
BOOK-204433,0.37034593960715334,0
BOOK-116582,0.37034593960715334,0
BOOK-219057,0.37034593960715334,0
BOOK-122323,0.37034593960715334,0
BOOK-107537,0.37034593960715334,0
BOOK-167471,0.37034593960715334,0
BOOK-211569,0.37034593960715334,0
BOOK-174531,0.37034593960715334,0
BOOK-127160,0.37034593960715334,0
BOOK-147184,0.37034593960715334,0
BOOK-120244,0.37034593960715334,0
BOOK-191118,0.37034593960715334,0
BOOK-108060,0.37034593960715334,0
BOOK-106877,0.37034593960715334,0
BOOK-182613,0.37034593960715334,0
BOOK-170471,0.37034593960715334,0
BOOK-117904,0.37034593960715334,0
BOOK-155048,0.37034593960715334,0
BOOK-179623,0.37034593960715334,0
BOOK-171985,0.37034593960715334,0
BOOK-192283,0.37034593960715334,0
BOOK-106528,0.37034593960715334,0
BOOK-142793,0.37034593960715334,0
BOOK-106967,0.37034593960715334,0
BOOK-192605,0.37034593960715334,0
BOOK-111969,0.37034593960715334,0
BOOK-149100,0.37034593960715334,0
BOOK-208840,0.37034593960715334,0
BOOK-188209,0.37034593960715334,0
BOOK-214761,0.37034593960715334,0
BOOK-163636,0.37034593960715334,0
BOOK-118374,0.37034593960715334,0
BOOK-120939,0.37034593960715334,0
BOOK-170629,0.37034593960715334,0
BOOK-207177,0.37034593960715334,0
BOOK-105579,0.37034593960715334,0
BOOK-163127,0.37034593960715334,0
BOOK-200795,0.37034593960715334,0
BOOK-190983,0.37034593960715334,0
BOOK-125945,0.37034593960715334,0
BOOK-129256,0.37034593960715334,0
BOOK-137827,0.37034593960715334,0
BOOK-172935,0.37034593960715334,0
BOOK-147220,0.37034593960715334,0
BOOK-160283,0.37034593960715334,0
BOOK-130025,0.37034593960715334,0
BOOK-209158,0.37034593960715334,0
BOOK-113523,0.37034593960715334,0
BOOK-121850,0.37034593960715334,0
BOOK-118091,0.37034593960715334,0
BOOK-201139,0.37034593960715334,0
BOOK-128536,0.37034593960715334,0
BOOK-173010,0.37034593960715334,0
BOOK-126501,0.37034593960715334,0
BOOK-111351,0.37034593960715334,0
BOOK-110196,0.37034593960715334,0
BOOK-103846,0.37034593960715334,0
BOOK-117581,0.37034593960715334,0
BOOK-197628,0.37034593960715334,0
BOOK-199778,0.37034593960715334,0
BOOK-104743,0.37034593960715334,0
BOOK-122002,0.37034593960715334,0
BOOK-169783,0.37034593960715334,0
BOOK-140143,0.37034593960715334,0
BOOK-177504,0.37034593960715334,0
BOOK-116637,0.37034593960715334,0
BOOK-135044,0.37034593960715334,0
BOOK-181939,0.37034593960715334,0
BOOK-114976,0.37034593960715334,0
BOOK-180790,0.37034593960715334,0
BOOK-121951,0.37034593960715334,0
BOOK-194298,0.37034593960715334,0
BOOK-216917,0.37034593960715334,0
BOOK-203426,0.37034593960715334,0
BOOK-192136,0.37034593960715334,0
BOOK-204766,0.37034593960715334,0
BOOK-191356,0.37034593960715334,0
BOOK-145532,0.37034593960715334,0
BOOK-114691,0.37034593960715334,0
BOOK-121482,0.37034593960715334,0
BOOK-177305,0.37034593960715334,0
BOOK-133169,0.37034593960715334,0
BOOK-108054,0.37034593960715334,0
BOOK-141678,0.37034593960715334,0
BOOK-109047,0.37034593960715334,0
BOOK-177825,0.37034593960715334,0
BOOK-103777,0.37034593960715334,0
BOOK-118742,0.37034593960715334,0
BOOK-113258,0.37034593960715334,0
BOOK-216200,0.37034593960715334,0
BOOK-125044,0.37034593960715334,0
BOOK-173703,0.37034593960715334,0
BOOK-160860,0.37034593960715334,0
BOOK-190386,0.37034593960715334,0
BOOK-217724,0.37034593960715334,0
BOOK-128397,0.37034593960715334,0
BOOK-162565,0.37034593960715334,0
BOOK-138735,0.37034593960715334,0
BOOK-179356,0.37034593960715334,0
BOOK-168386,0.37034593960715334,0
BOOK-178295,0.37034593960715334,0
BOOK-205553,0.37034593960715334,0
BOOK-116250,0.37034593960715334,0
BOOK-209409,0.37034593960715334,0
BOOK-135215,0.37034593960715334,0
BOOK-212984,0.37034593960715334,0
BOOK-104733,0.37034593960715334,0
BOOK-114614,0.37034593960715334,0
BOOK-184482,0.37034593960715334,0
BOOK-212960,0.37034593960715334,0
BOOK-190425,0.37034593960715334,0
BOOK-124112,0.37034593960715334,0
BOOK-139036,0.37034593960715334,0
BOOK-135995,0.37034593960715334,0
BOOK-104910,0.37034593960715334,0
BOOK-191858,0.37034593960715334,0
BOOK-185259,0.37034593960715334,0
BOOK-160485,0.37034593960715334,0
BOOK-207677,0.37034593960715334,0
BOOK-124280,0.37034593960715334,0
BOOK-118232,0.37034593960715334,0
BOOK-199871,0.37034593960715334,0
BOOK-108319,0.37034593960715334,0
BOOK-149153,0.37034593960715334,0
BOOK-102294,0.37034593960715334,0
BOOK-143221,0.37034593960715334,0
BOOK-124407,0.37034593960715334,0
BOOK-135225,0.37034593960715334,0
BOOK-197522,0.37034593960715334,0
BOOK-184864,0.37034593960715334,0
BOOK-146019,0.37034593960715334,0
BOOK-167181,0.37034593960715334,0
BOOK-161673,0.37034593960715334,0
BOOK-123796,0.37034593960715334,0
BOOK-209775,0.37034593960715334,0
BOOK-126123,0.37034593960715334,0
BOOK-212190,0.37034593960715334,0
BOOK-108842,0.37034593960715334,0
BOOK-174026,0.37034593960715334,0
BOOK-115947,0.37034593960715334,0
BOOK-147067,0.37034593960715334,0
BOOK-200698,0.37034593960715334,0
BOOK-121934,0.37034593960715334,0
BOOK-193106,0.37034593960715334,0
BOOK-196741,0.37034593960715334,0
BOOK-210978,0.37034593960715334,0
BOOK-146283,0.37034593960715334,0
BOOK-208467,0.37034593960715334,0
BOOK-126744,0.37034593960715334,0
BOOK-211737,0.37034593960715334,0
BOOK-156100,0.37034593960715334,0
BOOK-217809,0.37034593960715334,0
BOOK-188066,0.37034593960715334,0
BOOK-154892,0.37034593960715334,0
BOOK-180769,0.37034593960715334,0
BOOK-192751,0.37034593960715334,0
BOOK-121541,0.37034593960715334,0
BOOK-205384,0.37034593960715334,0
BOOK-108967,0.37034593960715334,0
BOOK-106213,0.37034593960715334,0
BOOK-125019,0.37034593960715334,0
BOOK-133622,0.37034593960715334,0
BOOK-213843,0.37034593960715334,0
BOOK-164485,0.37034593960715334,0
BOOK-210404,0.37034593960715334,0
BOOK-189079,0.37034593960715334,0
BOOK-206253,0.37034593960715334,0
BOOK-154371,0.37034593960715334,0
BOOK-103144,0.37034593960715334,0
BOOK-200222,0.37034593960715334,0
BOOK-130002,0.37034593960715334,0
BOOK-154452,0.37034593960715334,0
BOOK-169854,0.37034593960715334,0
BOOK-175955,0.37034593960715334,0
BOOK-217518,0.37034593960715334,0
BOOK-140699,0.37034593960715334,0
BOOK-187156,0.37034593960715334,0
BOOK-162803,0.37034593960715334,0
BOOK-179169,0.37034593960715334,0
BOOK-195613,0.37034593960715334,0
BOOK-124128,0.37034593960715334,0
BOOK-130910,0.37034593960715334,0
BOOK-130101,0.37034593960715334,0
BOOK-206501,0.37034593960715334,0
BOOK-104304,0.37034593960715334,0
BOOK-156775,0.37034593960715334,0
BOOK-118962,0.37034593960715334,0
BOOK-218124,0.37034593960715334,0
BOOK-208284,0.37034593960715334,0
BOOK-125305,0.37034593960715334,0
BOOK-156415,0.37034593960715334,0
BOOK-156504,0.37034593960715334,0
BOOK-117519,0.37034593960715334,0
BOOK-208011,0.37034593960715334,0
BOOK-159672,0.37034593960715334,0
BOOK-216213,0.37034593960715334,0
BOOK-198375,0.37034593960715334,0
BOOK-214510,0.37034593960715334,0
BOOK-113342,0.37034593960715334,0
BOOK-168176,0.37034593960715334,0
BOOK-104468,0.37034593960715334,0
BOOK-192744,0.37034593960715334,0
BOOK-206979,0.37034593960715334,0
BOOK-128393,0.37034593960715334,0
BOOK-189913,0.37034593960715334,0
BOOK-108650,0.37034593960715334,0
BOOK-175094,0.37034593960715334,0
BOOK-209917,0.37034593960715334,0
BOOK-162040,0.37034593960715334,0
BOOK-146650,0.37034593960715334,0
BOOK-150604,0.37034593960715334,0
BOOK-119032,0.37034593960715334,0
BOOK-189234,0.37034593960715334,0
BOOK-133935,0.37034593960715334,0
BOOK-134801,0.37034593960715334,0
BOOK-184546,0.37034593960715334,0
BOOK-114429,0.37034593960715334,0
BOOK-153488,0.37034593960715334,0
BOOK-111544,0.37034593960715334,0
BOOK-135008,0.37034593960715334,0
BOOK-166159,0.37034593960715334,0
BOOK-102023,0.37034593960715334,0
BOOK-133359,0.37034593960715334,0
BOOK-209272,0.37034593960715334,0
BOOK-125332,0.37034593960715334,0
BOOK-173672,0.37034593960715334,0
BOOK-149027,0.37034593960715334,0
BOOK-108535,0.37034593960715334,0
BOOK-187509,0.37034593960715334,0
BOOK-162359,0.37034593960715334,0
BOOK-178735,0.37034593960715334,0
BOOK-189670,0.37034593960715334,0
BOOK-167334,0.37034593960715334,0
BOOK-169430,0.37034593960715334,0
BOOK-113376,0.37034593960715334,0
BOOK-182734,0.37034593960715334,0
BOOK-105491,0.37034593960715334,0
BOOK-157961,0.37034593960715334,0
BOOK-216981,0.37034593960715334,0
BOOK-126659,0.37034593960715334,0
BOOK-204237,0.37034593960715334,0
BOOK-141360,0.37034593960715334,0
BOOK-211448,0.37034593960715334,0
BOOK-169923,0.37034593960715334,0
BOOK-106017,0.37034593960715334,0
BOOK-157764,0.37034593960715334,0
BOOK-207702,0.37034593960715334,0
BOOK-214073,0.37034593960715334,0
BOOK-137417,0.37034593960715334,0
BOOK-210906,0.37034593960715334,0
BOOK-184409,0.37034593960715334,0
BOOK-137201,0.37034593960715334,0
BOOK-205955,0.37034593960715334,0
BOOK-196708,0.37034593960715334,0
BOOK-121007,0.37034593960715334,0
BOOK-150509,0.37034593960715334,0
BOOK-116794,0.37034593960715334,0
BOOK-109355,0.37034593960715334,0
BOOK-161818,0.37034593960715334,0
BOOK-215572,0.37034593960715334,0
BOOK-203920,0.37034593960715334,0
BOOK-119865,0.37034593960715334,0
BOOK-102358,0.37034593960715334,0
BOOK-114192,0.37034593960715334,0
BOOK-147444,0.37034593960715334,0
BOOK-168989,0.37034593960715334,0
BOOK-165813,0.37034593960715334,0
BOOK-184631,0.37034593960715334,0
BOOK-101744,0.37034593960715334,0
BOOK-191919,0.37034593960715334,0
BOOK-130169,0.37034593960715334,0
BOOK-103436,0.37034593960715334,0
BOOK-200189,0.37034593960715334,0
BOOK-131529,0.37034593960715334,0
BOOK-193178,0.37034593960715334,0
BOOK-185462,0.37034593960715334,0
BOOK-181093,0.37034593960715334,0
BOOK-191862,0.37034593960715334,0
BOOK-122304,0.37034593960715334,0
BOOK-152749,0.37034593960715334,0
BOOK-191179,0.37034593960715334,0
BOOK-213314,0.37034593960715334,0
BOOK-139767,0.37034593960715334,0
BOOK-201069,0.37034593960715334,0
BOOK-159069,0.37034593960715334,0
BOOK-115633,0.37034593960715334,0
BOOK-185620,0.37034593960715334,0
BOOK-165215,0.37034593960715334,0
BOOK-170515,0.37034593960715334,0
BOOK-175792,0.37034593960715334,0
BOOK-131840,0.37034593960715334,0
BOOK-193144,0.37034593960715334,0
BOOK-117031,0.37034593960715334,0
BOOK-206042,0.37034593960715334,0
BOOK-109301,0.37034593960715334,0
BOOK-135123,0.37034593960715334,0
BOOK-215251,0.37034593960715334,0
BOOK-166624,0.37034593960715334,0
BOOK-196012,0.37034593960715334,0
BOOK-108220,0.37034593960715334,0
BOOK-122841,0.37034593960715334,0
BOOK-140150,0.37034593960715334,0
BOOK-168646,0.37034593960715334,0
BOOK-136476,0.37034593960715334,0
BOOK-161244,0.37034593960715334,0
BOOK-197049,0.37034593960715334,0
BOOK-186629,0.37034593960715334,0
BOOK-174464,0.37034593960715334,0
BOOK-104563,0.37034593960715334,0
BOOK-105653,0.37034593960715334,0
BOOK-119192,0.37034593960715334,0
BOOK-189168,0.37034593960715334,0
BOOK-174099,0.37034593960715334,0
BOOK-142302,0.37034593960715334,0
BOOK-170512,0.37034593960715334,0
BOOK-108312,0.37034593960715334,0
BOOK-125338,0.37034593960715334,0
BOOK-201957,0.37034593960715334,0
BOOK-132894,0.37034593960715334,0
BOOK-126058,0.37034593960715334,0
BOOK-182688,0.37034593960715334,0
BOOK-216431,0.37034593960715334,0
BOOK-212947,0.37034593960715334,0
BOOK-131205,0.37034593960715334,0
BOOK-131109,0.37034593960715334,0
BOOK-186942,0.37034593960715334,0
BOOK-215169,0.37034593960715334,0
BOOK-155351,0.37034593960715334,0
BOOK-198157,0.37034593960715334,0
BOOK-133522,0.37034593960715334,0
BOOK-137126,0.37034593960715334,0
BOOK-101840,0.37034593960715334,0
BOOK-121360,0.37034593960715334,0
BOOK-178358,0.37034593960715334,0
BOOK-181166,0.37034593960715334,0
BOOK-116514,0.37034593960715334,0
BOOK-135873,0.37034593960715334,0
BOOK-104152,0.37034593960715334,0
BOOK-114473,0.37034593960715334,0
BOOK-194392,0.37034593960715334,0
BOOK-173098,0.37034593960715334,0
BOOK-104026,0.37034593960715334,0
BOOK-202377,0.37034593960715334,0
BOOK-102852,0.37034593960715334,0
BOOK-216551,0.37034593960715334,0
BOOK-202949,0.37034593960715334,0
BOOK-178145,0.37034593960715334,0
BOOK-176772,0.37034593960715334,0
BOOK-119838,0.37034593960715334,0
BOOK-214392,0.37034593960715334,0
BOOK-123931,0.37034593960715334,0
BOOK-120099,0.37034593960715334,0
BOOK-169817,0.37034593960715334,0
BOOK-104636,0.37034593960715334,0
BOOK-217334,0.37034593960715334,0
BOOK-206219,0.37034593960715334,0
BOOK-214841,0.37034593960715334,0
BOOK-111683,0.37034593960715334,0
BOOK-100966,0.37034593960715334,0
BOOK-118404,0.37034593960715334,0
BOOK-194066,0.37034593960715334,0
BOOK-180620,0.37034593960715334,0
BOOK-218958,0.37034593960715334,0
BOOK-110985,0.37034593960715334,0
BOOK-165086,0.37034593960715334,0
BOOK-113428,0.37034593960715334,0
BOOK-192826,0.37034593960715334,0
BOOK-142742,0.37034593960715334,0
BOOK-170426,0.37034593960715334,0
BOOK-162117,0.37034593960715334,0
BOOK-103282,0.37034593960715334,0
BOOK-188087,0.37034593960715334,0
BOOK-131392,0.37034593960715334,0
BOOK-132522,0.37034593960715334,0
BOOK-153519,0.37034593960715334,0
BOOK-105988,0.37034593960715334,0
BOOK-207658,0.37034593960715334,0
BOOK-190456,0.37034593960715334,0
BOOK-209152,0.37034593960715334,0
BOOK-154173,0.37034593960715334,0
BOOK-101190,0.37034593960715334,0
BOOK-117918,0.37034593960715334,0
BOOK-107826,0.37034593960715334,0
BOOK-169745,0.37034593960715334,0
BOOK-165639,0.37034593960715334,0
BOOK-214422,0.37034593960715334,0
BOOK-163206,0.37034593960715334,0
BOOK-177164,0.37034593960715334,0
BOOK-203304,0.37034593960715334,0
BOOK-200663,0.37034593960715334,0
BOOK-218381,0.37034593960715334,0
BOOK-146910,0.37034593960715334,0
BOOK-148490,0.37034593960715334,0
BOOK-187674,0.37034593960715334,0
BOOK-145617,0.37034593960715334,0
BOOK-102955,0.37034593960715334,0
BOOK-156703,0.37034593960715334,0
BOOK-205539,0.37034593960715334,0
BOOK-148140,0.37034593960715334,0
BOOK-203138,0.37034593960715334,0
BOOK-102421,0.37034593960715334,0
BOOK-179368,0.37034593960715334,0
BOOK-130030,0.37034593960715334,0
BOOK-145765,0.37034593960715334,0
BOOK-119335,0.37034593960715334,0
BOOK-161997,0.37034593960715334,0
BOOK-100237,0.37034593960715334,0
BOOK-198971,0.37034593960715334,0
BOOK-183359,0.37034593960715334,0
BOOK-100389,0.37034593960715334,0
BOOK-214546,0.37034593960715334,0
BOOK-112206,0.37034593960715334,0
BOOK-198590,0.37034593960715334,0
BOOK-163184,0.37034593960715334,0
BOOK-202510,0.37034593960715334,0
BOOK-200546,0.37034593960715334,0
BOOK-144165,0.37034593960715334,0
BOOK-151265,0.37034593960715334,0
BOOK-143665,0.37034593960715334,0
BOOK-160798,0.37034593960715334,0
BOOK-114627,0.37034593960715334,0
BOOK-168728,0.37034593960715334,0
BOOK-216631,0.37034593960715334,0
BOOK-198012,0.37034593960715334,0
BOOK-110230,0.37034593960715334,0
BOOK-133753,0.37034593960715334,0
BOOK-132732,0.37034593960715334,0
BOOK-208062,0.37034593960715334,0
BOOK-108063,0.37034593960715334,0
BOOK-120933,0.37034593960715334,0
BOOK-147988,0.37034593960715334,0
BOOK-178354,0.37034593960715334,0
BOOK-147743,0.37034593960715334,0
BOOK-184039,0.37034593960715334,0
BOOK-168100,0.37034593960715334,0
BOOK-209996,0.37034593960715334,0
BOOK-130227,0.37034593960715334,0
BOOK-134526,0.37034593960715334,0
BOOK-162900,0.37034593960715334,0
BOOK-152859,0.37034593960715334,0
BOOK-133361,0.37034593960715334,0
BOOK-173134,0.37034593960715334,0
BOOK-142333,0.37034593960715334,0
BOOK-215196,0.37034593960715334,0
BOOK-183393,0.37034593960715334,0
BOOK-194395,0.37034593960715334,0
BOOK-194852,0.37034593960715334,0
BOOK-123271,0.37034593960715334,0
BOOK-117341,0.37034593960715334,0
BOOK-105695,0.37034593960715334,0
BOOK-182208,0.37034593960715334,0
BOOK-203953,0.37034593960715334,0
BOOK-187462,0.37034593960715334,0
BOOK-216609,0.37034593960715334,0
BOOK-211287,0.37034593960715334,0
BOOK-198330,0.37034593960715334,0
BOOK-219032,0.37034593960715334,0
BOOK-103469,0.37034593960715334,0
BOOK-168481,0.37034593960715334,0
BOOK-156889,0.37034593960715334,0
BOOK-138521,0.37034593960715334,0
BOOK-104035,0.37034593960715334,0
BOOK-170411,0.37034593960715334,0
BOOK-132265,0.37034593960715334,0
BOOK-109609,0.37034593960715334,0
BOOK-114019,0.37034593960715334,0
BOOK-173403,0.37034593960715334,0
BOOK-191175,0.37034593960715334,0
BOOK-118257,0.37034593960715334,0
BOOK-205747,0.37034593960715334,0
BOOK-101850,0.37034593960715334,0
BOOK-156746,0.37034593960715334,0
BOOK-112349,0.37034593960715334,0
BOOK-183071,0.37034593960715334,0
BOOK-133026,0.37034593960715334,0
BOOK-103752,0.37034593960715334,0
BOOK-100447,0.37034593960715334,0
BOOK-150420,0.37034593960715334,0
BOOK-146611,0.37034593960715334,0
BOOK-100423,0.37034593960715334,0
BOOK-124666,0.37034593960715334,0
BOOK-154660,0.37034593960715334,0
BOOK-203754,0.37034593960715334,0
BOOK-118534,0.37034593960715334,0
BOOK-158790,0.37034593960715334,0
BOOK-138216,0.37034593960715334,0
BOOK-100554,0.37034593960715334,0
BOOK-204295,0.37034593960715334,0
BOOK-174275,0.37034593960715334,0
BOOK-155872,0.37034593960715334,0
BOOK-118967,0.37034593960715334,0
BOOK-150100,0.37034593960715334,0
BOOK-160591,0.37034593960715334,0
BOOK-195243,0.37034593960715334,0
BOOK-139678,0.37034593960715334,0
BOOK-212394,0.37034593960715334,0
BOOK-167569,0.37034593960715334,0
BOOK-151215,0.37034593960715334,0
BOOK-124108,0.37034593960715334,0
BOOK-177269,0.37034593960715334,0
BOOK-191088,0.37034593960715334,0
BOOK-156276,0.37034593960715334,0
BOOK-183981,0.37034593960715334,0
BOOK-208343,0.37034593960715334,0
BOOK-150244,0.37034593960715334,0
BOOK-138796,0.37034593960715334,0
BOOK-155547,0.37034593960715334,0
BOOK-205831,0.37034593960715334,0
BOOK-174513,0.37034593960715334,0
BOOK-192187,0.37034593960715334,0
BOOK-110503,0.37034593960715334,0
BOOK-184889,0.37034593960715334,0
BOOK-215367,0.37034593960715334,0
BOOK-165643,0.37034593960715334,0
BOOK-219129,0.37034593960715334,0
BOOK-182883,0.37034593960715334,0
BOOK-120047,0.37034593960715334,0
BOOK-213709,0.37034593960715334,0
BOOK-162121,0.37034593960715334,0
BOOK-115482,0.37034593960715334,0
BOOK-192354,0.37034593960715334,0
BOOK-201259,0.37034593960715334,0
BOOK-197487,0.37034593960715334,0
BOOK-153981,0.37034593960715334,0
BOOK-130415,0.37034593960715334,0
BOOK-137329,0.37034593960715334,0
BOOK-202632,0.37034593960715334,0
BOOK-128807,0.37034593960715334,0
BOOK-159147,0.37034593960715334,0
BOOK-108179,0.37034593960715334,0
BOOK-103780,0.37034593960715334,0
BOOK-172952,0.37034593960715334,0
BOOK-154973,0.37034593960715334,0
BOOK-193757,0.37034593960715334,0
BOOK-121550,0.37034593960715334,0
BOOK-118119,0.37034593960715334,0
BOOK-107707,0.37034593960715334,0
BOOK-137729,0.37034593960715334,0
BOOK-162390,0.37034593960715334,0
BOOK-146416,0.37034593960715334,0
BOOK-106302,0.37034593960715334,0
BOOK-145994,0.37034593960715334,0
BOOK-127871,0.37034593960715334,0
BOOK-111010,0.37034593960715334,0
BOOK-135319,0.37034593960715334,0
BOOK-172068,0.37034593960715334,0
BOOK-216359,0.37034593960715334,0
BOOK-207553,0.37034593960715334,0
BOOK-205471,0.37034593960715334,0
BOOK-208607,0.37034593960715334,0
BOOK-170124,0.37034593960715334,0
BOOK-205530,0.37034593960715334,0
BOOK-142830,0.37034593960715334,0
BOOK-162481,0.37034593960715334,0
BOOK-160512,0.37034593960715334,0
BOOK-201237,0.37034593960715334,0
BOOK-112753,0.37034593960715334,0
BOOK-103761,0.37034593960715334,0
BOOK-190908,0.37034593960715334,0
BOOK-100718,0.37034593960715334,0
BOOK-145324,0.37034593960715334,0
BOOK-166665,0.37034593960715334,0
BOOK-173199,0.37034593960715334,0
BOOK-151650,0.37034593960715334,0
BOOK-128794,0.37034593960715334,0
BOOK-206484,0.37034593960715334,0
BOOK-203620,0.37034593960715334,0
BOOK-211581,0.37034593960715334,0
BOOK-123303,0.37034593960715334,0
BOOK-126859,0.37034593960715334,0
BOOK-114250,0.37034593960715334,0
BOOK-151190,0.37034593960715334,0
BOOK-112655,0.37034593960715334,0
BOOK-166661,0.37034593960715334,0
BOOK-188295,0.37034593960715334,0
BOOK-179272,0.37034593960715334,0
BOOK-213323,0.37034593960715334,0
BOOK-103859,0.37034593960715334,0
BOOK-193228,0.37034593960715334,0
BOOK-145658,0.37034593960715334,0
BOOK-114256,0.37034593960715334,0
BOOK-179976,0.37034593960715334,0
BOOK-164720,0.37034593960715334,0
BOOK-177932,0.37034593960715334,0
BOOK-192832,0.37034593960715334,0
BOOK-191193,0.37034593960715334,0
BOOK-207810,0.37034593960715334,0
BOOK-100854,0.37034593960715334,0
BOOK-164983,0.37034593960715334,0
BOOK-121191,0.37034593960715334,0
BOOK-180845,0.37034593960715334,0
BOOK-202660,0.37034593960715334,0
BOOK-135023,0.37034593960715334,0
BOOK-145705,0.37034593960715334,0
BOOK-119242,0.37034593960715334,0
BOOK-201789,0.37034593960715334,0
BOOK-130550,0.37034593960715334,0
BOOK-122582,0.37034593960715334,0
BOOK-211885,0.37034593960715334,0
BOOK-131151,0.37034593960715334,0
BOOK-131846,0.37034593960715334,0
BOOK-149708,0.37034593960715334,0
BOOK-173786,0.37034593960715334,0
BOOK-188545,0.37034593960715334,0
BOOK-207544,0.37034593960715334,0
BOOK-144262,0.37034593960715334,0
BOOK-207089,0.37034593960715334,0
BOOK-120008,0.37034593960715334,0
BOOK-133147,0.37034593960715334,0
BOOK-114698,0.37034593960715334,0
BOOK-131499,0.37034593960715334,0
BOOK-202394,0.37034593960715334,0
BOOK-189363,0.37034593960715334,0
BOOK-180024,0.37034593960715334,0
BOOK-169897,0.37034593960715334,0
BOOK-134185,0.37034593960715334,0
BOOK-153163,0.37034593960715334,0
BOOK-128433,0.37034593960715334,0
BOOK-111840,0.37034593960715334,0
BOOK-205235,0.37034593960715334,0
BOOK-166662,0.37034593960715334,0
BOOK-194283,0.37034593960715334,0
BOOK-178099,0.37034593960715334,0
BOOK-111379,0.37034593960715334,0
BOOK-169012,0.37034593960715334,0
BOOK-192533,0.37034593960715334,0
BOOK-203159,0.37034593960715334,0
BOOK-187924,0.37034593960715334,0
BOOK-182951,0.37034593960715334,0
BOOK-132174,0.37034593960715334,0
BOOK-202898,0.37034593960715334,0
BOOK-157241,0.37034593960715334,0
BOOK-197765,0.37034593960715334,0
BOOK-210783,0.37034593960715334,0
BOOK-109632,0.37034593960715334,0
BOOK-120663,0.37034593960715334,0
BOOK-139185,0.37034593960715334,0
BOOK-211489,0.37034593960715334,0
BOOK-216056,0.37034593960715334,0
BOOK-167713,0.37034593960715334,0
BOOK-202666,0.37034593960715334,0
BOOK-152522,0.37034593960715334,0
BOOK-166276,0.37034593960715334,0
BOOK-190408,0.37034593960715334,0
BOOK-138129,0.37034593960715334,0
BOOK-199156,0.37034593960715334,0
BOOK-209352,0.37034593960715334,0
BOOK-195303,0.37034593960715334,0
BOOK-156717,0.37034593960715334,0
BOOK-179340,0.37034593960715334,0
BOOK-179145,0.37034593960715334,0
BOOK-154190,0.37034593960715334,0
BOOK-218401,0.37034593960715334,0
BOOK-149916,0.37034593960715334,0
BOOK-173355,0.37034593960715334,0
BOOK-186687,0.37034593960715334,0
BOOK-170525,0.37034593960715334,0
BOOK-109569,0.37034593960715334,0
BOOK-184142,0.37034593960715334,0
BOOK-206260,0.37034593960715334,0
BOOK-143757,0.37034593960715334,0
BOOK-158771,0.37034593960715334,0
BOOK-141597,0.37034593960715334,0
BOOK-188137,0.37034593960715334,0
BOOK-156374,0.37034593960715334,0
BOOK-100795,0.37034593960715334,0
BOOK-146990,0.37034593960715334,0
BOOK-126483,0.37034593960715334,0
BOOK-185290,0.37034593960715334,0
BOOK-193458,0.37034593960715334,0
BOOK-194640,0.37034593960715334,0
BOOK-203347,0.37034593960715334,0
BOOK-115735,0.37034593960715334,0
BOOK-127308,0.37034593960715334,0
BOOK-154574,0.37034593960715334,0
BOOK-141294,0.37034593960715334,0
BOOK-144507,0.37034593960715334,0
BOOK-173941,0.37034593960715334,0
BOOK-179421,0.37034593960715334,0
BOOK-162356,0.37034593960715334,0
BOOK-125265,0.37034593960715334,0
BOOK-189734,0.37034593960715334,0
BOOK-201819,0.37034593960715334,0
BOOK-145775,0.37034593960715334,0
BOOK-212971,0.37034593960715334,0
BOOK-176710,0.37034593960715334,0
BOOK-188939,0.37034593960715334,0
BOOK-134152,0.37034593960715334,0
BOOK-119438,0.37034593960715334,0
BOOK-194812,0.37034593960715334,0
BOOK-180335,0.37034593960715334,0
BOOK-207653,0.37034593960715334,0
BOOK-124082,0.37034593960715334,0
BOOK-166525,0.37034593960715334,0
BOOK-176823,0.37034593960715334,0
BOOK-166683,0.37034593960715334,0
BOOK-210958,0.37034593960715334,0
BOOK-208070,0.37034593960715334,0
BOOK-126255,0.37034593960715334,0
BOOK-212213,0.37034593960715334,0
BOOK-151081,0.37034593960715334,0
BOOK-189164,0.37034593960715334,0
BOOK-150168,0.37034593960715334,0
BOOK-197007,0.37034593960715334,0
BOOK-166479,0.37034593960715334,0
BOOK-177161,0.37034593960715334,0
BOOK-126437,0.37034593960715334,0
BOOK-106525,0.37034593960715334,0
BOOK-101880,0.37034593960715334,0
BOOK-147146,0.37034593960715334,0
BOOK-207950,0.37034593960715334,0
BOOK-140741,0.37034593960715334,0
BOOK-200373,0.37034593960715334,0
BOOK-191121,0.37034593960715334,0
BOOK-191707,0.37034593960715334,0
BOOK-175352,0.37034593960715334,0
BOOK-141855,0.37034593960715334,0
BOOK-159094,0.37034593960715334,0
BOOK-215907,0.37034593960715334,0
BOOK-114244,0.37034593960715334,0
BOOK-194535,0.37034593960715334,0
BOOK-187033,0.37034593960715334,0
BOOK-140672,0.37034593960715334,0
BOOK-201373,0.37034593960715334,0
BOOK-159605,0.37034593960715334,0
BOOK-184224,0.37034593960715334,0
BOOK-160436,0.37034593960715334,0
BOOK-157506,0.37034593960715334,0
BOOK-107767,0.37034593960715334,0
BOOK-212863,0.37034593960715334,0
BOOK-142948,0.37034593960715334,0
BOOK-166878,0.37034593960715334,0
BOOK-218800,0.37034593960715334,0
BOOK-134908,0.37034593960715334,0
BOOK-177281,0.37034593960715334,0
BOOK-196695,0.37034593960715334,0
BOOK-215225,0.37034593960715334,0
BOOK-153795,0.37034593960715334,0
BOOK-106714,0.37034593960715334,0
BOOK-179982,0.37034593960715334,0
BOOK-118866,0.37034593960715334,0
BOOK-106397,0.37034593960715334,0
BOOK-168432,0.37034593960715334,0
BOOK-129219,0.37034593960715334,0
BOOK-139317,0.37034593960715334,0
BOOK-117756,0.37034593960715334,0
BOOK-141135,0.37034593960715334,0
BOOK-214254,0.37034593960715334,0
BOOK-136548,0.37034593960715334,0
BOOK-119602,0.37034593960715334,0
BOOK-215057,0.37034593960715334,0
BOOK-212280,0.37034593960715334,0
BOOK-166560,0.37034593960715334,0
BOOK-121072,0.37034593960715334,0
BOOK-137218,0.37034593960715334,0
BOOK-169261,0.37034593960715334,0
BOOK-121514,0.37034593960715334,0
BOOK-180124,0.37034593960715334,0
BOOK-119152,0.37034593960715334,0
BOOK-210916,0.37034593960715334,0
BOOK-140949,0.37034593960715334,0
BOOK-135128,0.37034593960715334,0
BOOK-170776,0.37034593960715334,0
BOOK-160288,0.37034593960715334,0
BOOK-144280,0.37034593960715334,0
BOOK-208970,0.37034593960715334,0
BOOK-191327,0.37034593960715334,0
BOOK-137145,0.37034593960715334,0
BOOK-163147,0.37034593960715334,0
BOOK-138503,0.37034593960715334,0
BOOK-109878,0.37034593960715334,0
BOOK-129260,0.37034593960715334,0
BOOK-107635,0.37034593960715334,0
BOOK-119559,0.37034593960715334,0
BOOK-122558,0.37034593960715334,0
BOOK-123394,0.37034593960715334,0
BOOK-139729,0.37034593960715334,0
BOOK-198125,0.37034593960715334,0
BOOK-183497,0.37034593960715334,0
BOOK-112581,0.37034593960715334,0
BOOK-190034,0.37034593960715334,0
BOOK-158775,0.37034593960715334,0
BOOK-192686,0.37034593960715334,0
BOOK-201687,0.37034593960715334,0
BOOK-186500,0.37034593960715334,0
BOOK-168164,0.37034593960715334,0
BOOK-189689,0.37034593960715334,0
BOOK-126736,0.37034593960715334,0
BOOK-173179,0.37034593960715334,0
BOOK-164254,0.37034593960715334,0
BOOK-154292,0.37034593960715334,0
BOOK-211146,0.37034593960715334,0
BOOK-178385,0.37034593960715334,0
BOOK-214714,0.37034593960715334,0
BOOK-216716,0.37034593960715334,0
BOOK-153895,0.37034593960715334,0
BOOK-182092,0.37034593960715334,0
BOOK-204081,0.37034593960715334,0
BOOK-142767,0.37034593960715334,0
BOOK-142283,0.37034593960715334,0
BOOK-119476,0.37034593960715334,0
BOOK-144716,0.37034593960715334,0
BOOK-153452,0.37034593960715334,0
BOOK-211279,0.37034593960715334,0
BOOK-140096,0.37034593960715334,0
BOOK-185261,0.37034593960715334,0
BOOK-164360,0.37034593960715334,0
BOOK-167644,0.37034593960715334,0
BOOK-122951,0.37034593960715334,0
BOOK-119924,0.37034593960715334,0
BOOK-131966,0.37034593960715334,0
BOOK-155492,0.37034593960715334,0
BOOK-202345,0.37034593960715334,0
BOOK-119205,0.37034593960715334,0
BOOK-113431,0.37034593960715334,0
BOOK-103122,0.37034593960715334,0
BOOK-218111,0.37034593960715334,0
BOOK-121466,0.37034593960715334,0
BOOK-209877,0.37034593960715334,0
BOOK-112120,0.37034593960715334,0
BOOK-137088,0.37034593960715334,0
BOOK-217642,0.37034593960715334,0
BOOK-187221,0.37034593960715334,0
BOOK-158982,0.37034593960715334,0
BOOK-147624,0.37034593960715334,0
BOOK-120178,0.37034593960715334,0
BOOK-127779,0.37034593960715334,0
BOOK-133282,0.37034593960715334,0
BOOK-116743,0.37034593960715334,0
BOOK-192199,0.37034593960715334,0
BOOK-183243,0.37034593960715334,0
BOOK-186796,0.37034593960715334,0
BOOK-161973,0.37034593960715334,0
BOOK-139819,0.37034593960715334,0
BOOK-152405,0.37034593960715334,0
BOOK-123620,0.37034593960715334,0
BOOK-143667,0.37034593960715334,0
BOOK-149269,0.37034593960715334,0
BOOK-198392,0.37034593960715334,0
BOOK-138268,0.37034593960715334,0
BOOK-195837,0.37034593960715334,0
BOOK-156978,0.37034593960715334,0
BOOK-163848,0.37034593960715334,0
BOOK-129233,0.37034593960715334,0
BOOK-143624,0.37034593960715334,0
BOOK-114861,0.37034593960715334,0
BOOK-195894,0.37034593960715334,0
BOOK-211049,0.37034593960715334,0
BOOK-186849,0.37034593960715334,0
BOOK-157149,0.37034593960715334,0
BOOK-218715,0.37034593960715334,0
BOOK-108467,0.37034593960715334,0
BOOK-108235,0.37034593960715334,0
BOOK-178804,0.37034593960715334,0
BOOK-170581,0.37034593960715334,0
BOOK-103173,0.37034593960715334,0
BOOK-106904,0.37034593960715334,0
BOOK-204316,0.37034593960715334,0
BOOK-139956,0.37034593960715334,0
BOOK-200069,0.37034593960715334,0
BOOK-215617,0.37034593960715334,0
BOOK-122239,0.37034593960715334,0
BOOK-124098,0.37034593960715334,0
BOOK-122261,0.37034593960715334,0
BOOK-111832,0.37034593960715334,0
BOOK-137109,0.37034593960715334,0
BOOK-218726,0.37034593960715334,0
BOOK-177175,0.37034593960715334,0
BOOK-182110,0.37034593960715334,0
BOOK-210097,0.37034593960715334,0
BOOK-201662,0.37034593960715334,0
BOOK-153484,0.37034593960715334,0
BOOK-212488,0.37034593960715334,0
BOOK-157591,0.37034593960715334,0
BOOK-198394,0.37034593960715334,0
BOOK-140351,0.37034593960715334,0
BOOK-195714,0.37034593960715334,0
BOOK-119207,0.37034593960715334,0
BOOK-131563,0.37034593960715334,0
BOOK-169048,0.37034593960715334,0
BOOK-155430,0.37034593960715334,0
BOOK-148906,0.37034593960715334,0
BOOK-193574,0.37034593960715334,0
BOOK-152894,0.37034593960715334,0
BOOK-138625,0.37034593960715334,0
BOOK-151414,0.37034593960715334,0
BOOK-134131,0.37034593960715334,0
BOOK-174713,0.37034593960715334,0
BOOK-176220,0.37034593960715334,0
BOOK-130163,0.37034593960715334,0
BOOK-129153,0.37034593960715334,0
BOOK-116366,0.37034593960715334,0
BOOK-139804,0.37034593960715334,0
BOOK-218518,0.37034593960715334,0
BOOK-165587,0.37034593960715334,0
BOOK-173033,0.37034593960715334,0
BOOK-182067,0.37034593960715334,0
BOOK-137603,0.37034593960715334,0
BOOK-218749,0.37034593960715334,0
BOOK-196016,0.37034593960715334,0
BOOK-195071,0.37034593960715334,0
BOOK-132529,0.37034593960715334,0
BOOK-135640,0.37034593960715334,0
BOOK-106191,0.37034593960715334,0
BOOK-190848,0.37034593960715334,0
BOOK-102200,0.37034593960715334,0
BOOK-132332,0.37034593960715334,0
BOOK-182030,0.37034593960715334,0
BOOK-160543,0.37034593960715334,0
BOOK-129281,0.37034593960715334,0
BOOK-126188,0.37034593960715334,0
BOOK-158311,0.37034593960715334,0
BOOK-147901,0.37034593960715334,0
BOOK-153788,0.37034593960715334,0
BOOK-168117,0.37034593960715334,0
BOOK-173225,0.37034593960715334,0
BOOK-148580,0.37034593960715334,0
BOOK-119024,0.37034593960715334,0
BOOK-200555,0.37034593960715334,0
BOOK-133205,0.37034593960715334,0
BOOK-185035,0.37034593960715334,0
BOOK-187902,0.37034593960715334,0
BOOK-161709,0.37034593960715334,0
BOOK-143071,0.37034593960715334,0
BOOK-200771,0.37034593960715334,0
BOOK-136728,0.37034593960715334,0
BOOK-191391,0.37034593960715334,0
BOOK-139967,0.37034593960715334,0
BOOK-202147,0.37034593960715334,0
BOOK-136362,0.37034593960715334,0
BOOK-191416,0.37034593960715334,0
BOOK-213597,0.37034593960715334,0
BOOK-201576,0.37034593960715334,0
BOOK-164997,0.37034593960715334,0
BOOK-184175,0.37034593960715334,0
BOOK-101271,0.37034593960715334,0
BOOK-138406,0.37034593960715334,0
BOOK-207156,0.37034593960715334,0
BOOK-129323,0.37034593960715334,0
BOOK-135213,0.37034593960715334,0
BOOK-187491,0.37034593960715334,0
BOOK-172417,0.37034593960715334,0
BOOK-200350,0.37034593960715334,0
BOOK-198984,0.37034593960715334,0
BOOK-180401,0.37034593960715334,0
BOOK-162198,0.37034593960715334,0
BOOK-108523,0.37034593960715334,0
BOOK-155313,0.37034593960715334,0
BOOK-193439,0.37034593960715334,0
BOOK-181261,0.37034593960715334,0
BOOK-182826,0.37034593960715334,0
BOOK-126223,0.37034593960715334,0
BOOK-154983,0.37034593960715334,0
BOOK-200486,0.37034593960715334,0
BOOK-148257,0.37034593960715334,0
BOOK-196713,0.37034593960715334,0
BOOK-175988,0.37034593960715334,0
BOOK-118640,0.37034593960715334,0
BOOK-116521,0.37034593960715334,0
BOOK-164219,0.37034593960715334,0
BOOK-131794,0.37034593960715334,0
BOOK-121131,0.37034593960715334,0
BOOK-199680,0.37034593960715334,0
BOOK-207573,0.37034593960715334,0
BOOK-120599,0.37034593960715334,0
BOOK-141684,0.37034593960715334,0
BOOK-128080,0.37034593960715334,0
BOOK-185933,0.37034593960715334,0
BOOK-159460,0.37034593960715334,0
BOOK-187620,0.37034593960715334,0
BOOK-214989,0.37034593960715334,0
BOOK-170059,0.37034593960715334,0
BOOK-138609,0.37034593960715334,0
BOOK-108855,0.37034593960715334,0
BOOK-119679,0.37034593960715334,0
BOOK-195449,0.37034593960715334,0
BOOK-160597,0.37034593960715334,0
BOOK-168382,0.37034593960715334,0
BOOK-137788,0.37034593960715334,0
BOOK-159092,0.37034593960715334,0
BOOK-105677,0.37034593960715334,0
BOOK-116564,0.37034593960715334,0
BOOK-219095,0.37034593960715334,0
BOOK-148035,0.37034593960715334,0
BOOK-113494,0.37034593960715334,0
BOOK-129111,0.37034593960715334,0
BOOK-184467,0.37034593960715334,0
BOOK-154298,0.37034593960715334,0
BOOK-151022,0.37034593960715334,0
BOOK-203714,0.37034593960715334,0
BOOK-193089,0.37034593960715334,0
BOOK-108620,0.37034593960715334,0
BOOK-137750,0.37034593960715334,0
BOOK-185006,0.37034593960715334,0
BOOK-104289,0.37034593960715334,0
BOOK-100625,0.37034593960715334,0
BOOK-167425,0.37034593960715334,0
BOOK-117013,0.37034593960715334,0
BOOK-140764,0.37034593960715334,0
BOOK-183084,0.37034593960715334,0
BOOK-138792,0.37034593960715334,0
BOOK-182633,0.37034593960715334,0
BOOK-214955,0.37034593960715334,0
BOOK-150856,0.37034593960715334,0
BOOK-175350,0.37034593960715334,0
BOOK-218094,0.37034593960715334,0
BOOK-129609,0.37034593960715334,0
BOOK-186225,0.37034593960715334,0
BOOK-154523,0.37034593960715334,0
BOOK-168187,0.37034593960715334,0
BOOK-150152,0.37034593960715334,0
BOOK-199449,0.37034593960715334,0
BOOK-161518,0.37034593960715334,0
BOOK-185968,0.37034593960715334,0
BOOK-179014,0.37034593960715334,0
BOOK-168339,0.37034593960715334,0
BOOK-145040,0.37034593960715334,0
BOOK-195107,0.37034593960715334,0
BOOK-114014,0.37034593960715334,0
BOOK-164541,0.37034593960715334,0
BOOK-154073,0.37034593960715334,0
BOOK-141414,0.37034593960715334,0
BOOK-118976,0.37034593960715334,0
BOOK-200348,0.37034593960715334,0
BOOK-166382,0.37034593960715334,0
BOOK-174691,0.37034593960715334,0
BOOK-194321,0.37034593960715334,0
BOOK-148574,0.37034593960715334,0
BOOK-107032,0.37034593960715334,0
BOOK-192247,0.37034593960715334,0
BOOK-108010,0.37034593960715334,0
BOOK-155388,0.37034593960715334,0
BOOK-107183,0.37034593960715334,0
BOOK-107558,0.37034593960715334,0
BOOK-161257,0.37034593960715334,0
BOOK-166327,0.37034593960715334,0
BOOK-169996,0.37034593960715334,0
BOOK-164937,0.37034593960715334,0
BOOK-147890,0.37034593960715334,0
BOOK-141282,0.37034593960715334,0
BOOK-133312,0.37034593960715334,0
BOOK-166138,0.37034593960715334,0
BOOK-137560,0.37034593960715334,0
BOOK-166465,0.37034593960715334,0
BOOK-165317,0.37034593960715334,0
BOOK-178581,0.37034593960715334,0
BOOK-196853,0.37034593960715334,0
BOOK-158506,0.37034593960715334,0
BOOK-152992,0.37034593960715334,0
BOOK-106777,0.37034593960715334,0
BOOK-110826,0.37034593960715334,0
BOOK-197831,0.37034593960715334,0
BOOK-169726,0.37034593960715334,0
BOOK-100806,0.37034593960715334,0
BOOK-102745,0.37034593960715334,0
BOOK-168241,0.37034593960715334,0
BOOK-181659,0.37034593960715334,0
BOOK-199215,0.37034593960715334,0
BOOK-123100,0.37034593960715334,0
BOOK-136059,0.37034593960715334,0
BOOK-132004,0.37034593960715334,0
BOOK-165582,0.37034593960715334,0
BOOK-105398,0.37034593960715334,0
BOOK-206739,0.37034593960715334,0
BOOK-156860,0.37034593960715334,0
BOOK-156779,0.37034593960715334,0
BOOK-168161,0.37034593960715334,0
BOOK-123989,0.37034593960715334,0
BOOK-209940,0.37034593960715334,0
BOOK-213232,0.37034593960715334,0
BOOK-203339,0.37034593960715334,0
BOOK-113935,0.37034593960715334,0
BOOK-158547,0.37034593960715334,0
BOOK-168545,0.37034593960715334,0
BOOK-142002,0.37034593960715334,0
BOOK-114139,0.37034593960715334,0
BOOK-184701,0.37034593960715334,0
BOOK-117668,0.37034593960715334,0
BOOK-152901,0.37034593960715334,0
BOOK-108852,0.37034593960715334,0
BOOK-213570,0.37034593960715334,0
BOOK-172141,0.37034593960715334,0
BOOK-158183,0.37034593960715334,0
BOOK-136028,0.37034593960715334,0
BOOK-108819,0.37034593960715334,0
BOOK-206506,0.37034593960715334,0
BOOK-134811,0.37034593960715334,0
BOOK-129332,0.37034593960715334,0
BOOK-103287,0.37034593960715334,0
BOOK-118746,0.37034593960715334,0
BOOK-182436,0.37034593960715334,0
BOOK-104253,0.37034593960715334,0
BOOK-155270,0.37034593960715334,0
BOOK-195936,0.37034593960715334,0
BOOK-141023,0.37034593960715334,0
BOOK-171550,0.37034593960715334,0
BOOK-102901,0.37034593960715334,0
BOOK-127012,0.37034593960715334,0
BOOK-162003,0.37034593960715334,0
BOOK-125668,0.37034593960715334,0
BOOK-208093,0.37034593960715334,0
BOOK-152076,0.37034593960715334,0
BOOK-162533,0.37034593960715334,0
BOOK-175648,0.37034593960715334,0
BOOK-104917,0.37034593960715334,0
BOOK-124696,0.37034593960715334,0
BOOK-124765,0.37034593960715334,0
BOOK-217671,0.37034593960715334,0
BOOK-188490,0.37034593960715334,0
BOOK-177685,0.37034593960715334,0
BOOK-127164,0.37034593960715334,0
BOOK-182767,0.37034593960715334,0
BOOK-122411,0.37034593960715334,0
BOOK-182514,0.37034593960715334,0
BOOK-126445,0.37034593960715334,0
BOOK-158598,0.37034593960715334,0
BOOK-102932,0.37034593960715334,0
BOOK-170554,0.37034593960715334,0
BOOK-145001,0.37034593960715334,0
BOOK-151351,0.37034593960715334,0
BOOK-203611,0.37034593960715334,0
BOOK-160756,0.37034593960715334,0
BOOK-126361,0.37034593960715334,0
BOOK-198863,0.37034593960715334,0
BOOK-219306,0.37034593960715334,0
BOOK-151804,0.37034593960715334,0
BOOK-204862,0.37034593960715334,0
BOOK-185533,0.37034593960715334,0
BOOK-143448,0.37034593960715334,0
BOOK-194657,0.37034593960715334,0
BOOK-109334,0.37034593960715334,0
BOOK-206454,0.37034593960715334,0
BOOK-167971,0.37034593960715334,0
BOOK-208643,0.37034593960715334,0
BOOK-169679,0.37034593960715334,0
BOOK-152560,0.37034593960715334,0
BOOK-151223,0.37034593960715334,0
BOOK-133236,0.37034593960715334,0
BOOK-142750,0.37034593960715334,0
BOOK-199369,0.37034593960715334,0
BOOK-127647,0.37034593960715334,0
BOOK-122700,0.37034593960715334,0
BOOK-147331,0.37034593960715334,0
BOOK-206687,0.37034593960715334,0
BOOK-116222,0.37034593960715334,0
BOOK-106047,0.37034593960715334,0
BOOK-203712,0.37034593960715334,0
BOOK-206216,0.37034593960715334,0
BOOK-173527,0.37034593960715334,0
BOOK-138601,0.37034593960715334,0
BOOK-132965,0.37034593960715334,0
BOOK-122123,0.37034593960715334,0
BOOK-149911,0.37034593960715334,0
BOOK-192071,0.37034593960715334,0
BOOK-161227,0.37034593960715334,0
BOOK-140276,0.37034593960715334,0
BOOK-128395,0.37034593960715334,0
BOOK-117679,0.37034593960715334,0
BOOK-168868,0.37034593960715334,0
BOOK-203401,0.37034593960715334,0
BOOK-115370,0.37034593960715334,0
BOOK-136943,0.37034593960715334,0
BOOK-162173,0.37034593960715334,0
BOOK-168571,0.37034593960715334,0
BOOK-121406,0.37034593960715334,0
BOOK-178437,0.37034593960715334,0
BOOK-155996,0.37034593960715334,0
BOOK-150939,0.37034593960715334,0
BOOK-189842,0.37034593960715334,0
BOOK-189679,0.37034593960715334,0
BOOK-202009,0.37034593960715334,0
BOOK-211573,0.37034593960715334,0
BOOK-134011,0.37034593960715334,0
BOOK-177254,0.37034593960715334,0
BOOK-198423,0.37034593960715334,0
BOOK-109894,0.37034593960715334,0
BOOK-180035,0.37034593960715334,0
BOOK-184705,0.37034593960715334,0
BOOK-183801,0.37034593960715334,0
BOOK-177945,0.37034593960715334,0
BOOK-153204,0.37034593960715334,0
BOOK-146410,0.37034593960715334,0
BOOK-119873,0.37034593960715334,0
BOOK-148547,0.37034593960715334,0
BOOK-134048,0.37034593960715334,0
BOOK-153010,0.37034593960715334,0
BOOK-125335,0.37034593960715334,0
BOOK-178946,0.37034593960715334,0
BOOK-123328,0.37034593960715334,0
BOOK-179510,0.37034593960715334,0
BOOK-133833,0.37034593960715334,0
BOOK-200661,0.37034593960715334,0
BOOK-215585,0.37034593960715334,0
BOOK-176754,0.37034593960715334,0
BOOK-185291,0.37034593960715334,0
BOOK-182892,0.37034593960715334,0
BOOK-142543,0.37034593960715334,0
BOOK-217770,0.37034593960715334,0
BOOK-183417,0.37034593960715334,0
BOOK-196217,0.37034593960715334,0
BOOK-167455,0.37034593960715334,0
BOOK-185047,0.37034593960715334,0
BOOK-187403,0.37034593960715334,0
BOOK-142826,0.37034593960715334,0
BOOK-188567,0.37034593960715334,0
BOOK-117071,0.37034593960715334,0
BOOK-148131,0.37034593960715334,0
BOOK-116712,0.37034593960715334,0
BOOK-152052,0.37034593960715334,0
BOOK-204970,0.37034593960715334,0
BOOK-165754,0.37034593960715334,0
BOOK-118790,0.37034593960715334,0
BOOK-166226,0.37034593960715334,0
BOOK-191685,0.37034593960715334,0
BOOK-199788,0.37034593960715334,0
BOOK-167502,0.37034593960715334,0
BOOK-209655,0.37034593960715334,0
BOOK-143856,0.37034593960715334,0
BOOK-134831,0.37034593960715334,0
BOOK-151005,0.37034593960715334,0
BOOK-146563,0.37034593960715334,0
BOOK-134007,0.37034593960715334,0
BOOK-173898,0.37034593960715334,0
BOOK-113669,0.37034593960715334,0
BOOK-160961,0.37034593960715334,0
BOOK-141185,0.37034593960715334,0
BOOK-174786,0.37034593960715334,0
BOOK-143488,0.37034593960715334,0
BOOK-159968,0.37034593960715334,0
BOOK-209782,0.37034593960715334,0
BOOK-197942,0.37034593960715334,0
BOOK-210494,0.37034593960715334,0
BOOK-196233,0.37034593960715334,0
BOOK-217129,0.37034593960715334,0
BOOK-211765,0.37034593960715334,0
BOOK-128361,0.37034593960715334,0
BOOK-191160,0.37034593960715334,0
BOOK-156742,0.37034593960715334,0
BOOK-108573,0.37034593960715334,0
BOOK-138977,0.37034593960715334,0
BOOK-134937,0.37034593960715334,0
BOOK-135552,0.37034593960715334,0
BOOK-195328,0.37034593960715334,0
BOOK-117244,0.37034593960715334,0
BOOK-215247,0.37034593960715334,0
BOOK-136975,0.37034593960715334,0
BOOK-111406,0.37034593960715334,0
BOOK-153954,0.37034593960715334,0
BOOK-150392,0.37034593960715334,0
BOOK-218771,0.37034593960715334,0
BOOK-197791,0.37034593960715334,0
BOOK-110020,0.37034593960715334,0
BOOK-100663,0.37034593960715334,0
BOOK-141923,0.37034593960715334,0
BOOK-106552,0.37034593960715334,0
BOOK-105215,0.37034593960715334,0
BOOK-186549,0.37034593960715334,0
BOOK-154602,0.37034593960715334,0
BOOK-118494,0.37034593960715334,0
BOOK-127356,0.37034593960715334,0
BOOK-174084,0.37034593960715334,0
BOOK-217077,0.37034593960715334,0
BOOK-112378,0.37034593960715334,0
BOOK-175345,0.37034593960715334,0
BOOK-151289,0.37034593960715334,0
BOOK-191820,0.37034593960715334,0
BOOK-164637,0.37034593960715334,0
BOOK-161017,0.37034593960715334,0
BOOK-107736,0.37034593960715334,0
BOOK-150114,0.37034593960715334,0
BOOK-177425,0.37034593960715334,0
BOOK-120265,0.37034593960715334,0
BOOK-121167,0.37034593960715334,0
BOOK-176921,0.37034593960715334,0
BOOK-209920,0.37034593960715334,0
BOOK-129992,0.37034593960715334,0
BOOK-157180,0.37034593960715334,0
BOOK-153098,0.37034593960715334,0
BOOK-151097,0.37034593960715334,0
BOOK-190939,0.37034593960715334,0
BOOK-118114,0.37034593960715334,0
BOOK-126620,0.37034593960715334,0
BOOK-209090,0.37034593960715334,0
BOOK-183002,0.37034593960715334,0
BOOK-217856,0.37034593960715334,0
BOOK-146455,0.37034593960715334,0
BOOK-121894,0.37034593960715334,0
BOOK-174600,0.37034593960715334,0
BOOK-185608,0.37034593960715334,0
BOOK-128492,0.37034593960715334,0
BOOK-116187,0.37034593960715334,0
BOOK-114422,0.37034593960715334,0
BOOK-200003,0.37034593960715334,0
BOOK-210974,0.37034593960715334,0
BOOK-208072,0.37034593960715334,0
BOOK-218047,0.37034593960715334,0
BOOK-211129,0.37034593960715334,0
BOOK-198777,0.37034593960715334,0
BOOK-117238,0.37034593960715334,0
BOOK-128523,0.37034593960715334,0
BOOK-122705,0.37034593960715334,0
BOOK-126943,0.37034593960715334,0
BOOK-136280,0.37034593960715334,0
BOOK-218556,0.37034593960715334,0
BOOK-147780,0.37034593960715334,0
BOOK-204779,0.37034593960715334,0
BOOK-122761,0.37034593960715334,0
BOOK-143711,0.37034593960715334,0
BOOK-131716,0.37034593960715334,0
BOOK-171047,0.37034593960715334,0
BOOK-145960,0.37034593960715334,0
BOOK-176214,0.37034593960715334,0
BOOK-123822,0.37034593960715334,0
BOOK-116935,0.37034593960715334,0
BOOK-165802,0.37034593960715334,0
BOOK-171327,0.37034593960715334,0
BOOK-139624,0.37034593960715334,0
BOOK-170724,0.37034593960715334,0
BOOK-178966,0.37034593960715334,0
BOOK-202605,0.37034593960715334,0
BOOK-185547,0.37034593960715334,0
BOOK-216390,0.37034593960715334,0
BOOK-139897,0.37034593960715334,0
BOOK-161514,0.37034593960715334,0
BOOK-199412,0.37034593960715334,0
BOOK-145820,0.37034593960715334,0
BOOK-172057,0.37034593960715334,0
BOOK-148059,0.37034593960715334,0
BOOK-175463,0.37034593960715334,0
BOOK-212937,0.37034593960715334,0
BOOK-208762,0.37034593960715334,0
BOOK-114948,0.37034593960715334,0
BOOK-178100,0.37034593960715334,0
BOOK-189090,0.37034593960715334,0
BOOK-109519,0.37034593960715334,0
BOOK-169131,0.37034593960715334,0
BOOK-126503,0.37034593960715334,0
BOOK-193407,0.37034593960715334,0
BOOK-132662,0.37034593960715334,0
BOOK-141219,0.37034593960715334,0
BOOK-116948,0.37034593960715334,0
BOOK-135068,0.37034593960715334,0
BOOK-136971,0.37034593960715334,0
BOOK-157521,0.37034593960715334,0
BOOK-142200,0.37034593960715334,0
BOOK-191105,0.37034593960715334,0
BOOK-190732,0.37034593960715334,0
BOOK-114647,0.37034593960715334,0
BOOK-184042,0.37034593960715334,0
BOOK-209773,0.37034593960715334,0
BOOK-188330,0.37034593960715334,0
BOOK-132065,0.37034593960715334,0
BOOK-206571,0.37034593960715334,0
BOOK-204336,0.37034593960715334,0
BOOK-107096,0.37034593960715334,0
BOOK-144968,0.37034593960715334,0
BOOK-214192,0.37034593960715334,0
BOOK-127820,0.37034593960715334,0
BOOK-132257,0.37034593960715334,0
BOOK-205189,0.37034593960715334,0
BOOK-109132,0.37034593960715334,0
BOOK-175922,0.37034593960715334,0
BOOK-198798,0.37034593960715334,0
BOOK-147123,0.37034593960715334,0
BOOK-108813,0.37034593960715334,0
BOOK-122778,0.37034593960715334,0
BOOK-170612,0.37034593960715334,0
BOOK-192253,0.37034593960715334,0
BOOK-164434,0.37034593960715334,0
BOOK-116922,0.37034593960715334,0
BOOK-174535,0.37034593960715334,0
BOOK-202705,0.37034593960715334,0
BOOK-118582,0.37034593960715334,0
BOOK-179567,0.37034593960715334,0
BOOK-212748,0.37034593960715334,0
BOOK-215797,0.37034593960715334,0
BOOK-214445,0.37034593960715334,0
BOOK-191747,0.37034593960715334,0
BOOK-127116,0.37034593960715334,0
BOOK-218028,0.37034593960715334,0
BOOK-132928,0.37034593960715334,0
BOOK-173864,0.37034593960715334,0
BOOK-115727,0.37034593960715334,0
BOOK-152867,0.37034593960715334,0
BOOK-118000,0.37034593960715334,0
BOOK-166530,0.37034593960715334,0
BOOK-189794,0.37034593960715334,0
BOOK-164777,0.37034593960715334,0
BOOK-116699,0.37034593960715334,0
BOOK-176721,0.37034593960715334,0
BOOK-190514,0.37034593960715334,0
BOOK-194174,0.37034593960715334,0
BOOK-217439,0.37034593960715334,0
BOOK-151844,0.37034593960715334,0
BOOK-198428,0.37034593960715334,0
BOOK-201227,0.37034593960715334,0
BOOK-145528,0.37034593960715334,0
BOOK-109256,0.37034593960715334,0
BOOK-191291,0.37034593960715334,0
BOOK-141293,0.37034593960715334,0
BOOK-141520,0.37034593960715334,0
BOOK-174676,0.37034593960715334,0
BOOK-135302,0.37034593960715334,0
BOOK-133831,0.37034593960715334,0
BOOK-135953,0.37034593960715334,0
BOOK-187690,0.37034593960715334,0
BOOK-188108,0.37034593960715334,0
BOOK-152926,0.37034593960715334,0
BOOK-212096,0.37034593960715334,0
BOOK-158525,0.37034593960715334,0
BOOK-112125,0.37034593960715334,0
BOOK-116111,0.37034593960715334,0
BOOK-187593,0.37034593960715334,0
BOOK-169551,0.37034593960715334,0
BOOK-105452,0.37034593960715334,0
BOOK-119613,0.37034593960715334,0
BOOK-165175,0.37034593960715334,0
BOOK-196111,0.37034593960715334,0
BOOK-130307,0.37034593960715334,0
BOOK-174018,0.37034593960715334,0
BOOK-100888,0.37034593960715334,0
BOOK-138038,0.37034593960715334,0
BOOK-119348,0.37034593960715334,0
BOOK-163337,0.37034593960715334,0
BOOK-139852,0.37034593960715334,0
BOOK-133653,0.37034593960715334,0
BOOK-133880,0.37034593960715334,0
BOOK-152945,0.37034593960715334,0
BOOK-199495,0.37034593960715334,0
BOOK-172913,0.37034593960715334,0
BOOK-193095,0.37034593960715334,0
BOOK-133966,0.37034593960715334,0
BOOK-107145,0.37034593960715334,0
BOOK-160300,0.37034593960715334,0
BOOK-191892,0.37034593960715334,0
BOOK-192468,0.37034593960715334,0
BOOK-100355,0.37034593960715334,0
BOOK-132452,0.37034593960715334,0
BOOK-179974,0.37034593960715334,0
BOOK-210573,0.37034593960715334,0
BOOK-165293,0.37034593960715334,0
BOOK-212254,0.37034593960715334,0
BOOK-120387,0.37034593960715334,0
BOOK-118805,0.37034593960715334,0
BOOK-172700,0.37034593960715334,0
BOOK-197254,0.37034593960715334,0
BOOK-202238,0.37034593960715334,0
BOOK-155042,0.37034593960715334,0
BOOK-125547,0.37034593960715334,0
BOOK-197135,0.37034593960715334,0
BOOK-204767,0.37034593960715334,0
BOOK-196746,0.37034593960715334,0
BOOK-181214,0.37034593960715334,0
BOOK-114799,0.37034593960715334,0
BOOK-169602,0.37034593960715334,0
BOOK-113922,0.37034593960715334,0
BOOK-206005,0.37034593960715334,0
BOOK-103602,0.37034593960715334,0
BOOK-176293,0.37034593960715334,0
BOOK-167358,0.37034593960715334,0
BOOK-105358,0.37034593960715334,0
BOOK-105565,0.37034593960715334,0
BOOK-127553,0.37034593960715334,0
BOOK-106805,0.37034593960715334,0
BOOK-167423,0.37034593960715334,0
BOOK-162251,0.37034593960715334,0
BOOK-213508,0.37034593960715334,0
BOOK-140153,0.37034593960715334,0
BOOK-159024,0.37034593960715334,0
BOOK-186815,0.37034593960715334,0
BOOK-180808,0.37034593960715334,0
BOOK-108995,0.37034593960715334,0
BOOK-118653,0.37034593960715334,0
BOOK-120788,0.37034593960715334,0
BOOK-179750,0.37034593960715334,0
BOOK-192103,0.37034593960715334,0
BOOK-101839,0.37034593960715334,0
BOOK-130180,0.37034593960715334,0
BOOK-118857,0.37034593960715334,0
BOOK-147668,0.37034593960715334,0
BOOK-171930,0.37034593960715334,0
BOOK-186786,0.37034593960715334,0
BOOK-112907,0.37034593960715334,0
BOOK-139056,0.37034593960715334,0
BOOK-140411,0.37034593960715334,0
BOOK-153973,0.37034593960715334,0
BOOK-111282,0.37034593960715334,0
BOOK-154724,0.37034593960715334,0
BOOK-209147,0.37034593960715334,0
BOOK-175057,0.37034593960715334,0
BOOK-152495,0.37034593960715334,0
BOOK-218717,0.37034593960715334,0
BOOK-186966,0.37034593960715334,0
BOOK-200287,0.37034593960715334,0
BOOK-163364,0.37034593960715334,0
BOOK-167331,0.37034593960715334,0
BOOK-119936,0.37034593960715334,0
BOOK-139238,0.37034593960715334,0
BOOK-198056,0.37034593960715334,0
BOOK-150798,0.37034593960715334,0
BOOK-177274,0.37034593960715334,0
BOOK-142074,0.37034593960715334,0
BOOK-145589,0.37034593960715334,0
BOOK-186524,0.37034593960715334,0
BOOK-121891,0.37034593960715334,0
BOOK-202964,0.37034593960715334,0
BOOK-157750,0.37034593960715334,0
BOOK-129313,0.37034593960715334,0
BOOK-163303,0.37034593960715334,0
BOOK-169987,0.37034593960715334,0
BOOK-121529,0.37034593960715334,0
BOOK-210130,0.37034593960715334,0
BOOK-176985,0.37034593960715334,0
BOOK-117101,0.37034593960715334,0
BOOK-100130,0.37034593960715334,0
BOOK-195441,0.37034593960715334,0
BOOK-140841,0.37034593960715334,0
BOOK-116137,0.37034593960715334,0
BOOK-124549,0.37034593960715334,0
BOOK-177745,0.37034593960715334,0
BOOK-169955,0.37034593960715334,0
BOOK-207444,0.37034593960715334,0
BOOK-184697,0.37034593960715334,0
BOOK-193562,0.37034593960715334,0
BOOK-197614,0.37034593960715334,0
BOOK-179532,0.37034593960715334,0
BOOK-218875,0.37034593960715334,0
BOOK-154162,0.37034593960715334,0
BOOK-186837,0.37034593960715334,0
BOOK-195863,0.37034593960715334,0
BOOK-105776,0.37034593960715334,0
BOOK-180106,0.37034593960715334,0
BOOK-202156,0.37034593960715334,0
BOOK-216703,0.37034593960715334,0
BOOK-205685,0.37034593960715334,0
BOOK-125474,0.37034593960715334,0
BOOK-149645,0.37034593960715334,0
BOOK-161149,0.37034593960715334,0
BOOK-119046,0.37034593960715334,0
BOOK-188883,0.37034593960715334,0
BOOK-157414,0.37034593960715334,0
BOOK-159992,0.37034593960715334,0
BOOK-202999,0.37034593960715334,0
BOOK-205502,0.37034593960715334,0
BOOK-190027,0.37034593960715334,0
BOOK-170874,0.37034593960715334,0
BOOK-218673,0.37034593960715334,0
BOOK-215202,0.37034593960715334,0
BOOK-121768,0.37034593960715334,0
BOOK-106264,0.37034593960715334,0
BOOK-168014,0.37034593960715334,0
BOOK-171521,0.37034593960715334,0
BOOK-187872,0.37034593960715334,0
BOOK-156786,0.37034593960715334,0
BOOK-138510,0.37034593960715334,0
BOOK-134107,0.37034593960715334,0
BOOK-191771,0.37034593960715334,0
BOOK-113280,0.37034593960715334,0
BOOK-157554,0.37034593960715334,0
BOOK-124823,0.37034593960715334,0
BOOK-195404,0.37034593960715334,0
BOOK-100159,0.37034593960715334,0
BOOK-178448,0.37034593960715334,0
BOOK-128827,0.37034593960715334,0
BOOK-136075,0.37034593960715334,0
BOOK-188946,0.37034593960715334,0
BOOK-117757,0.37034593960715334,0
BOOK-155455,0.37034593960715334,0
BOOK-196256,0.37034593960715334,0
BOOK-104836,0.37034593960715334,0
BOOK-144891,0.37034593960715334,0
BOOK-210551,0.37034593960715334,0
BOOK-180179,0.37034593960715334,0
BOOK-199321,0.37034593960715334,0
BOOK-153989,0.37034593960715334,0
BOOK-187974,0.37034593960715334,0
BOOK-208577,0.37034593960715334,0
BOOK-174876,0.37034593960715334,0
BOOK-186322,0.37034593960715334,0
BOOK-146040,0.37034593960715334,0
BOOK-133987,0.37034593960715334,0
BOOK-134957,0.37034593960715334,0
BOOK-196557,0.37034593960715334,0
BOOK-131326,0.37034593960715334,0
BOOK-141640,0.37034593960715334,0
BOOK-172995,0.37034593960715334,0
BOOK-139780,0.37034593960715334,0
BOOK-213773,0.37034593960715334,0
BOOK-193969,0.37034593960715334,0
BOOK-190713,0.37034593960715334,0
BOOK-170963,0.37034593960715334,0
BOOK-104806,0.37034593960715334,0
BOOK-127793,0.37034593960715334,0
BOOK-106624,0.37034593960715334,0
BOOK-149375,0.37034593960715334,0
BOOK-170330,0.37034593960715334,0
BOOK-207359,0.37034593960715334,0
BOOK-185069,0.37034593960715334,0
BOOK-146064,0.37034593960715334,0
BOOK-162977,0.37034593960715334,0
BOOK-122227,0.37034593960715334,0
BOOK-193772,0.37034593960715334,0
BOOK-161406,0.37034593960715334,0
BOOK-155276,0.37034593960715334,0
BOOK-155176,0.37034593960715334,0
BOOK-191714,0.37034593960715334,0
BOOK-185468,0.37034593960715334,0
BOOK-157514,0.37034593960715334,0
BOOK-201929,0.37034593960715334,0
BOOK-116307,0.37034593960715334,0
BOOK-211924,0.37034593960715334,0
BOOK-107187,0.37034593960715334,0
BOOK-148108,0.37034593960715334,0
BOOK-107310,0.37034593960715334,0
BOOK-151332,0.37034593960715334,0
BOOK-149774,0.37034593960715334,0
BOOK-101382,0.37034593960715334,0
BOOK-184270,0.37034593960715334,0
BOOK-130679,0.37034593960715334,0
BOOK-174390,0.37034593960715334,0
BOOK-159287,0.37034593960715334,0
BOOK-211353,0.37034593960715334,0
BOOK-148085,0.37034593960715334,0
BOOK-111035,0.37034593960715334,0
BOOK-154879,0.37034593960715334,0
BOOK-196240,0.37034593960715334,0
BOOK-186457,0.37034593960715334,0
BOOK-140213,0.37034593960715334,0
BOOK-106938,0.37034593960715334,0
BOOK-117548,0.37034593960715334,0
BOOK-143404,0.37034593960715334,0
BOOK-132005,0.37034593960715334,0
BOOK-146712,0.37034593960715334,0
BOOK-166265,0.37034593960715334,0
BOOK-203975,0.37034593960715334,0
BOOK-179714,0.37034593960715334,0
BOOK-105851,0.37034593960715334,0
BOOK-118878,0.37034593960715334,0
BOOK-173904,0.37034593960715334,0
BOOK-159732,0.37034593960715334,0
BOOK-167169,0.37034593960715334,0
BOOK-136456,0.37034593960715334,0
BOOK-106112,0.37034593960715334,0
BOOK-205594,0.37034593960715334,0
BOOK-203195,0.37034593960715334,0
BOOK-216484,0.37034593960715334,0
BOOK-218139,0.37034593960715334,0
BOOK-146751,0.37034593960715334,0
BOOK-170850,0.37034593960715334,0
BOOK-182979,0.37034593960715334,0
BOOK-134849,0.37034593960715334,0
BOOK-119733,0.37034593960715334,0
BOOK-124433,0.37034593960715334,0
BOOK-123076,0.37034593960715334,0
BOOK-107687,0.37034593960715334,0
BOOK-105599,0.37034593960715334,0
BOOK-111364,0.37034593960715334,0
BOOK-106404,0.37034593960715334,0
BOOK-105870,0.37034593960715334,0
BOOK-118117,0.37034593960715334,0
BOOK-104587,0.37034593960715334,0
BOOK-130600,0.37034593960715334,0
BOOK-160130,0.37034593960715334,0
BOOK-206830,0.37034593960715334,0
BOOK-118211,0.37034593960715334,0
BOOK-218088,0.37034593960715334,0
BOOK-155356,0.37034593960715334,0
BOOK-194519,0.37034593960715334,0
BOOK-195227,0.37034593960715334,0
BOOK-122248,0.37034593960715334,0
BOOK-133371,0.37034593960715334,0
BOOK-134254,0.37034593960715334,0
BOOK-203746,0.37034593960715334,0
BOOK-194527,0.37034593960715334,0
BOOK-125138,0.37034593960715334,0
BOOK-206872,0.37034593960715334,0
BOOK-144528,0.37034593960715334,0
BOOK-152431,0.37034593960715334,0
BOOK-148290,0.37034593960715334,0
BOOK-169478,0.37034593960715334,0
BOOK-184822,0.37034593960715334,0
BOOK-106421,0.37034593960715334,0
BOOK-187314,0.37034593960715334,0
BOOK-114146,0.37034593960715334,0
BOOK-146639,0.37034593960715334,0
BOOK-162586,0.37034593960715334,0
BOOK-182021,0.37034593960715334,0
BOOK-197250,0.37034593960715334,0
BOOK-158498,0.37034593960715334,0
BOOK-180647,0.37034593960715334,0
BOOK-171475,0.37034593960715334,0
BOOK-127115,0.37034593960715334,0
BOOK-111727,0.37034593960715334,0
BOOK-143539,0.37034593960715334,0
BOOK-140934,0.37034593960715334,0
BOOK-190245,0.37034593960715334,0
BOOK-161366,0.37034593960715334,0
BOOK-129103,0.37034593960715334,0
BOOK-160574,0.37034593960715334,0
BOOK-134546,0.37034593960715334,0
BOOK-172271,0.37034593960715334,0
BOOK-116408,0.37034593960715334,0
BOOK-193011,0.37034593960715334,0
BOOK-121282,0.37034593960715334,0
BOOK-189069,0.37034593960715334,0
BOOK-148363,0.37034593960715334,0
BOOK-110591,0.37034593960715334,0
BOOK-161618,0.37034593960715334,0
BOOK-130058,0.37034593960715334,0
BOOK-196444,0.37034593960715334,0
BOOK-105390,0.37034593960715334,0
BOOK-189230,0.37034593960715334,0
BOOK-182226,0.37034593960715334,0
BOOK-172986,0.37034593960715334,0
BOOK-170091,0.37034593960715334,0
BOOK-163806,0.37034593960715334,0
BOOK-111029,0.37034593960715334,0
BOOK-118867,0.37034593960715334,0
BOOK-136241,0.37034593960715334,0
BOOK-165904,0.37034593960715334,0
BOOK-130370,0.37034593960715334,0
BOOK-123134,0.37034593960715334,0
BOOK-151296,0.37034593960715334,0
BOOK-102128,0.37034593960715334,0
BOOK-198179,0.37034593960715334,0
BOOK-139637,0.37034593960715334,0
BOOK-123864,0.37034593960715334,0
BOOK-158070,0.37034593960715334,0
BOOK-102990,0.37034593960715334,0
BOOK-113611,0.37034593960715334,0
BOOK-140600,0.37034593960715334,0
BOOK-110133,0.37034593960715334,0
BOOK-166181,0.37034593960715334,0
BOOK-218516,0.37034593960715334,0
BOOK-151135,0.37034593960715334,0
BOOK-120351,0.37034593960715334,0
BOOK-126281,0.37034593960715334,0
BOOK-200061,0.37034593960715334,0
BOOK-210489,0.37034593960715334,0
BOOK-157480,0.37034593960715334,0
BOOK-192463,0.37034593960715334,0
BOOK-164389,0.37034593960715334,0
BOOK-218416,0.37034593960715334,0
BOOK-189458,0.37034593960715334,0
BOOK-166786,0.37034593960715334,0
BOOK-142983,0.37034593960715334,0
BOOK-167780,0.37034593960715334,0
BOOK-101894,0.37034593960715334,0
BOOK-182195,0.37034593960715334,0
BOOK-204556,0.37034593960715334,0
BOOK-173298,0.37034593960715334,0
BOOK-112795,0.37034593960715334,0
BOOK-149609,0.37034593960715334,0
BOOK-161224,0.37034593960715334,0
BOOK-152939,0.37034593960715334,0
BOOK-101313,0.37034593960715334,0
BOOK-184305,0.37034593960715334,0
BOOK-179003,0.37034593960715334,0
BOOK-173553,0.37034593960715334,0
BOOK-162915,0.37034593960715334,0
BOOK-209628,0.37034593960715334,0
BOOK-116251,0.37034593960715334,0
BOOK-145737,0.37034593960715334,0
BOOK-138986,0.37034593960715334,0
BOOK-191613,0.37034593960715334,0
BOOK-126477,0.37034593960715334,0
BOOK-129126,0.37034593960715334,0
BOOK-173940,0.37034593960715334,0
BOOK-126377,0.37034593960715334,0
BOOK-108009,0.37034593960715334,0
BOOK-217872,0.37034593960715334,0
BOOK-141868,0.37034593960715334,0
BOOK-182542,0.37034593960715334,0
BOOK-119725,0.37034593960715334,0
BOOK-123511,0.37034593960715334,0
BOOK-178802,0.37034593960715334,0
BOOK-146170,0.37034593960715334,0
BOOK-113881,0.37034593960715334,0
BOOK-216381,0.37034593960715334,0
BOOK-101375,0.37034593960715334,0
BOOK-183124,0.37034593960715334,0
BOOK-154828,0.37034593960715334,0
BOOK-139795,0.37034593960715334,0
BOOK-178962,0.37034593960715334,0
BOOK-182022,0.37034593960715334,0
BOOK-160642,0.37034593960715334,0
BOOK-142535,0.37034593960715334,0
BOOK-166365,0.37034593960715334,0
BOOK-197017,0.37034593960715334,0
BOOK-187482,0.37034593960715334,0
BOOK-166473,0.37034593960715334,0
BOOK-100121,0.37034593960715334,0
BOOK-210428,0.37034593960715334,0
BOOK-207617,0.37034593960715334,0
BOOK-180566,0.37034593960715334,0
BOOK-208996,0.37034593960715334,0
BOOK-119597,0.37034593960715334,0
BOOK-159711,0.37034593960715334,0
BOOK-165123,0.37034593960715334,0
BOOK-171818,0.37034593960715334,0
BOOK-154291,0.37034593960715334,0
BOOK-143253,0.37034593960715334,0
BOOK-162538,0.37034593960715334,0
BOOK-190070,0.37034593960715334,0
BOOK-126727,0.37034593960715334,0
BOOK-157066,0.37034593960715334,0
BOOK-105984,0.37034593960715334,0
BOOK-127062,0.37034593960715334,0
BOOK-167714,0.37034593960715334,0
BOOK-102699,0.37034593960715334,0
BOOK-130244,0.37034593960715334,0
BOOK-139703,0.37034593960715334,0
BOOK-120206,0.37034593960715334,0
BOOK-151044,0.37034593960715334,0
BOOK-207522,0.37034593960715334,0
BOOK-118010,0.37034593960715334,0
BOOK-215353,0.37034593960715334,0
BOOK-155553,0.37034593960715334,0
BOOK-121935,0.37034593960715334,0
BOOK-126725,0.37034593960715334,0
BOOK-141160,0.37034593960715334,0
BOOK-179473,0.37034593960715334,0
BOOK-120369,0.37034593960715334,0
BOOK-159717,0.37034593960715334,0
BOOK-160704,0.37034593960715334,0
BOOK-160443,0.37034593960715334,0
BOOK-157827,0.37034593960715334,0
BOOK-202078,0.37034593960715334,0
BOOK-200920,0.37034593960715334,0
BOOK-102066,0.37034593960715334,0
BOOK-215948,0.37034593960715334,0
BOOK-217730,0.37034593960715334,0
BOOK-101763,0.37034593960715334,0
BOOK-168629,0.37034593960715334,0
BOOK-213936,0.37034593960715334,0
BOOK-105224,0.37034593960715334,0
BOOK-170633,0.37034593960715334,0
BOOK-100638,0.37034593960715334,0
BOOK-118850,0.37034593960715334,0
BOOK-142604,0.37034593960715334,0
BOOK-105172,0.37034593960715334,0
BOOK-127241,0.37034593960715334,0
BOOK-103659,0.37034593960715334,0
BOOK-132238,0.37034593960715334,0
BOOK-161810,0.37034593960715334,0
BOOK-202487,0.37034593960715334,0
BOOK-159864,0.37034593960715334,0
BOOK-161048,0.37034593960715334,0
BOOK-165180,0.37034593960715334,0
BOOK-199034,0.37034593960715334,0
BOOK-101740,0.37034593960715334,0
BOOK-207024,0.37034593960715334,0
BOOK-137808,0.37034593960715334,0
BOOK-111249,0.37034593960715334,0
BOOK-215740,0.37034593960715334,0
BOOK-199551,0.37034593960715334,0
BOOK-128328,0.37034593960715334,0
BOOK-122792,0.37034593960715334,0
BOOK-142067,0.37034593960715334,0
BOOK-143082,0.37034593960715334,0
BOOK-146016,0.37034593960715334,0
BOOK-127766,0.37034593960715334,0
BOOK-103841,0.37034593960715334,0
BOOK-193163,0.37034593960715334,0
BOOK-188862,0.37034593960715334,0
BOOK-117646,0.37034593960715334,0
BOOK-139738,0.37034593960715334,0
BOOK-207262,0.37034593960715334,0
BOOK-165268,0.37034593960715334,0
BOOK-171898,0.37034593960715334,0
BOOK-133844,0.37034593960715334,0
BOOK-173305,0.37034593960715334,0
BOOK-212110,0.37034593960715334,0
BOOK-160091,0.37034593960715334,0
BOOK-165364,0.37034593960715334,0
BOOK-129286,0.37034593960715334,0
BOOK-195773,0.37034593960715334,0
BOOK-143334,0.37034593960715334,0
BOOK-198722,0.37034593960715334,0
BOOK-108446,0.37034593960715334,0
BOOK-154490,0.37034593960715334,0
BOOK-179396,0.37034593960715334,0
BOOK-137369,0.37034593960715334,0
BOOK-149390,0.37034593960715334,0
BOOK-121233,0.37034593960715334,0
BOOK-130241,0.37034593960715334,0
BOOK-217453,0.37034593960715334,0
BOOK-213211,0.37034593960715334,0
BOOK-183473,0.37034593960715334,0
BOOK-205175,0.37034593960715334,0
BOOK-179355,0.37034593960715334,0
BOOK-195171,0.37034593960715334,0
BOOK-189276,0.37034593960715334,0
BOOK-119847,0.37034593960715334,0
BOOK-115589,0.37034593960715334,0
BOOK-137679,0.37034593960715334,0
BOOK-202492,0.37034593960715334,0
BOOK-117593,0.37034593960715334,0
BOOK-114082,0.37034593960715334,0
BOOK-171254,0.37034593960715334,0
BOOK-104354,0.37034593960715334,0
BOOK-142876,0.37034593960715334,0
BOOK-117210,0.37034593960715334,0
BOOK-127358,0.37034593960715334,0
BOOK-207226,0.37034593960715334,0
BOOK-138715,0.37034593960715334,0
BOOK-206204,0.37034593960715334,0
BOOK-145826,0.37034593960715334,0
BOOK-215048,0.37034593960715334,0
BOOK-139978,0.37034593960715334,0
BOOK-160229,0.37034593960715334,0
BOOK-106056,0.37034593960715334,0
BOOK-206672,0.37034593960715334,0
BOOK-117614,0.37034593960715334,0
BOOK-211082,0.37034593960715334,0
BOOK-132739,0.37034593960715334,0
BOOK-122127,0.37034593960715334,0
BOOK-152818,0.37034593960715334,0
BOOK-185123,0.37034593960715334,0
BOOK-156558,0.37034593960715334,0
BOOK-178223,0.37034593960715334,0
BOOK-196479,0.37034593960715334,0
BOOK-188994,0.37034593960715334,0
BOOK-149750,0.37034593960715334,0
BOOK-130963,0.37034593960715334,0
BOOK-213297,0.37034593960715334,0
BOOK-176979,0.37034593960715334,0
BOOK-104168,0.37034593960715334,0
BOOK-156536,0.37034593960715334,0
BOOK-113348,0.37034593960715334,0
BOOK-214415,0.37034593960715334,0
BOOK-106888,0.37034593960715334,0
BOOK-208709,0.37034593960715334,0
BOOK-157687,0.37034593960715334,0
BOOK-134872,0.37034593960715334,0
BOOK-161874,0.37034593960715334,0
BOOK-196024,0.37034593960715334,0
BOOK-185723,0.37034593960715334,0
BOOK-138285,0.37034593960715334,0
BOOK-123797,0.37034593960715334,0
BOOK-170039,0.37034593960715334,0
BOOK-137749,0.37034593960715334,0
BOOK-117877,0.37034593960715334,0
BOOK-179587,0.37034593960715334,0
BOOK-196629,0.37034593960715334,0
BOOK-182448,0.37034593960715334,0
BOOK-144874,0.37034593960715334,0
BOOK-109152,0.37034593960715334,0
BOOK-118120,0.37034593960715334,0
BOOK-215554,0.37034593960715334,0
BOOK-104265,0.37034593960715334,0
BOOK-101968,0.37034593960715334,0
BOOK-137033,0.37034593960715334,0
BOOK-146706,0.37034593960715334,0
BOOK-199484,0.37034593960715334,0
BOOK-141308,0.37034593960715334,0
BOOK-204039,0.37034593960715334,0
BOOK-167998,0.37034593960715334,0
BOOK-173911,0.37034593960715334,0
BOOK-150892,0.37034593960715334,0
BOOK-212341,0.37034593960715334,0
BOOK-145967,0.37034593960715334,0
BOOK-190762,0.37034593960715334,0
BOOK-164538,0.37034593960715334,0
BOOK-188924,0.37034593960715334,0
BOOK-168867,0.37034593960715334,0
BOOK-191437,0.37034593960715334,0
BOOK-122868,0.37034593960715334,0
BOOK-108745,0.37034593960715334,0
BOOK-108007,0.37034593960715334,0
BOOK-181547,0.37034593960715334,0
BOOK-199895,0.37034593960715334,0
BOOK-178916,0.37034593960715334,0
BOOK-179794,0.37034593960715334,0
BOOK-191732,0.37034593960715334,0
BOOK-159597,0.37034593960715334,0
BOOK-133111,0.37034593960715334,0
BOOK-160823,0.37034593960715334,0
BOOK-218576,0.37034593960715334,0
BOOK-175371,0.37034593960715334,0
BOOK-215392,0.37034593960715334,0
BOOK-149444,0.37034593960715334,0
BOOK-127910,0.37034593960715334,0
BOOK-170418,0.37034593960715334,0
BOOK-204011,0.37034593960715334,0
BOOK-144349,0.37034593960715334,0
BOOK-206493,0.37034593960715334,0
BOOK-153040,0.37034593960715334,0
BOOK-147016,0.37034593960715334,0
BOOK-146375,0.37034593960715334,0
BOOK-138465,0.37034593960715334,0
BOOK-116130,0.37034593960715334,0
BOOK-139602,0.37034593960715334,0
BOOK-108140,0.37034593960715334,0
BOOK-100604,0.37034593960715334,0
BOOK-164304,0.37034593960715334,0
BOOK-175882,0.37034593960715334,0
BOOK-133926,0.37034593960715334,0
BOOK-123458,0.37034593960715334,0
BOOK-149429,0.37034593960715334,0
BOOK-105630,0.37034593960715334,0
BOOK-190119,0.37034593960715334,0
BOOK-147473,0.37034593960715334,0
BOOK-213285,0.37034593960715334,0
BOOK-144633,0.37034593960715334,0
BOOK-158780,0.37034593960715334,0
BOOK-212742,0.37034593960715334,0
BOOK-114831,0.37034593960715334,0
BOOK-124510,0.37034593960715334,0
BOOK-178327,0.37034593960715334,0
BOOK-194579,0.37034593960715334,0
BOOK-210971,0.37034593960715334,0
BOOK-140023,0.37034593960715334,0
BOOK-180734,0.37034593960715334,0
BOOK-120168,0.37034593960715334,0
BOOK-142064,0.37034593960715334,0
BOOK-199327,0.37034593960715334,0
BOOK-136285,0.37034593960715334,0
BOOK-204070,0.37034593960715334,0
BOOK-138369,0.37034593960715334,0
BOOK-179858,0.37034593960715334,0
BOOK-103590,0.37034593960715334,0
BOOK-142303,0.37034593960715334,0
BOOK-206330,0.37034593960715334,0
BOOK-215006,0.37034593960715334,0
BOOK-179011,0.37034593960715334,0
BOOK-218171,0.37034593960715334,0
BOOK-183331,0.37034593960715334,0
BOOK-112556,0.37034593960715334,0
BOOK-140728,0.37034593960715334,0
BOOK-131515,0.37034593960715334,0
BOOK-186887,0.37034593960715334,0
BOOK-108664,0.37034593960715334,0
BOOK-202838,0.37034593960715334,0
BOOK-156585,0.37034593960715334,0
BOOK-171127,0.37034593960715334,0
BOOK-195460,0.37034593960715334,0
BOOK-207816,0.37034593960715334,0
BOOK-190696,0.37034593960715334,0
BOOK-104017,0.37034593960715334,0
BOOK-218234,0.37034593960715334,0
BOOK-187564,0.37034593960715334,0
BOOK-121398,0.37034593960715334,0
BOOK-194428,0.37034593960715334,0
BOOK-153295,0.37034593960715334,0
BOOK-113098,0.37034593960715334,0
BOOK-104936,0.37034593960715334,0
BOOK-190769,0.37034593960715334,0
BOOK-152707,0.37034593960715334,0
BOOK-109325,0.37034593960715334,0
BOOK-119580,0.37034593960715334,0
BOOK-152839,0.37034593960715334,0
BOOK-119935,0.37034593960715334,0
BOOK-201312,0.37034593960715334,0
BOOK-199986,0.37034593960715334,0
BOOK-169032,0.37034593960715334,0
BOOK-128543,0.37034593960715334,0
BOOK-171412,0.37034593960715334,0
BOOK-145156,0.37034593960715334,0
BOOK-181683,0.37034593960715334,0
BOOK-218962,0.37034593960715334,0
BOOK-153847,0.37034593960715334,0
BOOK-151409,0.37034593960715334,0
BOOK-190400,0.37034593960715334,0
BOOK-204888,0.37034593960715334,0
BOOK-101342,0.37034593960715334,0
BOOK-204787,0.37034593960715334,0
BOOK-205839,0.37034593960715334,0
BOOK-128622,0.37034593960715334,0
BOOK-105967,0.37034593960715334,0
BOOK-156060,0.37034593960715334,0
BOOK-149369,0.37034593960715334,0
BOOK-170596,0.37034593960715334,0
BOOK-218515,0.37034593960715334,0
BOOK-145577,0.37034593960715334,0
BOOK-141080,0.37034593960715334,0
BOOK-162614,0.37034593960715334,0
BOOK-171684,0.37034593960715334,0
BOOK-130492,0.37034593960715334,0
BOOK-123802,0.37034593960715334,0
BOOK-142462,0.37034593960715334,0
BOOK-130789,0.37034593960715334,0
BOOK-216764,0.37034593960715334,0
BOOK-191192,0.37034593960715334,0
BOOK-128483,0.37034593960715334,0
BOOK-216191,0.37034593960715334,0
BOOK-152056,0.37034593960715334,0
BOOK-175836,0.37034593960715334,0
BOOK-197861,0.37034593960715334,0
BOOK-139955,0.37034593960715334,0
BOOK-138681,0.37034593960715334,0
BOOK-150960,0.37034593960715334,0
BOOK-124752,0.37034593960715334,0
BOOK-187802,0.37034593960715334,0
BOOK-136784,0.37034593960715334,0
BOOK-140015,0.37034593960715334,0
BOOK-114682,0.37034593960715334,0
BOOK-212754,0.37034593960715334,0
BOOK-171512,0.37034593960715334,0
BOOK-111159,0.37034593960715334,0
BOOK-136768,0.37034593960715334,0
BOOK-127083,0.37034593960715334,0
BOOK-154903,0.37034593960715334,0
BOOK-169829,0.37034593960715334,0
BOOK-181279,0.37034593960715334,0
BOOK-104760,0.37034593960715334,0
BOOK-209708,0.37034593960715334,0
BOOK-162137,0.37034593960715334,0
BOOK-217980,0.37034593960715334,0
BOOK-207500,0.37034593960715334,0
BOOK-172013,0.37034593960715334,0
BOOK-153157,0.37034593960715334,0
BOOK-121223,0.37034593960715334,0
BOOK-194509,0.37034593960715334,0
BOOK-177879,0.37034593960715334,0
BOOK-176142,0.37034593960715334,0
BOOK-109495,0.37034593960715334,0
BOOK-203204,0.37034593960715334,0
BOOK-100914,0.37034593960715334,0
BOOK-143841,0.37034593960715334,0
BOOK-109718,0.37034593960715334,0
BOOK-177579,0.37034593960715334,0
BOOK-118234,0.37034593960715334,0
BOOK-126936,0.37034593960715334,0
BOOK-108474,0.37034593960715334,0
BOOK-161513,0.37034593960715334,0
BOOK-106749,0.37034593960715334,0
BOOK-163868,0.37034593960715334,0
BOOK-198671,0.37034593960715334,0
BOOK-144598,0.37034593960715334,0
BOOK-168426,0.37034593960715334,0
BOOK-150258,0.37034593960715334,0
BOOK-176285,0.37034593960715334,0
BOOK-106335,0.37034593960715334,0
BOOK-106418,0.37034593960715334,0
BOOK-138872,0.37034593960715334,0
BOOK-182372,0.37034593960715334,0
BOOK-176222,0.37034593960715334,0
BOOK-217455,0.37034593960715334,0
BOOK-196706,0.37034593960715334,0
BOOK-118261,0.37034593960715334,0
BOOK-211561,0.37034593960715334,0
BOOK-144900,0.37034593960715334,0
BOOK-188510,0.37034593960715334,0
BOOK-100186,0.37034593960715334,0
BOOK-103868,0.37034593960715334,0
BOOK-100923,0.37034593960715334,0
BOOK-212370,0.37034593960715334,0
BOOK-115241,0.37034593960715334,0
BOOK-181472,0.37034593960715334,0
BOOK-186313,0.37034593960715334,0
BOOK-157088,0.37034593960715334,0
BOOK-212833,0.37034593960715334,0
BOOK-100897,0.37034593960715334,0
BOOK-109618,0.37034593960715334,0
BOOK-122048,0.37034593960715334,0
BOOK-200393,0.37034593960715334,0
BOOK-154529,0.37034593960715334,0
BOOK-148082,0.37034593960715334,0
BOOK-122623,0.37034593960715334,0
BOOK-182089,0.37034593960715334,0
BOOK-164201,0.37034593960715334,0
BOOK-150506,0.37034593960715334,0
BOOK-170830,0.37034593960715334,0
BOOK-156201,0.37034593960715334,0
BOOK-176880,0.37034593960715334,0
BOOK-133068,0.37034593960715334,0
BOOK-130439,0.37034593960715334,0
BOOK-205551,0.37034593960715334,0
BOOK-206391,0.37034593960715334,0
BOOK-110451,0.37034593960715334,0
BOOK-186230,0.37034593960715334,0
BOOK-144492,0.37034593960715334,0
BOOK-105261,0.37034593960715334,0
BOOK-127265,0.37034593960715334,0
BOOK-218566,0.37034593960715334,0
BOOK-187474,0.37034593960715334,0
BOOK-119149,0.37034593960715334,0
BOOK-113268,0.37034593960715334,0
BOOK-131712,0.37034593960715334,0
BOOK-200375,0.37034593960715334,0
BOOK-158799,0.37034593960715334,0
BOOK-208788,0.37034593960715334,0
BOOK-111803,0.37034593960715334,0
BOOK-121326,0.37034593960715334,0
BOOK-145415,0.37034593960715334,0
BOOK-158807,0.37034593960715334,0
BOOK-140978,0.37034593960715334,0
BOOK-136523,0.37034593960715334,0
BOOK-140174,0.37034593960715334,0
BOOK-159602,0.37034593960715334,0
BOOK-114230,0.37034593960715334,0
BOOK-197961,0.37034593960715334,0
BOOK-137249,0.37034593960715334,0
BOOK-123168,0.37034593960715334,0
BOOK-184329,0.37034593960715334,0
BOOK-217914,0.37034593960715334,0
BOOK-180067,0.37034593960715334,0
BOOK-134948,0.37034593960715334,0
BOOK-183519,0.37034593960715334,0
BOOK-205186,0.37034593960715334,0
BOOK-175288,0.37034593960715334,0
BOOK-118148,0.37034593960715334,0
BOOK-114942,0.37034593960715334,0
BOOK-150669,0.37034593960715334,0
BOOK-105305,0.37034593960715334,0
BOOK-105923,0.37034593960715334,0
BOOK-205969,0.37034593960715334,0
BOOK-210579,0.37034593960715334,0
BOOK-100764,0.37034593960715334,0
BOOK-136387,0.37034593960715334,0
BOOK-157639,0.37034593960715334,0
BOOK-184957,0.37034593960715334,0
BOOK-106119,0.37034593960715334,0
BOOK-108201,0.37034593960715334,0
BOOK-216581,0.37034593960715334,0
BOOK-191509,0.37034593960715334,0
BOOK-203445,0.37034593960715334,0
BOOK-121350,0.37034593960715334,0
BOOK-210900,0.37034593960715334,0
BOOK-204571,0.37034593960715334,0
BOOK-144327,0.37034593960715334,0
BOOK-151208,0.37034593960715334,0
BOOK-185776,0.37034593960715334,0
BOOK-135136,0.37034593960715334,0
BOOK-145894,0.37034593960715334,0
BOOK-116400,0.37034593960715334,0
BOOK-143740,0.37034593960715334,0
BOOK-164993,0.37034593960715334,0
BOOK-213697,0.37034593960715334,0
BOOK-146445,0.37034593960715334,0
BOOK-199901,0.37034593960715334,0
BOOK-158776,0.37034593960715334,0
BOOK-150791,0.37034593960715334,0
BOOK-146401,0.37034593960715334,0
BOOK-180528,0.37034593960715334,0
BOOK-159808,0.37034593960715334,0
BOOK-184563,0.37034593960715334,0
BOOK-117912,0.37034593960715334,0
BOOK-142043,0.37034593960715334,0
BOOK-111799,0.37034593960715334,0
BOOK-116942,0.37034593960715334,0
BOOK-121365,0.37034593960715334,0
BOOK-185581,0.37034593960715334,0
BOOK-181556,0.37034593960715334,0
BOOK-163238,0.37034593960715334,0
BOOK-142836,0.37034593960715334,0
BOOK-127008,0.37034593960715334,0
BOOK-189134,0.37034593960715334,0
BOOK-116542,0.37034593960715334,0
BOOK-168258,0.37034593960715334,0
BOOK-205230,0.37034593960715334,0
BOOK-187215,0.37034593960715334,0
BOOK-189339,0.37034593960715334,0
BOOK-106583,0.37034593960715334,0
BOOK-184189,0.37034593960715334,0
BOOK-129197,0.37034593960715334,0
BOOK-138039,0.37034593960715334,0
BOOK-141290,0.37034593960715334,0
BOOK-200120,0.37034593960715334,0
BOOK-132840,0.37034593960715334,0
BOOK-205488,0.37034593960715334,0
BOOK-139313,0.37034593960715334,0
BOOK-123999,0.37034593960715334,0
BOOK-188232,0.37034593960715334,0
BOOK-204863,0.37034593960715334,0
BOOK-138126,0.37034593960715334,0
BOOK-135627,0.37034593960715334,0
BOOK-161358,0.37034593960715334,0
BOOK-203982,0.37034593960715334,0
BOOK-109133,0.37034593960715334,0
BOOK-216168,0.37034593960715334,0
BOOK-133031,0.37034593960715334,0
BOOK-124901,0.37034593960715334,0
BOOK-219361,0.37034593960715334,0
BOOK-129948,0.37034593960715334,0
BOOK-185120,0.37034593960715334,0
BOOK-197212,0.37034593960715334,0
BOOK-114181,0.37034593960715334,0
BOOK-147884,0.37034593960715334,0
BOOK-145772,0.37034593960715334,0
BOOK-109076,0.37034593960715334,0
BOOK-215522,0.37034593960715334,0
BOOK-111486,0.37034593960715334,0
BOOK-123358,0.37034593960715334,0
BOOK-162375,0.37034593960715334,0
BOOK-126519,0.37034593960715334,0
BOOK-164902,0.37034593960715334,0
BOOK-112053,0.37034593960715334,0
BOOK-204930,0.37034593960715334,0
BOOK-148487,0.37034593960715334,0
BOOK-175029,0.37034593960715334,0
BOOK-141792,0.37034593960715334,0
BOOK-155581,0.37034593960715334,0
BOOK-130939,0.37034593960715334,0
BOOK-149122,0.37034593960715334,0
BOOK-212411,0.37034593960715334,0
BOOK-100774,0.37034593960715334,0
BOOK-167019,0.37034593960715334,0
BOOK-205948,0.37034593960715334,0
BOOK-129567,0.37034593960715334,0
BOOK-162853,0.37034593960715334,0
BOOK-139500,0.37034593960715334,0
BOOK-214792,0.37034593960715334,0
BOOK-119832,0.37034593960715334,0
BOOK-204754,0.37034593960715334,0
BOOK-130249,0.37034593960715334,0
BOOK-143213,0.37034593960715334,0
BOOK-118972,0.37034593960715334,0
BOOK-192557,0.37034593960715334,0
BOOK-116212,0.37034593960715334,0
BOOK-146073,0.37034593960715334,0
BOOK-134762,0.37034593960715334,0
BOOK-207271,0.37034593960715334,0
BOOK-135565,0.37034593960715334,0
BOOK-125794,0.37034593960715334,0
BOOK-119169,0.37034593960715334,0
BOOK-212562,0.37034593960715334,0
BOOK-128903,0.37034593960715334,0
BOOK-201429,0.37034593960715334,0
BOOK-145570,0.37034593960715334,0
BOOK-171308,0.37034593960715334,0
BOOK-136657,0.37034593960715334,0
BOOK-172496,0.37034593960715334,0
BOOK-140725,0.37034593960715334,0
BOOK-159941,0.37034593960715334,0
BOOK-112807,0.37034593960715334,0
BOOK-195881,0.37034593960715334,0
BOOK-164651,0.37034593960715334,0
BOOK-113371,0.37034593960715334,0
BOOK-130594,0.37034593960715334,0
BOOK-196880,0.37034593960715334,0
BOOK-196861,0.37034593960715334,0
BOOK-207416,0.37034593960715334,0
BOOK-134982,0.37034593960715334,0
BOOK-214612,0.37034593960715334,0
BOOK-179069,0.37034593960715334,0
BOOK-131607,0.37034593960715334,0
BOOK-209583,0.37034593960715334,0
BOOK-153735,0.37034593960715334,0
BOOK-134298,0.37034593960715334,0
BOOK-120517,0.37034593960715334,0
BOOK-117345,0.37034593960715334,0
BOOK-194506,0.37034593960715334,0
BOOK-130466,0.37034593960715334,0
BOOK-156589,0.37034593960715334,0
BOOK-111181,0.37034593960715334,0
BOOK-187605,0.37034593960715334,0
BOOK-172227,0.37034593960715334,0
BOOK-216263,0.37034593960715334,0
BOOK-113618,0.37034593960715334,0
BOOK-115512,0.37034593960715334,0
BOOK-126821,0.37034593960715334,0
BOOK-150090,0.37034593960715334,0
BOOK-119842,0.37034593960715334,0
BOOK-198627,0.37034593960715334,0
BOOK-134532,0.37034593960715334,0
BOOK-207422,0.37034593960715334,0
BOOK-197334,0.37034593960715334,0
BOOK-181025,0.37034593960715334,0
BOOK-142615,0.37034593960715334,0
BOOK-191831,0.37034593960715334,0
BOOK-127550,0.37034593960715334,0
BOOK-152527,0.37034593960715334,0
BOOK-195961,0.37034593960715334,0
BOOK-144274,0.37034593960715334,0
BOOK-105235,0.37034593960715334,0
BOOK-202478,0.37034593960715334,0
BOOK-185588,0.37034593960715334,0
BOOK-189927,0.37034593960715334,0
BOOK-181695,0.37034593960715334,0
BOOK-161971,0.37034593960715334,0
BOOK-211726,0.37034593960715334,0
BOOK-110944,0.37034593960715334,0
BOOK-210679,0.37034593960715334,0
BOOK-186411,0.37034593960715334,0
BOOK-200556,0.37034593960715334,0
BOOK-211297,0.37034593960715334,0
BOOK-140550,0.37034593960715334,0
BOOK-183494,0.37034593960715334,0
BOOK-179234,0.37034593960715334,0
BOOK-115670,0.37034593960715334,0
BOOK-106706,0.37034593960715334,0
BOOK-201774,0.37034593960715334,0
BOOK-171493,0.37034593960715334,0
BOOK-191674,0.37034593960715334,0
BOOK-218534,0.37034593960715334,0
BOOK-192646,0.37034593960715334,0
BOOK-147055,0.37034593960715334,0
BOOK-171826,0.37034593960715334,0
BOOK-153719,0.37034593960715334,0
BOOK-155195,0.37034593960715334,0
BOOK-176835,0.37034593960715334,0
BOOK-127812,0.37034593960715334,0
BOOK-133480,0.37034593960715334,0
BOOK-116570,0.37034593960715334,0
BOOK-185861,0.37034593960715334,0
BOOK-128618,0.37034593960715334,0
BOOK-149218,0.37034593960715334,0
BOOK-155748,0.37034593960715334,0
BOOK-104500,0.37034593960715334,0
BOOK-186965,0.37034593960715334,0
BOOK-155809,0.37034593960715334,0
BOOK-159523,0.37034593960715334,0
BOOK-137559,0.37034593960715334,0
BOOK-182753,0.37034593960715334,0
BOOK-202533,0.37034593960715334,0
BOOK-198846,0.37034593960715334,0
BOOK-116685,0.37034593960715334,0
BOOK-154891,0.37034593960715334,0
BOOK-133425,0.37034593960715334,0
BOOK-107536,0.37034593960715334,0
BOOK-169926,0.37034593960715334,0
BOOK-196410,0.37034593960715334,0
BOOK-197758,0.37034593960715334,0
BOOK-147804,0.37034593960715334,0
BOOK-196570,0.37034593960715334,0
BOOK-165930,0.37034593960715334,0
BOOK-192829,0.37034593960715334,0
BOOK-134300,0.37034593960715334,0
BOOK-139492,0.37034593960715334,0
BOOK-213986,0.37034593960715334,0
BOOK-129167,0.37034593960715334,0
BOOK-184307,0.37034593960715334,0
BOOK-212526,0.37034593960715334,0
BOOK-122217,0.37034593960715334,0
BOOK-119577,0.37034593960715334,0
BOOK-108026,0.37034593960715334,0
BOOK-216320,0.37034593960715334,0
BOOK-187416,0.37034593960715334,0
BOOK-163021,0.37034593960715334,0
BOOK-139890,0.37034593960715334,0
BOOK-171050,0.37034593960715334,0
BOOK-151145,0.37034593960715334,0
BOOK-180804,0.37034593960715334,0
BOOK-191367,0.37034593960715334,0
BOOK-173080,0.37034593960715334,0
BOOK-199356,0.37034593960715334,0
BOOK-119869,0.37034593960715334,0
BOOK-187545,0.37034593960715334,0
BOOK-172730,0.37034593960715334,0
BOOK-211624,0.37034593960715334,0
BOOK-187925,0.37034593960715334,0
BOOK-131064,0.37034593960715334,0
BOOK-138361,0.37034593960715334,0
BOOK-214861,0.37034593960715334,0
BOOK-130268,0.37034593960715334,0
BOOK-170042,0.37034593960715334,0
BOOK-192793,0.37034593960715334,0
BOOK-122848,0.37034593960715334,0
BOOK-190553,0.37034593960715334,0
BOOK-152531,0.37034593960715334,0
BOOK-169092,0.37034593960715334,0
BOOK-146361,0.37034593960715334,0
BOOK-177409,0.37034593960715334,0
BOOK-159230,0.37034593960715334,0
BOOK-214385,0.37034593960715334,0
BOOK-206666,0.37034593960715334,0
BOOK-193719,0.37034593960715334,0
BOOK-198989,0.37034593960715334,0
BOOK-137672,0.37034593960715334,0
BOOK-183362,0.37034593960715334,0
BOOK-120878,0.37034593960715334,0
BOOK-159095,0.37034593960715334,0
BOOK-131327,0.37034593960715334,0
BOOK-123591,0.37034593960715334,0
BOOK-122225,0.37034593960715334,0
BOOK-206668,0.37034593960715334,0
BOOK-137703,0.37034593960715334,0
BOOK-102841,0.37034593960715334,0
BOOK-145766,0.37034593960715334,0
BOOK-196928,0.37034593960715334,0
BOOK-151803,0.37034593960715334,0
BOOK-133659,0.37034593960715334,0
BOOK-161075,0.37034593960715334,0
BOOK-168839,0.37034593960715334,0
BOOK-113141,0.37034593960715334,0
BOOK-167665,0.37034593960715334,0
BOOK-116348,0.37034593960715334,0
BOOK-100086,0.37034593960715334,0
BOOK-207216,0.37034593960715334,0
BOOK-202089,0.37034593960715334,0
BOOK-149473,0.37034593960715334,0
BOOK-159260,0.37034593960715334,0
BOOK-113556,0.37034593960715334,0
BOOK-133376,0.37034593960715334,0
BOOK-150391,0.37034593960715334,0
BOOK-158684,0.37034593960715334,0
BOOK-103812,0.37034593960715334,0
BOOK-168377,0.37034593960715334,0
BOOK-136567,0.37034593960715334,0
BOOK-156146,0.37034593960715334,0
BOOK-127878,0.37034593960715334,0
BOOK-124861,0.37034593960715334,0
BOOK-128856,0.37034593960715334,0
BOOK-179514,0.37034593960715334,0
BOOK-194913,0.37034593960715334,0
BOOK-170037,0.37034593960715334,0
BOOK-128940,0.37034593960715334,0
BOOK-134407,0.37034593960715334,0
BOOK-134493,0.37034593960715334,0
BOOK-211900,0.37034593960715334,0
BOOK-150120,0.37034593960715334,0
BOOK-101282,0.37034593960715334,0
BOOK-216238,0.37034593960715334,0
BOOK-208881,0.37034593960715334,0
BOOK-186864,0.37034593960715334,0
BOOK-206875,0.37034593960715334,0
BOOK-132722,0.37034593960715334,0
BOOK-128983,0.37034593960715334,0
BOOK-186803,0.37034593960715334,0
BOOK-167313,0.37034593960715334,0
BOOK-175885,0.37034593960715334,0
BOOK-114172,0.37034593960715334,0
BOOK-185490,0.37034593960715334,0
BOOK-177723,0.37034593960715334,0
BOOK-151522,0.37034593960715334,0
BOOK-196831,0.37034593960715334,0
BOOK-114731,0.37034593960715334,0
BOOK-127989,0.37034593960715334,0
BOOK-205419,0.37034593960715334,0
BOOK-115182,0.37034593960715334,0
BOOK-193457,0.37034593960715334,0
BOOK-196969,0.37034593960715334,0
BOOK-211787,0.37034593960715334,0
BOOK-142438,0.37034593960715334,0
BOOK-144617,0.37034593960715334,0
BOOK-206816,0.37034593960715334,0
BOOK-183162,0.37034593960715334,0
BOOK-200390,0.37034593960715334,0
BOOK-122884,0.37034593960715334,0
BOOK-118839,0.37034593960715334,0
BOOK-133206,0.37034593960715334,0
BOOK-171564,0.37034593960715334,0
BOOK-151921,0.37034593960715334,0
BOOK-136292,0.37034593960715334,0
BOOK-197470,0.37034593960715334,0
BOOK-169421,0.37034593960715334,0
BOOK-131927,0.37034593960715334,0
BOOK-123615,0.37034593960715334,0
BOOK-150145,0.37034593960715334,0
BOOK-191705,0.37034593960715334,0
BOOK-169254,0.37034593960715334,0
BOOK-125652,0.37034593960715334,0
BOOK-133315,0.37034593960715334,0
BOOK-172392,0.37034593960715334,0
BOOK-116891,0.37034593960715334,0
BOOK-124885,0.37034593960715334,0
BOOK-103762,0.37034593960715334,0
BOOK-139175,0.37034593960715334,0
BOOK-179053,0.37034593960715334,0
BOOK-101828,0.37034593960715334,0
BOOK-142011,0.37034593960715334,0
BOOK-117603,0.37034593960715334,0
BOOK-151814,0.37034593960715334,0
BOOK-151881,0.37034593960715334,0
BOOK-127084,0.37034593960715334,0
BOOK-103340,0.37034593960715334,0
BOOK-106319,0.37034593960715334,0
BOOK-116049,0.37034593960715334,0
BOOK-143626,0.37034593960715334,0
BOOK-173333,0.37034593960715334,0
BOOK-144784,0.37034593960715334,0
BOOK-108416,0.37034593960715334,0
BOOK-100109,0.37034593960715334,0
BOOK-108772,0.37034593960715334,0
BOOK-183741,0.37034593960715334,0
BOOK-171214,0.37034593960715334,0
BOOK-176064,0.37034593960715334,0
BOOK-182933,0.37034593960715334,0
BOOK-184183,0.37034593960715334,0
BOOK-203084,0.37034593960715334,0
BOOK-189095,0.37034593960715334,0
BOOK-214325,0.37034593960715334,0
BOOK-122057,0.37034593960715334,0
BOOK-137079,0.37034593960715334,0
BOOK-129360,0.37034593960715334,0
BOOK-161367,0.37034593960715334,0
BOOK-105747,0.37034593960715334,0
BOOK-100050,0.37034593960715334,0
BOOK-211813,0.37034593960715334,0
BOOK-211554,0.37034593960715334,0
BOOK-194116,0.37034593960715334,0
BOOK-196756,0.37034593960715334,0
BOOK-163985,0.37034593960715334,0
BOOK-100975,0.37034593960715334,0
BOOK-215606,0.37034593960715334,0
BOOK-185655,0.37034593960715334,0
BOOK-166251,0.37034593960715334,0
BOOK-107586,0.37034593960715334,0
BOOK-154752,0.37034593960715334,0
BOOK-138917,0.37034593960715334,0
BOOK-193860,0.37034593960715334,0
BOOK-199800,0.37034593960715334,0
BOOK-146099,0.37034593960715334,0
BOOK-173284,0.37034593960715334,0
BOOK-168286,0.37034593960715334,0
BOOK-167125,0.37034593960715334,0
BOOK-202239,0.37034593960715334,0
BOOK-161575,0.37034593960715334,0
BOOK-173825,0.37034593960715334,0
BOOK-193943,0.37034593960715334,0
BOOK-168973,0.37034593960715334,0
BOOK-180613,0.37034593960715334,0
BOOK-182816,0.37034593960715334,0
BOOK-152516,0.37034593960715334,0
BOOK-194132,0.37034593960715334,0
BOOK-208611,0.37034593960715334,0
BOOK-186838,0.37034593960715334,0
BOOK-102115,0.37034593960715334,0
BOOK-118032,0.37034593960715334,0
BOOK-121128,0.37034593960715334,0
BOOK-135274,0.37034593960715334,0
BOOK-160644,0.37034593960715334,0
BOOK-200002,0.37034593960715334,0
BOOK-161561,0.37034593960715334,0
BOOK-123495,0.37034593960715334,0
BOOK-116737,0.37034593960715334,0
BOOK-114699,0.37034593960715334,0
BOOK-155944,0.37034593960715334,0
BOOK-159673,0.37034593960715334,0
BOOK-149924,0.37034593960715334,0
BOOK-111779,0.37034593960715334,0
BOOK-203267,0.37034593960715334,0
BOOK-205975,0.37034593960715334,0
BOOK-156588,0.37034593960715334,0
BOOK-150995,0.37034593960715334,0
BOOK-125126,0.37034593960715334,0
BOOK-182188,0.37034593960715334,0
BOOK-139619,0.37034593960715334,0
BOOK-211399,0.37034593960715334,0
BOOK-180382,0.37034593960715334,0
BOOK-201921,0.37034593960715334,0
BOOK-218503,0.37034593960715334,0
BOOK-118698,0.37034593960715334,0
BOOK-104132,0.37034593960715334,0
BOOK-210740,0.37034593960715334,0
BOOK-144546,0.37034593960715334,0
BOOK-202228,0.37034593960715334,0
BOOK-164079,0.37034593960715334,0
BOOK-179763,0.37034593960715334,0
BOOK-153240,0.37034593960715334,0
BOOK-136539,0.37034593960715334,0
BOOK-206113,0.37034593960715334,0
BOOK-108866,0.37034593960715334,0
BOOK-182981,0.37034593960715334,0
BOOK-174717,0.37034593960715334,0
BOOK-193817,0.37034593960715334,0
BOOK-119290,0.37034593960715334,0
BOOK-112900,0.37034593960715334,0
BOOK-108133,0.37034593960715334,0
BOOK-118031,0.37034593960715334,0
BOOK-123294,0.37034593960715334,0
BOOK-208433,0.37034593960715334,0
BOOK-133723,0.37034593960715334,0
BOOK-204473,0.37034593960715334,0
BOOK-102637,0.37034593960715334,0
BOOK-218093,0.37034593960715334,0
BOOK-167248,0.37034593960715334,0
BOOK-138806,0.37034593960715334,0
BOOK-102509,0.37034593960715334,0
BOOK-148909,0.37034593960715334,0
BOOK-146660,0.37034593960715334,0
BOOK-167123,0.37034593960715334,0
BOOK-115868,0.37034593960715334,0
BOOK-192093,0.37034593960715334,0
BOOK-136993,0.37034593960715334,0
BOOK-129958,0.37034593960715334,0
BOOK-141973,0.37034593960715334,0
BOOK-211372,0.37034593960715334,0
BOOK-110416,0.37034593960715334,0
BOOK-206228,0.37034593960715334,0
BOOK-107721,0.37034593960715334,0
BOOK-186856,0.37034593960715334,0
BOOK-139114,0.37034593960715334,0
BOOK-166258,0.37034593960715334,0
BOOK-167070,0.37034593960715334,0
BOOK-153634,0.37034593960715334,0
BOOK-137591,0.37034593960715334,0
BOOK-191479,0.37034593960715334,0
BOOK-218038,0.37034593960715334,0
BOOK-206970,0.37034593960715334,0
BOOK-120518,0.37034593960715334,0
BOOK-118478,0.37034593960715334,0
BOOK-194078,0.37034593960715334,0
BOOK-218860,0.37034593960715334,0
BOOK-168093,0.37034593960715334,0
BOOK-199934,0.37034593960715334,0
BOOK-105244,0.37034593960715334,0
BOOK-137769,0.37034593960715334,0
BOOK-217839,0.37034593960715334,0
BOOK-213117,0.37034593960715334,0
BOOK-150717,0.37034593960715334,0
BOOK-117034,0.37034593960715334,0
BOOK-147308,0.37034593960715334,0
BOOK-213048,0.37034593960715334,0
BOOK-118510,0.37034593960715334,0
BOOK-113060,0.37034593960715334,0
BOOK-166833,0.37034593960715334,0
BOOK-126976,0.37034593960715334,0
BOOK-163215,0.37034593960715334,0
BOOK-152729,0.37034593960715334,0
BOOK-143662,0.37034593960715334,0
BOOK-217430,0.37034593960715334,0
BOOK-194813,0.37034593960715334,0
BOOK-208482,0.37034593960715334,0
BOOK-125735,0.37034593960715334,0
BOOK-134022,0.37034593960715334,0
BOOK-100007,0.37034593960715334,0
BOOK-143502,0.37034593960715334,0
BOOK-107063,0.37034593960715334,0
BOOK-190358,0.37034593960715334,0
BOOK-190534,0.37034593960715334,0
BOOK-133208,0.37034593960715334,0
BOOK-209936,0.37034593960715334,0
BOOK-148368,0.37034593960715334,0
BOOK-105614,0.37034593960715334,0
BOOK-213309,0.37034593960715334,0
BOOK-174056,0.37034593960715334,0
BOOK-130122,0.37034593960715334,0
BOOK-140211,0.37034593960715334,0
BOOK-111792,0.37034593960715334,0
BOOK-200480,0.37034593960715334,0
BOOK-202483,0.37034593960715334,0
BOOK-126078,0.37034593960715334,0
BOOK-188937,0.37034593960715334,0
BOOK-206690,0.37034593960715334,0
BOOK-132138,0.37034593960715334,0
BOOK-208321,0.37034593960715334,0
BOOK-200476,0.37034593960715334,0
BOOK-103201,0.37034593960715334,0
BOOK-214199,0.37034593960715334,0
BOOK-181970,0.37034593960715334,0
BOOK-120585,0.37034593960715334,0
BOOK-218947,0.37034593960715334,0
BOOK-101588,0.37034593960715334,0
BOOK-190473,0.37034593960715334,0
BOOK-213068,0.37034593960715334,0
BOOK-167087,0.37034593960715334,0
BOOK-189351,0.37034593960715334,0
BOOK-188026,0.37034593960715334,0
BOOK-188969,0.37034593960715334,0
BOOK-147694,0.37034593960715334,0
BOOK-112339,0.37034593960715334,0
BOOK-194727,0.37034593960715334,0
BOOK-178134,0.37034593960715334,0
BOOK-201693,0.37034593960715334,0
BOOK-100895,0.37034593960715334,0
BOOK-172896,0.37034593960715334,0
BOOK-210033,0.37034593960715334,0
BOOK-196378,0.37034593960715334,0
BOOK-193251,0.37034593960715334,0
BOOK-121575,0.37034593960715334,0
BOOK-173338,0.37034593960715334,0
BOOK-195580,0.37034593960715334,0
BOOK-147141,0.37034593960715334,0
BOOK-179897,0.37034593960715334,0
BOOK-173256,0.37034593960715334,0
BOOK-186298,0.37034593960715334,0
BOOK-192174,0.37034593960715334,0
BOOK-153360,0.37034593960715334,0
BOOK-209741,0.37034593960715334,0
BOOK-194253,0.37034593960715334,0
BOOK-127093,0.37034593960715334,0
BOOK-183249,0.37034593960715334,0
BOOK-102167,0.37034593960715334,0
BOOK-198633,0.37034593960715334,0
BOOK-147500,0.37034593960715334,0
BOOK-125256,0.37034593960715334,0
BOOK-175606,0.37034593960715334,0
BOOK-149184,0.37034593960715334,0
BOOK-196412,0.37034593960715334,0
BOOK-116577,0.37034593960715334,0
BOOK-209105,0.37034593960715334,0
BOOK-154719,0.37034593960715334,0
BOOK-219069,0.37034593960715334,0
BOOK-131597,0.37034593960715334,0
BOOK-119029,0.37034593960715334,0
BOOK-217767,0.37034593960715334,0
BOOK-126569,0.37034593960715334,0
BOOK-129599,0.37034593960715334,0
BOOK-140186,0.37034593960715334,0
BOOK-128821,0.37034593960715334,0
BOOK-114898,0.37034593960715334,0
BOOK-152815,0.37034593960715334,0
BOOK-169970,0.37034593960715334,0
BOOK-149674,0.37034593960715334,0
BOOK-144669,0.37034593960715334,0
BOOK-138333,0.37034593960715334,0
BOOK-202516,0.37034593960715334,0
BOOK-198574,0.37034593960715334,0
BOOK-138378,0.37034593960715334,0
BOOK-200302,0.37034593960715334,0
BOOK-207260,0.37034593960715334,0
BOOK-201089,0.37034593960715334,0
BOOK-141763,0.37034593960715334,0
BOOK-148825,0.37034593960715334,0
BOOK-191067,0.37034593960715334,0
BOOK-201403,0.37034593960715334,0
BOOK-104625,0.37034593960715334,0
BOOK-188615,0.37034593960715334,0
BOOK-209594,0.37034593960715334,0
BOOK-168073,0.37034593960715334,0
BOOK-141927,0.37034593960715334,0
BOOK-189619,0.37034593960715334,0
BOOK-131207,0.37034593960715334,0
BOOK-131359,0.37034593960715334,0
BOOK-204496,0.37034593960715334,0
BOOK-117256,0.37034593960715334,0
BOOK-152849,0.37034593960715334,0
BOOK-150511,0.37034593960715334,0
BOOK-164072,0.37034593960715334,0
BOOK-181179,0.37034593960715334,0
BOOK-150146,0.37034593960715334,0
BOOK-135807,0.37034593960715334,0
BOOK-103669,0.37034593960715334,0
BOOK-180463,0.37034593960715334,0
BOOK-189460,0.37034593960715334,0
BOOK-105092,0.37034593960715334,0
BOOK-133045,0.37034593960715334,0
BOOK-143439,0.37034593960715334,0
BOOK-139276,0.37034593960715334,0
BOOK-191228,0.37034593960715334,0
BOOK-161015,0.37034593960715334,0
BOOK-118434,0.37034593960715334,0
BOOK-191047,0.37034593960715334,0
BOOK-115228,0.37034593960715334,0
BOOK-103981,0.37034593960715334,0
BOOK-180210,0.37034593960715334,0
BOOK-118113,0.37034593960715334,0
BOOK-123124,0.37034593960715334,0
BOOK-123262,0.37034593960715334,0
BOOK-214873,0.37034593960715334,0
BOOK-146784,0.37034593960715334,0
BOOK-169535,0.37034593960715334,0
BOOK-197454,0.37034593960715334,0
BOOK-206797,0.37034593960715334,0
BOOK-130639,0.37034593960715334,0
BOOK-143911,0.37034593960715334,0
BOOK-119912,0.37034593960715334,0
BOOK-101660,0.37034593960715334,0
BOOK-165653,0.37034593960715334,0
BOOK-134295,0.37034593960715334,0
BOOK-130303,0.37034593960715334,0
BOOK-137991,0.37034593960715334,0
BOOK-192161,0.37034593960715334,0
BOOK-194213,0.37034593960715334,0
BOOK-124427,0.37034593960715334,0
BOOK-153768,0.37034593960715334,0
BOOK-216193,0.37034593960715334,0
BOOK-168617,0.37034593960715334,0
BOOK-173150,0.37034593960715334,0
BOOK-183405,0.37034593960715334,0
BOOK-182821,0.37034593960715334,0
BOOK-125651,0.37034593960715334,0
BOOK-180570,0.37034593960715334,0
BOOK-132534,0.37034593960715334,0
BOOK-173485,0.37034593960715334,0
BOOK-198557,0.37034593960715334,0
BOOK-214084,0.37034593960715334,0
BOOK-152331,0.37034593960715334,0
BOOK-116599,0.37034593960715334,0
BOOK-119719,0.37034593960715334,0
BOOK-202384,0.37034593960715334,0
BOOK-126539,0.37034593960715334,0
BOOK-159457,0.37034593960715334,0
BOOK-218821,0.37034593960715334,0
BOOK-110567,0.37034593960715334,0
BOOK-130918,0.37034593960715334,0
BOOK-123241,0.37034593960715334,0
BOOK-126117,0.37034593960715334,0
BOOK-148509,0.37034593960715334,0
BOOK-184025,0.37034593960715334,0
BOOK-207618,0.37034593960715334,0
BOOK-128778,0.37034593960715334,0
BOOK-187822,0.37034593960715334,0
BOOK-153802,0.37034593960715334,0
BOOK-105469,0.37034593960715334,0
BOOK-213438,0.37034593960715334,0
BOOK-192268,0.37034593960715334,0
BOOK-177510,0.37034593960715334,0
BOOK-131231,0.37034593960715334,0
BOOK-149540,0.37034593960715334,0
BOOK-167577,0.37034593960715334,0
BOOK-199945,0.37034593960715334,0
BOOK-102811,0.37034593960715334,0
BOOK-127056,0.37034593960715334,0
BOOK-122001,0.37034593960715334,0
BOOK-119608,0.37034593960715334,0
BOOK-124840,0.37034593960715334,0
BOOK-146527,0.37034593960715334,0
BOOK-209898,0.37034593960715334,0
BOOK-180650,0.37034593960715334,0
BOOK-116527,0.37034593960715334,0
BOOK-168132,0.37034593960715334,0
BOOK-113996,0.37034593960715334,0
BOOK-177083,0.37034593960715334,0
BOOK-208305,0.37034593960715334,0
BOOK-137131,0.37034593960715334,0
BOOK-207153,0.37034593960715334,0
BOOK-215036,0.37034593960715334,0
BOOK-140820,0.37034593960715334,0
BOOK-217823,0.37034593960715334,0
BOOK-107872,0.37034593960715334,0
BOOK-139879,0.37034593960715334,0
BOOK-151206,0.37034593960715334,0
BOOK-133494,0.37034593960715334,0
BOOK-105032,0.37034593960715334,0
BOOK-144410,0.37034593960715334,0
BOOK-137258,0.37034593960715334,0
BOOK-118963,0.37034593960715334,0
BOOK-102495,0.37034593960715334,0
BOOK-193703,0.37034593960715334,0
BOOK-120600,0.37034593960715334,0
BOOK-212681,0.37034593960715334,0
BOOK-101299,0.37034593960715334,0
BOOK-106290,0.37034593960715334,0
BOOK-174370,0.37034593960715334,0
BOOK-124981,0.37034593960715334,0
BOOK-145388,0.37034593960715334,0
BOOK-162649,0.37034593960715334,0
BOOK-143571,0.37034593960715334,0
BOOK-131416,0.37034593960715334,0
BOOK-182614,0.37034593960715334,0
BOOK-177948,0.37034593960715334,0
BOOK-206385,0.37034593960715334,0
BOOK-148033,0.37034593960715334,0
BOOK-129797,0.37034593960715334,0
BOOK-109453,0.37034593960715334,0
BOOK-105463,0.37034593960715334,0
BOOK-217267,0.37034593960715334,0
BOOK-156631,0.37034593960715334,0
BOOK-208223,0.37034593960715334,0
BOOK-188538,0.37034593960715334,0
BOOK-206866,0.37034593960715334,0
BOOK-178290,0.37034593960715334,0
BOOK-119687,0.37034593960715334,0
BOOK-195900,0.37034593960715334,0
BOOK-182297,0.37034593960715334,0
BOOK-139212,0.37034593960715334,0
BOOK-113399,0.37034593960715334,0
BOOK-179480,0.37034593960715334,0
BOOK-165466,0.37034593960715334,0
BOOK-186751,0.37034593960715334,0
BOOK-156809,0.37034593960715334,0
BOOK-107922,0.37034593960715334,0
BOOK-121749,0.37034593960715334,0
BOOK-211944,0.37034593960715334,0
BOOK-183538,0.37034593960715334,0
BOOK-155091,0.37034593960715334,0
BOOK-155753,0.37034593960715334,0
BOOK-144939,0.37034593960715334,0
BOOK-150045,0.37034593960715334,0
BOOK-191774,0.37034593960715334,0
BOOK-213788,0.37034593960715334,0
BOOK-117896,0.37034593960715334,0
BOOK-216880,0.37034593960715334,0
BOOK-150665,0.37034593960715334,0
BOOK-147288,0.37034593960715334,0
BOOK-198513,0.37034593960715334,0
BOOK-141197,0.37034593960715334,0
BOOK-180933,0.37034593960715334,0
BOOK-178513,0.37034593960715334,0
BOOK-131291,0.37034593960715334,0
BOOK-159006,0.37034593960715334,0
BOOK-102162,0.37034593960715334,0
BOOK-203283,0.37034593960715334,0
BOOK-154036,0.37034593960715334,0
BOOK-206148,0.37034593960715334,0
BOOK-148969,0.37034593960715334,0
BOOK-146004,0.37034593960715334,0
BOOK-123545,0.37034593960715334,0
BOOK-217728,0.37034593960715334,0
BOOK-127207,0.37034593960715334,0
BOOK-131016,0.37034593960715334,0
BOOK-117837,0.37034593960715334,0
BOOK-149477,0.37034593960715334,0
BOOK-124457,0.37034593960715334,0
BOOK-166673,0.37034593960715334,0
BOOK-165374,0.37034593960715334,0
BOOK-128548,0.37034593960715334,0
BOOK-198329,0.37034593960715334,0
BOOK-207105,0.37034593960715334,0
BOOK-133849,0.37034593960715334,0
BOOK-171886,0.37034593960715334,0
BOOK-189991,0.37034593960715334,0
BOOK-112441,0.37034593960715334,0
BOOK-127774,0.37034593960715334,0
BOOK-114143,0.37034593960715334,0
BOOK-212233,0.37034593960715334,0
BOOK-181145,0.37034593960715334,0
BOOK-157814,0.37034593960715334,0
BOOK-161211,0.37034593960715334,0
BOOK-216022,0.37034593960715334,0
BOOK-180668,0.37034593960715334,0
BOOK-132668,0.37034593960715334,0
BOOK-145756,0.37034593960715334,0
BOOK-162278,0.37034593960715334,0
BOOK-105265,0.37034593960715334,0
BOOK-115023,0.37034593960715334,0
BOOK-124509,0.37034593960715334,0
BOOK-206920,0.37034593960715334,0
BOOK-140405,0.37034593960715334,0
BOOK-150946,0.37034593960715334,0
BOOK-212967,0.37034593960715334,0
BOOK-194810,0.37034593960715334,0
BOOK-174917,0.37034593960715334,0
BOOK-157816,0.37034593960715334,0
BOOK-122890,0.37034593960715334,0
BOOK-180145,0.37034593960715334,0
BOOK-182993,0.37034593960715334,0
BOOK-165516,0.37034593960715334,0
BOOK-106080,0.37034593960715334,0
BOOK-125650,0.37034593960715334,0
BOOK-188234,0.37034593960715334,0
BOOK-147671,0.37034593960715334,0
BOOK-128508,0.37034593960715334,0
BOOK-173714,0.37034593960715334,0
BOOK-201821,0.37034593960715334,0
BOOK-160095,0.37034593960715334,0
BOOK-156356,0.37034593960715334,0
BOOK-182637,0.37034593960715334,0
BOOK-212945,0.37034593960715334,0
BOOK-130427,0.37034593960715334,0
BOOK-211804,0.37034593960715334,0
BOOK-184259,0.37034593960715334,0
BOOK-189392,0.37034593960715334,0
BOOK-208608,0.37034593960715334,0
BOOK-119354,0.37034593960715334,0
BOOK-135239,0.37034593960715334,0
BOOK-178254,0.37034593960715334,0
BOOK-109384,0.37034593960715334,0
BOOK-193467,0.37034593960715334,0
BOOK-124720,0.37034593960715334,0
BOOK-173367,0.37034593960715334,0
BOOK-153178,0.37034593960715334,0
BOOK-144731,0.37034593960715334,0
BOOK-186169,0.37034593960715334,0
BOOK-215669,0.37034593960715334,0
BOOK-127440,0.37034593960715334,0
BOOK-140309,0.37034593960715334,0
BOOK-122511,0.37034593960715334,0
BOOK-142391,0.37034593960715334,0
BOOK-195870,0.37034593960715334,0
BOOK-202536,0.37034593960715334,0
BOOK-217956,0.37034593960715334,0
BOOK-211355,0.37034593960715334,0
BOOK-120854,0.37034593960715334,0
BOOK-107438,0.37034593960715334,0
BOOK-194326,0.37034593960715334,0
BOOK-149830,0.37034593960715334,0
BOOK-134517,0.37034593960715334,0
BOOK-170283,0.37034593960715334,0
BOOK-216147,0.37034593960715334,0
BOOK-152330,0.37034593960715334,0
BOOK-121129,0.37034593960715334,0
BOOK-167708,0.37034593960715334,0
BOOK-132222,0.37034593960715334,0
BOOK-121755,0.37034593960715334,0
BOOK-194877,0.37034593960715334,0
BOOK-139534,0.37034593960715334,0
BOOK-134430,0.37034593960715334,0
BOOK-113423,0.37034593960715334,0
BOOK-210998,0.37034593960715334,0
BOOK-113966,0.37034593960715334,0
BOOK-186598,0.37034593960715334,0
BOOK-143464,0.37034593960715334,0
BOOK-200258,0.37034593960715334,0
BOOK-158601,0.37034593960715334,0
BOOK-112912,0.37034593960715334,0
BOOK-208364,0.37034593960715334,0
BOOK-175032,0.37034593960715334,0
BOOK-130495,0.37034593960715334,0
BOOK-173214,0.37034593960715334,0
BOOK-186828,0.37034593960715334,0
BOOK-126670,0.37034593960715334,0
BOOK-175419,0.37034593960715334,0
BOOK-177490,0.37034593960715334,0
BOOK-109080,0.37034593960715334,0
BOOK-108359,0.37034593960715334,0
BOOK-106605,0.37034593960715334,0
BOOK-100905,0.37034593960715334,0
BOOK-186840,0.37034593960715334,0
BOOK-211168,0.37034593960715334,0
BOOK-160220,0.37034593960715334,0
BOOK-135916,0.37034593960715334,0
BOOK-103741,0.37034593960715334,0
BOOK-140572,0.37034593960715334,0
BOOK-203957,0.37034593960715334,0
BOOK-186941,0.37034593960715334,0
BOOK-165915,0.37034593960715334,0
BOOK-181425,0.37034593960715334,0
BOOK-102276,0.37034593960715334,0
BOOK-184047,0.37034593960715334,0
BOOK-209662,0.37034593960715334,0
BOOK-142262,0.37034593960715334,0
BOOK-184391,0.37034593960715334,0
BOOK-116951,0.37034593960715334,0
BOOK-134418,0.37034593960715334,0
BOOK-159953,0.37034593960715334,0
BOOK-167284,0.37034593960715334,0
BOOK-211402,0.37034593960715334,0
BOOK-103286,0.37034593960715334,0
BOOK-111038,0.37034593960715334,0
BOOK-209481,0.37034593960715334,0
BOOK-200007,0.37034593960715334,0
BOOK-145896,0.37034593960715334,0
BOOK-140765,0.37034593960715334,0
BOOK-131247,0.37034593960715334,0
BOOK-156921,0.37034593960715334,0
BOOK-147428,0.37034593960715334,0
BOOK-172708,0.37034593960715334,0
BOOK-140515,0.37034593960715334,0
BOOK-113491,0.37034593960715334,0
BOOK-196194,0.37034593960715334,0
BOOK-186103,0.37034593960715334,0
BOOK-169127,0.37034593960715334,0
BOOK-196950,0.37034593960715334,0
BOOK-197781,0.37034593960715334,0
BOOK-105588,0.37034593960715334,0
BOOK-199463,0.37034593960715334,0
BOOK-175109,0.37034593960715334,0
BOOK-129873,0.37034593960715334,0
BOOK-139684,0.37034593960715334,0
BOOK-114247,0.37034593960715334,0
BOOK-144142,0.37034593960715334,0
BOOK-179280,0.37034593960715334,0
BOOK-200243,0.37034593960715334,0
BOOK-135282,0.37034593960715334,0
BOOK-214451,0.37034593960715334,0
BOOK-177951,0.37034593960715334,0
BOOK-108621,0.37034593960715334,0
BOOK-143141,0.37034593960715334,0
BOOK-194330,0.37034593960715334,0
BOOK-196744,0.37034593960715334,0
BOOK-153184,0.37034593960715334,0
BOOK-151917,0.37034593960715334,0
BOOK-146339,0.37034593960715334,0
BOOK-202668,0.37034593960715334,0
BOOK-192292,0.37034593960715334,0
BOOK-106426,0.37034593960715334,0
BOOK-192434,0.37034593960715334,0
BOOK-101327,0.37034593960715334,0
BOOK-101643,0.37034593960715334,0
BOOK-199929,0.37034593960715334,0
BOOK-162826,0.37034593960715334,0
BOOK-129648,0.37034593960715334,0
BOOK-202196,0.37034593960715334,0
BOOK-140998,0.37034593960715334,0
BOOK-181899,0.37034593960715334,0
BOOK-152164,0.37034593960715334,0
BOOK-140639,0.37034593960715334,0
BOOK-162011,0.37034593960715334,0
BOOK-162001,0.37034593960715334,0
BOOK-109024,0.37034593960715334,0
BOOK-188877,0.37034593960715334,0
BOOK-213575,0.37034593960715334,0
BOOK-184256,0.37034593960715334,0
BOOK-124891,0.37034593960715334,0
BOOK-156114,0.37034593960715334,0
BOOK-112702,0.37034593960715334,0
BOOK-138594,0.37034593960715334,0
BOOK-207343,0.37034593960715334,0
BOOK-205762,0.37034593960715334,0
BOOK-218766,0.37034593960715334,0
BOOK-210529,0.37034593960715334,0
BOOK-164012,0.37034593960715334,0
BOOK-112566,0.37034593960715334,0
BOOK-201481,0.37034593960715334,0
BOOK-138286,0.37034593960715334,0
BOOK-167604,0.37034593960715334,0
BOOK-193522,0.37034593960715334,0
BOOK-139576,0.37034593960715334,0
BOOK-133662,0.37034593960715334,0
BOOK-191783,0.37034593960715334,0
BOOK-141605,0.37034593960715334,0
BOOK-183943,0.37034593960715334,0
BOOK-162850,0.37034593960715334,0
BOOK-102228,0.37034593960715334,0
BOOK-171351,0.37034593960715334,0
BOOK-182422,0.37034593960715334,0
BOOK-105267,0.37034593960715334,0
BOOK-184852,0.37034593960715334,0
BOOK-216958,0.37034593960715334,0
BOOK-106497,0.37034593960715334,0
BOOK-217405,0.37034593960715334,0
BOOK-201015,0.37034593960715334,0
BOOK-188868,0.37034593960715334,0
BOOK-207057,0.37034593960715334,0
BOOK-192306,0.37034593960715334,0
BOOK-181792,0.37034593960715334,0
BOOK-160629,0.37034593960715334,0
BOOK-182680,0.37034593960715334,0
BOOK-207993,0.37034593960715334,0
BOOK-113498,0.37034593960715334,0
BOOK-128804,0.37034593960715334,0
BOOK-152389,0.37034593960715334,0
BOOK-172236,0.37034593960715334,0
BOOK-149262,0.37034593960715334,0
BOOK-196752,0.37034593960715334,0
BOOK-217514,0.37034593960715334,0
BOOK-114506,0.37034593960715334,0
BOOK-129669,0.37034593960715334,0
BOOK-104086,0.37034593960715334,0
BOOK-103076,0.37034593960715334,0
BOOK-131881,0.37034593960715334,0
BOOK-137306,0.37034593960715334,0
BOOK-118670,0.37034593960715334,0
BOOK-192693,0.37034593960715334,0
BOOK-197028,0.37034593960715334,0
BOOK-102893,0.37034593960715334,0
BOOK-151635,0.37034593960715334,0
BOOK-124380,0.37034593960715334,0
BOOK-216393,0.37034593960715334,0
BOOK-198719,0.37034593960715334,0
BOOK-135432,0.37034593960715334,0
BOOK-120009,0.37034593960715334,0
BOOK-158903,0.37034593960715334,0
BOOK-159111,0.37034593960715334,0
BOOK-133029,0.37034593960715334,0
BOOK-177836,0.37034593960715334,0
BOOK-130178,0.37034593960715334,0
BOOK-115464,0.37034593960715334,0
BOOK-135802,0.37034593960715334,0
BOOK-198914,0.37034593960715334,0
BOOK-194754,0.37034593960715334,0
BOOK-161118,0.37034593960715334,0
BOOK-134052,0.37034593960715334,0
BOOK-190222,0.37034593960715334,0
BOOK-139379,0.37034593960715334,0
BOOK-115096,0.37034593960715334,0
BOOK-153181,0.37034593960715334,0
BOOK-104809,0.37034593960715334,0
BOOK-133687,0.37034593960715334,0
BOOK-201767,0.37034593960715334,0
BOOK-122732,0.37034593960715334,0
BOOK-138604,0.37034593960715334,0
BOOK-160165,0.37034593960715334,0
BOOK-215016,0.37034593960715334,0
BOOK-137221,0.37034593960715334,0
BOOK-175601,0.37034593960715334,0
BOOK-137652,0.37034593960715334,0
BOOK-170027,0.37034593960715334,0
BOOK-113567,0.37034593960715334,0
BOOK-117423,0.37034593960715334,0
BOOK-188741,0.37034593960715334,0
BOOK-145868,0.37034593960715334,0
BOOK-206521,0.37034593960715334,0
BOOK-171026,0.37034593960715334,0
BOOK-218115,0.37034593960715334,0
BOOK-167139,0.37034593960715334,0
BOOK-161976,0.37034593960715334,0
BOOK-170207,0.37034593960715334,0
BOOK-171419,0.37034593960715334,0
BOOK-175889,0.37034593960715334,0
BOOK-136732,0.37034593960715334,0
BOOK-199075,0.37034593960715334,0
BOOK-198774,0.37034593960715334,0
BOOK-182340,0.37034593960715334,0
BOOK-178539,0.37034593960715334,0
BOOK-143794,0.37034593960715334,0
BOOK-190019,0.37034593960715334,0
BOOK-104237,0.37034593960715334,0
BOOK-171315,0.37034593960715334,0
BOOK-199483,0.37034593960715334,0
BOOK-190667,0.37034593960715334,0
BOOK-137253,0.37034593960715334,0
BOOK-217245,0.37034593960715334,0
BOOK-182941,0.37034593960715334,0
BOOK-190578,0.37034593960715334,0
BOOK-160964,0.37034593960715334,0
BOOK-197501,0.37034593960715334,0
BOOK-119978,0.37034593960715334,0
BOOK-213418,0.37034593960715334,0
BOOK-132759,0.37034593960715334,0
BOOK-137038,0.37034593960715334,0
BOOK-117797,0.37034593960715334,0
BOOK-113956,0.37034593960715334,0
BOOK-183653,0.37034593960715334,0
BOOK-119748,0.37034593960715334,0
BOOK-128272,0.37034593960715334,0
BOOK-165171,0.37034593960715334,0
BOOK-174322,0.37034593960715334,0
BOOK-128417,0.37034593960715334,0
BOOK-189974,0.37034593960715334,0
BOOK-162100,0.37034593960715334,0
BOOK-215639,0.37034593960715334,0
BOOK-100153,0.37034593960715334,0
BOOK-205755,0.37034593960715334,0
BOOK-154630,0.37034593960715334,0
BOOK-145225,0.37034593960715334,0
BOOK-196747,0.37034593960715334,0
BOOK-193916,0.37034593960715334,0
BOOK-203516,0.37034593960715334,0
BOOK-202517,0.37034593960715334,0
BOOK-182410,0.37034593960715334,0
BOOK-162093,0.37034593960715334,0
BOOK-176525,0.37034593960715334,0
BOOK-109136,0.37034593960715334,0
BOOK-128103,0.37034593960715334,0
BOOK-134038,0.37034593960715334,0
BOOK-138319,0.37034593960715334,0
BOOK-129865,0.37034593960715334,0
BOOK-189495,0.37034593960715334,0
BOOK-176926,0.37034593960715334,0
BOOK-184554,0.37034593960715334,0
BOOK-170499,0.37034593960715334,0
BOOK-105536,0.37034593960715334,0
BOOK-156287,0.37034593960715334,0
BOOK-136150,0.37034593960715334,0
BOOK-183138,0.37034593960715334,0
BOOK-208220,0.37034593960715334,0
BOOK-131673,0.37034593960715334,0
BOOK-217025,0.37034593960715334,0
BOOK-213811,0.37034593960715334,0
BOOK-109808,0.37034593960715334,0
BOOK-104925,0.37034593960715334,0
BOOK-112422,0.37034593960715334,0
BOOK-167361,0.37034593960715334,0
BOOK-170397,0.37034593960715334,0
BOOK-120564,0.37034593960715334,0
BOOK-167533,0.37034593960715334,0
BOOK-178793,0.37034593960715334,0
BOOK-204799,0.37034593960715334,0
BOOK-161584,0.37034593960715334,0
BOOK-205720,0.37034593960715334,0
BOOK-191956,0.37034593960715334,0
BOOK-190990,0.37034593960715334,0
BOOK-216001,0.37034593960715334,0
BOOK-195507,0.37034593960715334,0
BOOK-202496,0.37034593960715334,0
BOOK-154086,0.37034593960715334,0
BOOK-217192,0.37034593960715334,0
BOOK-101324,0.37034593960715334,0
BOOK-160881,0.37034593960715334,0
BOOK-126591,0.37034593960715334,0
BOOK-120395,0.37034593960715334,0
BOOK-141166,0.37034593960715334,0
BOOK-179138,0.37034593960715334,0
BOOK-200214,0.37034593960715334,0
BOOK-180559,0.37034593960715334,0
BOOK-124023,0.37034593960715334,0
BOOK-128478,0.37034593960715334,0
BOOK-108846,0.37034593960715334,0
BOOK-109784,0.37034593960715334,0
BOOK-164712,0.37034593960715334,0
BOOK-204334,0.37034593960715334,0
BOOK-131481,0.37034593960715334,0
BOOK-135612,0.37034593960715334,0
BOOK-143680,0.37034593960715334,0
BOOK-203363,0.37034593960715334,0
BOOK-196823,0.37034593960715334,0
BOOK-172637,0.37034593960715334,0
BOOK-162748,0.37034593960715334,0
BOOK-183558,0.37034593960715334,0
BOOK-154159,0.37034593960715334,0
BOOK-194663,0.37034593960715334,0
BOOK-182511,0.37034593960715334,0
BOOK-148390,0.37034593960715334,0
BOOK-167937,0.37034593960715334,0
BOOK-184547,0.37034593960715334,0
BOOK-157657,0.37034593960715334,0
BOOK-171754,0.37034593960715334,0
BOOK-182052,0.37034593960715334,0
BOOK-124383,0.37034593960715334,0
BOOK-120629,0.37034593960715334,0
BOOK-114692,0.37034593960715334,0
BOOK-130853,0.37034593960715334,0
BOOK-219128,0.37034593960715334,0
BOOK-113944,0.37034593960715334,0
BOOK-213489,0.37034593960715334,0
BOOK-105916,0.37034593960715334,0
BOOK-130381,0.37034593960715334,0
BOOK-140479,0.37034593960715334,0
BOOK-153064,0.37034593960715334,0
BOOK-212985,0.37034593960715334,0
BOOK-196009,0.37034593960715334,0
BOOK-134578,0.37034593960715334,0
BOOK-116836,0.37034593960715334,0
BOOK-111426,0.37034593960715334,0
BOOK-108577,0.37034593960715334,0
BOOK-168182,0.37034593960715334,0
BOOK-164535,0.37034593960715334,0
BOOK-214811,0.37034593960715334,0
BOOK-188807,0.37034593960715334,0
BOOK-117635,0.37034593960715334,0
BOOK-190043,0.37034593960715334,0
BOOK-216923,0.37034593960715334,0
BOOK-172483,0.37034593960715334,0
BOOK-185916,0.37034593960715334,0
BOOK-189815,0.37034593960715334,0
BOOK-124482,0.37034593960715334,0
BOOK-131508,0.37034593960715334,0
BOOK-180952,0.37034593960715334,0
BOOK-111759,0.37034593960715334,0
BOOK-117411,0.37034593960715334,0
BOOK-127157,0.37034593960715334,0
BOOK-112194,0.37034593960715334,0
BOOK-180194,0.37034593960715334,0
BOOK-130800,0.37034593960715334,0
BOOK-154248,0.37034593960715334,0
BOOK-142359,0.37034593960715334,0
BOOK-107842,0.37034593960715334,0
BOOK-148389,0.37034593960715334,0
BOOK-184465,0.37034593960715334,0
BOOK-158465,0.37034593960715334,0
BOOK-131114,0.37034593960715334,0
BOOK-182740,0.37034593960715334,0
BOOK-176855,0.37034593960715334,0
BOOK-166527,0.37034593960715334,0
BOOK-139465,0.37034593960715334,0
BOOK-179823,0.37034593960715334,0
BOOK-100294,0.37034593960715334,0
BOOK-113742,0.37034593960715334,0
BOOK-119318,0.37034593960715334,0
BOOK-102451,0.37034593960715334,0
BOOK-199118,0.37034593960715334,0
BOOK-116655,0.37034593960715334,0
BOOK-101368,0.37034593960715334,0
BOOK-124035,0.37034593960715334,0
BOOK-101556,0.37034593960715334,0
BOOK-192768,0.37034593960715334,0
BOOK-136636,0.37034593960715334,0
BOOK-107550,0.37034593960715334,0
BOOK-189567,0.37034593960715334,0
BOOK-168388,0.37034593960715334,0
BOOK-127504,0.37034593960715334,0
BOOK-184310,0.37034593960715334,0
BOOK-169588,0.37034593960715334,0
BOOK-137390,0.37034593960715334,0
BOOK-124121,0.37034593960715334,0
BOOK-162846,0.37034593960715334,0
BOOK-173839,0.37034593960715334,0
BOOK-109542,0.37034593960715334,0
BOOK-158294,0.37034593960715334,0
BOOK-115642,0.37034593960715334,0
BOOK-145157,0.37034593960715334,0
BOOK-207972,0.37034593960715334,0
BOOK-215161,0.37034593960715334,0
BOOK-150448,0.37034593960715334,0
BOOK-216088,0.37034593960715334,0
BOOK-182344,0.37034593960715334,0
BOOK-199383,0.37034593960715334,0
BOOK-123318,0.37034593960715334,0
BOOK-103408,0.37034593960715334,0
BOOK-191427,0.37034593960715334,0
BOOK-193142,0.37034593960715334,0
BOOK-149319,0.37034593960715334,0
BOOK-217509,0.37034593960715334,0
BOOK-170856,0.37034593960715334,0
BOOK-175634,0.37034593960715334,0
BOOK-147071,0.37034593960715334,0
BOOK-142412,0.37034593960715334,0
BOOK-122215,0.37034593960715334,0
BOOK-200309,0.37034593960715334,0
BOOK-215675,0.37034593960715334,0
BOOK-215512,0.37034593960715334,0
BOOK-207033,0.37034593960715334,0
BOOK-104348,0.37034593960715334,0
BOOK-210242,0.37034593960715334,0
BOOK-209985,0.37034593960715334,0
BOOK-155975,0.37034593960715334,0
BOOK-188925,0.37034593960715334,0
BOOK-205606,0.37034593960715334,0
BOOK-171006,0.37034593960715334,0
BOOK-170185,0.37034593960715334,0
BOOK-211139,0.37034593960715334,0
BOOK-154617,0.37034593960715334,0
BOOK-117235,0.37034593960715334,0
BOOK-170771,0.37034593960715334,0
BOOK-157577,0.37034593960715334,0
BOOK-162695,0.37034593960715334,0
BOOK-215636,0.37034593960715334,0
BOOK-193365,0.37034593960715334,0
BOOK-186674,0.37034593960715334,0
BOOK-206704,0.37034593960715334,0
BOOK-141226,0.37034593960715334,0
BOOK-140602,0.37034593960715334,0
BOOK-179482,0.37034593960715334,0
BOOK-165277,0.37034593960715334,0
BOOK-183814,0.37034593960715334,0
BOOK-151059,0.37034593960715334,0
BOOK-110221,0.37034593960715334,0
BOOK-184309,0.37034593960715334,0
BOOK-111153,0.37034593960715334,0
BOOK-151498,0.37034593960715334,0
BOOK-192003,0.37034593960715334,0
BOOK-170918,0.37034593960715334,0
BOOK-137167,0.37034593960715334,0
BOOK-139431,0.37034593960715334,0
BOOK-113064,0.37034593960715334,0
BOOK-199943,0.37034593960715334,0
BOOK-116314,0.37034593960715334,0
BOOK-134813,0.37034593960715334,0
BOOK-122300,0.37034593960715334,0
BOOK-154730,0.37034593960715334,0
BOOK-101931,0.37034593960715334,0
BOOK-125228,0.37034593960715334,0
BOOK-144304,0.37034593960715334,0
BOOK-146940,0.37034593960715334,0
BOOK-112403,0.37034593960715334,0
BOOK-153706,0.37034593960715334,0
BOOK-193961,0.37034593960715334,0
BOOK-119426,0.37034593960715334,0
BOOK-163234,0.37034593960715334,0
BOOK-125433,0.37034593960715334,0
BOOK-185009,0.37034593960715334,0
BOOK-134667,0.37034593960715334,0
BOOK-116308,0.37034593960715334,0
BOOK-178533,0.37034593960715334,0
BOOK-152343,0.37034593960715334,0
BOOK-167171,0.37034593960715334,0
BOOK-140022,0.37034593960715334,0
BOOK-148723,0.37034593960715334,0
BOOK-173109,0.37034593960715334,0
BOOK-113390,0.37034593960715334,0
BOOK-154239,0.37034593960715334,0
BOOK-208320,0.37034593960715334,0
BOOK-172229,0.37034593960715334,0
BOOK-114529,0.37034593960715334,0
BOOK-199684,0.37034593960715334,0
BOOK-170122,0.37034593960715334,0
BOOK-134335,0.37034593960715334,0
BOOK-115540,0.37034593960715334,0
BOOK-120032,0.37034593960715334,0
BOOK-205076,0.37034593960715334,0
BOOK-215751,0.37034593960715334,0
BOOK-110278,0.37034593960715334,0
BOOK-197408,0.37034593960715334,0
BOOK-110596,0.37034593960715334,0
BOOK-143395,0.37034593960715334,0
BOOK-192173,0.37034593960715334,0
BOOK-121351,0.37034593960715334,0
BOOK-131386,0.37034593960715334,0
BOOK-215774,0.37034593960715334,0
BOOK-206471,0.37034593960715334,0
BOOK-138634,0.37034593960715334,0
BOOK-177505,0.37034593960715334,0
BOOK-144512,0.37034593960715334,0
BOOK-152229,0.37034593960715334,0
BOOK-195134,0.37034593960715334,0
BOOK-213598,0.37034593960715334,0
BOOK-156344,0.37034593960715334,0
BOOK-135117,0.37034593960715334,0
BOOK-133616,0.37034593960715334,0
BOOK-131945,0.37034593960715334,0
BOOK-211702,0.37034593960715334,0
BOOK-124439,0.37034593960715334,0
BOOK-182920,0.37034593960715334,0
BOOK-132554,0.37034593960715334,0
BOOK-129974,0.37034593960715334,0
BOOK-167098,0.37034593960715334,0
BOOK-204894,0.37034593960715334,0
BOOK-198981,0.37034593960715334,0
BOOK-209975,0.37034593960715334,0
BOOK-215665,0.37034593960715334,0
BOOK-120815,0.37034593960715334,0
BOOK-144439,0.37034593960715334,0
BOOK-190643,0.37034593960715334,0
BOOK-159927,0.37034593960715334,0
BOOK-113225,0.37034593960715334,0
BOOK-131924,0.37034593960715334,0
BOOK-175665,0.37034593960715334,0
BOOK-122625,0.37034593960715334,0
BOOK-190780,0.37034593960715334,0
BOOK-158196,0.37034593960715334,0
BOOK-118933,0.37034593960715334,0
BOOK-156794,0.37034593960715334,0
BOOK-100729,0.37034593960715334,0
BOOK-136112,0.37034593960715334,0
BOOK-128479,0.37034593960715334,0
BOOK-203986,0.37034593960715334,0
BOOK-182733,0.37034593960715334,0
BOOK-196689,0.37034593960715334,0
BOOK-183355,0.37034593960715334,0
BOOK-185304,0.37034593960715334,0
BOOK-100608,0.37034593960715334,0
BOOK-103273,0.37034593960715334,0
BOOK-166156,0.37034593960715334,0
BOOK-199769,0.37034593960715334,0
BOOK-148647,0.37034593960715334,0
BOOK-170691,0.37034593960715334,0
BOOK-174840,0.37034593960715334,0
BOOK-204683,0.37034593960715334,0
BOOK-177447,0.37034593960715334,0
BOOK-152726,0.37034593960715334,0
BOOK-177457,0.37034593960715334,0
BOOK-201475,0.37034593960715334,0
BOOK-217094,0.37034593960715334,0
BOOK-213673,0.37034593960715334,0
BOOK-193387,0.37034593960715334,0
BOOK-121776,0.37034593960715334,0
BOOK-200932,0.37034593960715334,0
BOOK-205317,0.37034593960715334,0
BOOK-149234,0.37034593960715334,0
BOOK-170967,0.37034593960715334,0
BOOK-184862,0.37034593960715334,0
BOOK-124554,0.37034593960715334,0
BOOK-188776,0.37034593960715334,0
BOOK-188292,0.37034593960715334,0
BOOK-206883,0.37034593960715334,0
BOOK-164437,0.37034593960715334,0
BOOK-146035,0.37034593960715334,0
BOOK-178721,0.37034593960715334,0
BOOK-208778,0.37034593960715334,0
BOOK-192226,0.37034593960715334,0
BOOK-181096,0.37034593960715334,0
BOOK-142182,0.37034593960715334,0
BOOK-155032,0.37034593960715334,0
BOOK-166879,0.37034593960715334,0
BOOK-143700,0.37034593960715334,0
BOOK-153863,0.37034593960715334,0
BOOK-186080,0.37034593960715334,0
BOOK-184140,0.37034593960715334,0
BOOK-206633,0.37034593960715334,0
BOOK-210910,0.37034593960715334,0
BOOK-174424,0.37034593960715334,0
BOOK-123958,0.37034593960715334,0
BOOK-149141,0.37034593960715334,0
BOOK-191239,0.37034593960715334,0
BOOK-111566,0.37034593960715334,0
BOOK-148683,0.37034593960715334,0
BOOK-188466,0.37034593960715334,0
BOOK-123710,0.37034593960715334,0
BOOK-192257,0.37034593960715334,0
BOOK-146924,0.37034593960715334,0
BOOK-113504,0.37034593960715334,0
BOOK-138906,0.37034593960715334,0
BOOK-190981,0.37034593960715334,0
BOOK-140216,0.37034593960715334,0
BOOK-148874,0.37034593960715334,0
BOOK-103821,0.37034593960715334,0
BOOK-122876,0.37034593960715334,0
BOOK-145781,0.37034593960715334,0
BOOK-128265,0.37034593960715334,0
BOOK-212516,0.37034593960715334,0
BOOK-147609,0.37034593960715334,0
BOOK-215878,0.37034593960715334,0
BOOK-164502,0.37034593960715334,0
BOOK-175812,0.37034593960715334,0
BOOK-205845,0.37034593960715334,0
BOOK-207862,0.37034593960715334,0
BOOK-186308,0.37034593960715334,0
BOOK-134995,0.37034593960715334,0
BOOK-132059,0.37034593960715334,0
BOOK-179615,0.37034593960715334,0
BOOK-169725,0.37034593960715334,0
BOOK-171786,0.37034593960715334,0
BOOK-170947,0.37034593960715334,0
BOOK-206302,0.37034593960715334,0
BOOK-124387,0.37034593960715334,0
BOOK-169144,0.37034593960715334,0
BOOK-132155,0.37034593960715334,0
BOOK-139514,0.37034593960715334,0
BOOK-169640,0.37034593960715334,0
BOOK-136012,0.37034593960715334,0
BOOK-210478,0.37034593960715334,0
BOOK-174754,0.37034593960715334,0
BOOK-207374,0.37034593960715334,0
BOOK-166239,0.37034593960715334,0
BOOK-126290,0.37034593960715334,0
BOOK-129284,0.37034593960715334,0
BOOK-134473,0.37034593960715334,0
BOOK-130105,0.37034593960715334,0
BOOK-164387,0.37034593960715334,0
BOOK-209198,0.37034593960715334,0
BOOK-201938,0.37034593960715334,0
BOOK-164987,0.37034593960715334,0
BOOK-162556,0.37034593960715334,0
BOOK-117627,0.37034593960715334,0
BOOK-190994,0.37034593960715334,0
BOOK-115890,0.37034593960715334,0
BOOK-186403,0.37034593960715334,0
BOOK-206750,0.37034593960715334,0
BOOK-152415,0.37034593960715334,0
BOOK-201062,0.37034593960715334,0
BOOK-196330,0.37034593960715334,0
BOOK-196606,0.37034593960715334,0
BOOK-206597,0.37034593960715334,0
BOOK-152827,0.37034593960715334,0
BOOK-216676,0.37034593960715334,0
BOOK-211625,0.37034593960715334,0
BOOK-188037,0.37034593960715334,0
BOOK-106349,0.37034593960715334,0
BOOK-207307,0.37034593960715334,0
BOOK-170740,0.37034593960715334,0
BOOK-202919,0.37034593960715334,0
BOOK-216323,0.37034593960715334,0
BOOK-208158,0.37034593960715334,0
BOOK-188269,0.37034593960715334,0
BOOK-130542,0.37034593960715334,0
BOOK-132063,0.37034593960715334,0
BOOK-137228,0.37034593960715334,0
BOOK-108816,0.37034593960715334,0
BOOK-196099,0.37034593960715334,0
BOOK-109831,0.37034593960715334,0
BOOK-181748,0.37034593960715334,0
BOOK-151838,0.37034593960715334,0
BOOK-136500,0.37034593960715334,0
BOOK-130592,0.37034593960715334,0
BOOK-217936,0.37034593960715334,0
BOOK-143772,0.37034593960715334,0
BOOK-166136,0.37034593960715334,0
BOOK-178009,0.37034593960715334,0
BOOK-103043,0.37034593960715334,0
BOOK-150380,0.37034593960715334,0
BOOK-167750,0.37034593960715334,0
BOOK-150580,0.37034593960715334,0
BOOK-176664,0.37034593960715334,0
BOOK-149513,0.37034593960715334,0
BOOK-135035,0.37034593960715334,0
BOOK-101465,0.37034593960715334,0
BOOK-159733,0.37034593960715334,0
BOOK-157828,0.37034593960715334,0
BOOK-218310,0.37034593960715334,0
BOOK-106297,0.37034593960715334,0
BOOK-197190,0.37034593960715334,0
BOOK-124289,0.37034593960715334,0
BOOK-215874,0.37034593960715334,0
BOOK-106177,0.37034593960715334,0
BOOK-119030,0.37034593960715334,0
BOOK-129651,0.37034593960715334,0
BOOK-154014,0.37034593960715334,0
BOOK-133765,0.37034593960715334,0
BOOK-133119,0.37034593960715334,0
BOOK-101765,0.37034593960715334,0
BOOK-210682,0.37034593960715334,0
BOOK-101076,0.37034593960715334,0
BOOK-198141,0.37034593960715334,0
BOOK-205791,0.37034593960715334,0
BOOK-131767,0.37034593960715334,0
BOOK-101639,0.37034593960715334,0
BOOK-170733,0.37034593960715334,0
BOOK-207349,0.37034593960715334,0
BOOK-180660,0.37034593960715334,0
BOOK-201316,0.37034593960715334,0
BOOK-182504,0.37034593960715334,0
BOOK-195582,0.37034593960715334,0
BOOK-144852,0.37034593960715334,0
BOOK-111738,0.37034593960715334,0
BOOK-161201,0.37034593960715334,0
BOOK-198061,0.37034593960715334,0
BOOK-132094,0.37034593960715334,0
BOOK-160750,0.37034593960715334,0
BOOK-153279,0.37034593960715334,0
BOOK-148306,0.37034593960715334,0
BOOK-202931,0.37034593960715334,0
BOOK-204759,0.37034593960715334,0
BOOK-107510,0.37034593960715334,0
BOOK-153585,0.37034593960715334,0
BOOK-133624,0.37034593960715334,0
BOOK-109372,0.37034593960715334,0
BOOK-158300,0.37034593960715334,0
BOOK-208722,0.37034593960715334,0
BOOK-170162,0.37034593960715334,0
BOOK-150607,0.37034593960715334,0
BOOK-133451,0.37034593960715334,0
BOOK-207186,0.37034593960715334,0
BOOK-164190,0.37034593960715334,0
BOOK-135524,0.37034593960715334,0
BOOK-154800,0.37034593960715334,0
BOOK-101249,0.37034593960715334,0
BOOK-138522,0.37034593960715334,0
BOOK-159704,0.37034593960715334,0
BOOK-168335,0.37034593960715334,0
BOOK-130852,0.37034593960715334,0
BOOK-177885,0.37034593960715334,0
BOOK-129425,0.37034593960715334,0
BOOK-214329,0.37034593960715334,0
BOOK-137155,0.37034593960715334,0
BOOK-158358,0.37034593960715334,0
BOOK-215629,0.37034593960715334,0
BOOK-103933,0.37034593960715334,0
BOOK-137673,0.37034593960715334,0
BOOK-196161,0.37034593960715334,0
BOOK-121590,0.37034593960715334,0
BOOK-184052,0.37034593960715334,0
BOOK-181586,0.37034593960715334,0
BOOK-102652,0.37034593960715334,0
BOOK-182357,0.37034593960715334,0
BOOK-188889,0.37034593960715334,0
BOOK-138423,0.37034593960715334,0
BOOK-219130,0.37034593960715334,0
BOOK-107164,0.37034593960715334,0
BOOK-184942,0.37034593960715334,0
BOOK-109420,0.37034593960715334,0
BOOK-171732,0.37034593960715334,0
BOOK-187926,0.37034593960715334,0
BOOK-211360,0.37034593960715334,0
BOOK-113236,0.37034593960715334,0
BOOK-159520,0.37034593960715334,0
BOOK-146644,0.37034593960715334,0
BOOK-207097,0.37034593960715334,0
BOOK-145755,0.37034593960715334,0
BOOK-118748,0.37034593960715334,0
BOOK-127291,0.37034593960715334,0
BOOK-143573,0.37034593960715334,0
BOOK-218247,0.37034593960715334,0
BOOK-137663,0.37034593960715334,0
BOOK-100632,0.37034593960715334,0
BOOK-126258,0.37034593960715334,0
BOOK-129604,0.37034593960715334,0
BOOK-163521,0.37034593960715334,0
BOOK-208801,0.37034593960715334,0
BOOK-111907,0.37034593960715334,0
BOOK-105401,0.37034593960715334,0
BOOK-212848,0.37034593960715334,0
BOOK-165666,0.37034593960715334,0
BOOK-162602,0.37034593960715334,0
BOOK-105987,0.37034593960715334,0
BOOK-209951,0.37034593960715334,0
BOOK-201659,0.37034593960715334,0
BOOK-140347,0.37034593960715334,0
BOOK-216568,0.37034593960715334,0
BOOK-216160,0.37034593960715334,0
BOOK-174712,0.37034593960715334,0
BOOK-169356,0.37034593960715334,0
BOOK-205492,0.37034593960715334,0
BOOK-167738,0.37034593960715334,0
BOOK-170772,0.37034593960715334,0
BOOK-210226,0.37034593960715334,0
BOOK-151508,0.37034593960715334,0
BOOK-110515,0.37034593960715334,0
BOOK-105796,0.37034593960715334,0
BOOK-211132,0.37034593960715334,0
BOOK-179221,0.37034593960715334,0
BOOK-153253,0.37034593960715334,0
BOOK-146313,0.37034593960715334,0
BOOK-185577,0.37034593960715334,0
BOOK-171654,0.37034593960715334,0
BOOK-126622,0.37034593960715334,0
BOOK-214827,0.37034593960715334,0
BOOK-148092,0.37034593960715334,0
BOOK-181487,0.37034593960715334,0
BOOK-171582,0.37034593960715334,0
BOOK-147227,0.37034593960715334,0
BOOK-154098,0.37034593960715334,0
BOOK-197561,0.37034593960715334,0
BOOK-142109,0.37034593960715334,0
BOOK-111330,0.37034593960715334,0
BOOK-172117,0.37034593960715334,0
BOOK-213710,0.37034593960715334,0
BOOK-213861,0.37034593960715334,0
BOOK-217576,0.37034593960715334,0
BOOK-128000,0.37034593960715334,0
BOOK-121591,0.37034593960715334,0
BOOK-150035,0.37034593960715334,0
BOOK-209571,0.37034593960715334,0
BOOK-206444,0.37034593960715334,0
BOOK-195640,0.37034593960715334,0
BOOK-146399,0.37034593960715334,0
BOOK-143370,0.37034593960715334,0
BOOK-101117,0.37034593960715334,0
BOOK-159972,0.37034593960715334,0
BOOK-126605,0.37034593960715334,0
BOOK-167986,0.37034593960715334,0
BOOK-175435,0.37034593960715334,0
BOOK-122847,0.37034593960715334,0
BOOK-102141,0.37034593960715334,0
BOOK-123121,0.37034593960715334,0
BOOK-189971,0.37034593960715334,0
BOOK-218731,0.37034593960715334,0
BOOK-107195,0.37034593960715334,0
BOOK-217653,0.37034593960715334,0
BOOK-188758,0.37034593960715334,0
BOOK-184570,0.37034593960715334,0
BOOK-170055,0.37034593960715334,0
BOOK-108600,0.37034593960715334,0
BOOK-159135,0.37034593960715334,0
BOOK-137670,0.37034593960715334,0
BOOK-102315,0.37034593960715334,0
BOOK-144281,0.37034593960715334,0
BOOK-194179,0.37034593960715334,0
BOOK-195954,0.37034593960715334,0
BOOK-175067,0.37034593960715334,0
BOOK-142213,0.37034593960715334,0
BOOK-113677,0.37034593960715334,0
BOOK-213879,0.37034593960715334,0
BOOK-160482,0.37034593960715334,0
BOOK-184856,0.37034593960715334,0
BOOK-197211,0.37034593960715334,0
BOOK-117465,0.37034593960715334,0
BOOK-193092,0.37034593960715334,0
BOOK-146846,0.37034593960715334,0
BOOK-191545,0.37034593960715334,0
BOOK-153344,0.37034593960715334,0
BOOK-191299,0.37034593960715334,0
BOOK-111014,0.37034593960715334,0
BOOK-144441,0.37034593960715334,0
BOOK-166725,0.37034593960715334,0
BOOK-173842,0.37034593960715334,0
BOOK-149854,0.37034593960715334,0
BOOK-209654,0.37034593960715334,0
BOOK-159129,0.37034593960715334,0
BOOK-123481,0.37034593960715334,0
BOOK-169874,0.37034593960715334,0
BOOK-208050,0.37034593960715334,0
BOOK-154097,0.37034593960715334,0
BOOK-204812,0.37034593960715334,0
BOOK-157445,0.37034593960715334,0
BOOK-146490,0.37034593960715334,0
BOOK-207827,0.37034593960715334,0
BOOK-189434,0.37034593960715334,0
BOOK-106306,0.37034593960715334,0
BOOK-156282,0.37034593960715334,0
BOOK-167124,0.37034593960715334,0
BOOK-127543,0.37034593960715334,0
BOOK-131544,0.37034593960715334,0
BOOK-212987,0.37034593960715334,0
BOOK-201833,0.37034593960715334,0
BOOK-131356,0.37034593960715334,0
BOOK-116717,0.37034593960715334,0
BOOK-183724,0.37034593960715334,0
BOOK-178337,0.37034593960715334,0
BOOK-126741,0.37034593960715334,0
BOOK-203898,0.37034593960715334,0
BOOK-147087,0.37034593960715334,0
BOOK-136380,0.37034593960715334,0
BOOK-188700,0.37034593960715334,0
BOOK-128994,0.37034593960715334,0
BOOK-152316,0.37034593960715334,0
BOOK-128332,0.37034593960715334,0
BOOK-122373,0.37034593960715334,0
BOOK-129011,0.37034593960715334,0
BOOK-214026,0.37034593960715334,0
BOOK-129468,0.37034593960715334,0
BOOK-100659,0.37034593960715334,0
BOOK-210321,0.37034593960715334,0
BOOK-150941,0.37034593960715334,0
BOOK-202932,0.37034593960715334,0
BOOK-157542,0.37034593960715334,0
BOOK-116858,0.37034593960715334,0
BOOK-162415,0.37034593960715334,0
BOOK-149357,0.37034593960715334,0
BOOK-123842,0.37034593960715334,0
BOOK-219060,0.37034593960715334,0
BOOK-133867,0.37034593960715334,0
BOOK-162839,0.37034593960715334,0
BOOK-158951,0.37034593960715334,0
BOOK-133226,0.37034593960715334,0
BOOK-116086,0.37034593960715334,0
BOOK-205998,0.37034593960715334,0
BOOK-200220,0.37034593960715334,0
BOOK-119557,0.37034593960715334,0
BOOK-184449,0.37034593960715334,0
BOOK-142672,0.37034593960715334,0
BOOK-130791,0.37034593960715334,0
BOOK-202871,0.37034593960715334,0
BOOK-203858,0.37034593960715334,0
BOOK-114052,0.37034593960715334,0
BOOK-100010,0.37034593960715334,0
BOOK-191814,0.37034593960715334,0
BOOK-217659,0.37034593960715334,0
BOOK-169916,0.37034593960715334,0
BOOK-198221,0.37034593960715334,0
BOOK-156697,0.37034593960715334,0
BOOK-185603,0.37034593960715334,0
BOOK-108399,0.37034593960715334,0
BOOK-135958,0.37034593960715334,0
BOOK-108103,0.37034593960715334,0
BOOK-162465,0.37034593960715334,0
BOOK-123750,0.37034593960715334,0
BOOK-108934,0.37034593960715334,0
BOOK-133791,0.37034593960715334,0
BOOK-191127,0.37034593960715334,0
BOOK-197246,0.37034593960715334,0
BOOK-109669,0.37034593960715334,0
BOOK-136824,0.37034593960715334,0
BOOK-104313,0.37034593960715334,0
BOOK-137917,0.37034593960715334,0
BOOK-190050,0.37034593960715334,0
BOOK-185941,0.37034593960715334,0
BOOK-178508,0.37034593960715334,0
BOOK-209663,0.37034593960715334,0
BOOK-207708,0.37034593960715334,0
BOOK-204397,0.37034593960715334,0
BOOK-214435,0.37034593960715334,0
BOOK-168391,0.37034593960715334,0
BOOK-123840,0.37034593960715334,0
BOOK-106885,0.37034593960715334,0
BOOK-148887,0.37034593960715334,0
BOOK-112195,0.37034593960715334,0
BOOK-141867,0.37034593960715334,0
BOOK-132716,0.37034593960715334,0
BOOK-209799,0.37034593960715334,0
BOOK-113644,0.37034593960715334,0
BOOK-213847,0.37034593960715334,0
BOOK-204848,0.37034593960715334,0
BOOK-115903,0.37034593960715334,0
BOOK-118791,0.37034593960715334,0
BOOK-205402,0.37034593960715334,0
BOOK-168852,0.37034593960715334,0
BOOK-176732,0.37034593960715334,0
BOOK-199727,0.37034593960715334,0
BOOK-206044,0.37034593960715334,0
BOOK-201019,0.37034593960715334,0
BOOK-212632,0.37034593960715334,0
BOOK-156671,0.37034593960715334,0
BOOK-113889,0.37034593960715334,0
BOOK-105893,0.37034593960715334,0
BOOK-159171,0.37034593960715334,0
BOOK-208919,0.37034593960715334,0
BOOK-132125,0.37034593960715334,0
BOOK-121557,0.37034593960715334,0
BOOK-213445,0.37034593960715334,0
BOOK-213727,0.37034593960715334,0
BOOK-123015,0.37034593960715334,0
BOOK-193747,0.37034593960715334,0
BOOK-205900,0.37034593960715334,0
BOOK-205323,0.37034593960715334,0
BOOK-103429,0.37034593960715334,0
BOOK-167769,0.37034593960715334,0
BOOK-199916,0.37034593960715334,0
BOOK-118491,0.37034593960715334,0
BOOK-215095,0.37034593960715334,0
BOOK-177266,0.37034593960715334,0
BOOK-117418,0.37034593960715334,0
BOOK-186393,0.37034593960715334,0
BOOK-161143,0.37034593960715334,0
BOOK-208009,0.37034593960715334,0
BOOK-181147,0.37034593960715334,0
BOOK-105816,0.37034593960715334,0
BOOK-152930,0.37034593960715334,0
BOOK-196205,0.37034593960715334,0
BOOK-179442,0.37034593960715334,0
BOOK-158209,0.37034593960715334,0
BOOK-118842,0.37034593960715334,0
BOOK-108427,0.37034593960715334,0
BOOK-201757,0.37034593960715334,0
BOOK-196498,0.37034593960715334,0
BOOK-175565,0.37034593960715334,0
BOOK-109783,0.37034593960715334,0
BOOK-164480,0.37034593960715334,0
BOOK-172789,0.37034593960715334,0
BOOK-153220,0.37034593960715334,0
BOOK-184915,0.37034593960715334,0
BOOK-102938,0.37034593960715334,0
BOOK-210552,0.37034593960715334,0
BOOK-203675,0.37034593960715334,0
BOOK-174509,0.37034593960715334,0
BOOK-206992,0.37034593960715334,0
BOOK-160412,0.37034593960715334,0
BOOK-215673,0.37034593960715334,0
BOOK-191927,0.37034593960715334,0
BOOK-187223,0.37034593960715334,0
BOOK-127043,0.37034593960715334,0
BOOK-146792,0.37034593960715334,0
BOOK-141712,0.37034593960715334,0
BOOK-132922,0.37034593960715334,0
BOOK-137525,0.37034593960715334,0
BOOK-172125,0.37034593960715334,0
BOOK-127000,0.37034593960715334,0
BOOK-118214,0.37034593960715334,0
BOOK-112816,0.37034593960715334,0
BOOK-207166,0.37034593960715334,0
BOOK-194131,0.37034593960715334,0
BOOK-185391,0.37034593960715334,0
BOOK-173172,0.37034593960715334,0
BOOK-153512,0.37034593960715334,0
BOOK-154825,0.37034593960715334,0
BOOK-171767,0.37034593960715334,0
BOOK-213529,0.37034593960715334,0
BOOK-131436,0.37034593960715334,0
BOOK-149654,0.37034593960715334,0
BOOK-102908,0.37034593960715334,0
BOOK-120494,0.37034593960715334,0
BOOK-177529,0.37034593960715334,0
BOOK-112802,0.37034593960715334,0
BOOK-196803,0.37034593960715334,0
BOOK-104779,0.37034593960715334,0
BOOK-196070,0.37034593960715334,0
BOOK-113000,0.37034593960715334,0
BOOK-193743,0.37034593960715334,0
BOOK-199339,0.37034593960715334,0
BOOK-201348,0.37034593960715334,0
BOOK-219134,0.37034593960715334,0
BOOK-106414,0.37034593960715334,0
BOOK-115097,0.37034593960715334,0
BOOK-201567,0.37034593960715334,0
BOOK-117431,0.37034593960715334,0
BOOK-216156,0.37034593960715334,0
BOOK-218978,0.37034593960715334,0
BOOK-109163,0.37034593960715334,0
BOOK-161891,0.37034593960715334,0
BOOK-146105,0.37034593960715334,0
BOOK-170591,0.37034593960715334,0
BOOK-138979,0.37034593960715334,0
BOOK-179515,0.37034593960715334,0
BOOK-197503,0.37034593960715334,0
BOOK-213226,0.37034593960715334,0
BOOK-207545,0.37034593960715334,0
BOOK-199310,0.37034593960715334,0
BOOK-158026,0.37034593960715334,0
BOOK-142923,0.37034593960715334,0
BOOK-152980,0.37034593960715334,0
BOOK-138610,0.37034593960715334,0
BOOK-203217,0.37034593960715334,0
BOOK-110217,0.37034593960715334,0
BOOK-177494,0.37034593960715334,0
BOOK-184390,0.37034593960715334,0
BOOK-199134,0.37034593960715334,0
BOOK-172678,0.37034593960715334,0
BOOK-121427,0.37034593960715334,0
BOOK-176857,0.37034593960715334,0
BOOK-218934,0.37034593960715334,0
BOOK-134317,0.37034593960715334,0
BOOK-168757,0.37034593960715334,0
BOOK-165725,0.37034593960715334,0
BOOK-116845,0.37034593960715334,0
BOOK-148199,0.37034593960715334,0
BOOK-119551,0.37034593960715334,0
BOOK-209211,0.37034593960715334,0
BOOK-166807,0.37034593960715334,0
BOOK-143043,0.37034593960715334,0
BOOK-144957,0.37034593960715334,0
BOOK-198919,0.37034593960715334,0
BOOK-103222,0.37034593960715334,0
BOOK-179401,0.37034593960715334,0
BOOK-102153,0.37034593960715334,0
BOOK-102362,0.37034593960715334,0
BOOK-214436,0.37034593960715334,0
BOOK-186897,0.37034593960715334,0
BOOK-198936,0.37034593960715334,0
BOOK-128895,0.37034593960715334,0
BOOK-207442,0.37034593960715334,0
BOOK-147073,0.37034593960715334,0
BOOK-113313,0.37034593960715334,0
BOOK-133775,0.37034593960715334,0
BOOK-173394,0.37034593960715334,0
BOOK-179783,0.37034593960715334,0
BOOK-107143,0.37034593960715334,0
BOOK-189601,0.37034593960715334,0
BOOK-181037,0.37034593960715334,0
BOOK-194290,0.37034593960715334,0
BOOK-159354,0.37034593960715334,0
BOOK-157395,0.37034593960715334,0
BOOK-216363,0.37034593960715334,0
BOOK-105907,0.37034593960715334,0
BOOK-180000,0.37034593960715334,0
BOOK-104181,0.37034593960715334,0
BOOK-179598,0.37034593960715334,0
BOOK-176178,0.37034593960715334,0
BOOK-179666,0.37034593960715334,0
BOOK-150664,0.37034593960715334,0
BOOK-158977,0.37034593960715334,0
BOOK-193044,0.37034593960715334,0
BOOK-149114,0.37034593960715334,0
BOOK-177159,0.37034593960715334,0
BOOK-191445,0.37034593960715334,0
BOOK-152535,0.37034593960715334,0
BOOK-174714,0.37034593960715334,0
BOOK-160712,0.37034593960715334,0
BOOK-211073,0.37034593960715334,0
BOOK-171048,0.37034593960715334,0
BOOK-132296,0.37034593960715334,0
BOOK-190297,0.37034593960715334,0
BOOK-215763,0.37034593960715334,0
BOOK-131432,0.37034593960715334,0
BOOK-174945,0.37034593960715334,0
BOOK-187797,0.37034593960715334,0
BOOK-162358,0.37034593960715334,0
BOOK-103751,0.37034593960715334,0
BOOK-211687,0.37034593960715334,0
BOOK-189329,0.37034593960715334,0
BOOK-126181,0.37034593960715334,0
BOOK-174557,0.37034593960715334,0
BOOK-148242,0.37034593960715334,0
BOOK-104451,0.37034593960715334,0
BOOK-172155,0.37034593960715334,0
BOOK-106562,0.37034593960715334,0
BOOK-131685,0.37034593960715334,0
BOOK-115168,0.37034593960715334,0
BOOK-108398,0.37034593960715334,0
BOOK-142906,0.37034593960715334,0
BOOK-146938,0.37034593960715334,0
BOOK-151134,0.37034593960715334,0
BOOK-142483,0.37034593960715334,0
BOOK-196846,0.37034593960715334,0
BOOK-144971,0.37034593960715334,0
BOOK-109548,0.37034593960715334,0
BOOK-170713,0.37034593960715334,0
BOOK-179430,0.37034593960715334,0
BOOK-203702,0.37034593960715334,0
BOOK-200875,0.37034593960715334,0
BOOK-181979,0.37034593960715334,0
BOOK-217229,0.37034593960715334,0
BOOK-185545,0.37034593960715334,0
BOOK-155344,0.37034593960715334,0
BOOK-194374,0.37034593960715334,0
BOOK-199151,0.37034593960715334,0
BOOK-163874,0.37034593960715334,0
BOOK-189752,0.37034593960715334,0
BOOK-103209,0.37034593960715334,0
BOOK-130304,0.37034593960715334,0
BOOK-123427,0.37034593960715334,0
BOOK-170396,0.37034593960715334,0
BOOK-188189,0.37034593960715334,0
BOOK-203645,0.37034593960715334,0
BOOK-111657,0.37034593960715334,0
BOOK-181646,0.37034593960715334,0
BOOK-107380,0.37034593960715334,0
BOOK-206421,0.37034593960715334,0
BOOK-118371,0.37034593960715334,0
BOOK-163152,0.37034593960715334,0
BOOK-170812,0.37034593960715334,0
BOOK-161660,0.37034593960715334,0
BOOK-190822,0.37034593960715334,0
BOOK-125005,0.37034593960715334,0
BOOK-197502,0.37034593960715334,0
BOOK-142881,0.37034593960715334,0
BOOK-209137,0.37034593960715334,0
BOOK-207564,0.37034593960715334,0
BOOK-123976,0.37034593960715334,0
BOOK-159701,0.37034593960715334,0
BOOK-103307,0.37034593960715334,0
BOOK-130336,0.37034593960715334,0
BOOK-123871,0.37034593960715334,0
BOOK-111417,0.37034593960715334,0
BOOK-104550,0.37034593960715334,0
BOOK-112224,0.37034593960715334,0
BOOK-213954,0.37034593960715334,0
BOOK-146348,0.37034593960715334,0
BOOK-182663,0.37034593960715334,0
BOOK-135056,0.37034593960715334,0
BOOK-216940,0.37034593960715334,0
BOOK-184401,0.37034593960715334,0
BOOK-204643,0.37034593960715334,0
BOOK-149297,0.37034593960715334,0
BOOK-194328,0.37034593960715334,0
BOOK-183982,0.37034593960715334,0
BOOK-130584,0.37034593960715334,0
BOOK-213585,0.37034593960715334,0
BOOK-180130,0.37034593960715334,0
BOOK-171625,0.37034593960715334,0
BOOK-124708,0.37034593960715334,0
BOOK-115162,0.37034593960715334,0
BOOK-158508,0.37034593960715334,0
BOOK-217137,0.37034593960715334,0
BOOK-154790,0.37034593960715334,0
BOOK-119254,0.37034593960715334,0
BOOK-115767,0.37034593960715334,0
BOOK-173300,0.37034593960715334,0
BOOK-217353,0.37034593960715334,0
BOOK-142460,0.37034593960715334,0
BOOK-153933,0.37034593960715334,0
BOOK-148777,0.37034593960715334,0
BOOK-111026,0.37034593960715334,0
BOOK-171724,0.37034593960715334,0
BOOK-165899,0.37034593960715334,0
BOOK-215021,0.37034593960715334,0
BOOK-161864,0.37034593960715334,0
BOOK-212041,0.37034593960715334,0
BOOK-119461,0.37034593960715334,0
BOOK-184423,0.37034593960715334,0
BOOK-104842,0.37034593960715334,0
BOOK-209761,0.37034593960715334,0
BOOK-211315,0.37034593960715334,0
BOOK-112896,0.37034593960715334,0
BOOK-151168,0.37034593960715334,0
BOOK-166984,0.37034593960715334,0
BOOK-140947,0.37034593960715334,0
BOOK-149194,0.37034593960715334,0
BOOK-122826,0.37034593960715334,0
BOOK-213442,0.37034593960715334,0
BOOK-107309,0.37034593960715334,0
BOOK-148158,0.37034593960715334,0
BOOK-185624,0.37034593960715334,0
BOOK-199092,0.37034593960715334,0
BOOK-122180,0.37034593960715334,0
BOOK-146476,0.37034593960715334,0
BOOK-170869,0.37034593960715334,0
BOOK-194343,0.37034593960715334,0
BOOK-201051,0.37034593960715334,0
BOOK-129708,0.37034593960715334,0
BOOK-118289,0.37034593960715334,0
BOOK-168669,0.37034593960715334,0
BOOK-127014,0.37034593960715334,0
BOOK-195127,0.37034593960715334,0
BOOK-150170,0.37034593960715334,0
BOOK-162684,0.37034593960715334,0
BOOK-111392,0.37034593960715334,0
BOOK-205780,0.37034593960715334,0
BOOK-179828,0.37034593960715334,0
BOOK-167393,0.37034593960715334,0
BOOK-102626,0.37034593960715334,0
BOOK-178742,0.37034593960715334,0
BOOK-110446,0.37034593960715334,0
BOOK-207273,0.37034593960715334,0
BOOK-116158,0.37034593960715334,0
BOOK-140304,0.37034593960715334,0
BOOK-163418,0.37034593960715334,0
BOOK-213431,0.37034593960715334,0
BOOK-119661,0.37034593960715334,0
BOOK-155166,0.37034593960715334,0
BOOK-180277,0.37034593960715334,0
BOOK-215279,0.37034593960715334,0
BOOK-114089,0.37034593960715334,0
BOOK-125029,0.37034593960715334,0
BOOK-169479,0.37034593960715334,0
BOOK-156221,0.37034593960715334,0
BOOK-172266,0.37034593960715334,0
BOOK-175090,0.37034593960715334,0
BOOK-137273,0.37034593960715334,0
BOOK-102094,0.37034593960715334,0
BOOK-100667,0.37034593960715334,0
BOOK-209020,0.37034593960715334,0
BOOK-143774,0.37034593960715334,0
BOOK-210110,0.37034593960715334,0
BOOK-104933,0.37034593960715334,0
BOOK-132251,0.37034593960715334,0
BOOK-117704,0.37034593960715334,0
BOOK-147235,0.37034593960715334,0
BOOK-150663,0.37034593960715334,0
BOOK-162554,0.37034593960715334,0
BOOK-189763,0.37034593960715334,0
BOOK-129213,0.37034593960715334,0
BOOK-199486,0.37034593960715334,0
BOOK-195472,0.37034593960715334,0
BOOK-218791,0.37034593960715334,0
BOOK-165001,0.37034593960715334,0
BOOK-210431,0.37034593960715334,0
BOOK-178370,0.37034593960715334,0
BOOK-114654,0.37034593960715334,0
BOOK-132558,0.37034593960715334,0
BOOK-104206,0.37034593960715334,0
BOOK-138695,0.37034593960715334,0
BOOK-202979,0.37034593960715334,0
BOOK-207974,0.37034593960715334,0
BOOK-113164,0.37034593960715334,0
BOOK-160556,0.37034593960715334,0
BOOK-189712,0.37034593960715334,0
BOOK-204619,0.37034593960715334,0
BOOK-170002,0.37034593960715334,0
BOOK-127302,0.37034593960715334,0
BOOK-205877,0.37034593960715334,0
BOOK-211137,0.37034593960715334,0
BOOK-140766,0.37034593960715334,0
BOOK-203706,0.37034593960715334,0
BOOK-133437,0.37034593960715334,0
BOOK-184431,0.37034593960715334,0
BOOK-163353,0.37034593960715334,0
BOOK-208406,0.37034593960715334,0
BOOK-157021,0.37034593960715334,0
BOOK-196336,0.37034593960715334,0
BOOK-140146,0.37034593960715334,0
BOOK-218636,0.37034593960715334,0
BOOK-153783,0.37034593960715334,0
BOOK-191326,0.37034593960715334,0
BOOK-108723,0.37034593960715334,0
BOOK-114108,0.37034593960715334,0
BOOK-183549,0.37034593960715334,0
BOOK-113553,0.37034593960715334,0
BOOK-163275,0.37034593960715334,0
BOOK-112699,0.37034593960715334,0
BOOK-120580,0.37034593960715334,0
BOOK-132982,0.37034593960715334,0
BOOK-115005,0.37034593960715334,0
BOOK-167846,0.37034593960715334,0
BOOK-157962,0.37034593960715334,0
BOOK-174946,0.37034593960715334,0
BOOK-210196,0.37034593960715334,0
BOOK-145723,0.37034593960715334,0
BOOK-149146,0.37034593960715334,0
BOOK-187213,0.37034593960715334,0
BOOK-188642,0.37034593960715334,0
BOOK-174968,0.37034593960715334,0
BOOK-147740,0.37034593960715334,0
BOOK-209968,0.37034593960715334,0
BOOK-129724,0.37034593960715334,0
BOOK-166720,0.37034593960715334,0
BOOK-161648,0.37034593960715334,0
BOOK-132201,0.37034593960715334,0
BOOK-176858,0.37034593960715334,0
BOOK-197742,0.37034593960715334,0
BOOK-120589,0.37034593960715334,0
BOOK-112910,0.37034593960715334,0
BOOK-178767,0.37034593960715334,0
BOOK-194084,0.37034593960715334,0
BOOK-132122,0.37034593960715334,0
BOOK-153261,0.37034593960715334,0
BOOK-202798,0.37034593960715334,0
BOOK-143731,0.37034593960715334,0
BOOK-213097,0.37034593960715334,0
BOOK-143297,0.37034593960715334,0
BOOK-115757,0.37034593960715334,0
BOOK-122728,0.37034593960715334,0
BOOK-209803,0.37034593960715334,0
BOOK-170014,0.37034593960715334,0
BOOK-196260,0.37034593960715334,0
BOOK-184795,0.37034593960715334,0
BOOK-200129,0.37034593960715334,0
BOOK-109217,0.37034593960715334,0
BOOK-134270,0.37034593960715334,0
BOOK-117298,0.37034593960715334,0
BOOK-101620,0.37034593960715334,0
BOOK-182277,0.37034593960715334,0
BOOK-153201,0.37034593960715334,0
BOOK-104201,0.37034593960715334,0
BOOK-212346,0.37034593960715334,0
BOOK-144975,0.37034593960715334,0
BOOK-128528,0.37034593960715334,0
BOOK-128963,0.37034593960715334,0
BOOK-196231,0.37034593960715334,0
BOOK-186652,0.37034593960715334,0
BOOK-165641,0.37034593960715334,0
BOOK-181089,0.37034593960715334,0
BOOK-134745,0.37034593960715334,0
BOOK-177122,0.37034593960715334,0
BOOK-186585,0.37034593960715334,0
BOOK-103980,0.37034593960715334,0
BOOK-182538,0.37034593960715334,0
BOOK-105216,0.37034593960715334,0
BOOK-195679,0.37034593960715334,0
BOOK-147845,0.37034593960715334,0
BOOK-120989,0.37034593960715334,0
BOOK-193660,0.37034593960715334,0
BOOK-169994,0.37034593960715334,0
BOOK-133722,0.37034593960715334,0
BOOK-201050,0.37034593960715334,0
BOOK-179431,0.37034593960715334,0
BOOK-187042,0.37034593960715334,0
BOOK-177289,0.37034593960715334,0
BOOK-170694,0.37034593960715334,0
BOOK-152762,0.37034593960715334,0
BOOK-101507,0.37034593960715334,0
BOOK-189658,0.37034593960715334,0
BOOK-205657,0.37034593960715334,0
BOOK-116551,0.37034593960715334,0
BOOK-190389,0.37034593960715334,0
BOOK-181129,0.37034593960715334,0
BOOK-177942,0.37034593960715334,0
BOOK-173358,0.37034593960715334,0
BOOK-109776,0.37034593960715334,0
BOOK-124879,0.37034593960715334,0
BOOK-190196,0.37034593960715334,0
BOOK-139468,0.37034593960715334,0
BOOK-156966,0.37034593960715334,0
BOOK-193304,0.37034593960715334,0
BOOK-127612,0.37034593960715334,0
BOOK-173274,0.37034593960715334,0
BOOK-190499,0.37034593960715334,0
BOOK-138005,0.37034593960715334,0
BOOK-215061,0.37034593960715334,0
BOOK-173885,0.37034593960715334,0
BOOK-106015,0.37034593960715334,0
BOOK-126471,0.37034593960715334,0
BOOK-169257,0.37034593960715334,0
BOOK-151369,0.37034593960715334,0
BOOK-180385,0.37034593960715334,0
BOOK-160645,0.37034593960715334,0
BOOK-131951,0.37034593960715334,0
BOOK-118080,0.37034593960715334,0
BOOK-105448,0.37034593960715334,0
BOOK-117648,0.37034593960715334,0
BOOK-175868,0.37034593960715334,0
BOOK-175600,0.37034593960715334,0
BOOK-116740,0.37034593960715334,0
BOOK-141432,0.37034593960715334,0
BOOK-136789,0.37034593960715334,0
BOOK-127502,0.37034593960715334,0
BOOK-165191,0.37034593960715334,0
BOOK-139550,0.37034593960715334,0
BOOK-163580,0.37034593960715334,0
BOOK-199104,0.37034593960715334,0
BOOK-216826,0.37034593960715334,0
BOOK-109195,0.37034593960715334,0
BOOK-175392,0.37034593960715334,0
BOOK-186244,0.37034593960715334,0
BOOK-216112,0.37034593960715334,0
BOOK-119828,0.37034593960715334,0
BOOK-119175,0.37034593960715334,0
BOOK-153975,0.37034593960715334,0
BOOK-181855,0.37034593960715334,0
BOOK-141107,0.37034593960715334,0
BOOK-181306,0.37034593960715334,0
BOOK-207569,0.37034593960715334,0
BOOK-173711,0.37034593960715334,0
BOOK-109137,0.37034593960715334,0
BOOK-173517,0.37034593960715334,0
BOOK-111300,0.37034593960715334,0
BOOK-140016,0.37034593960715334,0
BOOK-161103,0.37034593960715334,0
BOOK-108081,0.37034593960715334,0
BOOK-178458,0.37034593960715334,0
BOOK-103392,0.37034593960715334,0
BOOK-135297,0.37034593960715334,0
BOOK-199466,0.37034593960715334,0
BOOK-170140,0.37034593960715334,0
BOOK-206434,0.37034593960715334,0
BOOK-146962,0.37034593960715334,0
BOOK-185476,0.37034593960715334,0
BOOK-115832,0.37034593960715334,0
BOOK-184354,0.37034593960715334,0
BOOK-207469,0.37034593960715334,0
BOOK-130698,0.37034593960715334,0
BOOK-112002,0.37034593960715334,0
BOOK-156028,0.37034593960715334,0
BOOK-127013,0.37034593960715334,0
BOOK-110183,0.37034593960715334,0
BOOK-147626,0.37034593960715334,0
BOOK-162908,0.37034593960715334,0
BOOK-171439,0.37034593960715334,0
BOOK-207379,0.37034593960715334,0
BOOK-213905,0.37034593960715334,0
BOOK-106945,0.37034593960715334,0
BOOK-141787,0.37034593960715334,0
BOOK-100886,0.37034593960715334,0
BOOK-191147,0.37034593960715334,0
BOOK-115028,0.37034593960715334,0
BOOK-175871,0.37034593960715334,0
BOOK-207065,0.37034593960715334,0
BOOK-110677,0.37034593960715334,0
BOOK-156875,0.37034593960715334,0
BOOK-184508,0.37034593960715334,0
BOOK-122542,0.37034593960715334,0
BOOK-102846,0.37034593960715334,0
BOOK-114317,0.37034593960715334,0
BOOK-148555,0.37034593960715334,0
BOOK-125672,0.37034593960715334,0
BOOK-165310,0.37034593960715334,0
BOOK-170313,0.37034593960715334,0
BOOK-145546,0.37034593960715334,0
BOOK-131331,0.37034593960715334,0
BOOK-104713,0.37034593960715334,0
BOOK-187955,0.37034593960715334,0
BOOK-114837,0.37034593960715334,0
BOOK-152184,0.37034593960715334,0
BOOK-204298,0.37034593960715334,0
BOOK-113266,0.37034593960715334,0
BOOK-113624,0.37034593960715334,0
BOOK-191287,0.37034593960715334,0
BOOK-130683,0.37034593960715334,0
BOOK-142734,0.37034593960715334,0
BOOK-110669,0.37034593960715334,0
BOOK-126868,0.37034593960715334,0
BOOK-116003,0.37034593960715334,0
BOOK-199835,0.37034593960715334,0
BOOK-152067,0.37034593960715334,0
BOOK-187767,0.37034593960715334,0
BOOK-105510,0.37034593960715334,0
BOOK-178272,0.37034593960715334,0
BOOK-168027,0.37034593960715334,0
BOOK-208002,0.37034593960715334,0
BOOK-159531,0.37034593960715334,0
BOOK-141710,0.37034593960715334,0
BOOK-127693,0.37034593960715334,0
BOOK-112387,0.37034593960715334,0
BOOK-140962,0.37034593960715334,0
BOOK-187031,0.37034593960715334,0
BOOK-212258,0.37034593960715334,0
BOOK-158563,0.37034593960715334,0
BOOK-105437,0.37034593960715334,0
BOOK-135936,0.37034593960715334,0
BOOK-187723,0.37034593960715334,0
BOOK-121547,0.37034593960715334,0
BOOK-110504,0.37034593960715334,0
BOOK-115960,0.37034593960715334,0
BOOK-186493,0.37034593960715334,0
BOOK-100603,0.37034593960715334,0
BOOK-203331,0.37034593960715334,0
BOOK-199221,0.37034593960715334,0
BOOK-125266,0.37034593960715334,0
BOOK-180337,0.37034593960715334,0
BOOK-132814,0.37034593960715334,0
BOOK-192077,0.37034593960715334,0
BOOK-119694,0.37034593960715334,0
BOOK-140116,0.37034593960715334,0
BOOK-181829,0.37034593960715334,0
BOOK-100505,0.37034593960715334,0
BOOK-193438,0.37034593960715334,0
BOOK-172979,0.37034593960715334,0
BOOK-109418,0.37034593960715334,0
BOOK-211559,0.37034593960715334,0
BOOK-190241,0.37034593960715334,0
BOOK-147307,0.37034593960715334,0
BOOK-177916,0.37034593960715334,0
BOOK-114135,0.37034593960715334,0
BOOK-204833,0.37034593960715334,0
BOOK-209282,0.37034593960715334,0
BOOK-146320,0.37034593960715334,0
BOOK-158147,0.37034593960715334,0
BOOK-100675,0.37034593960715334,0
BOOK-173195,0.37034593960715334,0
BOOK-212383,0.37034593960715334,0
BOOK-211580,0.37034593960715334,0
BOOK-207511,0.37034593960715334,0
BOOK-104826,0.37034593960715334,0
BOOK-144265,0.37034593960715334,0
BOOK-171857,0.37034593960715334,0
BOOK-216224,0.37034593960715334,0
BOOK-198345,0.37034593960715334,0
BOOK-218723,0.37034593960715334,0
BOOK-184826,0.37034593960715334,0
BOOK-119092,0.37034593960715334,0
BOOK-181805,0.37034593960715334,0
BOOK-145650,0.37034593960715334,0
BOOK-217765,0.37034593960715334,0
BOOK-136869,0.37034593960715334,0
BOOK-210172,0.37034593960715334,0
BOOK-202561,0.37034593960715334,0
BOOK-115145,0.37034593960715334,0
BOOK-139646,0.37034593960715334,0
BOOK-135639,0.37034593960715334,0
BOOK-196069,0.37034593960715334,0
BOOK-193957,0.37034593960715334,0
BOOK-173918,0.37034593960715334,0
BOOK-213109,0.37034593960715334,0
BOOK-198931,0.37034593960715334,0
BOOK-157710,0.37034593960715334,0
BOOK-113409,0.37034593960715334,0
BOOK-143934,0.37034593960715334,0
BOOK-181376,0.37034593960715334,0
BOOK-191542,0.37034593960715334,0
BOOK-102516,0.37034593960715334,0
BOOK-174246,0.37034593960715334,0
BOOK-188479,0.37034593960715334,0
BOOK-185429,0.37034593960715334,0
BOOK-179675,0.37034593960715334,0
BOOK-104790,0.37034593960715334,0
BOOK-188674,0.37034593960715334,0
BOOK-164675,0.37034593960715334,0
BOOK-215263,0.37034593960715334,0
BOOK-119070,0.37034593960715334,0
BOOK-216878,0.37034593960715334,0
BOOK-201579,0.37034593960715334,0
BOOK-173432,0.37034593960715334,0
BOOK-208104,0.37034593960715334,0
BOOK-201800,0.37034593960715334,0
BOOK-147133,0.37034593960715334,0
BOOK-139938,0.37034593960715334,0
BOOK-104942,0.37034593960715334,0
BOOK-129416,0.37034593960715334,0
BOOK-141171,0.37034593960715334,0
BOOK-191208,0.37034593960715334,0
BOOK-168361,0.37034593960715334,0
BOOK-139127,0.37034593960715334,0
BOOK-147047,0.37034593960715334,0
BOOK-201468,0.37034593960715334,0
BOOK-124141,0.37034593960715334,0
BOOK-136948,0.37034593960715334,0
BOOK-159818,0.37034593960715334,0
BOOK-125135,0.37034593960715334,0
BOOK-130338,0.37034593960715334,0
BOOK-162300,0.37034593960715334,0
BOOK-191393,0.37034593960715334,0
BOOK-214128,0.37034593960715334,0
BOOK-140620,0.37034593960715334,0
BOOK-161445,0.37034593960715334,0
BOOK-118414,0.37034593960715334,0
BOOK-175184,0.37034593960715334,0
BOOK-109731,0.37034593960715334,0
BOOK-137877,0.37034593960715334,0
BOOK-106614,0.37034593960715334,0
BOOK-147098,0.37034593960715334,0
BOOK-161765,0.37034593960715334,0
BOOK-126061,0.37034593960715334,0
BOOK-180579,0.37034593960715334,0
BOOK-130147,0.37034593960715334,0
BOOK-132941,0.37034593960715334,0
BOOK-108917,0.37034593960715334,0
BOOK-124036,0.37034593960715334,0
BOOK-158698,0.37034593960715334,0
BOOK-107065,0.37034593960715334,0
BOOK-106999,0.37034593960715334,0
BOOK-213024,0.37034593960715334,0
BOOK-110070,0.37034593960715334,0
BOOK-131565,0.37034593960715334,0
BOOK-165034,0.37034593960715334,0
BOOK-211553,0.37034593960715334,0
BOOK-212662,0.37034593960715334,0
BOOK-216607,0.37034593960715334,0
BOOK-115835,0.37034593960715334,0
BOOK-148568,0.37034593960715334,0
BOOK-215662,0.37034593960715334,0
BOOK-155284,0.37034593960715334,0
BOOK-172363,0.37034593960715334,0
BOOK-159634,0.37034593960715334,0
BOOK-179117,0.37034593960715334,0
BOOK-215635,0.37034593960715334,0
BOOK-175279,0.37034593960715334,0
BOOK-213424,0.37034593960715334,0
BOOK-133818,0.37034593960715334,0
BOOK-137173,0.37034593960715334,0
BOOK-173125,0.37034593960715334,0
BOOK-111992,0.37034593960715334,0
BOOK-200587,0.37034593960715334,0
BOOK-213346,0.37034593960715334,0
BOOK-163875,0.37034593960715334,0
BOOK-144174,0.37034593960715334,0
BOOK-147704,0.37034593960715334,0
BOOK-182540,0.37034593960715334,0
BOOK-124152,0.37034593960715334,0
BOOK-207773,0.37034593960715334,0
BOOK-205956,0.37034593960715334,0
BOOK-141205,0.37034593960715334,0
BOOK-147652,0.37034593960715334,0
BOOK-146868,0.37034593960715334,0
BOOK-162241,0.37034593960715334,0
BOOK-115357,0.37034593960715334,0
BOOK-170857,0.37034593960715334,0
BOOK-138034,0.37034593960715334,0
BOOK-154075,0.37034593960715334,0
BOOK-210301,0.37034593960715334,0
BOOK-109513,0.37034593960715334,0
BOOK-198682,0.37034593960715334,0
BOOK-156935,0.37034593960715334,0
BOOK-206567,0.37034593960715334,0
BOOK-138784,0.37034593960715334,0
BOOK-154024,0.37034593960715334,0
BOOK-144870,0.37034593960715334,0
BOOK-111815,0.37034593960715334,0
BOOK-112242,0.37034593960715334,0
BOOK-115419,0.37034593960715334,0
BOOK-180333,0.37034593960715334,0
BOOK-111220,0.37034593960715334,0
BOOK-187668,0.37034593960715334,0
BOOK-135601,0.37034593960715334,0
BOOK-156535,0.37034593960715334,0
BOOK-173552,0.37034593960715334,0
BOOK-164703,0.37034593960715334,0
BOOK-153085,0.37034593960715334,0
BOOK-215190,0.37034593960715334,0
BOOK-178997,0.37034593960715334,0
BOOK-146518,0.37034593960715334,0
BOOK-185648,0.37034593960715334,0
BOOK-174351,0.37034593960715334,0
BOOK-172939,0.37034593960715334,0
BOOK-172525,0.37034593960715334,0
BOOK-219026,0.37034593960715334,0
BOOK-140258,0.37034593960715334,0
BOOK-117984,0.37034593960715334,0
BOOK-119600,0.37034593960715334,0
BOOK-135511,0.37034593960715334,0
BOOK-158905,0.37034593960715334,0
BOOK-114681,0.37034593960715334,0
BOOK-155688,0.37034593960715334,0
BOOK-201786,0.37034593960715334,0
BOOK-140188,0.37034593960715334,0
BOOK-163300,0.37034593960715334,0
BOOK-110870,0.37034593960715334,0
BOOK-164562,0.37034593960715334,0
BOOK-155364,0.37034593960715334,0
BOOK-152629,0.37034593960715334,0
BOOK-145096,0.37034593960715334,0
BOOK-139356,0.37034593960715334,0
BOOK-134244,0.37034593960715334,0
BOOK-127861,0.37034593960715334,0
BOOK-207630,0.37034593960715334,0
BOOK-208377,0.37034593960715334,0
BOOK-128648,0.37034593960715334,0
BOOK-149439,0.37034593960715334,0
BOOK-121173,0.37034593960715334,0
BOOK-128580,0.37034593960715334,0
BOOK-117246,0.37034593960715334,0
BOOK-202232,0.37034593960715334,0
BOOK-114561,0.37034593960715334,0
BOOK-149868,0.37034593960715334,0
BOOK-163686,0.37034593960715334,0
BOOK-133974,0.37034593960715334,0
BOOK-107664,0.37034593960715334,0
BOOK-104736,0.37034593960715334,0
BOOK-130806,0.37034593960715334,0
BOOK-208312,0.37034593960715334,0
BOOK-175373,0.37034593960715334,0
BOOK-137580,0.37034593960715334,0
BOOK-110066,0.37034593960715334,0
BOOK-193043,0.37034593960715334,0
BOOK-141460,0.37034593960715334,0
BOOK-122468,0.37034593960715334,0
BOOK-186101,0.37034593960715334,0
BOOK-129686,0.37034593960715334,0
BOOK-145155,0.37034593960715334,0
BOOK-185660,0.37034593960715334,0
BOOK-199417,0.37034593960715334,0
BOOK-177517,0.37034593960715334,0
BOOK-120693,0.37034593960715334,0
BOOK-154231,0.37034593960715334,0
BOOK-129908,0.37034593960715334,0
BOOK-193972,0.37034593960715334,0
BOOK-157035,0.37034593960715334,0
BOOK-151729,0.37034593960715334,0
BOOK-134401,0.37034593960715334,0
BOOK-126699,0.37034593960715334,0
BOOK-217407,0.37034593960715334,0
BOOK-108973,0.37034593960715334,0
BOOK-193923,0.37034593960715334,0
BOOK-206336,0.37034593960715334,0
BOOK-165926,0.37034593960715334,0
BOOK-218539,0.37034593960715334,0
BOOK-126873,0.37034593960715334,0
BOOK-124213,0.37034593960715334,0
BOOK-135832,0.37034593960715334,0
BOOK-116519,0.37034593960715334,0
BOOK-210854,0.37034593960715334,0
BOOK-212759,0.37034593960715334,0
BOOK-157007,0.37034593960715334,0
BOOK-132391,0.37034593960715334,0
BOOK-190549,0.37034593960715334,0
BOOK-186926,0.37034593960715334,0
BOOK-125346,0.37034593960715334,0
BOOK-182927,0.37034593960715334,0
BOOK-141368,0.37034593960715334,0
BOOK-173856,0.37034593960715334,0
BOOK-131239,0.37034593960715334,0
BOOK-192834,0.37034593960715334,0
BOOK-153335,0.37034593960715334,0
BOOK-182897,0.37034593960715334,0
BOOK-124279,0.37034593960715334,0
BOOK-190365,0.37034593960715334,0
BOOK-166296,0.37034593960715334,0
BOOK-120764,0.37034593960715334,0
BOOK-209883,0.37034593960715334,0
BOOK-176672,0.37034593960715334,0
BOOK-117457,0.37034593960715334,0
BOOK-192537,0.37034593960715334,0
BOOK-152695,0.37034593960715334,0
BOOK-193911,0.37034593960715334,0
BOOK-180825,0.37034593960715334,0
BOOK-187142,0.37034593960715334,0
BOOK-106556,0.37034593960715334,0
BOOK-133609,0.37034593960715334,0
BOOK-108570,0.37034593960715334,0
BOOK-219388,0.37034593960715334,0
BOOK-135371,0.37034593960715334,0
BOOK-110598,0.37034593960715334,0
BOOK-133176,0.37034593960715334,0
BOOK-165404,0.37034593960715334,0
BOOK-140613,0.37034593960715334,0
BOOK-186409,0.37034593960715334,0
BOOK-109767,0.37034593960715334,0
BOOK-131540,0.37034593960715334,0
BOOK-121147,0.37034593960715334,0
BOOK-109178,0.37034593960715334,0
BOOK-157874,0.37034593960715334,0
BOOK-124923,0.37034593960715334,0
BOOK-169099,0.37034593960715334,0
BOOK-201265,0.37034593960715334,0
BOOK-189693,0.37034593960715334,0
BOOK-126823,0.37034593960715334,0
BOOK-144436,0.37034593960715334,0
BOOK-179364,0.37034593960715334,0
BOOK-180281,0.37034593960715334,0
BOOK-126242,0.37034593960715334,0
BOOK-179253,0.37034593960715334,0
BOOK-105035,0.37034593960715334,0
BOOK-111389,0.37034593960715334,0
BOOK-199903,0.37034593960715334,0
BOOK-166724,0.37034593960715334,0
BOOK-125313,0.37034593960715334,0
BOOK-134788,0.37034593960715334,0
BOOK-180057,0.37034593960715334,0
BOOK-196153,0.37034593960715334,0
BOOK-218371,0.37034593960715334,0
BOOK-132242,0.37034593960715334,0
BOOK-136961,0.37034593960715334,0
BOOK-105374,0.37034593960715334,0
BOOK-194784,0.37034593960715334,0
BOOK-209704,0.37034593960715334,0
BOOK-184829,0.37034593960715334,0
BOOK-184871,0.37034593960715334,0
BOOK-193868,0.37034593960715334,0
BOOK-132268,0.37034593960715334,0
BOOK-145327,0.37034593960715334,0
BOOK-142256,0.37034593960715334,0
BOOK-159655,0.37034593960715334,0
BOOK-197053,0.37034593960715334,0
BOOK-128631,0.37034593960715334,0
BOOK-154125,0.37034593960715334,0
BOOK-160417,0.37034593960715334,0
BOOK-170414,0.37034593960715334,0
BOOK-168146,0.37034593960715334,0
BOOK-203477,0.37034593960715334,0
BOOK-127572,0.37034593960715334,0
BOOK-148277,0.37034593960715334,0
BOOK-143719,0.37034593960715334,0
BOOK-209608,0.37034593960715334,0
BOOK-135635,0.37034593960715334,0
BOOK-124889,0.37034593960715334,0
BOOK-164688,0.37034593960715334,0
BOOK-160198,0.37034593960715334,0
BOOK-218638,0.37034593960715334,0
BOOK-102431,0.37034593960715334,0
BOOK-182628,0.37034593960715334,0
BOOK-131806,0.37034593960715334,0
BOOK-145382,0.37034593960715334,0
BOOK-113298,0.37034593960715334,0
BOOK-174688,0.37034593960715334,0
BOOK-210820,0.37034593960715334,0
BOOK-190978,0.37034593960715334,0
BOOK-210780,0.37034593960715334,0
BOOK-167280,0.37034593960715334,0
BOOK-115110,0.37034593960715334,0
BOOK-193412,0.37034593960715334,0
BOOK-134241,0.37034593960715334,0
BOOK-197315,0.37034593960715334,0
BOOK-168431,0.37034593960715334,0
BOOK-200058,0.37034593960715334,0
BOOK-158031,0.37034593960715334,0
BOOK-216502,0.37034593960715334,0
BOOK-156154,0.37034593960715334,0
BOOK-147650,0.37034593960715334,0
BOOK-194097,0.37034593960715334,0
BOOK-114507,0.37034593960715334,0
BOOK-163604,0.37034593960715334,0
BOOK-191206,0.37034593960715334,0
BOOK-171515,0.37034593960715334,0
BOOK-159458,0.37034593960715334,0
BOOK-128551,0.37034593960715334,0
BOOK-169262,0.37034593960715334,0
BOOK-182002,0.37034593960715334,0
BOOK-153324,0.37034593960715334,0
BOOK-113941,0.37034593960715334,0
BOOK-159039,0.37034593960715334,0
BOOK-196224,0.37034593960715334,0
BOOK-167821,0.37034593960715334,0
BOOK-204358,0.37034593960715334,0
BOOK-122919,0.37034593960715334,0
BOOK-132783,0.37034593960715334,0
BOOK-105194,0.37034593960715334,0
BOOK-191420,0.37034593960715334,0
BOOK-113468,0.37034593960715334,0
BOOK-144247,0.37034593960715334,0
BOOK-130746,0.37034593960715334,0
BOOK-166651,0.37034593960715334,0
BOOK-210753,0.37034593960715334,0
BOOK-119243,0.37034593960715334,0
BOOK-217900,0.37034593960715334,0
BOOK-207179,0.37034593960715334,0
BOOK-116905,0.37034593960715334,0
BOOK-160129,0.37034593960715334,0
BOOK-181048,0.37034593960715334,0
BOOK-173408,0.37034593960715334,0
BOOK-198084,0.37034593960715334,0
BOOK-156311,0.37034593960715334,0
BOOK-125633,0.37034593960715334,0
BOOK-120067,0.37034593960715334,0
BOOK-211409,0.37034593960715334,0
BOOK-159241,0.37034593960715334,0
BOOK-102260,0.37034593960715334,0
BOOK-169586,0.37034593960715334,0
BOOK-106544,0.37034593960715334,0
BOOK-219256,0.37034593960715334,0
BOOK-102650,0.37034593960715334,0
BOOK-198335,0.37034593960715334,0
BOOK-126036,0.37034593960715334,0
BOOK-144153,0.37034593960715334,0
BOOK-157366,0.37034593960715334,0
BOOK-193175,0.37034593960715334,0
BOOK-214327,0.37034593960715334,0
BOOK-183742,0.37034593960715334,0
BOOK-153576,0.37034593960715334,0
BOOK-126277,0.37034593960715334,0
BOOK-134613,0.37034593960715334,0
BOOK-192066,0.37034593960715334,0
BOOK-121431,0.37034593960715334,0
BOOK-174622,0.37034593960715334,0
BOOK-156950,0.37034593960715334,0
BOOK-144008,0.37034593960715334,0
BOOK-216125,0.37034593960715334,0
BOOK-156660,0.37034593960715334,0
BOOK-146842,0.37034593960715334,0
BOOK-137151,0.37034593960715334,0
BOOK-144078,0.37034593960715334,0
BOOK-134499,0.37034593960715334,0
BOOK-100248,0.37034593960715334,0
BOOK-212927,0.37034593960715334,0
BOOK-127758,0.37034593960715334,0
BOOK-200713,0.37034593960715334,0
BOOK-201944,0.37034593960715334,0
BOOK-207633,0.37034593960715334,0
BOOK-154610,0.37034593960715334,0
BOOK-147394,0.37034593960715334,0
BOOK-150224,0.37034593960715334,0
BOOK-201555,0.37034593960715334,0
BOOK-208413,0.37034593960715334,0
BOOK-193190,0.37034593960715334,0
BOOK-109069,0.37034593960715334,0
BOOK-179333,0.37034593960715334,0
BOOK-120011,0.37034593960715334,0
BOOK-209861,0.37034593960715334,0
BOOK-191698,0.37034593960715334,0
BOOK-170063,0.37034593960715334,0
BOOK-127068,0.37034593960715334,0
BOOK-179811,0.37034593960715334,0
BOOK-114003,0.37034593960715334,0
BOOK-179073,0.37034593960715334,0
BOOK-123711,0.37034593960715334,0
BOOK-161000,0.37034593960715334,0
BOOK-165004,0.37034593960715334,0
BOOK-168010,0.37034593960715334,0
BOOK-113485,0.37034593960715334,0
BOOK-143407,0.37034593960715334,0
BOOK-178911,0.37034593960715334,0
BOOK-165434,0.37034593960715334,0
BOOK-196980,0.37034593960715334,0
BOOK-124292,0.37034593960715334,0
BOOK-124764,0.37034593960715334,0
BOOK-216276,0.37034593960715334,0
BOOK-213839,0.37034593960715334,0
BOOK-173500,0.37034593960715334,0
BOOK-171039,0.37034593960715334,0
BOOK-195264,0.37034593960715334,0
BOOK-214804,0.37034593960715334,0
BOOK-116837,0.37034593960715334,0
BOOK-163401,0.37034593960715334,0
BOOK-186720,0.37034593960715334,0
BOOK-146223,0.37034593960715334,0
BOOK-193397,0.37034593960715334,0
BOOK-209984,0.37034593960715334,0
BOOK-111753,0.37034593960715334,0
BOOK-188985,0.37034593960715334,0
BOOK-139891,0.37034593960715334,0
BOOK-158973,0.37034593960715334,0
BOOK-128287,0.37034593960715334,0
BOOK-187901,0.37034593960715334,0
BOOK-127407,0.37034593960715334,0
BOOK-136905,0.37034593960715334,0
BOOK-126441,0.37034593960715334,0
BOOK-165383,0.37034593960715334,0
BOOK-203112,0.37034593960715334,0
BOOK-199419,0.37034593960715334,0
BOOK-137153,0.37034593960715334,0
BOOK-156394,0.37034593960715334,0
BOOK-154996,0.37034593960715334,0
BOOK-151941,0.37034593960715334,0
BOOK-186723,0.37034593960715334,0
BOOK-101962,0.37034593960715334,0
BOOK-216562,0.37034593960715334,0
BOOK-189839,0.37034593960715334,0
BOOK-156498,0.37034593960715334,0
BOOK-173873,0.37034593960715334,0
BOOK-178277,0.37034593960715334,0
BOOK-111812,0.37034593960715334,0
BOOK-206616,0.37034593960715334,0
BOOK-196084,0.37034593960715334,0
BOOK-195768,0.37034593960715334,0
BOOK-131032,0.37034593960715334,0
BOOK-187784,0.37034593960715334,0
BOOK-185235,0.37034593960715334,0
BOOK-210559,0.37034593960715334,0
BOOK-150539,0.37034593960715334,0
BOOK-132036,0.37034593960715334,0
BOOK-179432,0.37034593960715334,0
BOOK-170911,0.37034593960715334,0
BOOK-153414,0.37034593960715334,0
BOOK-146148,0.37034593960715334,0
BOOK-170047,0.37034593960715334,0
BOOK-159182,0.37034593960715334,0
BOOK-171208,0.37034593960715334,0
BOOK-200122,0.37034593960715334,0
BOOK-156607,0.37034593960715334,0
BOOK-165549,0.37034593960715334,0
BOOK-200742,0.37034593960715334,0
BOOK-119712,0.37034593960715334,0
BOOK-128662,0.37034593960715334,0
BOOK-168696,0.37034593960715334,0
BOOK-127466,0.37034593960715334,0
BOOK-122916,0.37034593960715334,0
BOOK-187062,0.37034593960715334,0
BOOK-142310,0.37034593960715334,0
BOOK-212048,0.37034593960715334,0
BOOK-118449,0.37034593960715334,0
BOOK-159404,0.37034593960715334,0
BOOK-134676,0.37034593960715334,0
BOOK-143000,0.37034593960715334,0
BOOK-118724,0.37034593960715334,0
BOOK-178166,0.37034593960715334,0
BOOK-169202,0.37034593960715334,0
BOOK-122208,0.37034593960715334,0
BOOK-121486,0.37034593960715334,0
BOOK-147729,0.37034593960715334,0
BOOK-184332,0.37034593960715334,0
BOOK-203053,0.37034593960715334,0
BOOK-119324,0.37034593960715334,0
BOOK-137299,0.37034593960715334,0
BOOK-167967,0.37034593960715334,0
BOOK-107333,0.37034593960715334,0
BOOK-104656,0.37034593960715334,0
BOOK-163070,0.37034593960715334,0
BOOK-129087,0.37034593960715334,0
BOOK-100455,0.37034593960715334,0
BOOK-156247,0.37034593960715334,0
BOOK-186606,0.37034593960715334,0
BOOK-116140,0.37034593960715334,0
BOOK-178676,0.37034593960715334,0
BOOK-167064,0.37034593960715334,0
BOOK-181693,0.37034593960715334,0
BOOK-106937,0.37034593960715334,0
BOOK-189922,0.37034593960715334,0
BOOK-180435,0.37034593960715334,0
BOOK-192842,0.37034593960715334,0
BOOK-141331,0.37034593960715334,0
BOOK-127833,0.37034593960715334,0
BOOK-207323,0.37034593960715334,0
BOOK-111415,0.37034593960715334,0
BOOK-106831,0.37034593960715334,0
BOOK-106273,0.37034593960715334,0
BOOK-197631,0.37034593960715334,0
BOOK-189581,0.37034593960715334,0
BOOK-176438,0.37034593960715334,0
BOOK-150033,0.37034593960715334,0
BOOK-104012,0.37034593960715334,0
BOOK-135549,0.37034593960715334,0
BOOK-175105,0.37034593960715334,0
BOOK-162181,0.37034593960715334,0
BOOK-106294,0.37034593960715334,0
BOOK-135288,0.37034593960715334,0
BOOK-145211,0.37034593960715334,0
BOOK-212360,0.37034593960715334,0
BOOK-176319,0.37034593960715334,0
BOOK-198872,0.37034593960715334,0
BOOK-117960,0.37034593960715334,0
BOOK-182210,0.37034593960715334,0
BOOK-122599,0.37034593960715334,0
BOOK-148661,0.37034593960715334,0
BOOK-110830,0.37034593960715334,0
BOOK-154972,0.37034593960715334,0
BOOK-159312,0.37034593960715334,0
BOOK-104399,0.37034593960715334,0
BOOK-101960,0.37034593960715334,0
BOOK-166408,0.37034593960715334,0
BOOK-161450,0.37034593960715334,0
BOOK-146303,0.37034593960715334,0
BOOK-107832,0.37034593960715334,0
BOOK-158030,0.37034593960715334,0
BOOK-130564,0.37034593960715334,0
BOOK-168372,0.37034593960715334,0
BOOK-176091,0.37034593960715334,0
BOOK-129272,0.37034593960715334,0
BOOK-131195,0.37034593960715334,0
BOOK-177585,0.37034593960715334,0
BOOK-218145,0.37034593960715334,0
BOOK-190970,0.37034593960715334,0
BOOK-212570,0.37034593960715334,0
BOOK-166817,0.37034593960715334,0
BOOK-115922,0.37034593960715334,0
BOOK-197821,0.37034593960715334,0
BOOK-137345,0.37034593960715334,0
BOOK-215466,0.37034593960715334,0
BOOK-148359,0.37034593960715334,0
BOOK-138182,0.37034593960715334,0
BOOK-179114,0.37034593960715334,0
BOOK-186875,0.37034593960715334,0
BOOK-124234,0.37034593960715334,0
BOOK-179320,0.37034593960715334,0
BOOK-173345,0.37034593960715334,0
BOOK-120967,0.37034593960715334,0
BOOK-142814,0.37034593960715334,0
BOOK-153487,0.37034593960715334,0
BOOK-173286,0.37034593960715334,0
BOOK-137037,0.37034593960715334,0
BOOK-195247,0.37034593960715334,0
BOOK-190545,0.37034593960715334,0
BOOK-188106,0.37034593960715334,0
BOOK-104557,0.37034593960715334,0
BOOK-139177,0.37034593960715334,0
BOOK-117510,0.37034593960715334,0
BOOK-142050,0.37034593960715334,0
BOOK-202787,0.37034593960715334,0
BOOK-214491,0.37034593960715334,0
BOOK-180925,0.37034593960715334,0
BOOK-153764,0.37034593960715334,0
BOOK-124847,0.37034593960715334,0
BOOK-102940,0.37034593960715334,0
BOOK-121050,0.37034593960715334,0
BOOK-175755,0.37034593960715334,0
BOOK-215484,0.37034593960715334,0
BOOK-110428,0.37034593960715334,0
BOOK-124992,0.37034593960715334,0
BOOK-116453,0.37034593960715334,0
BOOK-215325,0.37034593960715334,0
BOOK-211107,0.37034593960715334,0
BOOK-215461,0.37034593960715334,0
BOOK-134371,0.37034593960715334,0
BOOK-178937,0.37034593960715334,0
BOOK-143860,0.37034593960715334,0
BOOK-189483,0.37034593960715334,0
BOOK-131731,0.37034593960715334,0
BOOK-168428,0.37034593960715334,0
BOOK-193323,0.37034593960715334,0
BOOK-212403,0.37034593960715334,0
BOOK-131836,0.37034593960715334,0
BOOK-126757,0.37034593960715334,0
BOOK-145817,0.37034593960715334,0
BOOK-136622,0.37034593960715334,0
BOOK-138152,0.37034593960715334,0
BOOK-188321,0.37034593960715334,0
BOOK-118692,0.37034593960715334,0
BOOK-214633,0.37034593960715334,0
BOOK-111454,0.37034593960715334,0
BOOK-116341,0.37034593960715334,0
BOOK-205646,0.37034593960715334,0
BOOK-189005,0.37034593960715334,0
BOOK-120551,0.37034593960715334,0
BOOK-114609,0.37034593960715334,0
BOOK-133079,0.37034593960715334,0
BOOK-207031,0.37034593960715334,0
BOOK-174140,0.37034593960715334,0
BOOK-138144,0.37034593960715334,0
BOOK-106986,0.37034593960715334,0
BOOK-175023,0.37034593960715334,0
BOOK-196925,0.37034593960715334,0
BOOK-101084,0.37034593960715334,0
BOOK-201001,0.37034593960715334,0
BOOK-121372,0.37034593960715334,0
BOOK-120097,0.37034593960715334,0
BOOK-168981,0.37034593960715334,0
BOOK-214576,0.37034593960715334,0
BOOK-103869,0.37034593960715334,0
BOOK-104129,0.37034593960715334,0
BOOK-123569,0.37034593960715334,0
BOOK-123640,0.37034593960715334,0
BOOK-215881,0.37034593960715334,0
BOOK-178323,0.37034593960715334,0
BOOK-198404,0.37034593960715334,0
BOOK-104795,0.37034593960715334,0
BOOK-206606,0.37034593960715334,0
BOOK-127385,0.37034593960715334,0
BOOK-129254,0.37034593960715334,0
BOOK-129664,0.37034593960715334,0
BOOK-208085,0.37034593960715334,0
BOOK-179124,0.37034593960715334,0
BOOK-168352,0.37034593960715334,0
BOOK-210836,0.37034593960715334,0
BOOK-181828,0.37034593960715334,0
BOOK-120825,0.37034593960715334,0
BOOK-119080,0.37034593960715334,0
BOOK-132492,0.37034593960715334,0
BOOK-161415,0.37034593960715334,0
BOOK-179542,0.37034593960715334,0
BOOK-142269,0.37034593960715334,0
BOOK-133200,0.37034593960715334,0
BOOK-182366,0.37034593960715334,0
BOOK-101436,0.37034593960715334,0
BOOK-102664,0.37034593960715334,0
BOOK-152928,0.37034593960715334,0
BOOK-164245,0.37034593960715334,0
BOOK-126323,0.37034593960715334,0
BOOK-155360,0.37034593960715334,0
BOOK-107774,0.37034593960715334,0
BOOK-209141,0.37034593960715334,0
BOOK-117703,0.37034593960715334,0
BOOK-217552,0.37034593960715334,0
BOOK-129829,0.37034593960715334,0
BOOK-216635,0.37034593960715334,0
BOOK-114421,0.37034593960715334,0
BOOK-207690,0.37034593960715334,0
BOOK-200417,0.37034593960715334,0
BOOK-157913,0.37034593960715334,0
BOOK-128837,0.37034593960715334,0
BOOK-155668,0.37034593960715334,0
BOOK-125178,0.37034593960715334,0
BOOK-193335,0.37034593960715334,0
BOOK-177168,0.37034593960715334,0
BOOK-183775,0.37034593960715334,0
BOOK-165281,0.37034593960715334,0
BOOK-102055,0.37034593960715334,0
BOOK-185373,0.37034593960715334,0
BOOK-208692,0.37034593960715334,0
BOOK-212235,0.37034593960715334,0
BOOK-198380,0.37034593960715334,0
BOOK-217379,0.37034593960715334,0
BOOK-191238,0.37034593960715334,0
BOOK-127945,0.37034593960715334,0
BOOK-150266,0.37034593960715334,0
BOOK-205664,0.37034593960715334,0
BOOK-149695,0.37034593960715334,0
BOOK-177265,0.37034593960715334,0
BOOK-169394,0.37034593960715334,0
BOOK-100938,0.37034593960715334,0
BOOK-151491,0.37034593960715334,0
BOOK-206513,0.37034593960715334,0
BOOK-204614,0.37034593960715334,0
BOOK-161541,0.37034593960715334,0
BOOK-103883,0.37034593960715334,0
BOOK-120820,0.37034593960715334,0
BOOK-124794,0.37034593960715334,0
BOOK-149844,0.37034593960715334,0
BOOK-155148,0.37034593960715334,0
BOOK-142038,0.37034593960715334,0
BOOK-165711,0.37034593960715334,0
BOOK-162858,0.37034593960715334,0
BOOK-147305,0.37034593960715334,0
BOOK-180432,0.37034593960715334,0
BOOK-112042,0.37034593960715334,0
BOOK-112635,0.37034593960715334,0
BOOK-138567,0.37034593960715334,0
BOOK-170400,0.37034593960715334,0
BOOK-129004,0.37034593960715334,0
BOOK-115178,0.37034593960715334,0
BOOK-112502,0.37034593960715334,0
BOOK-178249,0.37034593960715334,0
BOOK-167316,0.37034593960715334,0
BOOK-159119,0.37034593960715334,0
BOOK-112313,0.37034593960715334,0
BOOK-174848,0.37034593960715334,0
BOOK-183283,0.37034593960715334,0
BOOK-120667,0.37034593960715334,0
BOOK-102396,0.37034593960715334,0
BOOK-123549,0.37034593960715334,0
BOOK-142754,0.37034593960715334,0
BOOK-204448,0.37034593960715334,0
BOOK-119185,0.37034593960715334,0
BOOK-123238,0.37034593960715334,0
BOOK-198454,0.37034593960715334,0
BOOK-216738,0.37034593960715334,0
BOOK-141454,0.37034593960715334,0
BOOK-191880,0.37034593960715334,0
BOOK-134767,0.37034593960715334,0
BOOK-187595,0.37034593960715334,0
BOOK-169504,0.37034593960715334,0
BOOK-205736,0.37034593960715334,0
BOOK-173389,0.37034593960715334,0
BOOK-206236,0.37034593960715334,0
BOOK-113940,0.37034593960715334,0
BOOK-209857,0.37034593960715334,0
BOOK-180218,0.37034593960715334,0
BOOK-194257,0.37034593960715334,0
BOOK-110940,0.37034593960715334,0
BOOK-148349,0.37034593960715334,0
BOOK-148029,0.37034593960715334,0
BOOK-209631,0.37034593960715334,0
BOOK-109021,0.37034593960715334,0
BOOK-184497,0.37034593960715334,0
BOOK-182554,0.37034593960715334,0
BOOK-181074,0.37034593960715334,0
BOOK-214557,0.37034593960715334,0
BOOK-141129,0.37034593960715334,0
BOOK-211055,0.37034593960715334,0
BOOK-158132,0.37034593960715334,0
BOOK-161807,0.37034593960715334,0
BOOK-120509,0.37034593960715334,0
BOOK-127340,0.37034593960715334,0
BOOK-151292,0.37034593960715334,0
BOOK-182517,0.37034593960715334,0
BOOK-156418,0.37034593960715334,0
BOOK-113154,0.37034593960715334,0
BOOK-178192,0.37034593960715334,0
BOOK-211465,0.37034593960715334,0
BOOK-182630,0.37034593960715334,0
BOOK-120682,0.37034593960715334,0
BOOK-212373,0.37034593960715334,0
BOOK-167467,0.37034593960715334,0
BOOK-150010,0.37034593960715334,0
BOOK-100594,0.37034593960715334,0
BOOK-168294,0.37034593960715334,0
BOOK-178326,0.37034593960715334,0
BOOK-151430,0.37034593960715334,0
BOOK-145892,0.37034593960715334,0
BOOK-140967,0.37034593960715334,0
BOOK-157085,0.37034593960715334,0
BOOK-116394,0.37034593960715334,0
BOOK-155175,0.37034593960715334,0
BOOK-148186,0.37034593960715334,0
BOOK-174911,0.37034593960715334,0
BOOK-161090,0.37034593960715334,0
BOOK-217563,0.37034593960715334,0
BOOK-130374,0.37034593960715334,0
BOOK-115916,0.37034593960715334,0
BOOK-173668,0.37034593960715334,0
BOOK-210644,0.37034593960715334,0
BOOK-129731,0.37034593960715334,0
BOOK-199882,0.37034593960715334,0
BOOK-146709,0.37034593960715334,0
BOOK-217432,0.37034593960715334,0
BOOK-161072,0.37034593960715334,0
BOOK-179551,0.37034593960715334,0
BOOK-166350,0.37034593960715334,0
BOOK-201211,0.37034593960715334,0
BOOK-173641,0.37034593960715334,0
BOOK-121785,0.37034593960715334,0
BOOK-112077,0.37034593960715334,0
BOOK-156284,0.37034593960715334,0
BOOK-128885,0.37034593960715334,0
BOOK-195214,0.37034593960715334,0
BOOK-144079,0.37034593960715334,0
BOOK-162611,0.37034593960715334,0
BOOK-174179,0.37034593960715334,0
BOOK-120642,0.37034593960715334,0
BOOK-180338,0.37034593960715334,0
BOOK-195753,0.37034593960715334,0
BOOK-206563,0.37034593960715334,0
BOOK-146272,0.37034593960715334,0
BOOK-195511,0.37034593960715334,0
BOOK-212525,0.37034593960715334,0
BOOK-186405,0.37034593960715334,0
BOOK-175921,0.37034593960715334,0
BOOK-115600,0.37034593960715334,0
BOOK-154858,0.37034593960715334,0
BOOK-150225,0.37034593960715334,0
BOOK-138501,0.37034593960715334,0
BOOK-115077,0.37034593960715334,0
BOOK-173998,0.37034593960715334,0
BOOK-186963,0.37034593960715334,0
BOOK-183419,0.37034593960715334,0
BOOK-177941,0.37034593960715334,0
BOOK-162603,0.37034593960715334,0
BOOK-102297,0.37034593960715334,0
BOOK-114850,0.37034593960715334,0
BOOK-113267,0.37034593960715334,0
BOOK-176297,0.37034593960715334,0
BOOK-156089,0.37034593960715334,0
BOOK-148179,0.37034593960715334,0
BOOK-134464,0.37034593960715334,0
BOOK-216329,0.37034593960715334,0
BOOK-123001,0.37034593960715334,0
BOOK-195078,0.37034593960715334,0
BOOK-210516,0.37034593960715334,0
BOOK-180728,0.37034593960715334,0
BOOK-153288,0.37034593960715334,0
BOOK-176136,0.37034593960715334,0
BOOK-137124,0.37034593960715334,0
BOOK-195427,0.37034593960715334,0
BOOK-195397,0.37034593960715334,0
BOOK-208923,0.37034593960715334,0
BOOK-138301,0.37034593960715334,0
BOOK-189438,0.37034593960715334,0
BOOK-205461,0.37034593960715334,0
BOOK-118634,0.37034593960715334,0
BOOK-195057,0.37034593960715334,0
BOOK-167818,0.37034593960715334,0
BOOK-125376,0.37034593960715334,0
BOOK-187172,0.37034593960715334,0
BOOK-111382,0.37034593960715334,0
BOOK-103606,0.37034593960715334,0
BOOK-127148,0.37034593960715334,0
BOOK-151976,0.37034593960715334,0
BOOK-113311,0.37034593960715334,0
BOOK-114984,0.37034593960715334,0
BOOK-169594,0.37034593960715334,0
BOOK-158848,0.37034593960715334,0
BOOK-138225,0.37034593960715334,0
BOOK-110261,0.37034593960715334,0
BOOK-205667,0.37034593960715334,0
BOOK-104695,0.37034593960715334,0
BOOK-123113,0.37034593960715334,0
BOOK-139246,0.37034593960715334,0
BOOK-163235,0.37034593960715334,0
BOOK-183592,0.37034593960715334,0
BOOK-185550,0.37034593960715334,0
BOOK-212639,0.37034593960715334,0
BOOK-118152,0.37034593960715334,0
BOOK-103310,0.37034593960715334,0
BOOK-157729,0.37034593960715334,0
BOOK-180883,0.37034593960715334,0
BOOK-157763,0.37034593960715334,0
BOOK-135203,0.37034593960715334,0
BOOK-151001,0.37034593960715334,0
BOOK-201580,0.37034593960715334,0
BOOK-198826,0.37034593960715334,0
BOOK-190298,0.37034593960715334,0
BOOK-207028,0.37034593960715334,0
BOOK-151444,0.37034593960715334,0
BOOK-150074,0.37034593960715334,0
BOOK-208794,0.37034593960715334,0
BOOK-152418,0.37034593960715334,0
BOOK-179878,0.37034593960715334,0
BOOK-127985,0.37034593960715334,0
BOOK-200638,0.37034593960715334,0
BOOK-158298,0.37034593960715334,0
BOOK-127999,0.37034593960715334,0
BOOK-131776,0.37034593960715334,0
BOOK-113869,0.37034593960715334,0
BOOK-164081,0.37034593960715334,0
BOOK-126056,0.37034593960715334,0
BOOK-134033,0.37034593960715334,0
BOOK-157259,0.37034593960715334,0
BOOK-209836,0.37034593960715334,0
BOOK-112447,0.37034593960715334,0
BOOK-156603,0.37034593960715334,0
BOOK-114004,0.37034593960715334,0
BOOK-182423,0.37034593960715334,0
BOOK-131405,0.37034593960715334,0
BOOK-120780,0.37034593960715334,0
BOOK-120828,0.37034593960715334,0
BOOK-131074,0.37034593960715334,0
BOOK-190614,0.37034593960715334,0
BOOK-102972,0.37034593960715334,0
BOOK-138902,0.37034593960715334,0
BOOK-123761,0.37034593960715334,0
BOOK-104054,0.37034593960715334,0
BOOK-212295,0.37034593960715334,0
BOOK-191456,0.37034593960715334,0
BOOK-174354,0.37034593960715334,0
BOOK-166362,0.37034593960715334,0
BOOK-179680,0.37034593960715334,0
BOOK-124207,0.37034593960715334,0
BOOK-196471,0.37034593960715334,0
BOOK-139074,0.37034593960715334,0
BOOK-120497,0.37034593960715334,0
BOOK-101577,0.37034593960715334,0
BOOK-167751,0.37034593960715334,0
BOOK-184820,0.37034593960715334,0
BOOK-188095,0.37034593960715334,0
BOOK-183038,0.37034593960715334,0
BOOK-105790,0.37034593960715334,0
BOOK-126538,0.37034593960715334,0
BOOK-209995,0.37034593960715334,0
BOOK-164384,0.37034593960715334,0
BOOK-183666,0.37034593960715334,0
BOOK-162474,0.37034593960715334,0
BOOK-189728,0.37034593960715334,0
BOOK-113973,0.37034593960715334,0
BOOK-193575,0.37034593960715334,0
BOOK-202314,0.37034593960715334,0
BOOK-147351,0.37034593960715334,0
BOOK-197000,0.37034593960715334,0
BOOK-141598,0.37034593960715334,0
BOOK-213038,0.37034593960715334,0
BOOK-129872,0.37034593960715334,0
BOOK-130521,0.37034593960715334,0
BOOK-162529,0.37034593960715334,0
BOOK-188935,0.37034593960715334,0
BOOK-129283,0.37034593960715334,0
BOOK-175991,0.37034593960715334,0
BOOK-126633,0.37034593960715334,0
BOOK-166852,0.37034593960715334,0
BOOK-140415,0.37034593960715334,0
BOOK-194175,0.37034593960715334,0
BOOK-117917,0.37034593960715334,0
BOOK-213638,0.37034593960715334,0
BOOK-162985,0.37034593960715334,0
BOOK-151229,0.37034593960715334,0
BOOK-160363,0.37034593960715334,0
BOOK-193489,0.37034593960715334,0
BOOK-133784,0.37034593960715334,0
BOOK-136524,0.37034593960715334,0
BOOK-183077,0.37034593960715334,0
BOOK-102316,0.37034593960715334,0
BOOK-203794,0.37034593960715334,0
BOOK-177468,0.37034593960715334,0
BOOK-191035,0.37034593960715334,0
BOOK-128510,0.37034593960715334,0
BOOK-202569,0.37034593960715334,0
BOOK-177859,0.37034593960715334,0
BOOK-150003,0.37034593960715334,0
BOOK-127991,0.37034593960715334,0
BOOK-128609,0.37034593960715334,0
BOOK-137946,0.37034593960715334,0
BOOK-121248,0.37034593960715334,0
BOOK-119631,0.37034593960715334,0
BOOK-173567,0.37034593960715334,0
BOOK-122475,0.37034593960715334,0
BOOK-180127,0.37034593960715334,0
BOOK-204490,0.37034593960715334,0
BOOK-185484,0.37034593960715334,0
BOOK-116540,0.37034593960715334,0
BOOK-116722,0.37034593960715334,0
BOOK-112209,0.37034593960715334,0
BOOK-129201,0.37034593960715334,0
BOOK-102192,0.37034593960715334,0
BOOK-118556,0.37034593960715334,0
BOOK-147058,0.37034593960715334,0
BOOK-159867,0.37034593960715334,0
BOOK-160256,0.37034593960715334,0
BOOK-140740,0.37034593960715334,0
BOOK-132128,0.37034593960715334,0
BOOK-169581,0.37034593960715334,0
BOOK-187463,0.37034593960715334,0
BOOK-168542,0.37034593960715334,0
BOOK-168249,0.37034593960715334,0
BOOK-154066,0.37034593960715334,0
BOOK-109034,0.37034593960715334,0
BOOK-213105,0.37034593960715334,0
BOOK-183965,0.37034593960715334,0
BOOK-161606,0.37034593960715334,0
BOOK-106959,0.37034593960715334,0
BOOK-192561,0.37034593960715334,0
BOOK-200017,0.37034593960715334,0
BOOK-100508,0.37034593960715334,0
BOOK-167391,0.37034593960715334,0
BOOK-145257,0.37034593960715334,0
BOOK-193891,0.37034593960715334,0
BOOK-173136,0.37034593960715334,0
BOOK-178945,0.37034593960715334,0
BOOK-106474,0.37034593960715334,0
BOOK-180485,0.37034593960715334,0
BOOK-206271,0.37034593960715334,0
BOOK-151045,0.37034593960715334,0
BOOK-123180,0.37034593960715334,0
BOOK-203294,0.37034593960715334,0
BOOK-192210,0.37034593960715334,0
BOOK-204514,0.37034593960715334,0
BOOK-121013,0.37034593960715334,0
BOOK-189201,0.37034593960715334,0
BOOK-104926,0.37034593960715334,0
BOOK-154810,0.37034593960715334,0
BOOK-170783,0.37034593960715334,0
BOOK-202107,0.37034593960715334,0
BOOK-194651,0.37034593960715334,0
BOOK-112624,0.37034593960715334,0
BOOK-208273,0.37034593960715334,0
BOOK-103279,0.37034593960715334,0
BOOK-101576,0.37034593960715334,0
BOOK-132626,0.37034593960715334,0
BOOK-157125,0.37034593960715334,0
BOOK-186739,0.37034593960715334,0
BOOK-135949,0.37034593960715334,0
BOOK-210167,0.37034593960715334,0
BOOK-142275,0.37034593960715334,0
BOOK-135899,0.37034593960715334,0
BOOK-214833,0.37034593960715334,0
BOOK-103308,0.37034593960715334,0
BOOK-186988,0.37034593960715334,0
BOOK-112093,0.37034593960715334,0
BOOK-126476,0.37034593960715334,0
BOOK-180690,0.37034593960715334,0
BOOK-183853,0.37034593960715334,0
BOOK-124168,0.37034593960715334,0
BOOK-101734,0.37034593960715334,0
BOOK-170520,0.37034593960715334,0
BOOK-104169,0.37034593960715334,0
BOOK-210735,0.37034593960715334,0
BOOK-180279,0.37034593960715334,0
BOOK-134186,0.37034593960715334,0
BOOK-195771,0.37034593960715334,0
BOOK-203428,0.37034593960715334,0
BOOK-217745,0.37034593960715334,0
BOOK-145301,0.37034593960715334,0
BOOK-159620,0.37034593960715334,0
BOOK-148882,0.37034593960715334,0
BOOK-120153,0.37034593960715334,0
BOOK-174391,0.37034593960715334,0
BOOK-156759,0.37034593960715334,0
BOOK-213316,0.37034593960715334,0
BOOK-216226,0.37034593960715334,0
BOOK-215158,0.37034593960715334,0
BOOK-181996,0.37034593960715334,0
BOOK-114029,0.37034593960715334,0
BOOK-144894,0.37034593960715334,0
BOOK-109006,0.37034593960715334,0
BOOK-177907,0.37034593960715334,0
BOOK-107463,0.37034593960715334,0
BOOK-210671,0.37034593960715334,0
BOOK-107489,0.37034593960715334,0
BOOK-204145,0.37034593960715334,0
BOOK-189029,0.37034593960715334,0
BOOK-146070,0.37034593960715334,0
BOOK-197165,0.37034593960715334,0
BOOK-191854,0.37034593960715334,0
BOOK-208480,0.37034593960715334,0
BOOK-197828,0.37034593960715334,0
BOOK-140662,0.37034593960715334,0
BOOK-162257,0.37034593960715334,0
BOOK-151058,0.37034593960715334,0
BOOK-176227,0.37034593960715334,0
BOOK-151573,0.37034593960715334,0
BOOK-176215,0.37034593960715334,0
BOOK-198996,0.37034593960715334,0
BOOK-103526,0.37034593960715334,0
BOOK-120138,0.37034593960715334,0
BOOK-195929,0.37034593960715334,0
BOOK-182867,0.37034593960715334,0
BOOK-186488,0.37034593960715334,0
BOOK-171517,0.37034593960715334,0
BOOK-107846,0.37034593960715334,0
BOOK-166981,0.37034593960715334,0
BOOK-180520,0.37034593960715334,0
BOOK-190619,0.37034593960715334,0
BOOK-214916,0.37034593960715334,0
BOOK-130876,0.37034593960715334,0
BOOK-146738,0.37034593960715334,0
BOOK-162541,0.37034593960715334,0
BOOK-207657,0.37034593960715334,0
BOOK-181696,0.37034593960715334,0
BOOK-131088,0.37034593960715334,0
BOOK-209129,0.37034593960715334,0
BOOK-128057,0.37034593960715334,0
BOOK-196127,0.37034593960715334,0
BOOK-102052,0.37034593960715334,0
BOOK-101975,0.37034593960715334,0
BOOK-114282,0.37034593960715334,0
BOOK-159555,0.37034593960715334,0
BOOK-168968,0.37034593960715334,0
BOOK-146160,0.37034593960715334,0
BOOK-141083,0.37034593960715334,0
BOOK-183817,0.37034593960715334,0
BOOK-143178,0.37034593960715334,0
BOOK-172516,0.37034593960715334,0
BOOK-210294,0.37034593960715334,0
BOOK-176893,0.37034593960715334,0
BOOK-186620,0.37034593960715334,0
BOOK-122391,0.37034593960715334,0
BOOK-188762,0.37034593960715334,0
BOOK-203418,0.37034593960715334,0
BOOK-120921,0.37034593960715334,0
BOOK-119313,0.37034593960715334,0
BOOK-140194,0.37034593960715334,0
BOOK-148066,0.37034593960715334,0
BOOK-192572,0.37034593960715334,0
BOOK-172440,0.37034593960715334,0
BOOK-116666,0.37034593960715334,0
BOOK-182944,0.37034593960715334,0
BOOK-137911,0.37034593960715334,0
BOOK-146596,0.37034593960715334,0
BOOK-191514,0.37034593960715334,0
BOOK-213012,0.37034593960715334,0
BOOK-106095,0.37034593960715334,0
BOOK-190680,0.37034593960715334,0
BOOK-134171,0.37034593960715334,0
BOOK-117653,0.37034593960715334,0
BOOK-121671,0.37034593960715334,0
BOOK-179859,0.37034593960715334,0
BOOK-207819,0.37034593960715334,0
BOOK-111413,0.37034593960715334,0
BOOK-127832,0.37034593960715334,0
BOOK-149728,0.37034593960715334,0
BOOK-149187,0.37034593960715334,0
BOOK-198693,0.37034593960715334,0
BOOK-194215,0.37034593960715334,0
BOOK-191329,0.37034593960715334,0
BOOK-134920,0.37034593960715334,0
BOOK-161780,0.37034593960715334,0
BOOK-127202,0.37034593960715334,0
BOOK-127963,0.37034593960715334,0
BOOK-134084,0.37034593960715334,0
BOOK-177860,0.37034593960715334,0
BOOK-199023,0.37034593960715334,0
BOOK-198763,0.37034593960715334,0
BOOK-181628,0.37034593960715334,0
BOOK-201240,0.37034593960715334,0
BOOK-124256,0.37034593960715334,0
BOOK-152719,0.37034593960715334,0
BOOK-166769,0.37034593960715334,0
BOOK-161922,0.37034593960715334,0
BOOK-176247,0.37034593960715334,0
BOOK-219156,0.37034593960715334,0
BOOK-107628,0.37034593960715334,0
BOOK-193630,0.37034593960715334,0
BOOK-160416,0.37034593960715334,0
BOOK-125801,0.37034593960715334,0
BOOK-170884,0.37034593960715334,0
BOOK-133565,0.37034593960715334,0
BOOK-195054,0.37034593960715334,0
BOOK-120710,0.37034593960715334,0
BOOK-139346,0.37034593960715334,0
BOOK-207187,0.37034593960715334,0
BOOK-202474,0.37034593960715334,0
BOOK-135344,0.37034593960715334,0
BOOK-144620,0.37034593960715334,0
BOOK-102755,0.37034593960715334,0
BOOK-215471,0.37034593960715334,0
BOOK-214771,0.37034593960715334,0
BOOK-104777,0.37034593960715334,0
BOOK-190785,0.37034593960715334,0
BOOK-127473,0.37034593960715334,0
BOOK-212857,0.37034593960715334,0
BOOK-213375,0.37034593960715334,0
BOOK-124178,0.37034593960715334,0
BOOK-177328,0.37034593960715334,0
BOOK-166429,0.37034593960715334,0
BOOK-170235,0.37034593960715334,0
BOOK-106708,0.37034593960715334,0
BOOK-196037,0.37034593960715334,0
BOOK-218359,0.37034593960715334,0
BOOK-184958,0.37034593960715334,0
BOOK-137553,0.37034593960715334,0
BOOK-134708,0.37034593960715334,0
BOOK-129765,0.37034593960715334,0
BOOK-156939,0.37034593960715334,0
BOOK-113885,0.37034593960715334,0
BOOK-185428,0.37034593960715334,0
BOOK-105844,0.37034593960715334,0
BOOK-103695,0.37034593960715334,0
BOOK-188077,0.37034593960715334,0
BOOK-167876,0.37034593960715334,0
BOOK-153943,0.37034593960715334,0
BOOK-160122,0.37034593960715334,0
BOOK-144213,0.37034593960715334,0
BOOK-107722,0.37034593960715334,0
BOOK-164656,0.37034593960715334,0
BOOK-158549,0.37034593960715334,0
BOOK-177454,0.37034593960715334,0
BOOK-112780,0.37034593960715334,0
BOOK-102803,0.37034593960715334,0
BOOK-174555,0.37034593960715334,0
BOOK-149420,0.37034593960715334,0
BOOK-166184,0.37034593960715334,0
BOOK-112639,0.37034593960715334,0
BOOK-122612,0.37034593960715334,0
BOOK-132236,0.37034593960715334,0
BOOK-132321,0.37034593960715334,0
BOOK-177542,0.37034593960715334,0
BOOK-183253,0.37034593960715334,0
BOOK-109102,0.37034593960715334,0
BOOK-127986,0.37034593960715334,0
BOOK-142254,0.37034593960715334,0
BOOK-112750,0.37034593960715334,0
BOOK-196585,0.37034593960715334,0
BOOK-181566,0.37034593960715334,0
BOOK-174539,0.37034593960715334,0
BOOK-175042,0.37034593960715334,0
BOOK-107449,0.37034593960715334,0
BOOK-129202,0.37034593960715334,0
BOOK-144995,0.37034593960715334,0
BOOK-155054,0.37034593960715334,0
BOOK-126308,0.37034593960715334,0
BOOK-190246,0.37034593960715334,0
BOOK-162560,0.37034593960715334,0
BOOK-113793,0.37034593960715334,0
BOOK-161008,0.37034593960715334,0
BOOK-118598,0.37034593960715334,0
BOOK-171119,0.37034593960715334,0
BOOK-157261,0.37034593960715334,0
BOOK-110529,0.37034593960715334,0
BOOK-179072,0.37034593960715334,0
BOOK-110981,0.37034593960715334,0
BOOK-189362,0.37034593960715334,0
BOOK-216034,0.37034593960715334,0
BOOK-128297,0.37034593960715334,0
BOOK-115720,0.37034593960715334,0
BOOK-191730,0.37034593960715334,0
BOOK-111260,0.37034593960715334,0
BOOK-201588,0.37034593960715334,0
BOOK-188517,0.37034593960715334,0
BOOK-155819,0.37034593960715334,0
BOOK-172635,0.37034593960715334,0
BOOK-198831,0.37034593960715334,0
BOOK-169827,0.37034593960715334,0
BOOK-182186,0.37034593960715334,0
BOOK-177694,0.37034593960715334,0
BOOK-131380,0.37034593960715334,0
BOOK-162113,0.37034593960715334,0
BOOK-192432,0.37034593960715334,0
BOOK-162672,0.37034593960715334,0
BOOK-194779,0.37034593960715334,0
BOOK-217041,0.37034593960715334,0
BOOK-184536,0.37034593960715334,0
BOOK-134923,0.37034593960715334,0
BOOK-140168,0.37034593960715334,0
BOOK-211074,0.37034593960715334,0
BOOK-104697,0.37034593960715334,0
BOOK-113853,0.37034593960715334,0
BOOK-165014,0.37034593960715334,0
BOOK-132574,0.37034593960715334,0
BOOK-179626,0.37034593960715334,0
BOOK-123141,0.37034593960715334,0
BOOK-216711,0.37034593960715334,0
BOOK-169006,0.37034593960715334,0
BOOK-158706,0.37034593960715334,0
BOOK-203198,0.37034593960715334,0
BOOK-105808,0.37034593960715334,0
BOOK-156141,0.37034593960715334,0
BOOK-124614,0.37034593960715334,0
BOOK-127436,0.37034593960715334,0
BOOK-196054,0.37034593960715334,0
BOOK-141737,0.37034593960715334,0
BOOK-216169,0.37034593960715334,0
BOOK-210269,0.37034593960715334,0
BOOK-175525,0.37034593960715334,0
BOOK-207400,0.37034593960715334,0
BOOK-152294,0.37034593960715334,0
BOOK-176271,0.37034593960715334,0
BOOK-199623,0.37034593960715334,0
BOOK-208916,0.37034593960715334,0
BOOK-114431,0.37034593960715334,0
BOOK-127511,0.37034593960715334,0
BOOK-129878,0.37034593960715334,0
BOOK-157126,0.37034593960715334,0
BOOK-178821,0.37034593960715334,0
BOOK-108460,0.37034593960715334,0
BOOK-158397,0.37034593960715334,0
BOOK-100856,0.37034593960715334,0
BOOK-197359,0.37034593960715334,0
BOOK-108370,0.37034593960715334,0
BOOK-120745,0.37034593960715334,0
BOOK-209675,0.37034593960715334,0
BOOK-140273,0.37034593960715334,0
BOOK-205777,0.37034593960715334,0
BOOK-122351,0.37034593960715334,0
BOOK-214940,0.37034593960715334,0
BOOK-158004,0.37034593960715334,0
BOOK-108727,0.37034593960715334,0
BOOK-152119,0.37034593960715334,0
BOOK-178312,0.37034593960715334,0
BOOK-172576,0.37034593960715334,0
BOOK-174465,0.37034593960715334,0
BOOK-151823,0.37034593960715334,0
BOOK-142950,0.37034593960715334,0
BOOK-108937,0.37034593960715334,0
BOOK-131216,0.37034593960715334,0
BOOK-132735,0.37034593960715334,0
BOOK-124742,0.37034593960715334,0
BOOK-106280,0.37034593960715334,0
BOOK-131047,0.37034593960715334,0
BOOK-101319,0.37034593960715334,0
BOOK-110050,0.37034593960715334,0
BOOK-210708,0.37034593960715334,0
BOOK-182054,0.37034593960715334,0
BOOK-151123,0.37034593960715334,0
BOOK-133433,0.37034593960715334,0
BOOK-207833,0.37034593960715334,0
BOOK-219252,0.37034593960715334,0
BOOK-212932,0.37034593960715334,0
BOOK-212102,0.37034593960715334,0
BOOK-146206,0.37034593960715334,0
BOOK-201450,0.37034593960715334,0
BOOK-181211,0.37034593960715334,0
BOOK-214000,0.37034593960715334,0
BOOK-103291,0.37034593960715334,0
BOOK-202222,0.37034593960715334,0
BOOK-202146,0.37034593960715334,0
BOOK-111126,0.37034593960715334,0
BOOK-173144,0.37034593960715334,0
BOOK-204049,0.37034593960715334,0
BOOK-215113,0.37034593960715334,0
BOOK-207099,0.37034593960715334,0
BOOK-127386,0.37034593960715334,0
BOOK-164296,0.37034593960715334,0
BOOK-105596,0.37034593960715334,0
BOOK-145959,0.37034593960715334,0
BOOK-174826,0.37034593960715334,0
BOOK-148411,0.37034593960715334,0
BOOK-136036,0.37034593960715334,0
BOOK-166386,0.37034593960715334,0
BOOK-141963,0.37034593960715334,0
BOOK-112617,0.37034593960715334,0
BOOK-106758,0.37034593960715334,0
BOOK-193294,0.37034593960715334,0
BOOK-165737,0.37034593960715334,0
BOOK-204795,0.37034593960715334,0
BOOK-189371,0.37034593960715334,0
BOOK-197047,0.37034593960715334,0
BOOK-194752,0.37034593960715334,0
BOOK-187438,0.37034593960715334,0
BOOK-131309,0.37034593960715334,0
BOOK-103026,0.37034593960715334,0
BOOK-159623,0.37034593960715334,0
BOOK-204945,0.37034593960715334,0
BOOK-217531,0.37034593960715334,0
BOOK-113827,0.37034593960715334,0
BOOK-214950,0.37034593960715334,0
BOOK-145353,0.37034593960715334,0
BOOK-188702,0.37034593960715334,0
BOOK-194125,0.37034593960715334,0
BOOK-138799,0.37034593960715334,0
BOOK-158983,0.37034593960715334,0
BOOK-142192,0.37034593960715334,0
BOOK-112431,0.37034593960715334,0
BOOK-198347,0.37034593960715334,0
BOOK-116625,0.37034593960715334,0
BOOK-218993,0.37034593960715334,0
BOOK-165845,0.37034593960715334,0
BOOK-126642,0.37034593960715334,0
BOOK-139326,0.37034593960715334,0
BOOK-102701,0.37034593960715334,0
BOOK-138856,0.37034593960715334,0
BOOK-172465,0.37034593960715334,0
BOOK-129186,0.37034593960715334,0
BOOK-164374,0.37034593960715334,0
BOOK-171523,0.37034593960715334,0
BOOK-158883,0.37034593960715334,0
BOOK-187841,0.37034593960715334,0
BOOK-137738,0.37034593960715334,0
BOOK-174087,0.37034593960715334,0
BOOK-216129,0.37034593960715334,0
BOOK-112536,0.37034593960715334,0
BOOK-113006,0.37034593960715334,0
BOOK-142205,0.37034593960715334,0
BOOK-159970,0.37034593960715334,0
BOOK-181814,0.37034593960715334,0
BOOK-150069,0.37034593960715334,0
BOOK-124854,0.37034593960715334,0
BOOK-144422,0.37034593960715334,0
BOOK-123888,0.37034593960715334,0
BOOK-195615,0.37034593960715334,0
BOOK-102916,0.37034593960715334,0
BOOK-142063,0.37034593960715334,0
BOOK-142703,0.37034593960715334,0
BOOK-138312,0.37034593960715334,0
BOOK-111404,0.37034593960715334,0
BOOK-184681,0.37034593960715334,0
BOOK-181465,0.37034593960715334,0
BOOK-114430,0.37034593960715334,0
BOOK-161433,0.37034593960715334,0
BOOK-119516,0.37034593960715334,0
BOOK-106807,0.37034593960715334,0
BOOK-181124,0.37034593960715334,0
BOOK-206754,0.37034593960715334,0
BOOK-135229,0.37034593960715334,0
BOOK-166407,0.37034593960715334,0
BOOK-170550,0.37034593960715334,0
BOOK-153589,0.37034593960715334,0
BOOK-164401,0.37034593960715334,0
BOOK-122983,0.37034593960715334,0
BOOK-111510,0.37034593960715334,0
BOOK-203723,0.37034593960715334,0
BOOK-208773,0.37034593960715334,0
BOOK-216599,0.37034593960715334,0
BOOK-109250,0.37034593960715334,0
BOOK-152039,0.37034593960715334,0
BOOK-125468,0.37034593960715334,0
BOOK-123863,0.37034593960715334,0
BOOK-101654,0.37034593960715334,0
BOOK-161677,0.37034593960715334,0
BOOK-153161,0.37034593960715334,0
BOOK-129801,0.37034593960715334,0
BOOK-102415,0.37034593960715334,0
BOOK-116675,0.37034593960715334,0
BOOK-206239,0.37034593960715334,0
BOOK-135039,0.37034593960715334,0
BOOK-148581,0.37034593960715334,0
BOOK-154950,0.37034593960715334,0
BOOK-187280,0.37034593960715334,0
BOOK-119266,0.37034593960715334,0
BOOK-100664,0.37034593960715334,0
BOOK-218456,0.37034593960715334,0
BOOK-167716,0.37034593960715334,0
BOOK-198299,0.37034593960715334,0
BOOK-182094,0.37034593960715334,0
BOOK-164424,0.37034593960715334,0
BOOK-145005,0.37034593960715334,0
BOOK-108741,0.37034593960715334,0
BOOK-186743,0.37034593960715334,0
BOOK-160766,0.37034593960715334,0
BOOK-205973,0.37034593960715334,0
BOOK-160491,0.37034593960715334,0
BOOK-206275,0.37034593960715334,0
BOOK-198200,0.37034593960715334,0
BOOK-143258,0.37034593960715334,0
BOOK-132646,0.37034593960715334,0
BOOK-143191,0.37034593960715334,0
BOOK-147596,0.37034593960715334,0
BOOK-146086,0.37034593960715334,0
BOOK-213584,0.37034593960715334,0
BOOK-121777,0.37034593960715334,0
BOOK-175069,0.37034593960715334,0
BOOK-174253,0.37034593960715334,0
BOOK-203154,0.37034593960715334,0
BOOK-194670,0.37034593960715334,0
BOOK-176354,0.37034593960715334,0
BOOK-104196,0.37034593960715334,0
BOOK-116080,0.37034593960715334,0
BOOK-162842,0.37034593960715334,0
BOOK-131860,0.37034593960715334,0
BOOK-135836,0.37034593960715334,0
BOOK-137445,0.37034593960715334,0
BOOK-156583,0.37034593960715334,0
BOOK-181713,0.37034593960715334,0
BOOK-198913,0.37034593960715334,0
BOOK-214883,0.37034593960715334,0
BOOK-124659,0.37034593960715334,0
BOOK-209042,0.37034593960715334,0
BOOK-163266,0.37034593960715334,0
BOOK-103485,0.37034593960715334,0
BOOK-191811,0.37034593960715334,0
BOOK-149091,0.37034593960715334,0
BOOK-142823,0.37034593960715334,0
BOOK-115199,0.37034593960715334,0
BOOK-182521,0.37034593960715334,0
BOOK-148617,0.37034593960715334,0
BOOK-180358,0.37034593960715334,0
BOOK-203716,0.37034593960715334,0
BOOK-211204,0.37034593960715334,0
BOOK-195195,0.37034593960715334,0
BOOK-194962,0.37034593960715334,0
BOOK-155814,0.37034593960715334,0
BOOK-168004,0.37034593960715334,0
BOOK-162789,0.37034593960715334,0
BOOK-149891,0.37034593960715334,0
BOOK-201650,0.37034593960715334,0
BOOK-117163,0.37034593960715334,0
BOOK-170628,0.37034593960715334,0
BOOK-209843,0.37034593960715334,0
BOOK-107054,0.37034593960715334,0
BOOK-128760,0.37034593960715334,0
BOOK-161742,0.37034593960715334,0
BOOK-143415,0.37034593960715334,0
BOOK-109251,0.37034593960715334,0
BOOK-208459,0.37034593960715334,0
BOOK-102594,0.37034593960715334,0
BOOK-115921,0.37034593960715334,0
BOOK-110131,0.37034593960715334,0
BOOK-200252,0.37034593960715334,0
BOOK-180237,0.37034593960715334,0
BOOK-121653,0.37034593960715334,0
BOOK-122540,0.37034593960715334,0
BOOK-102057,0.37034593960715334,0
BOOK-111087,0.37034593960715334,0
BOOK-149067,0.37034593960715334,0
BOOK-160250,0.37034593960715334,0
BOOK-210407,0.37034593960715334,0
BOOK-106035,0.37034593960715334,0
BOOK-109813,0.37034593960715334,0
BOOK-171086,0.37034593960715334,0
BOOK-187783,0.37034593960715334,0
BOOK-132364,0.37034593960715334,0
BOOK-176495,0.37034593960715334,0
BOOK-170792,0.37034593960715334,0
BOOK-187656,0.37034593960715334,0
BOOK-208686,0.37034593960715334,0
BOOK-108513,0.37034593960715334,0
BOOK-196563,0.37034593960715334,0
BOOK-151518,0.37034593960715334,0
BOOK-156550,0.37034593960715334,0
BOOK-174964,0.37034593960715334,0
BOOK-215553,0.37034593960715334,0
BOOK-192788,0.37034593960715334,0
BOOK-132415,0.37034593960715334,0
BOOK-124499,0.37034593960715334,0
BOOK-187996,0.37034593960715334,0
BOOK-163990,0.37034593960715334,0
BOOK-191649,0.37034593960715334,0
BOOK-200625,0.37034593960715334,0
BOOK-176101,0.37034593960715334,0
BOOK-124997,0.37034593960715334,0
BOOK-119433,0.37034593960715334,0
BOOK-194679,0.37034593960715334,0
BOOK-177857,0.37034593960715334,0
BOOK-177127,0.37034593960715334,0
BOOK-131450,0.37034593960715334,0
BOOK-203218,0.37034593960715334,0
BOOK-166245,0.37034593960715334,0
BOOK-217205,0.37034593960715334,0
BOOK-161862,0.37034593960715334,0
BOOK-167834,0.37034593960715334,0
BOOK-183754,0.37034593960715334,0
BOOK-198725,0.37034593960715334,0
BOOK-163681,0.37034593960715334,0
BOOK-162738,0.37034593960715334,0
BOOK-163073,0.37034593960715334,0
BOOK-170486,0.37034593960715334,0
BOOK-130888,0.37034593960715334,0
BOOK-107306,0.37034593960715334,0
BOOK-186866,0.37034593960715334,0
BOOK-211836,0.37034593960715334,0
BOOK-177087,0.37034593960715334,0
BOOK-217043,0.37034593960715334,0
BOOK-186884,0.37034593960715334,0
BOOK-207003,0.37034593960715334,0
BOOK-108511,0.37034593960715334,0
BOOK-172353,0.37034593960715334,0
BOOK-164805,0.37034593960715334,0
BOOK-194292,0.37034593960715334,0
BOOK-190068,0.37034593960715334,0
BOOK-192482,0.37034593960715334,0
BOOK-128858,0.37034593960715334,0
BOOK-216845,0.37034593960715334,0
BOOK-195332,0.37034593960715334,0
BOOK-180597,0.37034593960715334,0
BOOK-104747,0.37034593960715334,0
BOOK-207435,0.37034593960715334,0
BOOK-160996,0.37034593960715334,0
BOOK-196335,0.37034593960715334,0
BOOK-179762,0.37034593960715334,0
BOOK-202152,0.37034593960715334,0
BOOK-122052,0.37034593960715334,0
BOOK-157794,0.37034593960715334,0
BOOK-169342,0.37034593960715334,0
BOOK-120942,0.37034593960715334,0
BOOK-173634,0.37034593960715334,0
BOOK-158653,0.37034593960715334,0
BOOK-124726,0.37034593960715334,0
BOOK-148447,0.37034593960715334,0
BOOK-139663,0.37034593960715334,0
BOOK-127365,0.37034593960715334,0
BOOK-162739,0.37034593960715334,0
BOOK-205377,0.37034593960715334,0
BOOK-133231,0.37034593960715334,0
BOOK-158321,0.37034593960715334,0
BOOK-144437,0.37034593960715334,0
BOOK-134437,0.37034593960715334,0
BOOK-148060,0.37034593960715334,0
BOOK-219232,0.37034593960715334,0
BOOK-182795,0.37034593960715334,0
BOOK-190335,0.37034593960715334,0
BOOK-198418,0.37034593960715334,0
BOOK-201501,0.37034593960715334,0
BOOK-156271,0.37034593960715334,0
BOOK-170775,0.37034593960715334,0
BOOK-172538,0.37034593960715334,0
BOOK-201452,0.37034593960715334,0
BOOK-207764,0.37034593960715334,0
BOOK-191196,0.37034593960715334,0
BOOK-211515,0.37034593960715334,0
BOOK-168292,0.37034593960715334,0
BOOK-185619,0.37034593960715334,0
BOOK-155672,0.37034593960715334,0
BOOK-193691,0.37034593960715334,0
BOOK-192353,0.37034593960715334,0
BOOK-210952,0.37034593960715334,0
BOOK-215928,0.37034593960715334,0
BOOK-119691,0.37034593960715334,0
BOOK-100835,0.37034593960715334,0
BOOK-178017,0.37034593960715334,0
BOOK-198586,0.37034593960715334,0
BOOK-153551,0.37034593960715334,0
BOOK-105856,0.37034593960715334,0
BOOK-158584,0.37034593960715334,0
BOOK-209248,0.37034593960715334,0
BOOK-192270,0.37034593960715334,0
BOOK-182648,0.37034593960715334,0
BOOK-122837,0.37034593960715334,0
BOOK-143060,0.37034593960715334,0
BOOK-163613,0.37034593960715334,0
BOOK-140053,0.37034593960715334,0
BOOK-154172,0.37034593960715334,0
BOOK-149037,0.37034593960715334,0
BOOK-188507,0.37034593960715334,0
BOOK-178638,0.37034593960715334,0
BOOK-144314,0.37034593960715334,0
BOOK-160208,0.37034593960715334,0
BOOK-111536,0.37034593960715334,0
BOOK-201608,0.37034593960715334,0
BOOK-118222,0.37034593960715334,0
BOOK-141616,0.37034593960715334,0
BOOK-200424,0.37034593960715334,0
BOOK-218790,0.37034593960715334,0
BOOK-170741,0.37034593960715334,0
BOOK-206842,0.37034593960715334,0
BOOK-130657,0.37034593960715334,0
BOOK-189997,0.37034593960715334,0
BOOK-205824,0.37034593960715334,0
BOOK-150848,0.37034593960715334,0
BOOK-140615,0.37034593960715334,0
BOOK-136077,0.37034593960715334,0
BOOK-127859,0.37034593960715334,0
BOOK-135397,0.37034593960715334,0
BOOK-183960,0.37034593960715334,0
BOOK-188011,0.37034593960715334,0
BOOK-108807,0.37034593960715334,0
BOOK-115684,0.37034593960715334,0
BOOK-112331,0.37034593960715334,0
BOOK-205350,0.37034593960715334,0
BOOK-175111,0.37034593960715334,0
BOOK-212237,0.37034593960715334,0
BOOK-155955,0.37034593960715334,0
BOOK-163851,0.37034593960715334,0
BOOK-208735,0.37034593960715334,0
BOOK-121112,0.37034593960715334,0
BOOK-112522,0.37034593960715334,0
BOOK-151637,0.37034593960715334,0
BOOK-126001,0.37034593960715334,0
BOOK-191808,0.37034593960715334,0
BOOK-165933,0.37034593960715334,0
BOOK-182124,0.37034593960715334,0
BOOK-174701,0.37034593960715334,0
BOOK-111197,0.37034593960715334,0
BOOK-212896,0.37034593960715334,0
BOOK-186672,0.37034593960715334,0
BOOK-198771,0.37034593960715334,0
BOOK-111002,0.37034593960715334,0
BOOK-190987,0.37034593960715334,0
BOOK-193695,0.37034593960715334,0
BOOK-139000,0.37034593960715334,0
BOOK-160572,0.37034593960715334,0
BOOK-113535,0.37034593960715334,0
BOOK-163079,0.37034593960715334,0
BOOK-217943,0.37034593960715334,0
BOOK-202527,0.37034593960715334,0
BOOK-173379,0.37034593960715334,0
BOOK-188716,0.37034593960715334,0
BOOK-156571,0.37034593960715334,0
BOOK-141642,0.37034593960715334,0
BOOK-136444,0.37034593960715334,0
BOOK-114002,0.37034593960715334,0
BOOK-198305,0.37034593960715334,0
BOOK-126229,0.37034593960715334,0
BOOK-127159,0.37034593960715334,0
BOOK-189660,0.37034593960715334,0
BOOK-107069,0.37034593960715334,0
BOOK-127683,0.37034593960715334,0
BOOK-108211,0.37034593960715334,0
BOOK-181454,0.37034593960715334,0
BOOK-213137,0.37034593960715334,0
BOOK-112029,0.37034593960715334,0
BOOK-210955,0.37034593960715334,0
BOOK-145918,0.37034593960715334,0
BOOK-181418,0.37034593960715334,0
BOOK-143831,0.37034593960715334,0
BOOK-113276,0.37034593960715334,0
BOOK-143608,0.37034593960715334,0
BOOK-119809,0.37034593960715334,0
BOOK-170291,0.37034593960715334,0
BOOK-143577,0.37034593960715334,0
BOOK-156619,0.37034593960715334,0
BOOK-198685,0.37034593960715334,0
BOOK-172942,0.37034593960715334,0
BOOK-146359,0.37034593960715334,0
BOOK-211558,0.37034593960715334,0
BOOK-204737,0.37034593960715334,0
BOOK-204519,0.37034593960715334,0
BOOK-200155,0.37034593960715334,0
BOOK-196811,0.37034593960715334,0
BOOK-116918,0.37034593960715334,0
BOOK-130344,0.37034593960715334,0
BOOK-121900,0.37034593960715334,0
BOOK-115941,0.37034593960715334,0
BOOK-124161,0.37034593960715334,0
BOOK-144700,0.37034593960715334,0
BOOK-204623,0.37034593960715334,0
BOOK-103512,0.37034593960715334,0
BOOK-202192,0.37034593960715334,0
BOOK-177940,0.37034593960715334,0
BOOK-125031,0.37034593960715334,0
BOOK-151312,0.37034593960715334,0
BOOK-161274,0.37034593960715334,0
BOOK-130656,0.37034593960715334,0
BOOK-205881,0.37034593960715334,0
BOOK-166402,0.37034593960715334,0
BOOK-115742,0.37034593960715334,0
BOOK-201671,0.37034593960715334,0
BOOK-150355,0.37034593960715334,0
BOOK-159608,0.37034593960715334,0
BOOK-165075,0.37034593960715334,0
BOOK-197986,0.37034593960715334,0
BOOK-108784,0.37034593960715334,0
BOOK-104577,0.37034593960715334,0
BOOK-202939,0.37034593960715334,0
BOOK-130111,0.37034593960715334,0
BOOK-173040,0.37034593960715334,0
BOOK-132387,0.37034593960715334,0
BOOK-145930,0.37034593960715334,0
BOOK-166378,0.37034593960715334,0
BOOK-188506,0.37034593960715334,0
BOOK-216173,0.37034593960715334,0
BOOK-123472,0.37034593960715334,0
BOOK-187469,0.37034593960715334,0
BOOK-129516,0.37034593960715334,0
BOOK-170120,0.37034593960715334,0
BOOK-163213,0.37034593960715334,0
BOOK-199479,0.37034593960715334,0
BOOK-202711,0.37034593960715334,0
BOOK-114780,0.37034593960715334,0
BOOK-206372,0.37034593960715334,0
BOOK-123073,0.37034593960715334,0
BOOK-110194,0.37034593960715334,0
BOOK-163530,0.37034593960715334,0
BOOK-145294,0.37034593960715334,0
BOOK-195112,0.37034593960715334,0
BOOK-213890,0.37034593960715334,0
BOOK-199702,0.37034593960715334,0
BOOK-153112,0.37034593960715334,0
BOOK-128009,0.37034593960715334,0
BOOK-195869,0.37034593960715334,0
BOOK-129345,0.37034593960715334,0
BOOK-140866,0.37034593960715334,0
BOOK-109437,0.37034593960715334,0
BOOK-167952,0.37034593960715334,0
BOOK-118723,0.37034593960715334,0
BOOK-188614,0.37034593960715334,0
BOOK-130740,0.37034593960715334,0
BOOK-122499,0.37034593960715334,0
BOOK-107003,0.37034593960715334,0
BOOK-198172,0.37034593960715334,0
BOOK-200907,0.37034593960715334,0
BOOK-219281,0.37034593960715334,0
BOOK-135604,0.37034593960715334,0
BOOK-115746,0.37034593960715334,0
BOOK-140670,0.37034593960715334,0
BOOK-123312,0.37034593960715334,0
BOOK-180363,0.37034593960715334,0
BOOK-149689,0.37034593960715334,0
BOOK-178639,0.37034593960715334,0
BOOK-190275,0.37034593960715334,0
BOOK-146366,0.37034593960715334,0
BOOK-202079,0.37034593960715334,0
BOOK-212082,0.37034593960715334,0
BOOK-184328,0.37034593960715334,0
BOOK-141910,0.37034593960715334,0
BOOK-108571,0.37034593960715334,0
BOOK-151793,0.37034593960715334,0
BOOK-187209,0.37034593960715334,0
BOOK-115277,0.37034593960715334,0
BOOK-194774,0.37034593960715334,0
BOOK-218147,0.37034593960715334,0
BOOK-148862,0.37034593960715334,0
BOOK-146679,0.37034593960715334,0
BOOK-169052,0.37034593960715334,0
BOOK-135941,0.37034593960715334,0
BOOK-138740,0.37034593960715334,0
BOOK-101714,0.37034593960715334,0
BOOK-171310,0.37034593960715334,0
BOOK-120166,0.37034593960715334,0
BOOK-189305,0.37034593960715334,0
BOOK-162389,0.37034593960715334,0
BOOK-182095,0.37034593960715334,0
BOOK-148004,0.37034593960715334,0
BOOK-158963,0.37034593960715334,0
BOOK-207680,0.37034593960715334,0
BOOK-151548,0.37034593960715334,0
BOOK-169933,0.37034593960715334,0
BOOK-133795,0.37034593960715334,0
BOOK-147013,0.37034593960715334,0
BOOK-101515,0.37034593960715334,0
BOOK-198844,0.37034593960715334,0
BOOK-171246,0.37034593960715334,0
BOOK-206720,0.37034593960715334,0
BOOK-193377,0.37034593960715334,0
BOOK-149624,0.37034593960715334,0
BOOK-218298,0.37034593960715334,0
BOOK-168782,0.37034593960715334,0
BOOK-157147,0.37034593960715334,0
BOOK-196936,0.37034593960715334,0
BOOK-153331,0.37034593960715334,0
BOOK-134753,0.37034593960715334,0
BOOK-106654,0.37034593960715334,0
BOOK-206156,0.37034593960715334,0
BOOK-186891,0.37034593960715334,0
BOOK-132388,0.37034593960715334,0
BOOK-125007,0.37034593960715334,0
BOOK-125930,0.37034593960715334,0
BOOK-128747,0.37034593960715334,0
BOOK-183507,0.37034593960715334,0
BOOK-106593,0.37034593960715334,0
BOOK-148976,0.37034593960715334,0
BOOK-124884,0.37034593960715334,0
BOOK-134068,0.37034593960715334,0
BOOK-110786,0.37034593960715334,0
BOOK-161695,0.37034593960715334,0
BOOK-214090,0.37034593960715334,0
BOOK-191881,0.37034593960715334,0
BOOK-159670,0.37034593960715334,0
BOOK-218997,0.37034593960715334,0
BOOK-149023,0.37034593960715334,0
BOOK-129237,0.37034593960715334,0
BOOK-203615,0.37034593960715334,0
BOOK-185962,0.37034593960715334,0
BOOK-100788,0.37034593960715334,0
BOOK-154786,0.37034593960715334,0
BOOK-137978,0.37034593960715334,0
BOOK-155847,0.37034593960715334,0
BOOK-211947,0.37034593960715334,0
BOOK-121811,0.37034593960715334,0
BOOK-167753,0.37034593960715334,0
BOOK-130053,0.37034593960715334,0
BOOK-210702,0.37034593960715334,0
BOOK-103713,0.37034593960715334,0
BOOK-215336,0.37034593960715334,0
BOOK-207159,0.37034593960715334,0
BOOK-133023,0.37034593960715334,0
BOOK-152821,0.37034593960715334,0
BOOK-147560,0.37034593960715334,0
BOOK-155474,0.37034593960715334,0
BOOK-206422,0.37034593960715334,0
BOOK-185071,0.37034593960715334,0
BOOK-170843,0.37034593960715334,0
BOOK-171005,0.37034593960715334,0
BOOK-101394,0.37034593960715334,0
BOOK-180749,0.37034593960715334,0
BOOK-130620,0.37034593960715334,0
BOOK-115782,0.37034593960715334,0
BOOK-126332,0.37034593960715334,0
BOOK-141589,0.37034593960715334,0
BOOK-201515,0.37034593960715334,0
BOOK-159977,0.37034593960715334,0
BOOK-162895,0.37034593960715334,0
BOOK-166960,0.37034593960715334,0
BOOK-192129,0.37034593960715334,0
BOOK-110771,0.37034593960715334,0
BOOK-175249,0.37034593960715334,0
BOOK-166715,0.37034593960715334,0
BOOK-148181,0.37034593960715334,0
BOOK-138650,0.37034593960715334,0
BOOK-217913,0.37034593960715334,0
BOOK-218905,0.37034593960715334,0
BOOK-104811,0.37034593960715334,0
BOOK-206494,0.37034593960715334,0
BOOK-137481,0.37034593960715334,0
BOOK-156407,0.37034593960715334,0
BOOK-110268,0.37034593960715334,0
BOOK-140706,0.37034593960715334,0
BOOK-127193,0.37034593960715334,0
BOOK-181641,0.37034593960715334,0
BOOK-123024,0.37034593960715334,0
BOOK-166739,0.37034593960715334,0
BOOK-132761,0.37034593960715334,0
BOOK-132462,0.37034593960715334,0
BOOK-160689,0.37034593960715334,0
BOOK-133698,0.37034593960715334,0
BOOK-166405,0.37034593960715334,0
BOOK-199260,0.37034593960715334,0
BOOK-154486,0.37034593960715334,0
BOOK-124793,0.37034593960715334,0
BOOK-185130,0.37034593960715334,0
BOOK-120904,0.37034593960715334,0
BOOK-177061,0.37034593960715334,0
BOOK-172645,0.37034593960715334,0
BOOK-106628,0.37034593960715334,0
BOOK-129404,0.37034593960715334,0
BOOK-152103,0.37034593960715334,0
BOOK-164819,0.37034593960715334,0
BOOK-117422,0.37034593960715334,0
BOOK-153171,0.37034593960715334,0
BOOK-218179,0.37034593960715334,0
BOOK-196067,0.37034593960715334,0
BOOK-135332,0.37034593960715334,0
BOOK-146007,0.37034593960715334,0
BOOK-201584,0.37034593960715334,0
BOOK-174185,0.37034593960715334,0
BOOK-129258,0.37034593960715334,0
BOOK-210364,0.37034593960715334,0
BOOK-183858,0.37034593960715334,0
BOOK-124081,0.37034593960715334,0
BOOK-154323,0.37034593960715334,0
BOOK-131068,0.37034593960715334,0
BOOK-189536,0.37034593960715334,0
BOOK-207556,0.37034593960715334,0
BOOK-134467,0.37034593960715334,0
BOOK-103094,0.37034593960715334,0
BOOK-138890,0.37034593960715334,0
BOOK-122059,0.37034593960715334,0
BOOK-201177,0.37034593960715334,0
BOOK-207167,0.37034593960715334,0
BOOK-124317,0.37034593960715334,0
BOOK-144902,0.37034593960715334,0
BOOK-139773,0.37034593960715334,0
BOOK-134025,0.37034593960715334,0
BOOK-191833,0.37034593960715334,0
BOOK-106268,0.37034593960715334,0
BOOK-102681,0.37034593960715334,0
BOOK-150556,0.37034593960715334,0
BOOK-199562,0.37034593960715334,0
BOOK-178155,0.37034593960715334,0
BOOK-149595,0.37034593960715334,0
BOOK-182370,0.37034593960715334,0
BOOK-134711,0.37034593960715334,0
BOOK-188264,0.37034593960715334,0
BOOK-144849,0.37034593960715334,0
BOOK-185718,0.37034593960715334,0
BOOK-196924,0.37034593960715334,0
BOOK-135446,0.37034593960715334,0
BOOK-207897,0.37034593960715334,0
BOOK-172269,0.37034593960715334,0
BOOK-119294,0.37034593960715334,0
BOOK-183795,0.37034593960715334,0
BOOK-119601,0.37034593960715334,0
BOOK-162321,0.37034593960715334,0
BOOK-100598,0.37034593960715334,0
BOOK-109791,0.37034593960715334,0
BOOK-104788,0.37034593960715334,0
BOOK-211001,0.37034593960715334,0
BOOK-171302,0.37034593960715334,0
BOOK-201638,0.37034593960715334,0
BOOK-134265,0.37034593960715334,0
BOOK-177240,0.37034593960715334,0
BOOK-179521,0.37034593960715334,0
BOOK-196578,0.37034593960715334,0
BOOK-213726,0.37034593960715334,0
BOOK-100398,0.37034593960715334,0
BOOK-192592,0.37034593960715334,0
BOOK-200872,0.37034593960715334,0
BOOK-136428,0.37034593960715334,0
BOOK-101411,0.37034593960715334,0
BOOK-146960,0.37034593960715334,0
BOOK-171825,0.37034593960715334,0
BOOK-120185,0.37034593960715334,0
BOOK-166501,0.37034593960715334,0
BOOK-134710,0.37034593960715334,0
BOOK-155281,0.37034593960715334,0
BOOK-101039,0.37034593960715334,0
BOOK-137730,0.37034593960715334,0
BOOK-214482,0.37034593960715334,0
BOOK-135334,0.37034593960715334,0
BOOK-196929,0.37034593960715334,0
BOOK-139556,0.37034593960715334,0
BOOK-114726,0.37034593960715334,0
BOOK-188240,0.37034593960715334,0
BOOK-105389,0.37034593960715334,0
BOOK-214941,0.37034593960715334,0
BOOK-119008,0.37034593960715334,0
BOOK-122157,0.37034593960715334,0
BOOK-164653,0.37034593960715334,0
BOOK-182646,0.37034593960715334,0
BOOK-134519,0.37034593960715334,0
BOOK-131191,0.37034593960715334,0
BOOK-157041,0.37034593960715334,0
BOOK-107321,0.37034593960715334,0
BOOK-105468,0.37034593960715334,0
BOOK-128780,0.37034593960715334,0
BOOK-175013,0.37034593960715334,0
BOOK-208372,0.37034593960715334,0
BOOK-153599,0.37034593960715334,0
BOOK-196368,0.37034593960715334,0
BOOK-184996,0.37034593960715334,0
BOOK-194656,0.37034593960715334,0
BOOK-100619,0.37034593960715334,0
BOOK-195812,0.37034593960715334,0
BOOK-200786,0.37034593960715334,0
BOOK-113699,0.37034593960715334,0
BOOK-178592,0.37034593960715334,0
BOOK-108817,0.37034593960715334,0
BOOK-204472,0.37034593960715334,0
BOOK-208649,0.37034593960715334,0
BOOK-171146,0.37034593960715334,0
BOOK-115126,0.37034593960715334,0
BOOK-146844,0.37034593960715334,0
BOOK-158228,0.37034593960715334,0
BOOK-193944,0.37034593960715334,0
BOOK-141318,0.37034593960715334,0
BOOK-125990,0.37034593960715334,0
BOOK-158219,0.37034593960715334,0
BOOK-218870,0.37034593960715334,0
BOOK-172249,0.37034593960715334,0
BOOK-147703,0.37034593960715334,0
BOOK-144575,0.37034593960715334,0
BOOK-200487,0.37034593960715334,0
BOOK-191825,0.37034593960715334,0
BOOK-216950,0.37034593960715334,0
BOOK-183493,0.37034593960715334,0
BOOK-169386,0.37034593960715334,0
BOOK-179115,0.37034593960715334,0
BOOK-201639,0.37034593960715334,0
BOOK-117915,0.37034593960715334,0
BOOK-153658,0.37034593960715334,0
BOOK-133772,0.37034593960715334,0
BOOK-214135,0.37034593960715334,0
BOOK-173793,0.37034593960715334,0
BOOK-154699,0.37034593960715334,0
BOOK-134010,0.37034593960715334,0
BOOK-160635,0.37034593960715334,0
BOOK-218079,0.37034593960715334,0
BOOK-108744,0.37034593960715334,0
BOOK-123305,0.37034593960715334,0
BOOK-100308,0.37034593960715334,0
BOOK-178427,0.37034593960715334,0
BOOK-145572,0.37034593960715334,0
BOOK-144630,0.37034593960715334,0
BOOK-141247,0.37034593960715334,0
BOOK-214144,0.37034593960715334,0
BOOK-189848,0.37034593960715334,0
BOOK-192785,0.37034593960715334,0
BOOK-109440,0.37034593960715334,0
BOOK-185690,0.37034593960715334,0
BOOK-109405,0.37034593960715334,0
BOOK-153520,0.37034593960715334,0
BOOK-185614,0.37034593960715334,0
BOOK-172147,0.37034593960715334,0
BOOK-128486,0.37034593960715334,0
BOOK-170485,0.37034593960715334,0
BOOK-123567,0.37034593960715334,0
BOOK-218076,0.37034593960715334,0
BOOK-198731,0.37034593960715334,0
BOOK-146647,0.37034593960715334,0
BOOK-125521,0.37034593960715334,0
BOOK-181097,0.37034593960715334,0
BOOK-145162,0.37034593960715334,0
BOOK-218845,0.37034593960715334,0
BOOK-169070,0.37034593960715334,0
BOOK-219301,0.37034593960715334,0
BOOK-122849,0.37034593960715334,0
BOOK-184191,0.37034593960715334,0
BOOK-200409,0.37034593960715334,0
BOOK-166355,0.37034593960715334,0
BOOK-197115,0.37034593960715334,0
BOOK-116429,0.37034593960715334,0
BOOK-176516,0.37034593960715334,0
BOOK-198788,0.37034593960715334,0
BOOK-217000,0.37034593960715334,0
BOOK-131209,0.37034593960715334,0
BOOK-168527,0.37034593960715334,0
BOOK-147812,0.37034593960715334,0
BOOK-101277,0.37034593960715334,0
BOOK-169941,0.37034593960715334,0
BOOK-126396,0.37034593960715334,0
BOOK-106108,0.37034593960715334,0
BOOK-176155,0.37034593960715334,0
BOOK-193330,0.37034593960715334,0
BOOK-137745,0.37034593960715334,0
BOOK-207490,0.37034593960715334,0
BOOK-212832,0.37034593960715334,0
BOOK-126435,0.37034593960715334,0
BOOK-180527,0.37034593960715334,0
BOOK-130452,0.37034593960715334,0
BOOK-152623,0.37034593960715334,0
BOOK-200324,0.37034593960715334,0
BOOK-146157,0.37034593960715334,0
BOOK-108187,0.37034593960715334,0
BOOK-100350,0.37034593960715334,0
BOOK-134591,0.37034593960715334,0
BOOK-132336,0.37034593960715334,0
BOOK-214065,0.37034593960715334,0
BOOK-132695,0.37034593960715334,0
BOOK-168341,0.37034593960715334,0
BOOK-205348,0.37034593960715334,0
BOOK-148394,0.37034593960715334,0
BOOK-185409,0.37034593960715334,0
BOOK-179807,0.37034593960715334,0
BOOK-158557,0.37034593960715334,0
BOOK-134396,0.37034593960715334,0
BOOK-123526,0.37034593960715334,0
BOOK-186728,0.37034593960715334,0
BOOK-157948,0.37034593960715334,0
BOOK-181433,0.37034593960715334,0
BOOK-152605,0.37034593960715334,0
BOOK-114542,0.37034593960715334,0
BOOK-202618,0.37034593960715334,0
BOOK-192466,0.37034593960715334,0
BOOK-149616,0.37034593960715334,0
BOOK-106718,0.37034593960715334,0
BOOK-155072,0.37034593960715334,0
BOOK-195832,0.37034593960715334,0
BOOK-100755,0.37034593960715334,0
BOOK-128576,0.37034593960715334,0
BOOK-107661,0.37034593960715334,0
BOOK-111717,0.37034593960715334,0
BOOK-208630,0.37034593960715334,0
BOOK-165193,0.37034593960715334,0
BOOK-111778,0.37034593960715334,0
BOOK-180932,0.37034593960715334,0
BOOK-101784,0.37034593960715334,0
BOOK-143031,0.37034593960715334,0
BOOK-162175,0.37034593960715334,0
BOOK-134587,0.37034593960715334,0
BOOK-157119,0.37034593960715334,0
BOOK-160976,0.37034593960715334,0
BOOK-112058,0.37034593960715334,0
BOOK-218858,0.37034593960715334,0
BOOK-166110,0.37034593960715334,0
BOOK-109933,0.37034593960715334,0
BOOK-204225,0.37034593960715334,0
BOOK-177499,0.37034593960715334,0
BOOK-167264,0.37034593960715334,0
BOOK-207178,0.37034593960715334,0
BOOK-139019,0.37034593960715334,0
BOOK-134588,0.37034593960715334,0
BOOK-216859,0.37034593960715334,0
BOOK-214035,0.37034593960715334,0
BOOK-209029,0.37034593960715334,0
BOOK-195058,0.37034593960715334,0
BOOK-165724,0.37034593960715334,0
BOOK-134454,0.37034593960715334,0
BOOK-106632,0.37034593960715334,0
BOOK-134062,0.37034593960715334,0
BOOK-192770,0.37034593960715334,0
BOOK-100274,0.37034593960715334,0
BOOK-133560,0.37034593960715334,0
BOOK-199238,0.37034593960715334,0
BOOK-183208,0.37034593960715334,0
BOOK-167270,0.37034593960715334,0
BOOK-141174,0.37034593960715334,0
BOOK-159897,0.37034593960715334,0
BOOK-129243,0.37034593960715334,0
BOOK-118960,0.37034593960715334,0
BOOK-102409,0.37034593960715334,0
BOOK-215134,0.37034593960715334,0
BOOK-108029,0.37034593960715334,0
BOOK-214502,0.37034593960715334,0
BOOK-202959,0.37034593960715334,0
BOOK-182765,0.37034593960715334,0
BOOK-103196,0.37034593960715334,0
BOOK-114106,0.37034593960715334,0
BOOK-100218,0.37034593960715334,0
BOOK-159861,0.37034593960715334,0
BOOK-199301,0.37034593960715334,0
BOOK-107554,0.37034593960715334,0
BOOK-133615,0.37034593960715334,0
BOOK-104732,0.37034593960715334,0
BOOK-181500,0.37034593960715334,0
BOOK-109098,0.37034593960715334,0
BOOK-180880,0.37034593960715334,0
BOOK-216309,0.37034593960715334,0
BOOK-105661,0.37034593960715334,0
BOOK-132624,0.37034593960715334,0
BOOK-176972,0.37034593960715334,0
BOOK-132736,0.37034593960715334,0
BOOK-196820,0.37034593960715334,0
BOOK-166416,0.37034593960715334,0
BOOK-151992,0.37034593960715334,0
BOOK-138805,0.37034593960715334,0
BOOK-219336,0.37034593960715334,0
BOOK-163078,0.37034593960715334,0
BOOK-128739,0.37034593960715334,0
BOOK-172564,0.37034593960715334,0
BOOK-187904,0.37034593960715334,0
BOOK-160894,0.37034593960715334,0
BOOK-116044,0.37034593960715334,0
BOOK-152738,0.37034593960715334,0
BOOK-171782,0.37034593960715334,0
BOOK-177119,0.37034593960715334,0
BOOK-201439,0.37034593960715334,0
BOOK-215369,0.37034593960715334,0
BOOK-179327,0.37034593960715334,0
BOOK-168835,0.37034593960715334,0
BOOK-129005,0.37034593960715334,0
BOOK-185557,0.37034593960715334,0
BOOK-105838,0.37034593960715334,0
BOOK-163770,0.37034593960715334,0
BOOK-177993,0.37034593960715334,0
BOOK-114774,0.37034593960715334,0
BOOK-148853,0.37034593960715334,0
BOOK-156285,0.37034593960715334,0
BOOK-205431,0.37034593960715334,0
BOOK-111673,0.37034593960715334,0
BOOK-102118,0.37034593960715334,0
BOOK-130442,0.37034593960715334,0
BOOK-103345,0.37034593960715334,0
BOOK-175059,0.37034593960715334,0
BOOK-181774,0.37034593960715334,0
BOOK-217087,0.37034593960715334,0
BOOK-163274,0.37034593960715334,0
BOOK-132342,0.37034593960715334,0
BOOK-208317,0.37034593960715334,0
BOOK-145681,0.37034593960715334,0
BOOK-176837,0.37034593960715334,0
BOOK-125226,0.37034593960715334,0
BOOK-183532,0.37034593960715334,0
BOOK-200977,0.37034593960715334,0
BOOK-146038,0.37034593960715334,0
BOOK-102907,0.37034593960715334,0
BOOK-116123,0.37034593960715334,0
BOOK-148789,0.37034593960715334,0
BOOK-209919,0.37034593960715334,0
BOOK-124588,0.37034593960715334,0
BOOK-119788,0.37034593960715334,0
BOOK-153709,0.37034593960715334,0
BOOK-126391,0.37034593960715334,0
BOOK-104282,0.37034593960715334,0
BOOK-180542,0.37034593960715334,0
BOOK-117187,0.37034593960715334,0
BOOK-106084,0.37034593960715334,0
BOOK-200078,0.37034593960715334,0
BOOK-189091,0.37034593960715334,0
BOOK-165065,0.37034593960715334,0
BOOK-213382,0.37034593960715334,0
BOOK-125874,0.37034593960715334,0
BOOK-101523,0.37034593960715334,0
BOOK-117232,0.37034593960715334,0
BOOK-158568,0.37034593960715334,0
BOOK-108977,0.37034593960715334,0
BOOK-170479,0.37034593960715334,0
BOOK-153794,0.37034593960715334,0
BOOK-201369,0.37034593960715334,0
BOOK-203905,0.37034593960715334,0
BOOK-117264,0.37034593960715334,0
BOOK-173732,0.37034593960715334,0
BOOK-157132,0.37034593960715334,0
BOOK-113532,0.37034593960715334,0
BOOK-201573,0.37034593960715334,0
BOOK-161645,0.37034593960715334,0
BOOK-181676,0.37034593960715334,0
BOOK-181451,0.37034593960715334,0
BOOK-167500,0.37034593960715334,0
BOOK-208933,0.37034593960715334,0
BOOK-157426,0.37034593960715334,0
BOOK-136270,0.37034593960715334,0
BOOK-217950,0.37034593960715334,0
BOOK-108000,0.37034593960715334,0
BOOK-130655,0.37034593960715334,0
BOOK-185084,0.37034593960715334,0
BOOK-129473,0.37034593960715334,0
BOOK-164803,0.37034593960715334,0
BOOK-177286,0.37034593960715334,0
BOOK-172256,0.37034593960715334,0
BOOK-130990,0.37034593960715334,0
BOOK-160641,0.37034593960715334,0
BOOK-192326,0.37034593960715334,0
BOOK-215050,0.37034593960715334,0
BOOK-135868,0.37034593960715334,0
BOOK-198647,0.37034593960715334,0
BOOK-123876,0.37034593960715334,0
BOOK-122453,0.37034593960715334,0
BOOK-199969,0.37034593960715334,0
BOOK-159880,0.37034593960715334,0
BOOK-212297,0.37034593960715334,0
BOOK-123244,0.37034593960715334,0
BOOK-114808,0.37034593960715334,0
BOOK-147447,0.37034593960715334,0
BOOK-193023,0.37034593960715334,0
BOOK-143167,0.37034593960715334,0
BOOK-180488,0.37034593960715334,0
BOOK-101477,0.37034593960715334,0
BOOK-145080,0.37034593960715334,0
BOOK-160696,0.37034593960715334,0
BOOK-167390,0.37034593960715334,0
BOOK-138117,0.37034593960715334,0
BOOK-215352,0.37034593960715334,0
BOOK-162996,0.37034593960715334,0
BOOK-160581,0.37034593960715334,0
BOOK-141242,0.37034593960715334,0
BOOK-152666,0.37034593960715334,0
BOOK-141254,0.37034593960715334,0
BOOK-186071,0.37034593960715334,0
BOOK-205862,0.37034593960715334,0
BOOK-133394,0.37034593960715334,0
BOOK-218623,0.37034593960715334,0
BOOK-202733,0.37034593960715334,0
BOOK-100510,0.37034593960715334,0
BOOK-137940,0.37034593960715334,0
BOOK-157653,0.37034593960715334,0
BOOK-199732,0.37034593960715334,0
BOOK-145374,0.37034593960715334,0
BOOK-218645,0.37034593960715334,0
BOOK-124595,0.37034593960715334,0
BOOK-137797,0.37034593960715334,0
BOOK-181938,0.37034593960715334,0
BOOK-115209,0.37034593960715334,0
BOOK-194930,0.37034593960715334,0
BOOK-185665,0.37034593960715334,0
BOOK-206195,0.37034593960715334,0
BOOK-137967,0.37034593960715334,0
BOOK-141645,0.37034593960715334,0
BOOK-120988,0.37034593960715334,0
BOOK-130392,0.37034593960715334,0
BOOK-157005,0.37034593960715334,0
BOOK-175400,0.37034593960715334,0
BOOK-125999,0.37034593960715334,0
BOOK-194212,0.37034593960715334,0
BOOK-122031,0.37034593960715334,0
BOOK-217212,0.37034593960715334,0
BOOK-163689,0.37034593960715334,0
BOOK-102202,0.37034593960715334,0
BOOK-201731,0.37034593960715334,0
BOOK-111521,0.37034593960715334,0
BOOK-190760,0.37034593960715334,0
BOOK-199720,0.37034593960715334,0
BOOK-133638,0.37034593960715334,0
BOOK-105650,0.37034593960715334,0
BOOK-123468,0.37034593960715334,0
BOOK-181030,0.37034593960715334,0
BOOK-111228,0.37034593960715334,0
BOOK-111119,0.37034593960715334,0
BOOK-156324,0.37034593960715334,0
BOOK-204261,0.37034593960715334,0
BOOK-167816,0.37034593960715334,0
BOOK-149717,0.37034593960715334,0
BOOK-150469,0.37034593960715334,0
BOOK-125719,0.37034593960715334,0
BOOK-166713,0.37034593960715334,0
BOOK-177838,0.37034593960715334,0
BOOK-185419,0.37034593960715334,0
BOOK-135938,0.37034593960715334,0
BOOK-165418,0.37034593960715334,0
BOOK-112761,0.37034593960715334,0
BOOK-101003,0.37034593960715334,0
BOOK-211610,0.37034593960715334,0
BOOK-188002,0.37034593960715334,0
BOOK-139660,0.37034593960715334,0
BOOK-104089,0.37034593960715334,0
BOOK-191850,0.37034593960715334,0
BOOK-218468,0.37034593960715334,0
BOOK-145882,0.37034593960715334,0
BOOK-102548,0.37034593960715334,0
BOOK-127175,0.37034593960715334,0
BOOK-123343,0.37034593960715334,0
BOOK-137887,0.37034593960715334,0
BOOK-190321,0.37034593960715334,0
BOOK-113347,0.37034593960715334,0
BOOK-132630,0.37034593960715334,0
BOOK-168406,0.37034593960715334,0
BOOK-169432,0.37034593960715334,0
BOOK-124678,0.37034593960715334,0
BOOK-166598,0.37034593960715334,0
BOOK-206710,0.37034593960715334,0
BOOK-119249,0.37034593960715334,0
BOOK-106148,0.37034593960715334,0
BOOK-189424,0.37034593960715334,0
BOOK-173030,0.37034593960715334,0
BOOK-165379,0.37034593960715334,0
BOOK-200352,0.37034593960715334,0
BOOK-216229,0.37034593960715334,0
BOOK-162680,0.37034593960715334,0
BOOK-162561,0.37034593960715334,0
BOOK-154135,0.37034593960715334,0
BOOK-108129,0.37034593960715334,0
BOOK-116676,0.37034593960715334,0
BOOK-140696,0.37034593960715334,0
BOOK-214563,0.37034593960715334,0
BOOK-138092,0.37034593960715334,0
BOOK-189007,0.37034593960715334,0
BOOK-197252,0.37034593960715334,0
BOOK-133032,0.37034593960715334,0
BOOK-210787,0.37034593960715334,0
BOOK-207725,0.37034593960715334,0
BOOK-134356,0.37034593960715334,0
BOOK-128826,0.37034593960715334,0
BOOK-169240,0.37034593960715334,0
BOOK-153777,0.37034593960715334,0
BOOK-108553,0.37034593960715334,0
BOOK-148420,0.37034593960715334,0
BOOK-182137,0.37034593960715334,0
BOOK-207503,0.37034593960715334,0
BOOK-146832,0.37034593960715334,0
BOOK-160204,0.37034593960715334,0
BOOK-136805,0.37034593960715334,0
BOOK-158583,0.37034593960715334,0
BOOK-197006,0.37034593960715334,0
BOOK-135245,0.37034593960715334,0
BOOK-117371,0.37034593960715334,0
BOOK-210992,0.37034593960715334,0
BOOK-107579,0.37034593960715334,0
BOOK-171076,0.37034593960715334,0
BOOK-149963,0.37034593960715334,0
BOOK-176907,0.37034593960715334,0
BOOK-110769,0.37034593960715334,0
BOOK-109709,0.37034593960715334,0
BOOK-112740,0.37034593960715334,0
BOOK-125998,0.37034593960715334,0
BOOK-182317,0.37034593960715334,0
BOOK-210892,0.37034593960715334,0
BOOK-184144,0.37034593960715334,0
BOOK-218610,0.37034593960715334,0
BOOK-150958,0.37034593960715334,0
BOOK-149241,0.37034593960715334,0
BOOK-211077,0.37034593960715334,0
BOOK-144752,0.37034593960715334,0
BOOK-174134,0.37034593960715334,0
BOOK-190893,0.37034593960715334,0
BOOK-144152,0.37034593960715334,0
BOOK-185716,0.37034593960715334,0
BOOK-160649,0.37034593960715334,0
BOOK-104901,0.37034593960715334,0
BOOK-126507,0.37034593960715334,0
BOOK-186715,0.37034593960715334,0
BOOK-169456,0.37034593960715334,0
BOOK-110819,0.37034593960715334,0
BOOK-110150,0.37034593960715334,0
BOOK-165499,0.37034593960715334,0
BOOK-103409,0.37034593960715334,0
BOOK-174154,0.37034593960715334,0
BOOK-183769,0.37034593960715334,0
BOOK-191738,0.37034593960715334,0
BOOK-108417,0.37034593960715334,0
BOOK-202714,0.37034593960715334,0
BOOK-197651,0.37034593960715334,0
BOOK-204422,0.37034593960715334,0
BOOK-186809,0.37034593960715334,0
BOOK-135170,0.37034593960715334,0
BOOK-176383,0.37034593960715334,0
BOOK-185064,0.37034593960715334,0
BOOK-119322,0.37034593960715334,0
BOOK-209365,0.37034593960715334,0
BOOK-104892,0.37034593960715334,0
BOOK-120575,0.37034593960715334,0
BOOK-209501,0.37034593960715334,0
BOOK-141754,0.37034593960715334,0
BOOK-141019,0.37034593960715334,0
BOOK-102074,0.37034593960715334,0
BOOK-104317,0.37034593960715334,0
BOOK-108255,0.37034593960715334,0
BOOK-121890,0.37034593960715334,0
BOOK-160550,0.37034593960715334,0
BOOK-171549,0.37034593960715334,0
BOOK-137734,0.37034593960715334,0
BOOK-147622,0.37034593960715334,0
BOOK-110153,0.37034593960715334,0
BOOK-198023,0.37034593960715334,0
BOOK-120050,0.37034593960715334,0
BOOK-121338,0.37034593960715334,0
BOOK-205227,0.37034593960715334,0
BOOK-161179,0.37034593960715334,0
BOOK-183586,0.37034593960715334,0
BOOK-218394,0.37034593960715334,0
BOOK-192697,0.37034593960715334,0
BOOK-160496,0.37034593960715334,0
BOOK-112475,0.37034593960715334,0
BOOK-117227,0.37034593960715334,0
BOOK-170417,0.37034593960715334,0
BOOK-160663,0.37034593960715334,0
BOOK-184928,0.37034593960715334,0
BOOK-126204,0.37034593960715334,0
BOOK-166392,0.37034593960715334,0
BOOK-147325,0.37034593960715334,0
BOOK-120113,0.37034593960715334,0
BOOK-204796,0.37034593960715334,0
BOOK-172118,0.37034593960715334,0
BOOK-125843,0.37034593960715334,0
BOOK-170940,0.37034593960715334,0
BOOK-146363,0.37034593960715334,0
BOOK-218128,0.37034593960715334,0
BOOK-158303,0.37034593960715334,0
BOOK-131149,0.37034593960715334,0
BOOK-170711,0.37034593960715334,0
BOOK-124908,0.37034593960715334,0
BOOK-116839,0.37034593960715334,0
BOOK-160519,0.37034593960715334,0
BOOK-161198,0.37034593960715334,0
BOOK-147389,0.37034593960715334,0
BOOK-184799,0.37034593960715334,0
BOOK-178515,0.37034593960715334,0
BOOK-112592,0.37034593960715334,0
BOOK-170927,0.37034593960715334,0
BOOK-215612,0.37034593960715334,0
BOOK-139536,0.37034593960715334,0
BOOK-100502,0.37034593960715334,0
BOOK-122084,0.37034593960715334,0
BOOK-149225,0.37034593960715334,0
BOOK-217021,0.37034593960715334,0
BOOK-101015,0.37034593960715334,0
BOOK-110392,0.37034593960715334,0
BOOK-147756,0.37034593960715334,0
BOOK-159350,0.37034593960715334,0
BOOK-206098,0.37034593960715334,0
BOOK-135912,0.37034593960715334,0
BOOK-141984,0.37034593960715334,0
BOOK-101455,0.37034593960715334,0
BOOK-108230,0.37034593960715334,0
BOOK-164391,0.37034593960715334,0
BOOK-216661,0.37034593960715334,0
BOOK-142265,0.37034593960715334,0
BOOK-148571,0.37034593960715334,0
BOOK-101184,0.37034593960715334,0
BOOK-201492,0.37034593960715334,0
BOOK-130678,0.37034593960715334,0
BOOK-133126,0.37034593960715334,0
BOOK-169058,0.37034593960715334,0
BOOK-136123,0.37034593960715334,0
BOOK-216464,0.37034593960715334,0
BOOK-141506,0.37034593960715334,0
BOOK-209647,0.37034593960715334,0
BOOK-125766,0.37034593960715334,0
BOOK-114995,0.37034593960715334,0
BOOK-110536,0.37034593960715334,0
BOOK-100584,0.37034593960715334,0
BOOK-188547,0.37034593960715334,0
BOOK-188336,0.37034593960715334,0
BOOK-188683,0.37034593960715334,0
BOOK-192501,0.37034593960715334,0
BOOK-196156,0.37034593960715334,0
BOOK-139496,0.37034593960715334,0
BOOK-218735,0.37034593960715334,0
BOOK-116763,0.37034593960715334,0
BOOK-150216,0.37034593960715334,0
BOOK-145460,0.37034593960715334,0
BOOK-123094,0.37034593960715334,0
BOOK-215107,0.37034593960715334,0
BOOK-174944,0.37034593960715334,0
BOOK-210673,0.37034593960715334,0
BOOK-168683,0.37034593960715334,0
BOOK-135545,0.37034593960715334,0
BOOK-198622,0.37034593960715334,0
BOOK-151555,0.37034593960715334,0
BOOK-191130,0.37034593960715334,0
BOOK-148083,0.37034593960715334,0
BOOK-146159,0.37034593960715334,0
BOOK-217342,0.37034593960715334,0
BOOK-201441,0.37034593960715334,0
BOOK-205359,0.37034593960715334,0
BOOK-211722,0.37034593960715334,0
BOOK-111836,0.37034593960715334,0
BOOK-183609,0.37034593960715334,0
BOOK-147595,0.37034593960715334,0
BOOK-180118,0.37034593960715334,0
BOOK-137977,0.37034593960715334,0
BOOK-168810,0.37034593960715334,0
BOOK-115765,0.37034593960715334,0
BOOK-169154,0.37034593960715334,0
BOOK-203882,0.37034593960715334,0
BOOK-159333,0.37034593960715334,0
BOOK-169442,0.37034593960715334,0
BOOK-103034,0.37034593960715334,0
BOOK-186217,0.37034593960715334,0
BOOK-209834,0.37034593960715334,0
BOOK-180458,0.37034593960715334,0
BOOK-186472,0.37034593960715334,0
BOOK-128684,0.37034593960715334,0
BOOK-161850,0.37034593960715334,0
BOOK-184587,0.37034593960715334,0
BOOK-186603,0.37034593960715334,0
BOOK-134053,0.37034593960715334,0
BOOK-101404,0.37034593960715334,0
BOOK-163888,0.37034593960715334,0
BOOK-143729,0.37034593960715334,0
BOOK-162320,0.37034593960715334,0
BOOK-101751,0.37034593960715334,0
BOOK-118437,0.37034593960715334,0
BOOK-137771,0.37034593960715334,0
BOOK-194020,0.37034593960715334,0
BOOK-170152,0.37034593960715334,0
BOOK-142556,0.37034593960715334,0
BOOK-187112,0.37034593960715334,0
BOOK-158884,0.37034593960715334,0
BOOK-131442,0.37034593960715334,0
BOOK-154565,0.37034593960715334,0
BOOK-188577,0.37034593960715334,0
BOOK-123359,0.37034593960715334,0
BOOK-170057,0.37034593960715334,0
BOOK-176197,0.37034593960715334,0
BOOK-203122,0.37034593960715334,0
BOOK-152148,0.37034593960715334,0
BOOK-194384,0.37034593960715334,0
BOOK-104443,0.37034593960715334,0
BOOK-183824,0.37034593960715334,0
BOOK-148429,0.37034593960715334,0
BOOK-185038,0.37034593960715334,0
BOOK-191078,0.37034593960715334,0
BOOK-101655,0.37034593960715334,0
BOOK-142023,0.37034593960715334,0
BOOK-176924,0.37034593960715334,0
BOOK-159676,0.37034593960715334,0
BOOK-209125,0.37034593960715334,0
BOOK-200828,0.37034593960715334,0
BOOK-121543,0.37034593960715334,0
BOOK-176796,0.37034593960715334,0
BOOK-126313,0.37034593960715334,0
BOOK-162903,0.37034593960715334,0
BOOK-201406,0.37034593960715334,0
BOOK-189847,0.37034593960715334,0
BOOK-139421,0.37034593960715334,0
BOOK-195883,0.37034593960715334,0
BOOK-203991,0.37034593960715334,0
BOOK-218249,0.37034593960715334,0
BOOK-132857,0.37034593960715334,0
BOOK-161792,0.37034593960715334,0
BOOK-143771,0.37034593960715334,0
BOOK-149148,0.37034593960715334,0
BOOK-209194,0.37034593960715334,0
BOOK-148272,0.37034593960715334,0
BOOK-119859,0.37034593960715334,0
BOOK-149620,0.37034593960715334,0
BOOK-146477,0.37034593960715334,0
BOOK-144428,0.37034593960715334,0
BOOK-110393,0.37034593960715334,0
BOOK-120308,0.37034593960715334,0
BOOK-214854,0.37034593960715334,0
BOOK-163941,0.37034593960715334,0
BOOK-185279,0.37034593960715334,0
BOOK-138937,0.37034593960715334,0
BOOK-102945,0.37034593960715334,0
BOOK-123924,0.37034593960715334,0
BOOK-162837,0.37034593960715334,0
BOOK-212603,0.37034593960715334,0
BOOK-109614,0.37034593960715334,0
BOOK-197249,0.37034593960715334,0
BOOK-150850,0.37034593960715334,0
BOOK-191742,0.37034593960715334,0
BOOK-192090,0.37034593960715334,0
BOOK-105777,0.37034593960715334,0
BOOK-105686,0.37034593960715334,0
BOOK-213135,0.37034593960715334,0
BOOK-188109,0.37034593960715334,0
BOOK-153315,0.37034593960715334,0
BOOK-124133,0.37034593960715334,0
BOOK-205326,0.37034593960715334,0
BOOK-106649,0.37034593960715334,0
BOOK-199690,0.37034593960715334,0
BOOK-120281,0.37034593960715334,0
BOOK-205614,0.37034593960715334,0
BOOK-173540,0.37034593960715334,0
BOOK-209611,0.37034593960715334,0
BOOK-202486,0.37034593960715334,0
BOOK-197547,0.37034593960715334,0
BOOK-130296,0.37034593960715334,0
BOOK-106971,0.37034593960715334,0
BOOK-205361,0.37034593960715334,0
BOOK-112118,0.37034593960715334,0
BOOK-217519,0.37034593960715334,0
BOOK-146917,0.37034593960715334,0
BOOK-156916,0.37034593960715334,0
BOOK-183831,0.37034593960715334,0
BOOK-149862,0.37034593960715334,0
BOOK-166172,0.37034593960715334,0
BOOK-115446,0.37034593960715334,0
BOOK-155756,0.37034593960715334,0
BOOK-123585,0.37034593960715334,0
BOOK-127592,0.37034593960715334,0
BOOK-113050,0.37034593960715334,0
BOOK-106944,0.37034593960715334,0
BOOK-131270,0.37034593960715334,0
BOOK-122758,0.37034593960715334,0
BOOK-179168,0.37034593960715334,0
BOOK-194211,0.37034593960715334,0
BOOK-114874,0.37034593960715334,0
BOOK-192349,0.37034593960715334,0
BOOK-172449,0.37034593960715334,0
BOOK-107156,0.37034593960715334,0
BOOK-121757,0.37034593960715334,0
BOOK-156215,0.37034593960715334,0
BOOK-113708,0.37034593960715334,0
BOOK-132784,0.37034593960715334,0
BOOK-179278,0.37034593960715334,0
BOOK-126559,0.37034593960715334,0
BOOK-168208,0.37034593960715334,0
BOOK-171872,0.37034593960715334,0
BOOK-160413,0.37034593960715334,0
BOOK-206522,0.37034593960715334,0
BOOK-168224,0.37034593960715334,0
BOOK-124647,0.37034593960715334,0
BOOK-195302,0.37034593960715334,0
BOOK-112938,0.37034593960715334,0
BOOK-147924,0.37034593960715334,0
BOOK-141169,0.37034593960715334,0
BOOK-188394,0.37034593960715334,0
BOOK-123038,0.37034593960715334,0
BOOK-166373,0.37034593960715334,0
BOOK-143256,0.37034593960715334,0
BOOK-137861,0.37034593960715334,0
BOOK-114409,0.37034593960715334,0
BOOK-167989,0.37034593960715334,0
BOOK-208121,0.37034593960715334,0
BOOK-175167,0.37034593960715334,0
BOOK-144206,0.37034593960715334,0
BOOK-197985,0.37034593960715334,0
BOOK-109279,0.37034593960715334,0
BOOK-199362,0.37034593960715334,0
BOOK-117357,0.37034593960715334,0
BOOK-149735,0.37034593960715334,0
BOOK-211912,0.37034593960715334,0
BOOK-134734,0.37034593960715334,0
BOOK-213255,0.37034593960715334,0
BOOK-186978,0.37034593960715334,0
BOOK-194746,0.37034593960715334,0
BOOK-107504,0.37034593960715334,0
BOOK-208106,0.37034593960715334,0
BOOK-157467,0.37034593960715334,0
BOOK-178050,0.37034593960715334,0
BOOK-178998,0.37034593960715334,0
BOOK-151179,0.37034593960715334,0
BOOK-200525,0.37034593960715334,0
BOOK-172357,0.37034593960715334,0
BOOK-186025,0.37034593960715334,0
BOOK-185072,0.37034593960715334,0
BOOK-215890,0.37034593960715334,0
BOOK-132458,0.37034593960715334,0
BOOK-131956,0.37034593960715334,0
BOOK-197167,0.37034593960715334,0
BOOK-107912,0.37034593960715334,0
BOOK-103849,0.37034593960715334,0
BOOK-128737,0.37034593960715334,0
BOOK-172820,0.37034593960715334,0
BOOK-173949,0.37034593960715334,0
BOOK-153372,0.37034593960715334,0
BOOK-153687,0.37034593960715334,0
BOOK-176844,0.37034593960715334,0
BOOK-203820,0.37034593960715334,0
BOOK-206031,0.37034593960715334,0
BOOK-162104,0.37034593960715334,0
BOOK-161139,0.37034593960715334,0
BOOK-152333,0.37034593960715334,0
BOOK-111619,0.37034593960715334,0
BOOK-138275,0.37034593960715334,0
BOOK-151202,0.37034593960715334,0
BOOK-217356,0.37034593960715334,0
BOOK-200720,0.37034593960715334,0
BOOK-214947,0.37034593960715334,0
BOOK-196199,0.37034593960715334,0
BOOK-166768,0.37034593960715334,0
BOOK-155117,0.37034593960715334,0
BOOK-114048,0.37034593960715334,0
BOOK-195150,0.37034593960715334,0
BOOK-140996,0.37034593960715334,0
BOOK-187708,0.37034593960715334,0
BOOK-166154,0.37034593960715334,0
BOOK-182621,0.37034593960715334,0
BOOK-168787,0.37034593960715334,0
BOOK-188703,0.37034593960715334,0
BOOK-162760,0.37034593960715334,0
BOOK-124217,0.37034593960715334,0
BOOK-132411,0.37034593960715334,0
BOOK-186088,0.37034593960715334,0
BOOK-213357,0.37034593960715334,0
BOOK-179212,0.37034593960715334,0
BOOK-217516,0.37034593960715334,0
BOOK-112789,0.37034593960715334,0
BOOK-123445,0.37034593960715334,0
BOOK-116726,0.37034593960715334,0
BOOK-133121,0.37034593960715334,0
BOOK-157331,0.37034593960715334,0
BOOK-150220,0.37034593960715334,0
BOOK-106446,0.37034593960715334,0
BOOK-100563,0.37034593960715334,0
BOOK-120278,0.37034593960715334,0
BOOK-204890,0.37034593960715334,0
BOOK-122083,0.37034593960715334,0
BOOK-217820,0.37034593960715334,0
BOOK-124634,0.37034593960715334,0
BOOK-199334,0.37034593960715334,0
BOOK-133898,0.37034593960715334,0
BOOK-149467,0.37034593960715334,0
BOOK-205154,0.37034593960715334,0
BOOK-204029,0.37034593960715334,0
BOOK-173984,0.37034593960715334,0
BOOK-145339,0.37034593960715334,0
BOOK-115220,0.37034593960715334,0
BOOK-210061,0.37034593960715334,0
BOOK-138490,0.37034593960715334,0
BOOK-197465,0.37034593960715334,0
BOOK-215094,0.37034593960715334,0
BOOK-191883,0.37034593960715334,0
BOOK-153743,0.37034593960715334,0
BOOK-107496,0.37034593960715334,0
BOOK-181826,0.37034593960715334,0
BOOK-195031,0.37034593960715334,0
BOOK-128572,0.37034593960715334,0
BOOK-218585,0.37034593960715334,0
BOOK-112767,0.37034593960715334,0
BOOK-102430,0.37034593960715334,0
BOOK-119722,0.37034593960715334,0
BOOK-198773,0.37034593960715334,0
BOOK-199111,0.37034593960715334,0
BOOK-107809,0.37034593960715334,0
BOOK-163769,0.37034593960715334,0
BOOK-150548,0.37034593960715334,0
BOOK-102133,0.37034593960715334,0
BOOK-186349,0.37034593960715334,0
BOOK-141416,0.37034593960715334,0
BOOK-144217,0.37034593960715334,0
BOOK-197798,0.37034593960715334,0
BOOK-200289,0.37034593960715334,0
BOOK-198634,0.37034593960715334,0
BOOK-136750,0.37034593960715334,0
BOOK-177334,0.37034593960715334,0
BOOK-143083,0.37034593960715334,0
BOOK-173501,0.37034593960715334,0
BOOK-116353,0.37034593960715334,0
BOOK-130502,0.37034593960715334,0
BOOK-218867,0.37034593960715334,0
BOOK-138398,0.37034593960715334,0
BOOK-142721,0.37034593960715334,0
BOOK-218319,0.37034593960715334,0
BOOK-209859,0.37034593960715334,0
BOOK-100592,0.37034593960715334,0
BOOK-107254,0.37034593960715334,0
BOOK-168114,0.37034593960715334,0
BOOK-133157,0.37034593960715334,0
BOOK-184839,0.37034593960715334,0
BOOK-200332,0.37034593960715334,0
BOOK-201905,0.37034593960715334,0
BOOK-203282,0.37034593960715334,0
BOOK-202050,0.37034593960715334,0
BOOK-208069,0.37034593960715334,0
BOOK-159321,0.37034593960715334,0
BOOK-199587,0.37034593960715334,0
BOOK-188427,0.37034593960715334,0
BOOK-177211,0.37034593960715334,0
BOOK-157004,0.37034593960715334,0
BOOK-148339,0.37034593960715334,0
BOOK-173015,0.37034593960715334,0
BOOK-125028,0.37034593960715334,0
BOOK-209933,0.37034593960715334,0
BOOK-175203,0.37034593960715334,0
BOOK-160662,0.37034593960715334,0
BOOK-140321,0.37034593960715334,0
BOOK-118693,0.37034593960715334,0
BOOK-211759,0.37034593960715334,0
BOOK-165699,0.37034593960715334,0
BOOK-101252,0.37034593960715334,0
BOOK-193735,0.37034593960715334,0
BOOK-184956,0.37034593960715334,0
BOOK-112323,0.37034593960715334,0
BOOK-153133,0.37034593960715334,0
BOOK-179840,0.37034593960715334,0
BOOK-156428,0.37034593960715334,0
BOOK-152539,0.37034593960715334,0
BOOK-103825,0.37034593960715334,0
BOOK-206572,0.37034593960715334,0
BOOK-209187,0.37034593960715334,0
BOOK-175006,0.37034593960715334,0
BOOK-111822,0.37034593960715334,0
BOOK-180978,0.37034593960715334,0
BOOK-214053,0.37034593960715334,0
BOOK-131791,0.37034593960715334,0
BOOK-152604,0.37034593960715334,0
BOOK-158229,0.37034593960715334,0
BOOK-183414,0.37034593960715334,0
BOOK-158201,0.37034593960715334,0
BOOK-159934,0.37034593960715334,0
BOOK-132525,0.37034593960715334,0
BOOK-188724,0.37034593960715334,0
BOOK-124578,0.37034593960715334,0
BOOK-183228,0.37034593960715334,0
BOOK-171707,0.37034593960715334,0
BOOK-196809,0.37034593960715334,0
BOOK-102188,0.37034593960715334,0
BOOK-144380,0.37034593960715334,0
BOOK-115682,0.37034593960715334,0
BOOK-189063,0.37034593960715334,0
BOOK-205464,0.37034593960715334,0
BOOK-108013,0.37034593960715334,0
BOOK-206765,0.37034593960715334,0
BOOK-180086,0.37034593960715334,0
BOOK-170882,0.37034593960715334,0
BOOK-113220,0.37034593960715334,0
BOOK-217375,0.37034593960715334,0
BOOK-137901,0.37034593960715334,0
BOOK-177197,0.37034593960715334,0
BOOK-135330,0.37034593960715334,0
BOOK-170018,0.37034593960715334,0
BOOK-127011,0.37034593960715334,0
BOOK-101949,0.37034593960715334,0
BOOK-213133,0.37034593960715334,0
BOOK-166921,0.37034593960715334,0
BOOK-143880,0.37034593960715334,0
BOOK-216281,0.37034593960715334,0
BOOK-187770,0.37034593960715334,0
BOOK-113150,0.37034593960715334,0
BOOK-192410,0.37034593960715334,0
BOOK-184044,0.37034593960715334,0
BOOK-106572,0.37034593960715334,0
BOOK-153230,0.37034593960715334,0
BOOK-169656,0.37034593960715334,0
BOOK-108267,0.37034593960715334,0
BOOK-212277,0.37034593960715334,0
BOOK-203753,0.37034593960715334,0
BOOK-110072,0.37034593960715334,0
BOOK-176298,0.37034593960715334,0
BOOK-173159,0.37034593960715334,0
BOOK-181408,0.37034593960715334,0
BOOK-154762,0.37034593960715334,0
BOOK-184599,0.37034593960715334,0
BOOK-115538,0.37034593960715334,0
BOOK-204558,0.37034593960715334,0
BOOK-121368,0.37034593960715334,0
BOOK-171765,0.37034593960715334,0
BOOK-154265,0.37034593960715334,0
BOOK-172362,0.37034593960715334,0
BOOK-192979,0.37034593960715334,0
BOOK-109804,0.37034593960715334,0
BOOK-110401,0.37034593960715334,0
BOOK-132418,0.37034593960715334,0
BOOK-206276,0.37034593960715334,0
BOOK-100800,0.37034593960715334,0
BOOK-147383,0.37034593960715334,0
BOOK-215974,0.37034593960715334,0
BOOK-167744,0.37034593960715334,0
BOOK-103977,0.37034593960715334,0
BOOK-138721,0.37034593960715334,0
BOOK-111784,0.37034593960715334,0
BOOK-183908,0.37034593960715334,0
BOOK-128859,0.37034593960715334,0
BOOK-152055,0.37034593960715334,0
BOOK-108861,0.37034593960715334,0
BOOK-215883,0.37034593960715334,0
BOOK-121804,0.37034593960715334,0
BOOK-211331,0.37034593960715334,0
BOOK-120019,0.37034593960715334,0
BOOK-108752,0.37034593960715334,0
BOOK-205669,0.37034593960715334,0
BOOK-180721,0.37034593960715334,0
BOOK-158499,0.37034593960715334,0
BOOK-217492,0.37034593960715334,0
BOOK-138075,0.37034593960715334,0
BOOK-180097,0.37034593960715334,0
BOOK-139746,0.37034593960715334,0
BOOK-133836,0.37034593960715334,0
BOOK-101822,0.37034593960715334,0
BOOK-185578,0.37034593960715334,0
BOOK-204223,0.37034593960715334,0
BOOK-162016,0.37034593960715334,0
BOOK-133661,0.37034593960715334,0
BOOK-178212,0.37034593960715334,0
BOOK-203067,0.37034593960715334,0
BOOK-137515,0.37034593960715334,0
BOOK-195475,0.37034593960715334,0
BOOK-166107,0.37034593960715334,0
BOOK-183429,0.37034593960715334,0
BOOK-135289,0.37034593960715334,0
BOOK-121461,0.37034593960715334,0
BOOK-163794,0.37034593960715334,0
BOOK-168452,0.37034593960715334,0
BOOK-192738,0.37034593960715334,0
BOOK-161489,0.37034593960715334,0
BOOK-183430,0.37034593960715334,0
BOOK-163123,0.37034593960715334,0
BOOK-169682,0.37034593960715334,0
BOOK-217789,0.37034593960715334,0
BOOK-103157,0.37034593960715334,0
BOOK-191007,0.37034593960715334,0
BOOK-109096,0.37034593960715334,0
BOOK-204205,0.37034593960715334,0
BOOK-115204,0.37034593960715334,0
BOOK-206736,0.37034593960715334,0
BOOK-169087,0.37034593960715334,0
BOOK-113451,0.37034593960715334,0
BOOK-215609,0.37034593960715334,0
BOOK-151446,0.37034593960715334,0
BOOK-199567,0.37034593960715334,0
BOOK-139783,0.37034593960715334,0
BOOK-130110,0.37034593960715334,0
BOOK-145078,0.37034593960715334,0
BOOK-202854,0.37034593960715334,0
BOOK-124786,0.37034593960715334,0
BOOK-167938,0.37034593960715334,0
BOOK-109079,0.37034593960715334,0
BOOK-101594,0.37034593960715334,0
BOOK-117731,0.37034593960715334,0
BOOK-124660,0.37034593960715334,0
BOOK-150561,0.37034593960715334,0
BOOK-175630,0.37034593960715334,0
BOOK-187015,0.37034593960715334,0
BOOK-198549,0.37034593960715334,0
BOOK-155776,0.37034593960715334,0
BOOK-191736,0.37034593960715334,0
BOOK-209201,0.37034593960715334,0
BOOK-105370,0.37034593960715334,0
BOOK-162688,0.37034593960715334,0
BOOK-151494,0.37034593960715334,0
BOOK-215223,0.37034593960715334,0
BOOK-187649,0.37034593960715334,0
BOOK-139699,0.37034593960715334,0
BOOK-192177,0.37034593960715334,0
BOOK-167192,0.37034593960715334,0
BOOK-182952,0.37034593960715334,0
BOOK-125336,0.37034593960715334,0
BOOK-113737,0.37034593960715334,0
BOOK-119194,0.37034593960715334,0
BOOK-154325,0.37034593960715334,0
BOOK-205538,0.37034593960715334,0
BOOK-128960,0.37034593960715334,0
BOOK-212031,0.37034593960715334,0
BOOK-172750,0.37034593960715334,0
BOOK-192138,0.37034593960715334,0
BOOK-140523,0.37034593960715334,0
BOOK-201359,0.37034593960715334,0
BOOK-128502,0.37034593960715334,0
BOOK-128838,0.37034593960715334,0
BOOK-187579,0.37034593960715334,0
BOOK-128874,0.37034593960715334,0
BOOK-158501,0.37034593960715334,0
BOOK-144016,0.37034593960715334,0
BOOK-125532,0.37034593960715334,0
BOOK-176211,0.37034593960715334,0
BOOK-175133,0.37034593960715334,0
BOOK-164694,0.37034593960715334,0
BOOK-159592,0.37034593960715334,0
BOOK-185174,0.37034593960715334,0
BOOK-159467,0.37034593960715334,0
BOOK-194134,0.37034593960715334,0
BOOK-156306,0.37034593960715334,0
BOOK-185900,0.37034593960715334,0
BOOK-126168,0.37034593960715334,0
BOOK-212977,0.37034593960715334,0
BOOK-139228,0.37034593960715334,0
BOOK-135843,0.37034593960715334,0
BOOK-164924,0.37034593960715334,0
BOOK-161077,0.37034593960715334,0
BOOK-205436,0.37034593960715334,0
BOOK-203389,0.37034593960715334,0
BOOK-181218,0.37034593960715334,0
BOOK-126544,0.37034593960715334,0
BOOK-216728,0.37034593960715334,0
BOOK-183151,0.37034593960715334,0
BOOK-154757,0.37034593960715334,0
BOOK-142278,0.37034593960715334,0
BOOK-214310,0.37034593960715334,0
BOOK-142170,0.37034593960715334,0
BOOK-205424,0.37034593960715334,0
BOOK-137530,0.37034593960715334,0
BOOK-145064,0.37034593960715334,0
BOOK-188550,0.37034593960715334,0
BOOK-103716,0.37034593960715334,0
BOOK-106366,0.37034593960715334,0
BOOK-139320,0.37034593960715334,0
BOOK-109945,0.37034593960715334,0
BOOK-199234,0.37034593960715334,0
BOOK-162644,0.37034593960715334,0
BOOK-114777,0.37034593960715334,0
BOOK-212042,0.37034593960715334,0
BOOK-201860,0.37034593960715334,0
BOOK-143895,0.37034593960715334,0
BOOK-134224,0.37034593960715334,0
BOOK-155532,0.37034593960715334,0
BOOK-153627,0.37034593960715334,0
BOOK-119431,0.37034593960715334,0
BOOK-185622,0.37034593960715334,0
BOOK-215291,0.37034593960715334,0
BOOK-114980,0.37034593960715334,0
BOOK-149849,0.37034593960715334,0
BOOK-158672,0.37034593960715334,0
BOOK-122614,0.37034593960715334,0
BOOK-206240,0.37034593960715334,0
BOOK-209120,0.37034593960715334,0
BOOK-136378,0.37034593960715334,0
BOOK-122120,0.37034593960715334,0
BOOK-136291,0.37034593960715334,0
BOOK-211806,0.37034593960715334,0
BOOK-160014,0.37034593960715334,0
BOOK-171499,0.37034593960715334,0
BOOK-191209,0.37034593960715334,0
BOOK-152872,0.37034593960715334,0
BOOK-163377,0.37034593960715334,0
BOOK-181087,0.37034593960715334,0
BOOK-198999,0.37034593960715334,0
BOOK-195248,0.37034593960715334,0
BOOK-109428,0.37034593960715334,0
BOOK-214148,0.37034593960715334,0
BOOK-150579,0.37034593960715334,0
BOOK-205129,0.37034593960715334,0
BOOK-184723,0.37034593960715334,0
BOOK-146690,0.37034593960715334,0
BOOK-138819,0.37034593960715334,0
BOOK-213087,0.37034593960715334,0
BOOK-106452,0.37034593960715334,0
BOOK-139307,0.37034593960715334,0
BOOK-173238,0.37034593960715334,0
BOOK-111407,0.37034593960715334,0
BOOK-210347,0.37034593960715334,0
BOOK-204698,0.37034593960715334,0
BOOK-164461,0.37034593960715334,0
BOOK-187886,0.37034593960715334,0
BOOK-200914,0.37034593960715334,0
BOOK-200678,0.37034593960715334,0
BOOK-143621,0.37034593960715334,0
BOOK-117843,0.37034593960715334,0
BOOK-150671,0.37034593960715334,0
BOOK-203585,0.37034593960715334,0
BOOK-144368,0.37034593960715334,0
BOOK-154675,0.37034593960715334,0
BOOK-173592,0.37034593960715334,0
BOOK-169112,0.37034593960715334,0
BOOK-168833,0.37034593960715334,0
BOOK-110134,0.37034593960715334,0
BOOK-202699,0.37034593960715334,0
BOOK-109461,0.37034593960715334,0
BOOK-216692,0.37034593960715334,0
BOOK-219242,0.37034593960715334,0
BOOK-171053,0.37034593960715334,0
BOOK-122666,0.37034593960715334,0
BOOK-187148,0.37034593960715334,0
BOOK-183134,0.37034593960715334,0
BOOK-157971,0.37034593960715334,0
BOOK-213165,0.37034593960715334,0
BOOK-126786,0.37034593960715334,0
BOOK-117072,0.37034593960715334,0
BOOK-159442,0.37034593960715334,0
BOOK-198703,0.37034593960715334,0
BOOK-156256,0.37034593960715334,0
BOOK-163705,0.37034593960715334,0
BOOK-161644,0.37034593960715334,0
BOOK-138181,0.37034593960715334,0
BOOK-164235,0.37034593960715334,0
BOOK-181577,0.37034593960715334,0
BOOK-154870,0.37034593960715334,0
BOOK-160983,0.37034593960715334,0
BOOK-163083,0.37034593960715334,0
BOOK-149025,0.37034593960715334,0
BOOK-204041,0.37034593960715334,0
BOOK-160852,0.37034593960715334,0
BOOK-196733,0.37034593960715334,0
BOOK-163805,0.37034593960715334,0
BOOK-196006,0.37034593960715334,0
BOOK-171594,0.37034593960715334,0
BOOK-138920,0.37034593960715334,0
BOOK-198832,0.37034593960715334,0
BOOK-126502,0.37034593960715334,0
BOOK-208107,0.37034593960715334,0
BOOK-161655,0.37034593960715334,0
BOOK-171481,0.37034593960715334,0
BOOK-125680,0.37034593960715334,0
BOOK-131579,0.37034593960715334,0
BOOK-140490,0.37034593960715334,0
BOOK-197700,0.37034593960715334,0
BOOK-209228,0.37034593960715334,0
BOOK-140703,0.37034593960715334,0
BOOK-210764,0.37034593960715334,0
BOOK-123129,0.37034593960715334,0
BOOK-191189,0.37034593960715334,0
BOOK-126354,0.37034593960715334,0
BOOK-123913,0.37034593960715334,0
BOOK-175075,0.37034593960715334,0
BOOK-148923,0.37034593960715334,0
BOOK-116720,0.37034593960715334,0
BOOK-135634,0.37034593960715334,0
BOOK-118103,0.37034593960715334,0
BOOK-199515,0.37034593960715334,0
BOOK-150735,0.37034593960715334,0
BOOK-194668,0.37034593960715334,0
BOOK-111629,0.37034593960715334,0
BOOK-176611,0.37034593960715334,0
BOOK-202164,0.37034593960715334,0
BOOK-176174,0.37034593960715334,0
BOOK-218056,0.37034593960715334,0
BOOK-156813,0.37034593960715334,0
BOOK-165684,0.37034593960715334,0
BOOK-122816,0.37034593960715334,0
BOOK-124838,0.37034593960715334,0
BOOK-128642,0.37034593960715334,0
BOOK-103062,0.37034593960715334,0
BOOK-154394,0.37034593960715334,0
BOOK-189032,0.37034593960715334,0
BOOK-121569,0.37034593960715334,0
BOOK-171484,0.37034593960715334,0
BOOK-169710,0.37034593960715334,0
BOOK-209752,0.37034593960715334,0
BOOK-168193,0.37034593960715334,0
BOOK-157730,0.37034593960715334,0
BOOK-111866,0.37034593960715334,0
BOOK-114114,0.37034593960715334,0
BOOK-128854,0.37034593960715334,0
BOOK-126216,0.37034593960715334,0
BOOK-191510,0.37034593960715334,0
BOOK-158345,0.37034593960715334,0
BOOK-155877,0.37034593960715334,0
BOOK-171112,0.37034593960715334,0
BOOK-187092,0.37034593960715334,0
BOOK-201028,0.37034593960715334,0
BOOK-182428,0.37034593960715334,0
BOOK-177364,0.37034593960715334,0
BOOK-123200,0.37034593960715334,0
BOOK-149291,0.37034593960715334,0
BOOK-157044,0.37034593960715334,0
BOOK-121742,0.37034593960715334,0
BOOK-216356,0.37034593960715334,0
BOOK-136423,0.37034593960715334,0
BOOK-219122,0.37034593960715334,0
BOOK-160673,0.37034593960715334,0
BOOK-154442,0.37034593960715334,0
BOOK-197191,0.37034593960715334,0
BOOK-162968,0.37034593960715334,0
BOOK-141922,0.37034593960715334,0
BOOK-177683,0.37034593960715334,0
BOOK-122799,0.37034593960715334,0
BOOK-136344,0.37034593960715334,0
BOOK-131119,0.37034593960715334,0
BOOK-195619,0.37034593960715334,0
BOOK-124403,0.37034593960715334,0
BOOK-132353,0.37034593960715334,0
BOOK-212309,0.37034593960715334,0
BOOK-143170,0.37034593960715334,0
BOOK-200627,0.37034593960715334,0
BOOK-148553,0.37034593960715334,0
BOOK-199591,0.37034593960715334,0
BOOK-127054,0.37034593960715334,0
BOOK-162784,0.37034593960715334,0
BOOK-145000,0.37034593960715334,0
BOOK-219334,0.37034593960715334,0
BOOK-102632,0.37034593960715334,0
BOOK-209115,0.37034593960715334,0
BOOK-118766,0.37034593960715334,0
BOOK-132256,0.37034593960715334,0
BOOK-152506,0.37034593960715334,0
BOOK-100844,0.37034593960715334,0
BOOK-113489,0.37034593960715334,0
BOOK-103097,0.37034593960715334,0
BOOK-200275,0.37034593960715334,0
BOOK-178158,0.37034593960715334,0
BOOK-138071,0.37034593960715334,0
BOOK-114212,0.37034593960715334,0
BOOK-182177,0.37034593960715334,0
BOOK-140722,0.37034593960715334,0
BOOK-117681,0.37034593960715334,0
BOOK-156656,0.37034593960715334,0
BOOK-121886,0.37034593960715334,0
BOOK-178273,0.37034593960715334,0
BOOK-155749,0.37034593960715334,0
BOOK-186693,0.37034593960715334,0
BOOK-207826,0.37034593960715334,0
BOOK-149926,0.37034593960715334,0
BOOK-156712,0.37034593960715334,0
BOOK-113008,0.37034593960715334,0
BOOK-179946,0.37034593960715334,0
BOOK-124858,0.37034593960715334,0
BOOK-217648,0.37034593960715334,0
BOOK-178379,0.37034593960715334,0
BOOK-133816,0.37034593960715334,0
BOOK-193471,0.37034593960715334,0
BOOK-101388,0.37034593960715334,0
BOOK-212126,0.37034593960715334,0
BOOK-195574,0.37034593960715334,0
BOOK-105264,0.37034593960715334,0
BOOK-186446,0.37034593960715334,0
BOOK-104931,0.37034593960715334,0
BOOK-207563,0.37034593960715334,0
BOOK-195625,0.37034593960715334,0
BOOK-144370,0.37034593960715334,0
BOOK-219080,0.37034593960715334,0
BOOK-165071,0.37034593960715334,0
BOOK-138208,0.37034593960715334,0
BOOK-157141,0.37034593960715334,0
BOOK-157610,0.37034593960715334,0
BOOK-171603,0.37034593960715334,0
BOOK-186354,0.37034593960715334,0
BOOK-105133,0.37034593960715334,0
BOOK-113778,0.37034593960715334,0
BOOK-124494,0.37034593960715334,0
BOOK-188828,0.37034593960715334,0
BOOK-111504,0.37034593960715334,0
BOOK-110672,0.37034593960715334,0
BOOK-165291,0.37034593960715334,0
BOOK-111255,0.37034593960715334,0
BOOK-152355,0.37034593960715334,0
BOOK-137477,0.37034593960715334,0
BOOK-212535,0.37034593960715334,0
BOOK-176789,0.37034593960715334,0
BOOK-131528,0.37034593960715334,0
BOOK-192178,0.37034593960715334,0
BOOK-132954,0.37034593960715334,0
BOOK-175672,0.37034593960715334,0
BOOK-111174,0.37034593960715334,0
BOOK-101297,0.37034593960715334,0
BOOK-137043,0.37034593960715334,0
BOOK-172840,0.37034593960715334,0
BOOK-189723,0.37034593960715334,0
BOOK-175473,0.37034593960715334,0
BOOK-105089,0.37034593960715334,0
BOOK-121289,0.37034593960715334,0
BOOK-208155,0.37034593960715334,0
BOOK-147310,0.37034593960715334,0
BOOK-119805,0.37034593960715334,0
BOOK-218390,0.37034593960715334,0
BOOK-150821,0.37034593960715334,0
BOOK-186677,0.37034593960715334,0
BOOK-118888,0.37034593960715334,0
BOOK-151141,0.37034593960715334,0
BOOK-145052,0.37034593960715334,0
BOOK-115345,0.37034593960715334,0
BOOK-161632,0.37034593960715334,0
BOOK-180350,0.37034593960715334,0
BOOK-217428,0.37034593960715334,0
BOOK-167819,0.37034593960715334,0
BOOK-173248,0.37034593960715334,0
BOOK-180340,0.37034593960715334,0
BOOK-194284,0.37034593960715334,0
BOOK-208027,0.37034593960715334,0
BOOK-108062,0.37034593960715334,0
BOOK-187791,0.37034593960715334,0
BOOK-163979,0.37034593960715334,0
BOOK-110002,0.37034593960715334,0
BOOK-166334,0.37034593960715334,0
BOOK-157159,0.37034593960715334,0
BOOK-138083,0.37034593960715334,0
BOOK-129894,0.37034593960715334,0
BOOK-101065,0.37034593960715334,0
BOOK-196844,0.37034593960715334,0
BOOK-150626,0.37034593960715334,0
BOOK-184469,0.37034593960715334,0
BOOK-125164,0.37034593960715334,0
BOOK-128202,0.37034593960715334,0
BOOK-204501,0.37034593960715334,0
BOOK-182473,0.37034593960715334,0
BOOK-143783,0.37034593960715334,0
BOOK-105171,0.37034593960715334,0
BOOK-106104,0.37034593960715334,0
BOOK-190666,0.37034593960715334,0
BOOK-214157,0.37034593960715334,0
BOOK-182139,0.37034593960715334,0
BOOK-140937,0.37034593960715334,0
BOOK-172402,0.37034593960715334,0
BOOK-162717,0.37034593960715334,0
BOOK-146537,0.37034593960715334,0
BOOK-115397,0.37034593960715334,0
BOOK-204878,0.37034593960715334,0
BOOK-170309,0.37034593960715334,0
BOOK-177998,0.37034593960715334,0
BOOK-170257,0.37034593960715334,0
BOOK-154698,0.37034593960715334,0
BOOK-103574,0.37034593960715334,0
BOOK-121682,0.37034593960715334,0
BOOK-194149,0.37034593960715334,0
BOOK-111428,0.37034593960715334,0
BOOK-212705,0.37034593960715334,0
BOOK-126469,0.37034593960715334,0
BOOK-173670,0.37034593960715334,0
BOOK-160560,0.37034593960715334,0
BOOK-187290,0.37034593960715334,0
BOOK-166256,0.37034593960715334,0
BOOK-198665,0.37034593960715334,0
BOOK-191288,0.37034593960715334,0
BOOK-109053,0.37034593960715334,0
BOOK-170295,0.37034593960715334,0
BOOK-212689,0.37034593960715334,0
BOOK-153370,0.37034593960715334,0
BOOK-213805,0.37034593960715334,0
BOOK-206314,0.37034593960715334,0
BOOK-142798,0.37034593960715334,0
BOOK-213485,0.37034593960715334,0
BOOK-179353,0.37034593960715334,0
BOOK-140762,0.37034593960715334,0
BOOK-134140,0.37034593960715334,0
BOOK-155291,0.37034593960715334,0
BOOK-153334,0.37034593960715334,0
BOOK-216040,0.37034593960715334,0
BOOK-165283,0.37034593960715334,0
BOOK-132826,0.37034593960715334,0
BOOK-104739,0.37034593960715334,0
BOOK-157725,0.37034593960715334,0
BOOK-102524,0.37034593960715334,0
BOOK-138379,0.37034593960715334,0
BOOK-181168,0.37034593960715334,0
BOOK-160600,0.37034593960715334,0
BOOK-158376,0.37034593960715334,0
BOOK-180866,0.37034593960715334,0
BOOK-204825,0.37034593960715334,0
BOOK-116854,0.37034593960715334,0
BOOK-140426,0.37034593960715334,0
BOOK-209762,0.37034593960715334,0
BOOK-101439,0.37034593960715334,0
BOOK-160511,0.37034593960715334,0
BOOK-149910,0.37034593960715334,0
BOOK-154438,0.37034593960715334,0
BOOK-137113,0.37034593960715334,0
BOOK-163991,0.37034593960715334,0
BOOK-111459,0.37034593960715334,0
BOOK-179850,0.37034593960715334,0
BOOK-196454,0.37034593960715334,0
BOOK-102262,0.37034593960715334,0
BOOK-191511,0.37034593960715334,0
BOOK-107046,0.37034593960715334,0
BOOK-189643,0.37034593960715334,0
BOOK-122152,0.37034593960715334,0
BOOK-206625,0.37034593960715334,0
BOOK-107795,0.37034593960715334,0
BOOK-175553,0.37034593960715334,0
BOOK-161395,0.37034593960715334,0
BOOK-118999,0.37034593960715334,0
BOOK-207994,0.37034593960715334,0
BOOK-123522,0.37034593960715334,0
BOOK-137466,0.37034593960715334,0
BOOK-195245,0.37034593960715334,0
BOOK-169814,0.37034593960715334,0
BOOK-187727,0.37034593960715334,0
BOOK-108450,0.37034593960715334,0
BOOK-218683,0.37034593960715334,0
BOOK-172373,0.37034593960715334,0
BOOK-167541,0.37034593960715334,0
BOOK-176653,0.37034593960715334,0
BOOK-158995,0.37034593960715334,0
BOOK-160638,0.37034593960715334,0
BOOK-203699,0.37034593960715334,0
BOOK-202038,0.37034593960715334,0
BOOK-153268,0.37034593960715334,0
BOOK-116887,0.37034593960715334,0
BOOK-108261,0.37034593960715334,0
BOOK-157321,0.37034593960715334,0
BOOK-176252,0.37034593960715334,0
BOOK-136847,0.37034593960715334,0
BOOK-152534,0.37034593960715334,0
BOOK-139907,0.37034593960715334,0
BOOK-108874,0.37034593960715334,0
BOOK-147787,0.37034593960715334,0
BOOK-206723,0.37034593960715334,0
BOOK-157306,0.37034593960715334,0
BOOK-199939,0.37034593960715334,0
BOOK-200453,0.37034593960715334,0
BOOK-124788,0.37034593960715334,0
BOOK-140953,0.37034593960715334,0
BOOK-119033,0.37034593960715334,0
BOOK-134737,0.37034593960715334,0
BOOK-154031,0.37034593960715334,0
BOOK-109496,0.37034593960715334,0
BOOK-188134,0.37034593960715334,0
BOOK-148671,0.37034593960715334,0
BOOK-137157,0.37034593960715334,0
BOOK-109168,0.37034593960715334,0
BOOK-122555,0.37034593960715334,0
BOOK-114689,0.37034593960715334,0
BOOK-111303,0.37034593960715334,0
BOOK-102113,0.37034593960715334,0
BOOK-120678,0.37034593960715334,0
BOOK-119751,0.37034593960715334,0
BOOK-137817,0.37034593960715334,0
BOOK-141241,0.37034593960715334,0
BOOK-141413,0.37034593960715334,0
BOOK-107259,0.37034593960715334,0
BOOK-155832,0.37034593960715334,0
BOOK-106458,0.37034593960715334,0
BOOK-168381,0.37034593960715334,0
BOOK-196915,0.37034593960715334,0
BOOK-145249,0.37034593960715334,0
BOOK-149065,0.37034593960715334,0
BOOK-193964,0.37034593960715334,0
BOOK-157134,0.37034593960715334,0
BOOK-115494,0.37034593960715334,0
BOOK-159262,0.37034593960715334,0
BOOK-168704,0.37034593960715334,0
BOOK-183435,0.37034593960715334,0
BOOK-178814,0.37034593960715334,0
BOOK-106797,0.37034593960715334,0
BOOK-117132,0.37034593960715334,0
BOOK-125716,0.37034593960715334,0
BOOK-127497,0.37034593960715334,0
BOOK-203828,0.37034593960715334,0
BOOK-139171,0.37034593960715334,0
BOOK-167340,0.37034593960715334,0
BOOK-114318,0.37034593960715334,0
BOOK-163526,0.37034593960715334,0
BOOK-119823,0.37034593960715334,0
BOOK-103091,0.37034593960715334,0
BOOK-181761,0.37034593960715334,0
BOOK-139457,0.37034593960715334,0
BOOK-105652,0.37034593960715334,0
BOOK-100394,0.37034593960715334,0
BOOK-147050,0.37034593960715334,0
BOOK-164728,0.37034593960715334,0
BOOK-121560,0.37034593960715334,0
BOOK-164044,0.37034593960715334,0
BOOK-169645,0.37034593960715334,0
BOOK-124545,0.37034593960715334,0
BOOK-168966,0.37034593960715334,0
BOOK-153935,0.37034593960715334,0
BOOK-141560,0.37034593960715334,0
BOOK-166518,0.37034593960715334,0
BOOK-120680,0.37034593960715334,0
BOOK-196561,0.37034593960715334,0
BOOK-106476,0.37034593960715334,0
BOOK-120811,0.37034593960715334,0
BOOK-108982,0.37034593960715334,0
BOOK-213230,0.37034593960715334,0
BOOK-204105,0.37034593960715334,0
BOOK-200629,0.37034593960715334,0
BOOK-179822,0.37034593960715334,0
BOOK-122946,0.37034593960715334,0
BOOK-198514,0.37034593960715334,0
BOOK-173088,0.37034593960715334,0
BOOK-201040,0.37034593960715334,0
BOOK-198055,0.37034593960715334,0
BOOK-164661,0.37034593960715334,0
BOOK-179134,0.37034593960715334,0
BOOK-217046,0.37034593960715334,0
BOOK-103146,0.37034593960715334,0
BOOK-167794,0.37034593960715334,0
BOOK-119445,0.37034593960715334,0
BOOK-139149,0.37034593960715334,0
BOOK-110987,0.37034593960715334,0
BOOK-127270,0.37034593960715334,0
BOOK-127334,0.37034593960715334,0
BOOK-102002,0.37034593960715334,0
BOOK-205811,0.37034593960715334,0
BOOK-128956,0.37034593960715334,0
BOOK-179582,0.37034593960715334,0
BOOK-144358,0.37034593960715334,0
BOOK-197203,0.37034593960715334,0
BOOK-164370,0.37034593960715334,0
BOOK-167032,0.37034593960715334,0
BOOK-168633,0.37034593960715334,0
BOOK-165605,0.37034593960715334,0
BOOK-146360,0.37034593960715334,0
BOOK-171977,0.37034593960715334,0
BOOK-125814,0.37034593960715334,0
BOOK-118627,0.37034593960715334,0
BOOK-200791,0.37034593960715334,0
BOOK-150022,0.37034593960715334,0
BOOK-137376,0.37034593960715334,0
BOOK-172997,0.37034593960715334,0
BOOK-156946,0.37034593960715334,0
BOOK-140124,0.37034593960715334,0
BOOK-124349,0.37034593960715334,0
BOOK-145754,0.37034593960715334,0
BOOK-140708,0.37034593960715334,0
BOOK-131985,0.37034593960715334,0
BOOK-162859,0.37034593960715334,0
BOOK-143709,0.37034593960715334,0
BOOK-184693,0.37034593960715334,0
BOOK-207825,0.37034593960715334,0
BOOK-161616,0.37034593960715334,0
BOOK-102082,0.37034593960715334,0
BOOK-157167,0.37034593960715334,0
BOOK-110313,0.37034593960715334,0
BOOK-209104,0.37034593960715334,0
BOOK-189077,0.37034593960715334,0
BOOK-151594,0.37034593960715334,0
BOOK-125476,0.37034593960715334,0
BOOK-206748,0.37034593960715334,0
BOOK-216566,0.37034593960715334,0
BOOK-136877,0.37034593960715334,0
BOOK-145691,0.37034593960715334,0
BOOK-203617,0.37034593960715334,0
BOOK-158946,0.37034593960715334,0
BOOK-200541,0.37034593960715334,0
BOOK-112884,0.37034593960715334,0
BOOK-166116,0.37034593960715334,0
BOOK-200584,0.37034593960715334,0
BOOK-128752,0.37034593960715334,0
BOOK-139873,0.37034593960715334,0
BOOK-213233,0.37034593960715334,0
BOOK-215792,0.37034593960715334,0
BOOK-167469,0.37034593960715334,0
BOOK-176894,0.37034593960715334,0
BOOK-158673,0.37034593960715334,0
BOOK-138932,0.37034593960715334,0
BOOK-218178,0.37034593960715334,0
BOOK-168172,0.37034593960715334,0
BOOK-172441,0.37034593960715334,0
BOOK-146926,0.37034593960715334,0
BOOK-104146,0.37034593960715334,0
BOOK-124802,0.37034593960715334,0
BOOK-218856,0.37034593960715334,0
BOOK-193337,0.37034593960715334,0
BOOK-181909,0.37034593960715334,0
BOOK-155260,0.37034593960715334,0
BOOK-141970,0.37034593960715334,0
BOOK-212775,0.37034593960715334,0
BOOK-212544,0.37034593960715334,0
BOOK-137398,0.37034593960715334,0
BOOK-192496,0.37034593960715334,0
BOOK-176051,0.37034593960715334,0
BOOK-160922,0.37034593960715334,0
BOOK-174820,0.37034593960715334,0
BOOK-164911,0.37034593960715334,0
BOOK-122993,0.37034593960715334,0
BOOK-200962,0.37034593960715334,0
BOOK-127614,0.37034593960715334,0
BOOK-165546,0.37034593960715334,0
BOOK-197232,0.37034593960715334,0
BOOK-156105,0.37034593960715334,0
BOOK-176374,0.37034593960715334,0
BOOK-203001,0.37034593960715334,0
BOOK-198491,0.37034593960715334,0
BOOK-135694,0.37034593960715334,0
BOOK-157310,0.37034593960715334,0
BOOK-153262,0.37034593960715334,0
BOOK-144465,0.37034593960715334,0
BOOK-152575,0.37034593960715334,0
BOOK-161005,0.37034593960715334,0
BOOK-216465,0.37034593960715334,0
BOOK-202712,0.37034593960715334,0
BOOK-167345,0.37034593960715334,0
BOOK-137858,0.37034593960715334,0
BOOK-121137,0.37034593960715334,0
BOOK-166829,0.37034593960715334,0
BOOK-170972,0.37034593960715334,0
BOOK-169220,0.37034593960715334,0
BOOK-142712,0.37034593960715334,0
BOOK-126802,0.37034593960715334,0
BOOK-161937,0.37034593960715334,0
BOOK-133471,0.37034593960715334,0
BOOK-178950,0.37034593960715334,0
BOOK-202823,0.37034593960715334,0
BOOK-159749,0.37034593960715334,0
BOOK-160528,0.37034593960715334,0
BOOK-170293,0.37034593960715334,0
BOOK-151156,0.37034593960715334,0
BOOK-146077,0.37034593960715334,0
BOOK-105069,0.37034593960715334,0
BOOK-181606,0.37034593960715334,0
BOOK-101527,0.37034593960715334,0
BOOK-159005,0.37034593960715334,0
BOOK-209021,0.37034593960715334,0
BOOK-151626,0.37034593960715334,0
BOOK-162522,0.37034593960715334,0
BOOK-170038,0.37034593960715334,0
BOOK-184473,0.37034593960715334,0
BOOK-173913,0.37034593960715334,0
BOOK-173362,0.37034593960715334,0
BOOK-206825,0.37034593960715334,0
BOOK-161681,0.37034593960715334,0
BOOK-124371,0.37034593960715334,0
BOOK-160438,0.37034593960715334,0
BOOK-138019,0.37034593960715334,0
BOOK-105026,0.37034593960715334,0
BOOK-178621,0.37034593960715334,0
BOOK-127015,0.37034593960715334,0
BOOK-214285,0.37034593960715334,0
BOOK-192394,0.37034593960715334,0
BOOK-145614,0.37034593960715334,0
BOOK-204898,0.37034593960715334,0
BOOK-115898,0.37034593960715334,0
BOOK-216914,0.37034593960715334,0
BOOK-141238,0.37034593960715334,0
BOOK-208806,0.37034593960715334,0
BOOK-177466,0.37034593960715334,0
BOOK-113627,0.37034593960715334,0
BOOK-150265,0.37034593960715334,0
BOOK-145731,0.37034593960715334,0
BOOK-103964,0.37034593960715334,0
BOOK-144125,0.37034593960715334,0
BOOK-172342,0.37034593960715334,0
BOOK-188652,0.37034593960715334,0
BOOK-185942,0.37034593960715334,0
BOOK-203673,0.37034593960715334,0
BOOK-131773,0.37034593960715334,0
BOOK-140677,0.37034593960715334,0
BOOK-150894,0.37034593960715334,0
BOOK-108890,0.37034593960715334,0
BOOK-209505,0.37034593960715334,0
BOOK-168983,0.37034593960715334,0
BOOK-164793,0.37034593960715334,0
BOOK-193974,0.37034593960715334,0
BOOK-165833,0.37034593960715334,0
BOOK-172512,0.37034593960715334,0
BOOK-185179,0.37034593960715334,0
BOOK-160498,0.37034593960715334,0
BOOK-116129,0.37034593960715334,0
BOOK-145484,0.37034593960715334,0
