image_id,label
IMG-104827,dress
IMG-101110,trouser
IMG-104535,trouser
IMG-112978,shirt
IMG-103033,trouser
IMG-114663,bag
IMG-106608,ankle_boot
IMG-106898,bag
IMG-100352,dress
IMG-104708,sneaker
IMG-114597,top
IMG-114905,pullover
IMG-107022,pullover
IMG-106681,coat
IMG-113317,coat
IMG-105195,top
IMG-110578,trouser
IMG-102514,dress
IMG-113523,top
IMG-109999,top
IMG-109708,top
IMG-104221,coat
IMG-113019,top
IMG-110259,sandal
IMG-108123,sneaker
IMG-112669,sneaker
IMG-100773,pullover
IMG-112711,bag
IMG-104236,dress
IMG-105147,trouser
IMG-104440,coat
IMG-103015,pullover
IMG-101914,bag
IMG-109065,dress
IMG-106764,sandal
IMG-104215,pullover
IMG-108641,top
IMG-114126,bag
IMG-105254,pullover
IMG-102605,dress
IMG-106083,sneaker
IMG-102137,coat
IMG-108548,trouser
IMG-108805,ankle_boot
IMG-102927,ankle_boot
IMG-113884,dress
IMG-113430,top
IMG-103212,coat
IMG-113354,top
IMG-111521,bag
IMG-106088,pullover
IMG-107886,shirt
IMG-106231,bag
IMG-106482,trouser
IMG-100148,shirt
IMG-104185,top
IMG-100190,sandal
IMG-103363,dress
IMG-113124,coat
IMG-101240,dress
IMG-113455,pullover
IMG-109510,dress
IMG-112201,sandal
IMG-107432,bag
IMG-113072,pullover
IMG-108818,coat
IMG-113673,coat
IMG-109687,trouser
IMG-110372,sneaker
IMG-108135,sandal
IMG-113562,pullover
IMG-112678,pullover
IMG-101497,dress
IMG-106662,bag
IMG-108658,sandal
IMG-105122,pullover
IMG-113932,dress
IMG-101256,coat
IMG-104793,bag
IMG-100006,ankle_boot
IMG-100173,coat
IMG-100501,ankle_boot
IMG-110226,top
IMG-113178,top
IMG-105743,trouser
IMG-112228,trouser
IMG-109117,ankle_boot
IMG-111906,top
IMG-108958,dress
IMG-114794,coat
IMG-110309,ankle_boot
IMG-112863,shirt
IMG-111929,shirt
IMG-109451,pullover
IMG-103107,dress
IMG-103897,dress
IMG-114033,ankle_boot
IMG-101703,pullover
IMG-113891,top
IMG-109776,trouser
IMG-112939,shirt
IMG-104684,shirt
IMG-102250,dress
IMG-113719,trouser
IMG-104250,coat
IMG-109929,pullover
IMG-103570,bag
IMG-112210,top
IMG-113435,bag
IMG-108105,shirt
IMG-108364,sandal
IMG-112965,dress
IMG-101984,sneaker
IMG-108532,trouser
IMG-101107,bag
IMG-111412,sandal
IMG-105701,shirt
IMG-101298,ankle_boot
IMG-103391,sneaker
IMG-103802,sandal
IMG-109511,top
IMG-106417,top
IMG-113837,dress
IMG-101306,sneaker
IMG-106419,trouser
IMG-111195,sneaker
IMG-110667,shirt
IMG-108933,shirt
IMG-104060,coat
IMG-111128,shirt
IMG-107897,sneaker
IMG-109805,sandal
IMG-113955,sneaker
IMG-114599,shirt
IMG-100174,top
IMG-113616,ankle_boot
IMG-100282,dress
IMG-112252,shirt
IMG-106514,sandal
IMG-102778,dress
IMG-103043,coat
IMG-103864,bag
IMG-106890,sandal
IMG-107803,top
IMG-109448,sneaker
IMG-106210,pullover
IMG-112547,shirt
IMG-112807,ankle_boot
IMG-113988,sneaker
IMG-106227,bag
IMG-110335,shirt
IMG-113078,coat
IMG-106789,bag
IMG-101805,ankle_boot
IMG-113232,top
IMG-105802,coat
IMG-106854,sandal
IMG-112822,trouser
IMG-100245,sandal
IMG-104041,sandal
IMG-110241,shirt
IMG-107297,trouser
IMG-102728,dress
IMG-100180,trouser
IMG-107735,ankle_boot
IMG-102051,trouser
IMG-112628,sneaker
IMG-101959,ankle_boot
IMG-111490,top
IMG-105351,coat
IMG-100562,shirt
IMG-102252,trouser
IMG-108937,sneaker
IMG-111661,trouser
IMG-114473,pullover
IMG-106142,coat
IMG-112439,bag
IMG-110975,coat
IMG-106235,coat
IMG-111344,coat
IMG-110420,sandal
IMG-101606,top
IMG-105141,coat
IMG-111332,coat
IMG-106567,sandal
IMG-111928,sneaker
IMG-104541,pullover
IMG-107605,shirt
IMG-112938,trouser
IMG-110073,ankle_boot
IMG-105773,trouser
IMG-100365,sandal
IMG-109644,pullover
IMG-104304,sandal
IMG-114093,bag
IMG-106705,ankle_boot
IMG-101570,dress
IMG-110791,sneaker
IMG-109982,dress
IMG-100828,dress
IMG-109159,shirt
IMG-107674,top
IMG-101006,coat
IMG-105675,ankle_boot
IMG-106642,pullover
IMG-107968,bag
IMG-105305,sneaker
IMG-102727,bag
IMG-107478,ankle_boot
IMG-103975,dress
IMG-105898,ankle_boot
IMG-105263,sandal
IMG-113288,trouser
IMG-106361,sneaker
IMG-106676,sneaker
IMG-112425,shirt
IMG-101649,trouser
IMG-106304,pullover
IMG-110655,ankle_boot
IMG-106952,top
IMG-103011,top
IMG-109718,sneaker
IMG-105628,dress
IMG-110865,ankle_boot
IMG-108183,pullover
IMG-100989,sandal
IMG-107067,coat
IMG-105512,bag
IMG-111183,bag
IMG-112571,shirt
IMG-104847,trouser
IMG-111670,bag
IMG-102920,ankle_boot
IMG-104278,bag
IMG-108578,trouser
IMG-108336,dress
IMG-105614,sneaker
IMG-103705,dress
IMG-107443,sandal
IMG-103340,trouser
IMG-100996,sneaker
IMG-103972,sandal
IMG-114854,bag
IMG-114941,dress
IMG-114107,coat
IMG-110137,coat
IMG-105090,dress
IMG-107292,trouser
IMG-107741,top
IMG-114660,sandal
IMG-103092,ankle_boot
IMG-112339,trouser
IMG-111398,ankle_boot
IMG-100813,shirt
IMG-110687,dress
IMG-109353,bag
IMG-101716,sneaker
IMG-108357,pullover
IMG-104825,top
IMG-104855,ankle_boot
IMG-105072,sandal
IMG-112259,coat
IMG-110189,pullover
IMG-112878,top
IMG-110942,top
IMG-100574,coat
IMG-101339,dress
IMG-105525,dress
IMG-105086,dress
IMG-108952,dress
IMG-112907,pullover
IMG-114207,ankle_boot
IMG-100675,top
IMG-101590,trouser
IMG-111602,sandal
IMG-104124,ankle_boot
IMG-114538,bag
IMG-101632,shirt
IMG-101607,shirt
IMG-104945,sneaker
IMG-101181,bag
IMG-105686,dress
IMG-112552,sneaker
IMG-104575,pullover
IMG-110756,shirt
IMG-108598,trouser
IMG-113181,bag
IMG-109947,dress
IMG-112963,coat
IMG-108493,ankle_boot
IMG-111875,pullover
IMG-112908,trouser
IMG-112216,shirt
IMG-102834,ankle_boot
IMG-113608,top
IMG-109775,pullover
IMG-103439,top
IMG-105592,top
IMG-114395,trouser
IMG-107584,shirt
IMG-105390,sneaker
IMG-110144,bag
IMG-114483,pullover
IMG-112491,shirt
IMG-110999,pullover
IMG-113495,coat
IMG-113738,pullover
IMG-100797,shirt
IMG-105196,trouser
IMG-103970,bag
IMG-103048,dress
IMG-107201,pullover
IMG-114056,shirt
IMG-113376,dress
IMG-105350,pullover
IMG-106105,sneaker
IMG-106299,bag
IMG-101080,bag
IMG-100509,dress
IMG-113956,ankle_boot
IMG-112507,dress
IMG-113150,ankle_boot
IMG-108708,bag
IMG-105522,sandal
IMG-106119,coat
IMG-103534,sandal
IMG-101333,shirt
IMG-109900,coat
IMG-107191,coat
IMG-110668,dress
IMG-102417,coat
IMG-104051,sandal
IMG-101374,bag
IMG-103069,top
IMG-101456,pullover
IMG-104062,dress
IMG-112740,bag
IMG-102187,coat
IMG-106241,dress
IMG-107986,pullover
IMG-102089,coat
IMG-109425,bag
IMG-112242,trouser
IMG-112785,sandal
IMG-107916,top
IMG-111366,sandal
IMG-109024,sandal
IMG-102884,coat
IMG-100962,bag
IMG-110721,trouser
IMG-106230,dress
IMG-101185,trouser
IMG-102508,sandal
IMG-103655,trouser
IMG-111502,pullover
IMG-103514,dress
IMG-102759,sandal
IMG-100881,trouser
IMG-102173,trouser
IMG-110652,dress
IMG-109374,sneaker
IMG-107836,top
IMG-107401,top
IMG-106510,sneaker
IMG-108784,sandal
IMG-109882,sneaker
IMG-108113,pullover
IMG-112388,coat
IMG-100856,pullover
IMG-106100,shirt
IMG-108602,dress
IMG-114345,ankle_boot
IMG-103162,trouser
IMG-112637,ankle_boot
IMG-107129,sneaker
IMG-106467,bag
IMG-113536,coat
IMG-105200,pullover
IMG-108204,trouser
IMG-103566,sandal
IMG-101491,trouser
IMG-101426,dress
IMG-105642,pullover
IMG-103174,shirt
IMG-103644,sneaker
IMG-113668,shirt
IMG-114998,shirt
IMG-102951,top
IMG-106581,ankle_boot
IMG-112215,bag
IMG-108040,trouser
IMG-103945,coat
IMG-102136,shirt
IMG-105173,shirt
IMG-111672,ankle_boot
IMG-106413,bag
IMG-104342,trouser
IMG-109316,sneaker
IMG-101640,bag
IMG-111276,ankle_boot
IMG-110675,sneaker
IMG-106043,top
IMG-104101,pullover
IMG-112052,sandal
IMG-110525,trouser
IMG-112166,shirt
IMG-112338,shirt
IMG-107448,sandal
IMG-105372,bag
IMG-107004,shirt
IMG-113577,pullover
IMG-100028,sneaker
IMG-108226,coat
IMG-102772,sandal
IMG-100613,dress
IMG-103935,top
IMG-103573,shirt
IMG-106397,top
IMG-110715,trouser
IMG-109671,dress
IMG-113237,trouser
IMG-102567,coat
IMG-113515,trouser
IMG-110099,top
IMG-110436,sandal
IMG-112866,trouser
IMG-106893,ankle_boot
IMG-108341,pullover
IMG-100323,coat
IMG-108331,pullover
IMG-104722,shirt
IMG-101917,sneaker
IMG-104678,ankle_boot
IMG-113359,sneaker
IMG-110845,coat
IMG-102888,dress
IMG-102974,sneaker
IMG-102791,top
IMG-110866,sneaker
IMG-104881,trouser
IMG-110831,coat
IMG-109692,trouser
IMG-103141,dress
IMG-104496,shirt
IMG-113266,trouser
IMG-102422,top
IMG-106050,sandal
IMG-114411,bag
IMG-112762,sandal
IMG-110476,sneaker
IMG-107284,sneaker
IMG-107890,shirt
IMG-108338,sandal
IMG-113243,pullover
IMG-110399,shirt
IMG-106932,top
IMG-110070,ankle_boot
IMG-100389,dress
IMG-110953,top
IMG-111902,ankle_boot
IMG-102493,shirt
IMG-114746,pullover
IMG-107513,shirt
IMG-102661,trouser
IMG-100633,pullover
IMG-111061,dress
IMG-109985,coat
IMG-112174,top
IMG-102922,ankle_boot
IMG-108619,sandal
IMG-102719,ankle_boot
IMG-103806,sneaker
IMG-106101,ankle_boot
IMG-112702,sneaker
IMG-111958,coat
IMG-108872,bag
IMG-110061,sneaker
IMG-104479,coat
IMG-112167,top
IMG-103403,ankle_boot
IMG-114987,ankle_boot
IMG-105960,top
IMG-104545,pullover
IMG-111604,shirt
IMG-100116,dress
IMG-106961,shirt
IMG-103516,top
IMG-109611,trouser
IMG-102496,dress
IMG-113158,pullover
IMG-105847,ankle_boot
IMG-108175,sneaker
IMG-102245,coat
IMG-101796,bag
IMG-110731,trouser
IMG-111578,sandal
IMG-112214,sandal
IMG-108376,ankle_boot
IMG-105264,top
IMG-109077,ankle_boot
IMG-104734,bag
IMG-111613,pullover
IMG-101087,pullover
IMG-105077,pullover
IMG-101119,trouser
IMG-104885,dress
IMG-102324,dress
IMG-111852,shirt
IMG-114801,ankle_boot
IMG-109576,pullover
IMG-108547,coat
IMG-108597,ankle_boot
IMG-100014,top
IMG-107798,ankle_boot
IMG-110838,pullover
IMG-107170,dress
IMG-104480,pullover
IMG-108595,top
IMG-102170,sneaker
IMG-111012,shirt
IMG-114752,dress
IMG-110406,coat
IMG-112178,sandal
IMG-103952,coat
IMG-112401,sneaker
IMG-109291,sandal
IMG-110248,pullover
IMG-109170,bag
IMG-109141,sneaker
IMG-109639,top
IMG-100343,pullover
IMG-108086,bag
IMG-102687,bag
IMG-110471,coat
IMG-109526,ankle_boot
IMG-109088,bag
IMG-113316,dress
IMG-103030,sneaker
IMG-106500,top
IMG-112621,dress
IMG-110353,bag
IMG-111663,bag
IMG-103279,top
IMG-111073,pullover
IMG-110196,sneaker
IMG-107308,bag
IMG-108736,sandal
IMG-104168,shirt
IMG-114535,sneaker
IMG-108667,trouser
IMG-100583,bag
IMG-109089,bag
IMG-108623,shirt
IMG-113890,shirt
IMG-113846,bag
IMG-101266,sneaker
IMG-110546,dress
IMG-101129,top
IMG-107498,ankle_boot
IMG-112435,bag
IMG-101711,sneaker
IMG-110733,sneaker
IMG-103827,ankle_boot
IMG-111378,pullover
IMG-113394,sneaker
IMG-106322,bag
IMG-106900,top
IMG-114487,ankle_boot
IMG-102281,dress
IMG-110439,ankle_boot
IMG-101355,coat
IMG-103219,sneaker
IMG-111426,dress
IMG-102984,coat
IMG-108652,dress
IMG-108025,trouser
IMG-103024,top
IMG-113450,trouser
IMG-102761,trouser
IMG-104619,sneaker
IMG-106933,dress
IMG-103248,sandal
IMG-111693,pullover
IMG-102713,coat
IMG-105397,top
IMG-113917,coat
IMG-112139,ankle_boot
IMG-103867,bag
IMG-106980,shirt
IMG-100049,ankle_boot
IMG-112706,pullover
IMG-104871,coat
IMG-102660,ankle_boot
IMG-111760,shirt
IMG-100123,sandal
IMG-103251,sandal
IMG-100276,sneaker
IMG-100762,dress
IMG-111452,sandal
IMG-102903,top
IMG-107606,trouser
IMG-105558,top
IMG-114400,top
IMG-106468,coat
IMG-113323,bag
IMG-104394,trouser
IMG-112029,bag
IMG-107796,dress
IMG-106968,coat
IMG-113041,bag
IMG-110657,bag
IMG-108133,sandal
IMG-100874,top
IMG-108603,coat
IMG-104569,sandal
IMG-104040,bag
IMG-101393,shirt
IMG-102799,top
IMG-104582,trouser
IMG-112204,ankle_boot
IMG-107920,ankle_boot
IMG-108695,shirt
IMG-103159,sandal
IMG-100792,dress
IMG-114386,top
IMG-103925,pullover
IMG-103709,dress
IMG-111111,sandal
IMG-100625,dress
IMG-104088,shirt
IMG-112754,sneaker
IMG-109916,bag
IMG-101672,pullover
IMG-103193,ankle_boot
IMG-108306,shirt
IMG-108138,shirt
IMG-105007,coat
IMG-108000,dress
IMG-107573,sneaker
IMG-104614,bag
IMG-100557,top
IMG-114703,pullover
IMG-113161,shirt
IMG-107570,ankle_boot
IMG-103369,ankle_boot
IMG-108038,dress
IMG-106737,trouser
IMG-107261,dress
IMG-104465,ankle_boot
IMG-112327,ankle_boot
IMG-113528,sneaker
IMG-109971,pullover
IMG-107857,bag
IMG-108103,sandal
IMG-114948,pullover
IMG-110413,bag
IMG-111316,dress
IMG-109006,trouser
IMG-113252,top
IMG-114546,sandal
IMG-107295,dress
IMG-105240,ankle_boot
IMG-111960,top
IMG-102566,bag
IMG-109328,bag
IMG-110851,pullover
IMG-110623,sandal
IMG-103676,pullover
IMG-111514,sandal
IMG-108110,top
IMG-113740,top
IMG-113714,coat
IMG-113294,top
IMG-101958,sneaker
IMG-108699,coat
IMG-106483,coat
IMG-100179,trouser
IMG-109668,bag
IMG-104256,shirt
IMG-105915,trouser
IMG-108482,top
IMG-111606,bag
IMG-107666,shirt
IMG-110269,bag
IMG-110386,coat
IMG-104670,sneaker
IMG-108793,pullover
IMG-106363,coat
IMG-114836,pullover
IMG-105923,sneaker
IMG-103261,sneaker
IMG-103447,top
IMG-114468,dress
IMG-104167,trouser
IMG-114793,sandal
IMG-104798,ankle_boot
IMG-105357,sandal
IMG-105006,trouser
IMG-100580,pullover
IMG-114534,top
IMG-100788,trouser
IMG-114003,coat
IMG-110067,top
IMG-107302,shirt
IMG-104839,dress
IMG-111917,sandal
IMG-114415,dress
IMG-106026,sandal
IMG-111310,trouser
IMG-108399,trouser
IMG-110019,ankle_boot
IMG-101253,top
IMG-100316,bag
IMG-113758,coat
IMG-106134,dress
IMG-106795,sneaker
IMG-105500,bag
IMG-107144,sandal
IMG-103985,ankle_boot
IMG-107127,coat
IMG-114758,top
IMG-114978,coat
IMG-114539,dress
IMG-104760,dress
IMG-114265,coat
IMG-104384,sandal
IMG-113025,bag
IMG-100709,sneaker
IMG-102231,coat
IMG-105682,dress
IMG-114159,dress
IMG-112494,ankle_boot
IMG-114287,coat
IMG-103254,trouser
IMG-104396,sandal
IMG-101076,sneaker
IMG-106647,top
IMG-107361,sneaker
IMG-109746,coat
IMG-111322,sneaker
IMG-111538,bag
IMG-113477,dress
IMG-111526,pullover
IMG-100075,pullover
IMG-104334,bag
IMG-100594,bag
IMG-111390,ankle_boot
IMG-103091,sandal
IMG-101514,top
IMG-108276,sandal
IMG-108518,shirt
IMG-111748,shirt
IMG-109948,sneaker
IMG-113073,dress
IMG-106871,shirt
IMG-100482,trouser
IMG-106570,ankle_boot
IMG-109360,bag
IMG-106338,pullover
IMG-103461,sneaker
IMG-102539,shirt
IMG-108749,coat
IMG-101652,top
IMG-101016,sandal
IMG-103956,shirt
IMG-109873,sneaker
IMG-103364,sneaker
IMG-114697,coat
IMG-105457,bag
IMG-104637,top
IMG-110840,sandal
IMG-101336,top
IMG-111202,trouser
IMG-102406,coat
IMG-101810,shirt
IMG-104950,top
IMG-107258,pullover
IMG-102620,sandal
IMG-106858,sneaker
IMG-107446,shirt
IMG-105239,bag
IMG-103773,shirt
IMG-104061,trouser
IMG-112979,shirt
IMG-100805,ankle_boot
IMG-110684,shirt
IMG-100817,dress
IMG-103889,coat
IMG-114894,pullover
IMG-108004,sandal
IMG-112943,trouser
IMG-106887,dress
IMG-111367,trouser
IMG-114191,ankle_boot
IMG-114206,sneaker
IMG-102886,coat
IMG-114508,sandal
IMG-101986,coat
IMG-101724,ankle_boot
IMG-114678,sandal
IMG-104273,shirt
IMG-107381,coat
IMG-110789,sandal
IMG-103351,sneaker
IMG-114789,dress
IMG-114481,coat
IMG-110508,sneaker
IMG-109378,coat
IMG-105481,dress
IMG-107116,top
IMG-105296,coat
IMG-103645,bag
IMG-108566,sneaker
IMG-114281,sneaker
IMG-114097,shirt
IMG-101005,sneaker
IMG-112199,sandal
IMG-112119,bag
IMG-104723,shirt
IMG-103371,ankle_boot
IMG-111054,top
IMG-110718,top
IMG-107132,shirt
IMG-110466,bag
IMG-110844,sandal
IMG-114645,top
IMG-101126,coat
IMG-109863,pullover
IMG-114472,pullover
IMG-105447,pullover
IMG-113662,pullover
IMG-100038,pullover
IMG-108586,dress
IMG-105063,ankle_boot
IMG-108467,sandal
IMG-102670,sandal
IMG-114636,bag
IMG-104136,dress
IMG-108594,sneaker
IMG-105352,shirt
IMG-101682,top
IMG-112076,coat
IMG-102572,coat
IMG-113476,top
IMG-111475,trouser
IMG-107651,ankle_boot
IMG-109527,coat
IMG-101860,top
IMG-104424,dress
IMG-102099,coat
IMG-103939,coat
IMG-107425,pullover
IMG-107320,coat
IMG-111757,coat
IMG-114799,dress
IMG-100830,dress
IMG-107450,shirt
IMG-112513,sneaker
IMG-105171,trouser
IMG-112405,top
IMG-101097,sneaker
IMG-100643,sandal
IMG-111019,pullover
IMG-113231,trouser
IMG-102072,shirt
IMG-106974,top
IMG-109168,sneaker
IMG-103082,shirt
IMG-114584,coat
IMG-102058,ankle_boot
IMG-103201,shirt
IMG-106620,sneaker
IMG-105029,coat
IMG-102346,bag
IMG-107998,pullover
IMG-114254,bag
IMG-107983,top
IMG-103910,shirt
IMG-107135,pullover
IMG-107440,top
IMG-111795,dress
IMG-111781,coat
IMG-114579,sandal
IMG-109508,sandal
IMG-105542,sandal
IMG-100956,sneaker
IMG-100628,ankle_boot
IMG-107688,dress
IMG-103128,shirt
IMG-101357,trouser
IMG-109204,dress
IMG-101708,sneaker
IMG-102171,sneaker
IMG-100713,shirt
IMG-104154,coat
IMG-101095,pullover
IMG-110979,sneaker
IMG-112089,shirt
IMG-110401,trouser
IMG-110832,sneaker
IMG-108701,ankle_boot
IMG-102753,sandal
IMG-109093,top
IMG-114037,bag
IMG-109252,top
IMG-102246,ankle_boot
IMG-110332,shirt
IMG-103250,trouser
IMG-107692,top
IMG-103097,coat
IMG-112408,ankle_boot
IMG-110978,trouser
IMG-107974,top
IMG-101841,sandal
IMG-103446,top
IMG-108512,bag
IMG-105234,pullover
IMG-101246,dress
IMG-101512,ankle_boot
IMG-101929,dress
IMG-107299,shirt
IMG-110782,trouser
IMG-111488,trouser
IMG-111589,top
IMG-100852,coat
IMG-102423,pullover
IMG-114664,bag
IMG-107421,shirt
IMG-110842,trouser
IMG-103638,sandal
IMG-106086,sandal
IMG-102449,pullover
IMG-107891,ankle_boot
IMG-111320,sneaker
IMG-114975,top
IMG-112109,top
IMG-109382,sneaker
IMG-104493,trouser
IMG-111718,sneaker
IMG-113335,pullover
IMG-106745,dress
IMG-103120,top
IMG-113213,sandal
IMG-101884,dress
IMG-106645,coat
IMG-113299,dress
IMG-100217,sneaker
IMG-102963,coat
IMG-104187,coat
IMG-109191,trouser
IMG-100863,top
IMG-101627,shirt
IMG-113760,ankle_boot
IMG-105188,ankle_boot
IMG-106601,top
IMG-107227,shirt
IMG-106679,shirt
IMG-105710,trouser
IMG-105039,sneaker
IMG-110494,dress
IMG-106621,dress
IMG-105515,ankle_boot
IMG-113661,top
IMG-109152,sandal
IMG-101863,dress
IMG-111121,pullover
IMG-105123,sandal
IMG-114642,dress
IMG-112416,pullover
IMG-105028,top
IMG-104552,trouser
IMG-114571,bag
IMG-111324,coat
IMG-114322,coat
IMG-107950,dress
IMG-104713,coat
IMG-112780,coat
IMG-108011,trouser
IMG-101813,sneaker
IMG-108303,sneaker
IMG-101911,bag
IMG-113728,trouser
IMG-113753,pullover
IMG-109223,shirt
IMG-114182,trouser
IMG-114590,shirt
IMG-114151,shirt
IMG-105204,top
IMG-105040,dress
IMG-101635,bag
IMG-110236,pullover
IMG-112767,ankle_boot
IMG-109780,pullover
IMG-110123,pullover
IMG-114304,dress
IMG-104601,sandal
IMG-113333,trouser
IMG-108240,bag
IMG-100736,bag
IMG-112851,sandal
IMG-103756,sandal
IMG-102547,sandal
IMG-112263,shirt
IMG-111477,dress
IMG-100834,top
IMG-105889,ankle_boot
IMG-110581,bag
IMG-113040,sandal
IMG-101255,top
IMG-111429,ankle_boot
IMG-105880,dress
IMG-106171,trouser
IMG-104195,coat
IMG-101213,sandal
IMG-109021,sandal
IMG-111994,bag
IMG-103588,trouser
IMG-103731,pullover
IMG-113703,sneaker
IMG-108035,trouser
IMG-110266,sandal
IMG-114492,ankle_boot
IMG-102883,top
IMG-111988,dress
IMG-107740,trouser
IMG-113665,trouser
IMG-108550,bag
IMG-111892,trouser
IMG-100647,ankle_boot
IMG-108612,dress
IMG-104347,sandal
IMG-106282,dress
IMG-100311,sneaker
IMG-110696,pullover
IMG-110191,coat
IMG-104877,dress
IMG-108777,pullover
IMG-104472,ankle_boot
IMG-100502,sandal
IMG-102699,pullover
IMG-111511,bag
IMG-106973,shirt
IMG-111525,ankle_boot
IMG-102831,bag
IMG-104181,pullover
IMG-106395,shirt
IMG-112159,pullover
IMG-112352,shirt
IMG-109528,bag
IMG-109226,shirt
IMG-100604,sneaker
IMG-101997,bag
IMG-107831,dress
IMG-105778,pullover
IMG-101503,shirt
IMG-109771,coat
IMG-100629,sneaker
IMG-108744,ankle_boot
IMG-114984,shirt
IMG-101160,pullover
IMG-102055,pullover
IMG-110084,coat
IMG-108881,trouser
IMG-105317,dress
IMG-106520,bag
IMG-110717,trouser
IMG-100510,sandal
IMG-105356,sneaker
IMG-102052,trouser
IMG-112887,coat
IMG-104249,trouser
IMG-107554,dress
IMG-109305,ankle_boot
IMG-109595,coat
IMG-111172,sneaker
IMG-102028,dress
IMG-112992,bag
IMG-104484,dress
IMG-107242,pullover
IMG-105761,shirt
IMG-104134,bag
IMG-101586,pullover
IMG-111649,trouser
IMG-100864,top
IMG-104418,trouser
IMG-102900,ankle_boot
IMG-100095,trouser
IMG-105529,sandal
IMG-112183,bag
IMG-100998,sneaker
IMG-102355,sneaker
IMG-107351,sneaker
IMG-106866,ankle_boot
IMG-107598,sneaker
IMG-114695,bag
IMG-105488,shirt
IMG-102291,coat
IMG-105855,pullover
IMG-110945,pullover
IMG-103863,top
IMG-103372,sandal
IMG-105706,pullover
IMG-108030,sneaker
IMG-103000,bag
IMG-109403,sandal
IMG-104971,shirt
IMG-104931,trouser
IMG-110601,top
IMG-101866,pullover
IMG-108725,ankle_boot
IMG-107457,sandal
IMG-107275,shirt
IMG-110891,pullover
IMG-108806,coat
IMG-108555,trouser
IMG-105167,shirt
IMG-108542,pullover
IMG-107464,pullover
IMG-105973,sneaker
IMG-108282,ankle_boot
IMG-101843,ankle_boot
IMG-106956,dress
IMG-113337,dress
IMG-107505,coat
IMG-108546,coat
IMG-101835,pullover
IMG-108897,trouser
IMG-108383,sneaker
IMG-108372,bag
IMG-104082,bag
IMG-101378,coat
IMG-112365,bag
IMG-103196,dress
IMG-105801,ankle_boot
IMG-113950,top
IMG-108322,shirt
IMG-100202,top
IMG-110993,ankle_boot
IMG-112801,sandal
IMG-102530,ankle_boot
IMG-107492,trouser
IMG-100403,coat
IMG-102689,sandal
IMG-105379,coat
IMG-104032,sneaker
IMG-109961,dress
IMG-112227,top
IMG-107084,trouser
IMG-110672,trouser
IMG-108340,top
IMG-103296,sandal
IMG-112634,sneaker
IMG-112655,pullover
IMG-108166,trouser
IMG-109580,ankle_boot
IMG-109990,shirt
IMG-109768,ankle_boot
IMG-102783,trouser
IMG-103591,coat
IMG-101114,dress
IMG-104164,pullover
IMG-104512,dress
IMG-107000,dress
IMG-112703,top
IMG-111623,dress
IMG-110812,ankle_boot
IMG-114389,ankle_boot
IMG-105420,shirt
IMG-110485,bag
IMG-104426,sneaker
IMG-113747,bag
IMG-110205,coat
IMG-107245,sneaker
IMG-106394,pullover
IMG-112682,trouser
IMG-102667,pullover
IMG-108052,sneaker
IMG-105612,sneaker
IMG-113676,pullover
IMG-102745,sandal
IMG-102555,top
IMG-101198,sneaker
IMG-100371,ankle_boot
IMG-112036,dress
IMG-101845,ankle_boot
IMG-104297,sneaker
IMG-104155,coat
IMG-107037,trouser
IMG-110011,sneaker
IMG-106077,dress
IMG-113089,pullover
IMG-107403,trouser
IMG-107273,pullover
IMG-106694,coat
IMG-110633,sneaker
IMG-114035,ankle_boot
IMG-112648,pullover
IMG-113649,pullover
IMG-102268,ankle_boot
IMG-107103,dress
IMG-105547,sneaker
IMG-107007,sandal
IMG-100814,bag
IMG-113705,shirt
IMG-106192,top
IMG-101679,bag
IMG-113422,ankle_boot
IMG-107520,shirt
IMG-107693,shirt
IMG-106057,pullover
IMG-102628,pullover
IMG-102609,sneaker
IMG-112550,ankle_boot
IMG-109215,sandal
IMG-108392,trouser
IMG-109064,coat
IMG-109147,ankle_boot
IMG-103185,pullover
IMG-109097,sneaker
IMG-107236,sandal
IMG-102561,trouser
IMG-101174,ankle_boot
IMG-104296,coat
IMG-104567,pullover
IMG-104729,bag
IMG-109532,pullover
IMG-107249,shirt
IMG-103153,sneaker
IMG-101670,trouser
IMG-105493,ankle_boot
IMG-114094,ankle_boot
IMG-107922,ankle_boot
IMG-112294,top
IMG-110098,top
IMG-108709,top
IMG-101623,dress
IMG-114542,sandal
IMG-100662,shirt
IMG-112181,bag
IMG-111004,coat
IMG-112615,top
IMG-100460,trouser
IMG-108349,ankle_boot
IMG-103846,pullover
IMG-110773,dress
IMG-101263,sneaker
IMG-113218,ankle_boot
IMG-108573,sandal
IMG-103814,coat
IMG-113535,shirt
IMG-100052,sneaker
IMG-110101,bag
IMG-105822,sneaker
IMG-107087,pullover
IMG-105341,shirt
IMG-103579,shirt
IMG-105070,ankle_boot
IMG-101928,pullover
IMG-104522,bag
IMG-110396,sneaker
IMG-109523,top
IMG-111688,trouser
IMG-104502,shirt
IMG-111543,trouser
IMG-105664,top
IMG-112808,ankle_boot
IMG-105728,top
IMG-102494,shirt
IMG-100449,sneaker
IMG-114863,top
IMG-107757,sandal
IMG-108478,sandal
IMG-103862,trouser
IMG-108316,sneaker
IMG-100906,trouser
IMG-101280,shirt
IMG-106204,shirt
IMG-107183,ankle_boot
IMG-114028,ankle_boot
IMG-108677,sneaker
IMG-100353,sandal
IMG-114299,sandal
IMG-110004,trouser
IMG-104970,bag
IMG-104527,sneaker
IMG-106759,sneaker
IMG-109268,bag
IMG-111935,sandal
IMG-111326,sandal
IMG-110306,ankle_boot
IMG-100284,bag
IMG-102694,ankle_boot
IMG-110937,pullover
IMG-113128,ankle_boot
IMG-113813,ankle_boot
IMG-110297,bag
IMG-101292,top
IMG-102550,sneaker
IMG-102483,sandal
IMG-112814,ankle_boot
IMG-103199,dress
IMG-111027,coat
IMG-103805,ankle_boot
IMG-107298,sandal
IMG-113503,sandal
IMG-107676,pullover
IMG-113395,ankle_boot
IMG-103200,pullover
IMG-100940,ankle_boot
IMG-112369,coat
IMG-108504,trouser
IMG-102668,coat
IMG-106736,pullover
IMG-101918,dress
IMG-101037,pullover
IMG-104850,sandal
IMG-111631,pullover
IMG-109623,pullover
IMG-106948,top
IMG-100017,coat
IMG-101384,sneaker
IMG-114050,dress
IMG-107463,coat
IMG-109739,top
IMG-100376,bag
IMG-100674,dress
IMG-114123,trouser
IMG-102880,trouser
IMG-107146,ankle_boot
IMG-103799,shirt
IMG-108632,bag
IMG-112105,shirt
IMG-110222,ankle_boot
IMG-108297,ankle_boot
IMG-108465,sneaker
IMG-109507,coat
IMG-102742,trouser
IMG-113554,sneaker
IMG-109455,sneaker
IMG-101021,trouser
IMG-110955,coat
IMG-113845,shirt
IMG-111530,shirt
IMG-106761,sneaker
IMG-114455,dress
IMG-104016,ankle_boot
IMG-104086,ankle_boot
IMG-113769,sandal
IMG-104672,top
IMG-104736,bag
IMG-105483,dress
IMG-102484,dress
IMG-104470,sandal
IMG-103868,pullover
IMG-103641,sneaker
IMG-113801,pullover
IMG-107943,sneaker
IMG-110580,sandal
IMG-111646,coat
IMG-107620,shirt
IMG-110093,trouser
IMG-114090,sandal
IMG-108233,sneaker
IMG-102373,dress
IMG-114774,dress
IMG-111109,sneaker
IMG-114694,pullover
IMG-100233,pullover
IMG-101585,trouser
IMG-103630,sneaker
IMG-113848,top
IMG-105113,shirt
IMG-114213,top
IMG-106640,shirt
IMG-104786,dress
IMG-112973,trouser
IMG-113613,trouser
IMG-100104,pullover
IMG-107216,dress
IMG-107466,sneaker
IMG-114150,sandal
IMG-111092,bag
IMG-102456,dress
IMG-107251,sneaker
IMG-111350,sneaker
IMG-113204,sandal
IMG-105861,ankle_boot
IMG-101335,coat
IMG-110131,top
IMG-103839,bag
IMG-107655,pullover
IMG-100115,ankle_boot
IMG-111657,ankle_boot
IMG-100106,trouser
IMG-113696,ankle_boot
IMG-109581,dress
IMG-112836,sneaker
IMG-100577,trouser
IMG-106168,bag
IMG-107544,dress
IMG-100265,shirt
IMG-102429,coat
IMG-114240,top
IMG-109572,trouser
IMG-107391,shirt
IMG-102075,dress
IMG-109414,dress
IMG-111329,trouser
IMG-104742,shirt
IMG-100133,pullover
IMG-107491,sneaker
IMG-104681,sneaker
IMG-109799,ankle_boot
IMG-100759,pullover
IMG-106664,sneaker
IMG-108024,bag
IMG-108770,sneaker
IMG-113494,sneaker
IMG-107423,sneaker
IMG-109445,ankle_boot
IMG-110858,top
IMG-110661,shirt
IMG-114412,sneaker
IMG-107769,sandal
IMG-106275,pullover
IMG-101818,bag
IMG-113448,sneaker
IMG-108738,sneaker
IMG-111347,trouser
IMG-100470,bag
IMG-105133,shirt
IMG-101330,shirt
IMG-109800,bag
IMG-110021,sneaker
IMG-106975,ankle_boot
IMG-101550,sandal
IMG-103533,sandal
IMG-110821,trouser
IMG-114781,ankle_boot
IMG-108177,coat
IMG-105502,bag
IMG-112017,sneaker
IMG-100782,dress
IMG-107530,dress
IMG-112320,sandal
IMG-109772,pullover
IMG-102069,bag
IMG-114566,shirt
IMG-112914,pullover
IMG-112019,dress
IMG-103345,bag
IMG-112157,ankle_boot
IMG-110039,ankle_boot
IMG-105557,coat
IMG-105270,sneaker
IMG-101742,trouser
IMG-108325,bag
IMG-114705,sandal
IMG-106951,sneaker
IMG-108126,shirt
IMG-103205,dress
IMG-105689,top
IMG-104770,sneaker
IMG-111284,coat
IMG-114882,top
IMG-114282,dress
IMG-105568,top
IMG-106942,ankle_boot
IMG-107768,dress
IMG-114311,dress
IMG-108524,shirt
IMG-112343,ankle_boot
IMG-113639,bag
IMG-102854,pullover
IMG-104704,sneaker
IMG-100958,dress
IMG-104848,shirt
IMG-103744,shirt
IMG-104399,trouser
IMG-106290,dress
IMG-105788,ankle_boot
IMG-108343,bag
IMG-102710,coat
IMG-103378,sneaker
IMG-112834,trouser
IMG-107834,shirt
IMG-101673,coat
IMG-108729,shirt
IMG-101362,sandal
IMG-111987,dress
IMG-107407,shirt
IMG-100722,sneaker
IMG-113002,top
IMG-102372,coat
IMG-104778,pullover
IMG-109452,bag
IMG-113742,bag
IMG-105906,coat
IMG-101412,top
IMG-102128,sandal
IMG-111756,bag
IMG-111393,pullover
IMG-109624,sneaker
IMG-106770,sneaker
IMG-108266,pullover
IMG-108348,top
IMG-113959,pullover
IMG-101450,ankle_boot
IMG-107899,shirt
IMG-107782,bag
IMG-110195,trouser
IMG-104225,pullover
IMG-106529,sandal
IMG-100407,sandal
IMG-103027,sandal
IMG-113125,dress
IMG-111833,pullover
IMG-113531,bag
IMG-110784,top
IMG-103197,bag
IMG-113345,shirt
IMG-104132,shirt
IMG-110301,shirt
IMG-113248,sneaker
IMG-107056,shirt
IMG-109940,sandal
IMG-105485,coat
IMG-111099,pullover
IMG-105586,dress
IMG-100200,trouser
IMG-103545,top
IMG-104617,trouser
IMG-112612,dress
IMG-109351,shirt
IMG-114635,coat
IMG-100263,top
IMG-106380,sandal
IMG-113960,trouser
IMG-109681,shirt
IMG-101476,shirt
IMG-102380,shirt
IMG-104265,ankle_boot
IMG-110741,dress
IMG-105398,sandal
IMG-111750,sandal
IMG-105552,ankle_boot
IMG-108592,sandal
IMG-110169,ankle_boot
IMG-111022,shirt
IMG-109608,bag
IMG-103796,trouser
IMG-100468,sandal
IMG-106183,coat
IMG-102692,trouser
IMG-101208,trouser
IMG-105604,sneaker
IMG-113419,coat
IMG-104754,pullover
IMG-102196,sneaker
IMG-110921,ankle_boot
IMG-100763,shirt
IMG-111534,bag
IMG-111633,coat
IMG-108753,coat
IMG-103790,sneaker
IMG-104013,sneaker
IMG-111247,ankle_boot
IMG-111767,sandal
IMG-105895,bag
IMG-114886,trouser
IMG-107364,sneaker
IMG-111573,ankle_boot
IMG-111634,dress
IMG-112764,trouser
IMG-109673,shirt
IMG-108028,trouser
IMG-103487,coat
IMG-101785,coat
IMG-105287,coat
IMG-112033,top
IMG-113383,top
IMG-103481,top
IMG-107358,coat
IMG-106095,trouser
IMG-107415,sandal
IMG-104745,sneaker
IMG-104698,shirt
IMG-102141,dress
IMG-113582,top
IMG-106708,coat
IMG-101337,bag
IMG-111436,bag
IMG-108210,bag
IMG-104306,dress
IMG-112045,sandal
IMG-106646,bag
IMG-107670,ankle_boot
IMG-112998,ankle_boot
IMG-100860,ankle_boot
IMG-100214,trouser
IMG-105922,top
IMG-108853,bag
IMG-103587,shirt
IMG-106659,ankle_boot
IMG-103467,coat
IMG-101802,sandal
IMG-101084,bag
IMG-113820,pullover
IMG-104269,pullover
IMG-104179,shirt
IMG-106300,top
IMG-104629,trouser
IMG-103013,shirt
IMG-111093,coat
IMG-100790,pullover
IMG-103495,ankle_boot
IMG-114858,bag
IMG-109326,coat
IMG-102755,coat
IMG-105433,sandal
IMG-114674,trouser
IMG-103059,ankle_boot
IMG-107715,coat
IMG-100209,sandal
IMG-103997,coat
IMG-102328,shirt
IMG-109176,bag
IMG-109156,sandal
IMG-103886,top
IMG-111028,sandal
IMG-106473,dress
IMG-114172,pullover
IMG-103850,coat
IMG-101719,ankle_boot
IMG-105322,bag
IMG-102570,coat
IMG-100404,sandal
IMG-106272,pullover
IMG-112554,top
IMG-105170,pullover
IMG-114814,ankle_boot
IMG-106513,shirt
IMG-100839,sandal
IMG-109980,top
IMG-109271,trouser
IMG-102782,bag
IMG-107599,top
IMG-102718,shirt
IMG-108041,coat
IMG-105941,ankle_boot
IMG-109309,sandal
IMG-114619,pullover
IMG-106698,shirt
IMG-114212,shirt
IMG-103381,dress
IMG-112387,bag
IMG-112436,coat
IMG-113177,bag
IMG-103919,sandal
IMG-110391,dress
IMG-109488,sandal
IMG-114883,shirt
IMG-107055,ankle_boot
IMG-108774,coat
IMG-101636,sandal
IMG-114226,trouser
IMG-104365,top
IMG-106592,dress
IMG-106913,top
IMG-100889,trouser
IMG-102153,sneaker
IMG-100603,sandal
IMG-112046,dress
IMG-110149,top
IMG-111305,coat
IMG-111133,trouser
IMG-105688,dress
IMG-104588,coat
IMG-109628,dress
IMG-101527,top
IMG-101663,ankle_boot
IMG-110445,shirt
IMG-102593,pullover
IMG-109013,sandal
IMG-100387,sandal
IMG-113619,trouser
IMG-108475,ankle_boot
IMG-113991,pullover
IMG-114269,dress
IMG-101308,sandal
IMG-109834,shirt
IMG-113426,pullover
IMG-105666,coat
IMG-102657,ankle_boot
IMG-114518,pullover
IMG-113196,trouser
IMG-108741,trouser
IMG-114030,top
IMG-100973,shirt
IMG-113052,top
IMG-109525,sneaker
IMG-108184,coat
IMG-108252,shirt
IMG-110834,ankle_boot
IMG-110412,dress
IMG-106265,trouser
IMG-105837,pullover
IMG-106298,sandal
IMG-103408,trouser
IMG-103507,bag
IMG-109279,dress
IMG-107209,coat
IMG-103681,sneaker
IMG-101326,sneaker
IMG-106407,dress
IMG-101394,pullover
IMG-106837,pullover
IMG-107167,sneaker
IMG-102357,shirt
IMG-103355,dress
IMG-107188,pullover
IMG-108776,bag
IMG-111445,sneaker
IMG-108926,shirt
IMG-100112,shirt
IMG-114554,top
IMG-109436,coat
IMG-105510,sneaker
IMG-100008,shirt
IMG-102716,sneaker
IMG-104305,sandal
IMG-104671,pullover
IMG-112445,coat
IMG-109010,bag
IMG-106022,sandal
IMG-102911,ankle_boot
IMG-103045,sandal
IMG-105742,shirt
IMG-103999,ankle_boot
IMG-107876,bag
IMG-102161,dress
IMG-103877,sandal
IMG-106411,top
IMG-112130,dress
IMG-107964,sneaker
IMG-107708,pullover
IMG-112927,sandal
IMG-105454,top
IMG-101819,sandal
IMG-114383,top
IMG-112858,sandal
IMG-104413,ankle_boot
IMG-112375,pullover
IMG-104528,sneaker
IMG-103397,top
IMG-114878,bag
IMG-101380,bag
IMG-111101,coat
IMG-112718,pullover
IMG-107855,trouser
IMG-108932,pullover
IMG-104923,top
IMG-112467,top
IMG-100277,bag
IMG-110909,bag
IMG-113234,bag
IMG-110532,ankle_boot
IMG-100126,bag
IMG-105914,pullover
IMG-104618,pullover
IMG-103175,sneaker
IMG-106387,sneaker
IMG-114410,coat
IMG-102717,ankle_boot
IMG-103152,bag
IMG-109796,top
IMG-111163,bag
IMG-111650,bag
IMG-106302,bag
IMG-104208,dress
IMG-110884,sneaker
IMG-100706,shirt
IMG-104142,ankle_boot
IMG-100505,sandal
IMG-104900,trouser
IMG-111567,trouser
IMG-108551,pullover
IMG-112236,ankle_boot
IMG-103420,ankle_boot
IMG-110876,coat
IMG-107882,pullover
IMG-114403,dress
IMG-102279,ankle_boot
IMG-113906,sneaker
IMG-107864,sneaker
IMG-101407,sneaker
IMG-112972,ankle_boot
IMG-108207,trouser
IMG-103931,pullover
IMG-105762,dress
IMG-103325,trouser
IMG-112747,sandal
IMG-109240,trouser
IMG-106215,bag
IMG-102178,ankle_boot
IMG-102204,shirt
IMG-112286,sneaker
IMG-103452,ankle_boot
IMG-109518,shirt
IMG-113421,trouser
IMG-108273,bag
IMG-108690,trouser
IMG-104337,bag
IMG-112502,coat
IMG-112582,sneaker
IMG-110854,bag
IMG-108614,sandal
IMG-113897,dress
IMG-110836,sandal
IMG-113708,trouser
IMG-111184,shirt
IMG-106031,dress
IMG-110235,shirt
IMG-102946,sandal
IMG-111244,sandal
IMG-112013,dress
IMG-108925,dress
IMG-104277,bag
IMG-109616,sneaker
IMG-102369,top
IMG-111067,sandal
IMG-102450,dress
IMG-113301,dress
IMG-113865,trouser
IMG-107385,top
IMG-109537,trouser
IMG-108446,bag
IMG-103320,ankle_boot
IMG-101594,pullover
IMG-105939,sneaker
IMG-112652,top
IMG-111059,bag
IMG-108147,coat
IMG-114979,top
IMG-114333,coat
IMG-105498,sneaker
IMG-104777,top
IMG-105753,top
IMG-102191,bag
IMG-109967,sandal
IMG-109420,trouser
IMG-114275,coat
IMG-109871,sandal
IMG-103225,dress
IMG-101191,coat
IMG-106198,sneaker
IMG-110127,sandal
IMG-111668,sneaker
IMG-106610,bag
IMG-100922,bag
IMG-106051,trouser
IMG-105035,sneaker
IMG-110617,shirt
IMG-101543,sandal
IMG-110328,top
IMG-105212,coat
IMG-113914,sandal
IMG-104231,top
IMG-113162,sneaker
IMG-103353,ankle_boot
IMG-112079,sneaker
IMG-112399,bag
IMG-103717,bag
IMG-110038,sandal
IMG-100377,shirt
IMG-104853,shirt
IMG-104932,bag
IMG-110708,shirt
IMG-108403,trouser
IMG-103810,sneaker
IMG-111301,bag
IMG-111365,shirt
IMG-111885,sandal
IMG-105378,top
IMG-106919,sandal
IMG-106158,coat
IMG-102805,bag
IMG-113088,dress
IMG-114699,shirt
IMG-102121,sandal
IMG-101787,dress
IMG-108663,coat
IMG-107290,coat
IMG-111170,sandal
IMG-102992,sandal
IMG-100363,shirt
IMG-104598,sneaker
IMG-114689,sneaker
IMG-112049,pullover
IMG-112556,ankle_boot
IMG-102682,pullover
IMG-109221,sandal
IMG-100746,sneaker
IMG-108146,shirt
IMG-110974,sandal
IMG-107656,sandal
IMG-108473,bag
IMG-103124,ankle_boot
IMG-113182,sandal
IMG-102337,shirt
IMG-101894,coat
IMG-109092,dress
IMG-110220,shirt
IMG-111259,coat
IMG-112510,ankle_boot
IMG-111849,ankle_boot
IMG-111124,trouser
IMG-101248,shirt
IMG-105777,shirt
IMG-103066,sandal
IMG-102445,ankle_boot
IMG-112170,coat
IMG-107404,sneaker
IMG-111792,bag
IMG-101482,top
IMG-107984,bag
IMG-102955,shirt
IMG-109447,top
IMG-111248,shirt
IMG-103072,dress
IMG-108333,coat
IMG-105466,top
IMG-105275,bag
IMG-114823,bag
IMG-110770,pullover
IMG-113065,ankle_boot
IMG-111382,trouser
IMG-101830,coat
IMG-109567,shirt
IMG-106946,coat
IMG-109363,pullover
IMG-103994,shirt
IMG-108878,top
IMG-113331,sandal
IMG-109085,pullover
IMG-106983,sneaker
IMG-100931,top
IMG-113730,top
IMG-100331,coat
IMG-111425,trouser
IMG-106108,shirt
IMG-112321,coat
IMG-110787,top
IMG-110015,bag
IMG-109727,trouser
IMG-101811,sneaker
IMG-112588,trouser
IMG-107169,trouser
IMG-111112,dress
IMG-101758,coat
IMG-101642,top
IMG-100422,bag
IMG-101522,top
IMG-112325,shirt
IMG-106819,pullover
IMG-107225,trouser
IMG-102473,shirt
IMG-114190,coat
IMG-102151,trouser
IMG-104597,shirt
IMG-113963,dress
IMG-106232,top
IMG-113340,trouser
IMG-107139,dress
IMG-105783,top
IMG-102554,sandal
IMG-103409,top
IMG-104813,ankle_boot
IMG-105633,coat
IMG-114026,sandal
IMG-101651,trouser
IMG-112724,sandal
IMG-109820,trouser
IMG-102798,bag
IMG-106650,coat
IMG-102418,pullover
IMG-105804,ankle_boot
IMG-113057,sneaker
IMG-113954,pullover
IMG-114108,trouser
IMG-103161,pullover
IMG-106141,coat
IMG-101245,coat
IMG-100832,coat
IMG-111942,bag
IMG-101003,shirt
IMG-100346,shirt
IMG-100714,dress
IMG-100634,trouser
IMG-107229,bag
IMG-113283,shirt
IMG-110548,dress
IMG-109886,coat
IMG-104508,pullover
IMG-100345,ankle_boot
IMG-111621,pullover
IMG-105780,coat
IMG-114908,ankle_boot
IMG-105250,ankle_boot
IMG-102557,trouser
IMG-108244,coat
IMG-103330,dress
IMG-107138,coat
IMG-112350,sandal
IMG-106059,pullover
IMG-106995,top
IMG-105364,coat
IMG-111704,dress
IMG-107738,pullover
IMG-100356,sneaker
IMG-104738,shirt
IMG-110630,dress
IMG-111000,bag
IMG-105189,trouser
IMG-108156,shirt
IMG-111811,coat
IMG-108995,top
IMG-102938,coat
IMG-100048,bag
IMG-104504,bag
IMG-103791,pullover
IMG-107215,sneaker
IMG-110080,sneaker
IMG-101382,sandal
IMG-104400,sandal
IMG-104752,dress
IMG-100235,sandal
IMG-102707,sandal
IMG-114744,ankle_boot
IMG-112245,pullover
IMG-101490,sneaker
IMG-108696,ankle_boot
IMG-105569,dress
IMG-102553,bag
IMG-112505,pullover
IMG-109663,shirt
IMG-109377,shirt
IMG-105835,ankle_boot
IMG-100815,coat
IMG-111388,top
IMG-108957,shirt
IMG-105594,shirt
IMG-102202,ankle_boot
IMG-112881,bag
IMG-113833,bag
IMG-109462,dress
IMG-110799,bag
IMG-101957,ankle_boot
IMG-111416,sneaker
IMG-100670,pullover
IMG-111974,trouser
IMG-114651,trouser
IMG-109202,shirt
IMG-108018,sandal
IMG-112993,shirt
IMG-106321,ankle_boot
IMG-107161,pullover
IMG-110697,coat
IMG-108053,shirt
IMG-100939,bag
IMG-106191,coat
IMG-102978,bag
IMG-101194,bag
IMG-113889,dress
IMG-104539,pullover
IMG-104998,trouser
IMG-103965,trouser
IMG-103459,bag
IMG-112164,dress
IMG-110292,ankle_boot
IMG-110910,sneaker
IMG-107185,sneaker
IMG-107173,sandal
IMG-107433,coat
IMG-100405,bag
IMG-103830,trouser
IMG-114662,pullover
IMG-109281,coat
IMG-104911,trouser
IMG-100988,dress
IMG-113010,sneaker
IMG-112182,ankle_boot
IMG-113411,sneaker
IMG-107712,bag
IMG-112255,sandal
IMG-105909,pullover
IMG-106352,pullover
IMG-103203,sneaker
IMG-114083,ankle_boot
IMG-105226,top
IMG-102452,dress
IMG-113018,coat
IMG-109597,trouser
IMG-103489,ankle_boot
IMG-100608,trouser
IMG-101082,bag
IMG-103483,top
IMG-101788,shirt
IMG-106469,bag
IMG-101397,pullover
IMG-106188,bag
IMG-109238,coat
IMG-101961,sneaker
IMG-112555,trouser
IMG-104726,pullover
IMG-112100,dress
IMG-108098,shirt
IMG-100646,ankle_boot
IMG-102122,trouser
IMG-108111,shirt
IMG-102538,top
IMG-100681,coat
IMG-103622,trouser
IMG-100745,pullover
IMG-100884,bag
IMG-114385,bag
IMG-100250,top
IMG-112940,trouser
IMG-101239,top
IMG-105925,top
IMG-112107,coat
IMG-103704,dress
IMG-101755,bag
IMG-111682,dress
IMG-109417,sneaker
IMG-103038,ankle_boot
IMG-100452,sandal
IMG-101773,dress
IMG-112902,sandal
IMG-103974,sneaker
IMG-111568,pullover
IMG-108590,dress
IMG-113666,shirt
IMG-108890,bag
IMG-100204,shirt
IMG-109604,trouser
IMG-114759,coat
IMG-111887,bag
IMG-110564,trouser
IMG-105198,coat
IMG-108382,sandal
IMG-109744,bag
IMG-100679,trouser
IMG-113986,ankle_boot
IMG-105936,ankle_boot
IMG-108059,trouser
IMG-105064,bag
IMG-111339,pullover
IMG-102540,dress
IMG-110171,sandal
IMG-105310,dress
IMG-101693,pullover
IMG-102810,ankle_boot
IMG-110519,sneaker
IMG-107060,bag
IMG-102368,dress
IMG-102105,sandal
IMG-107860,coat
IMG-109945,top
IMG-111282,sneaker
IMG-101999,shirt
IMG-108837,sandal
IMG-112062,ankle_boot
IMG-111907,trouser
IMG-101427,trouser
IMG-102413,coat
IMG-111651,coat
IMG-103929,sneaker
IMG-104783,top
IMG-106008,trouser
IMG-112222,ankle_boot
IMG-101631,ankle_boot
IMG-110745,dress
IMG-110069,coat
IMG-102771,trouser
IMG-107296,coat
IMG-101745,top
IMG-102625,shirt
IMG-102047,shirt
IMG-108305,bag
IMG-109211,bag
IMG-100984,top
IMG-101757,shirt
IMG-104594,bag
IMG-107266,trouser
IMG-110665,sandal
IMG-106755,bag
IMG-110800,sneaker
IMG-104781,bag
IMG-112417,sneaker
IMG-105220,coat
IMG-107270,sneaker
IMG-111789,coat
IMG-111727,coat
IMG-114440,bag
IMG-104647,bag
IMG-107733,coat
IMG-104462,bag
IMG-104940,ankle_boot
IMG-110908,ankle_boot
IMG-101832,ankle_boot
IMG-104753,coat
IMG-103179,sneaker
IMG-101142,top
IMG-106778,shirt
IMG-107614,top
IMG-106028,bag
IMG-114602,bag
IMG-101101,coat
IMG-100570,sandal
IMG-106010,dress
IMG-110957,bag
IMG-101821,bag
IMG-104339,top
IMG-101432,top
IMG-108060,bag
IMG-108425,trouser
IMG-110900,pullover
IMG-103431,trouser
IMG-107263,top
IMG-108409,coat
IMG-101710,top
IMG-108851,pullover
IMG-108115,bag
IMG-109760,ankle_boot
IMG-108894,sneaker
IMG-108537,coat
IMG-106455,shirt
IMG-113001,coat
IMG-114173,pullover
IMG-113721,pullover
IMG-100835,ankle_boot
IMG-107455,pullover
IMG-112955,sandal
IMG-100253,sandal
IMG-114748,top
IMG-101068,sneaker
IMG-109505,bag
IMG-109747,bag
IMG-112432,top
IMG-112803,trouser
IMG-107695,sneaker
IMG-102636,sandal
IMG-105224,trouser
IMG-109293,dress
IMG-101793,coat
IMG-104651,bag
IMG-104717,shirt
IMG-113223,bag
IMG-102152,ankle_boot
IMG-100428,sandal
IMG-106096,coat
IMG-100077,sneaker
IMG-111916,bag
IMG-103375,coat
IMG-104344,trouser
IMG-108891,sandal
IMG-114143,top
IMG-106573,trouser
IMG-104261,sandal
IMG-109468,ankle_boot
IMG-113016,ankle_boot
IMG-114201,pullover
IMG-102589,shirt
IMG-100041,trouser
IMG-106722,ankle_boot
IMG-114568,top
IMG-107727,coat
IMG-100157,ankle_boot
IMG-109662,coat
IMG-101222,dress
IMG-111842,coat
IMG-107099,sneaker
IMG-107557,pullover
IMG-110350,trouser
IMG-113538,bag
IMG-105402,ankle_boot
IMG-110521,coat
IMG-113183,sandal
IMG-110808,trouser
IMG-109128,sandal
IMG-105602,trouser
IMG-108622,trouser
IMG-109380,ankle_boot
IMG-107567,shirt
IMG-107993,sandal
IMG-111439,pullover
IMG-106097,shirt
IMG-107698,bag
IMG-111078,pullover
IMG-107344,top
IMG-106632,ankle_boot
IMG-114974,pullover
IMG-103347,sneaker
IMG-106680,shirt
IMG-104613,sandal
IMG-104404,top
IMG-105668,shirt
IMG-105290,top
IMG-109695,dress
IMG-113709,coat
IMG-108346,shirt
IMG-105601,ankle_boot
IMG-108026,dress
IMG-105213,sandal
IMG-110923,pullover
IMG-108262,shirt
IMG-104381,shirt
IMG-103793,dress
IMG-109314,coat
IMG-103029,coat
IMG-110593,sneaker
IMG-109327,coat
IMG-114426,ankle_boot
IMG-114286,coat
IMG-105054,dress
IMG-106481,coat
IMG-114399,shirt
IMG-114140,bag
IMG-113794,sneaker
IMG-111134,pullover
IMG-108685,sandal
IMG-114818,trouser
IMG-107003,ankle_boot
IMG-102261,pullover
IMG-100021,coat
IMG-107788,bag
IMG-102068,ankle_boot
IMG-101069,shirt
IMG-110735,coat
IMG-104532,bag
IMG-109003,pullover
IMG-113076,dress
IMG-104460,sneaker
IMG-110703,bag
IMG-111720,sneaker
IMG-101756,trouser
IMG-102255,bag
IMG-109754,top
IMG-107142,sneaker
IMG-101555,ankle_boot
IMG-106193,shirt
IMG-109823,sandal
IMG-101733,trouser
IMG-101417,top
IMG-111481,top
IMG-111972,top
IMG-110769,coat
IMG-100194,ankle_boot
IMG-110249,shirt
IMG-104607,pullover
IMG-109475,trouser
IMG-107247,shirt
IMG-104916,ankle_boot
IMG-112451,bag
IMG-102303,sneaker
IMG-103511,dress
IMG-101089,dress
IMG-109734,top
IMG-114981,sneaker
IMG-102526,trouser
IMG-107082,top
IMG-114654,coat
IMG-100091,sneaker
IMG-104411,ankle_boot
IMG-101310,sandal
IMG-112021,top
IMG-105868,pullover
IMG-108386,ankle_boot
IMG-111438,top
IMG-103434,bag
IMG-103519,top
IMG-106828,trouser
IMG-105436,coat
IMG-112607,sneaker
IMG-103659,ankle_boot
IMG-114770,dress
IMG-106312,coat
IMG-113827,sandal
IMG-103648,pullover
IMG-108391,shirt
IMG-104737,trouser
IMG-114308,top
IMG-110861,sneaker
IMG-103123,shirt
IMG-114495,pullover
IMG-114347,dress
IMG-113202,top
IMG-105870,sneaker
IMG-103936,sneaker
IMG-109061,top
IMG-109113,trouser
IMG-102038,coat
IMG-111620,shirt
IMG-103765,dress
IMG-101057,dress
IMG-107085,ankle_boot
IMG-102642,sandal
IMG-114001,pullover
IMG-106605,sandal
IMG-111002,shirt
IMG-110539,sandal
IMG-111040,trouser
IMG-112708,dress
IMG-112344,ankle_boot
IMG-104656,dress
IMG-101706,pullover
IMG-103329,dress
IMG-108051,pullover
IMG-107023,bag
IMG-101862,sneaker
IMG-110166,bag
IMG-111308,ankle_boot
IMG-102516,top
IMG-102364,coat
IMG-109282,ankle_boot
IMG-109806,sneaker
IMG-110472,pullover
IMG-100094,bag
IMG-100559,sandal
IMG-108823,trouser
IMG-114850,sneaker
IMG-108767,sandal
IMG-102320,trouser
IMG-101489,pullover
IMG-111664,sneaker
IMG-112877,trouser
IMG-101389,sandal
IMG-113654,dress
IMG-103907,sandal
IMG-110329,top
IMG-108795,shirt
IMG-100192,sandal
IMG-101664,bag
IMG-110744,trouser
IMG-103005,pullover
IMG-111741,bag
IMG-100475,sandal
IMG-106791,trouser
IMG-100925,sneaker
IMG-107725,bag
IMG-100435,sandal
IMG-107827,ankle_boot
IMG-106602,bag
IMG-108998,top
IMG-104204,sneaker
IMG-114726,top
IMG-101599,sneaker
IMG-107918,sneaker
IMG-104507,shirt
IMG-100728,sandal
IMG-112681,shirt
IMG-102129,sandal
IMG-106665,sandal
IMG-112977,coat
IMG-112117,coat
IMG-114157,shirt
IMG-107376,bag
IMG-111251,trouser
IMG-109854,dress
IMG-110434,top
IMG-102120,pullover
IMG-110783,shirt
IMG-114515,pullover
IMG-101379,coat
IMG-102622,bag
IMG-100364,coat
IMG-111876,ankle_boot
IMG-102037,shirt
IMG-111990,pullover
IMG-103571,shirt
IMG-102463,trouser
IMG-105760,dress
IMG-107166,ankle_boot
IMG-104867,sandal
IMG-100809,shirt
IMG-103131,bag
IMG-102769,sandal
IMG-108892,coat
IMG-101231,pullover
IMG-114715,dress
IMG-114246,coat
IMG-103127,top
IMG-113810,pullover
IMG-102342,coat
IMG-110688,pullover
IMG-109432,bag
IMG-101066,dress
IMG-101611,trouser
IMG-110977,pullover
IMG-104803,sandal
IMG-104405,trouser
IMG-110312,sneaker
IMG-111873,ankle_boot
IMG-109396,coat
IMG-100131,shirt
IMG-109724,shirt
IMG-105987,ankle_boot
IMG-106305,sneaker
IMG-108014,pullover
IMG-111290,shirt
IMG-101377,ankle_boot
IMG-107231,dress
IMG-105676,ankle_boot
IMG-107710,trouser
IMG-104487,bag
IMG-105645,ankle_boot
IMG-110024,coat
IMG-103592,ankle_boot
IMG-106501,dress
IMG-114871,sandal
IMG-108733,shirt
IMG-105328,top
IMG-114457,dress
IMG-114942,coat
IMG-104090,ankle_boot
IMG-105963,coat
IMG-109482,shirt
IMG-111430,ankle_boot
IMG-100655,sneaker
IMG-113184,sandal
IMG-110094,sneaker
IMG-111809,shirt
IMG-113993,bag
IMG-103606,pullover
IMG-107947,sandal
IMG-104350,coat
IMG-102746,sneaker
IMG-106762,trouser
IMG-106637,trouser
IMG-108986,shirt
IMG-100229,trouser
IMG-114387,sandal
IMG-103074,pullover
IMG-110217,shirt
IMG-100937,top
IMG-112933,sneaker
IMG-114300,coat
IMG-108416,shirt
IMG-108371,sneaker
IMG-113314,top
IMG-106649,sandal
IMG-111460,coat
IMG-104640,trouser
IMG-106897,sneaker
IMG-103095,ankle_boot
IMG-102212,trouser
IMG-108476,sneaker
IMG-113764,pullover
IMG-114743,coat
IMG-104320,bag
IMG-102603,dress
IMG-110575,pullover
IMG-101124,ankle_boot
IMG-102350,top
IMG-109082,shirt
IMG-110262,sneaker
IMG-102600,sneaker
IMG-113628,pullover
IMG-101869,dress
IMG-110591,top
IMG-110097,sneaker
IMG-113360,ankle_boot
IMG-111256,coat
IMG-113520,bag
IMG-104380,sandal
IMG-112285,shirt
IMG-106842,coat
IMG-114730,sandal
IMG-108027,bag
IMG-105269,ankle_boot
IMG-101940,pullover
IMG-103777,dress
IMG-111731,shirt
IMG-112398,shirt
IMG-104789,trouser
IMG-103208,sandal
IMG-100902,sneaker
IMG-101654,ankle_boot
IMG-111201,sneaker
IMG-105886,top
IMG-107016,top
IMG-104122,sandal
IMG-101814,top
IMG-110361,sneaker
IMG-100701,ankle_boot
IMG-113139,trouser
IMG-102524,trouser
IMG-101949,sneaker
IMG-100966,top
IMG-104600,top
IMG-110705,sandal
IMG-110734,coat
IMG-108362,pullover
IMG-107267,dress
IMG-102860,shirt
IMG-112603,sandal
IMG-102060,sandal
IMG-114735,coat
IMG-112664,coat
IMG-111755,coat
IMG-101316,shirt
IMG-105969,top
IMG-108036,coat
IMG-112374,sandal
IMG-104955,top
IMG-110540,pullover
IMG-114016,coat
IMG-103508,pullover
IMG-113189,trouser
IMG-105782,bag
IMG-114995,shirt
IMG-111969,shirt
IMG-105781,ankle_boot
IMG-110199,bag
IMG-103194,sandal
IMG-111700,shirt
IMG-111157,top
IMG-109320,bag
IMG-108088,sneaker
IMG-102722,shirt
IMG-100102,shirt
IMG-108680,sandal
IMG-114650,ankle_boot
IMG-110504,trouser
IMG-110182,top
IMG-104603,top
IMG-113036,ankle_boot
IMG-112760,top
IMG-108449,sandal
IMG-101621,ankle_boot
IMG-112423,shirt
IMG-102039,sneaker
IMG-106990,shirt
IMG-102398,trouser
IMG-113389,dress
IMG-106845,top
IMG-103822,sneaker
IMG-112099,ankle_boot
IMG-112050,ankle_boot
IMG-112946,coat
IMG-106244,top
IMG-111095,shirt
IMG-113403,shirt
IMG-111107,top
IMG-108161,dress
IMG-108456,pullover
IMG-108919,trouser
IMG-114913,sandal
IMG-102471,dress
IMG-114779,coat
IMG-105573,trouser
IMG-105546,ankle_boot
IMG-101904,dress
IMG-108224,dress
IMG-102611,dress
IMG-108789,bag
IMG-102114,bag
IMG-101539,sneaker
IMG-109880,coat
IMG-102665,sneaker
IMG-112443,sneaker
IMG-108182,ankle_boot
IMG-103134,ankle_boot
IMG-103958,shirt
IMG-108457,shirt
IMG-110318,top
IMG-106412,bag
IMG-112911,top
IMG-110480,coat
IMG-106070,ankle_boot
IMG-103435,trouser
IMG-111564,shirt
IMG-113997,pullover
IMG-114313,bag
IMG-104442,ankle_boot
IMG-104520,trouser
IMG-108185,bag
IMG-106359,shirt
IMG-110610,top
IMG-104953,pullover
IMG-105630,coat
IMG-111563,top
IMG-111052,top
IMG-102591,sneaker
IMG-113135,bag
IMG-100350,bag
IMG-109437,dress
IMG-108243,coat
IMG-102930,shirt
IMG-110178,bag
IMG-114900,sandal
IMG-110229,trouser
IMG-112448,bag
IMG-104178,sandal
IMG-109936,ankle_boot
IMG-100564,shirt
IMG-110683,shirt
IMG-100944,sneaker
IMG-113119,pullover
IMG-114615,dress
IMG-104707,dress
IMG-101390,dress
IMG-111920,sneaker
IMG-112950,bag
IMG-111033,top
IMG-111423,shirt
IMG-107019,trouser
IMG-103586,sandal
IMG-102267,pullover
IMG-110990,sneaker
IMG-114292,bag
IMG-109594,dress
IMG-113380,pullover
IMG-106724,coat
IMG-114465,shirt
IMG-102370,dress
IMG-111279,bag
IMG-104699,coat
IMG-111754,shirt
IMG-109102,ankle_boot
IMG-102565,sneaker
IMG-101523,ankle_boot
IMG-110701,trouser
IMG-114132,sneaker
IMG-110820,shirt
IMG-107865,bag
IMG-110632,sneaker
IMG-112880,shirt
IMG-103551,dress
IMG-112311,shirt
IMG-103978,shirt
IMG-101932,ankle_boot
IMG-112701,shirt
IMG-114665,sneaker
IMG-113937,pullover
IMG-113918,coat
IMG-100219,ankle_boot
IMG-110872,top
IMG-104009,sneaker
IMG-103960,coat
IMG-112237,sneaker
IMG-107264,pullover
IMG-102552,dress
IMG-114896,coat
IMG-109730,ankle_boot
IMG-106829,coat
IMG-113924,trouser
IMG-105306,bag
IMG-105271,sneaker
IMG-111492,ankle_boot
IMG-111671,pullover
IMG-103238,trouser
IMG-105349,bag
IMG-105078,trouser
IMG-100184,sandal
IMG-105108,ankle_boot
IMG-100297,bag
IMG-107894,top
IMG-113003,sandal
IMG-101144,sandal
IMG-108176,ankle_boot
IMG-108442,shirt
IMG-101387,top
IMG-111933,top
IMG-111372,bag
IMG-110431,coat
IMG-106150,dress
IMG-109387,sandal
IMG-103419,coat
IMG-108942,sneaker
IMG-102505,dress
IMG-102106,sandal
IMG-105019,shirt
IMG-111955,ankle_boot
IMG-105059,sneaker
IMG-111102,bag
IMG-107700,dress
IMG-103164,sandal
IMG-114376,dress
IMG-104448,sandal
IMG-100228,coat
IMG-112619,bag
IMG-100719,pullover
IMG-100085,sandal
IMG-106283,pullover
IMG-113209,top
IMG-100529,pullover
IMG-113550,top
IMG-112342,trouser
IMG-100397,pullover
IMG-113976,top
IMG-109001,coat
IMG-109519,pullover
IMG-107875,ankle_boot
IMG-109897,pullover
IMG-113624,sneaker
IMG-103093,sandal
IMG-111369,bag
IMG-101359,pullover
IMG-105814,sandal
IMG-105118,top
IMG-104621,bag
IMG-110173,coat
IMG-112370,dress
IMG-108479,pullover
IMG-101600,coat
IMG-109835,shirt
IMG-111013,sneaker
IMG-103733,bag
IMG-106888,ankle_boot
IMG-113236,dress
IMG-108734,ankle_boot
IMG-100923,trouser
IMG-111687,sandal
IMG-105897,bag
IMG-101307,bag
IMG-104693,ankle_boot
IMG-101264,shirt
IMG-103948,dress
IMG-104288,top
IMG-107830,coat
IMG-110571,dress
IMG-113972,coat
IMG-100100,coat
IMG-104257,trouser
IMG-108867,coat
IMG-112289,sneaker
IMG-105104,trouser
IMG-111180,trouser
IMG-104352,pullover
IMG-114153,bag
IMG-102686,dress
IMG-109787,sandal
IMG-112716,pullover
IMG-111395,coat
IMG-113000,bag
IMG-114861,top
IMG-107493,trouser
IMG-101620,trouser
IMG-109571,pullover
IMG-102679,shirt
IMG-103610,pullover
IMG-105632,dress
IMG-109596,coat
IMG-107496,shirt
IMG-107566,ankle_boot
IMG-104499,trouser
IMG-114586,top
IMG-104058,top
IMG-106025,coat
IMG-112420,trouser
IMG-102145,pullover
IMG-106982,dress
IMG-103849,pullover
IMG-110520,top
IMG-114105,ankle_boot
IMG-104735,shirt
IMG-114044,shirt
IMG-101435,trouser
IMG-101772,shirt
IMG-103228,shirt
IMG-106583,trouser
IMG-114167,bag
IMG-114373,ankle_boot
IMG-104888,top
IMG-103154,top
IMG-107951,sandal
IMG-108540,bag
IMG-114484,coat
IMG-110304,bag
IMG-110814,sandal
IMG-105685,shirt
IMG-112220,trouser
IMG-112266,ankle_boot
IMG-109146,coat
IMG-102758,pullover
IMG-113669,pullover
IMG-109040,dress
IMG-114041,coat
IMG-101353,coat
IMG-100329,top
IMG-105281,dress
IMG-106869,sneaker
IMG-107730,dress
IMG-112629,dress
IMG-110510,sandal
IMG-114702,pullover
IMG-111554,dress
IMG-113013,sandal
IMG-103950,coat
IMG-101712,dress
IMG-114349,sneaker
IMG-109345,ankle_boot
IMG-112292,bag
IMG-102130,sneaker
IMG-105663,pullover
IMG-106314,ankle_boot
IMG-103527,dress
IMG-100236,dress
IMG-110390,trouser
IMG-111386,top
IMG-112056,sandal
IMG-105509,coat
IMG-113081,sandal
IMG-104432,ankle_boot
IMG-100201,sneaker
IMG-112034,bag
IMG-102396,sneaker
IMG-108099,ankle_boot
IMG-110184,trouser
IMG-110325,shirt
IMG-101520,dress
IMG-106433,trouser
IMG-103233,sneaker
IMG-108679,shirt
IMG-100491,sandal
IMG-105947,top
IMG-112587,dress
IMG-111531,sneaker
IMG-111389,pullover
IMG-106691,ankle_boot
IMG-110176,coat
IMG-107189,dress
IMG-102360,dress
IMG-114587,top
IMG-103934,shirt
IMG-111630,trouser
IMG-108441,trouser
IMG-111691,coat
IMG-114348,ankle_boot
IMG-110440,dress
IMG-101265,dress
IMG-112172,dress
IMG-104985,bag
IMG-102935,trouser
IMG-104519,top
IMG-108394,coat
IMG-114332,sneaker
IMG-108531,trouser
IMG-100538,bag
IMG-105810,trouser
IMG-100867,ankle_boot
IMG-103933,dress
IMG-112064,dress
IMG-106987,shirt
IMG-111267,sandal
IMG-105180,shirt
IMG-111188,coat
IMG-113588,bag
IMG-105681,sneaker
IMG-100702,coat
IMG-101038,coat
IMG-103736,coat
IMG-114388,bag
IMG-108426,bag
IMG-110276,pullover
IMG-114842,dress
IMG-103585,dress
IMG-103687,pullover
IMG-107938,trouser
IMG-102270,ankle_boot
IMG-100678,ankle_boot
IMG-111900,shirt
IMG-112680,dress
IMG-101156,bag
IMG-100341,dress
IMG-109530,ankle_boot
IMG-101206,trouser
IMG-108120,dress
IMG-103804,pullover
IMG-108824,dress
IMG-107704,top
IMG-101565,ankle_boot
IMG-110536,dress
IMG-100967,coat
IMG-100983,sneaker
IMG-109011,sneaker
IMG-103996,pullover
IMG-109404,shirt
IMG-106826,pullover
IMG-109234,bag
IMG-104860,top
IMG-103858,coat
IMG-108128,sandal
IMG-107833,dress
IMG-109509,ankle_boot
IMG-114189,dress
IMG-101575,ankle_boot
IMG-108688,coat
IMG-105860,ankle_boot
IMG-101013,pullover
IMG-113788,shirt
IMG-112221,sneaker
IMG-113445,bag
IMG-109786,shirt
IMG-108783,dress
IMG-108650,shirt
IMG-100582,shirt
IMG-108264,shirt
IMG-101995,pullover
IMG-104497,shirt
IMG-111939,pullover
IMG-101300,coat
IMG-112962,shirt
IMG-112310,trouser
IMG-100477,sneaker
IMG-112929,trouser
IMG-101906,sneaker
IMG-113768,trouser
IMG-108001,pullover
IMG-111345,shirt
IMG-105300,ankle_boot
IMG-110491,dress
IMG-113306,ankle_boot
IMG-100298,pullover
IMG-114999,bag
IMG-113405,bag
IMG-101506,coat
IMG-111069,ankle_boot
IMG-104833,bag
IMG-114796,dress
IMG-101935,top
IMG-106383,bag
IMG-110584,sneaker
IMG-101067,trouser
IMG-112776,dress
IMG-101176,dress
IMG-107323,bag
IMG-101431,dress
IMG-109534,sneaker
IMG-110880,top
IMG-109542,shirt
IMG-110924,trouser
IMG-106963,sneaker
IMG-112952,trouser
IMG-109781,top
IMG-103625,sandal
IMG-111394,shirt
IMG-104252,bag
IMG-110762,sneaker
IMG-104868,dress
IMG-113400,sneaker
IMG-106217,top
IMG-107202,dress
IMG-102696,coat
IMG-105085,sandal
IMG-100787,pullover
IMG-106109,top
IMG-111616,dress
IMG-105535,shirt
IMG-103007,shirt
IMG-113636,pullover
IMG-108721,top
IMG-102644,top
IMG-101583,top
IMG-105732,coat
IMG-109735,bag
IMG-108724,ankle_boot
IMG-108826,sandal
IMG-113382,bag
IMG-104818,sneaker
IMG-112357,sneaker
IMG-109743,pullover
IMG-100921,pullover
IMG-114536,dress
IMG-106247,bag
IMG-107679,dress
IMG-107473,bag
IMG-106739,coat
IMG-102290,ankle_boot
IMG-114160,coat
IMG-109489,dress
IMG-110702,bag
IMG-104336,coat
IMG-101495,shirt
IMG-100636,sandal
IMG-101288,trouser
IMG-102209,shirt
IMG-112212,ankle_boot
IMG-106371,dress
IMG-111194,coat
IMG-110421,pullover
IMG-101478,top
IMG-108121,shirt
IMG-103040,bag
IMG-102873,ankle_boot
IMG-107288,top
IMG-101153,top
IMG-111866,shirt
IMG-100224,top
IMG-102832,sneaker
IMG-112160,shirt
IMG-100903,trouser
IMG-105121,top
IMG-103649,top
IMG-111580,sandal
IMG-107721,pullover
IMG-103088,bag
IMG-101395,sandal
IMG-112298,ankle_boot
IMG-108299,top
IMG-108287,trouser
IMG-112038,pullover
IMG-109551,coat
IMG-114659,pullover
IMG-108097,shirt
IMG-105148,ankle_boot
IMG-105482,dress
IMG-104103,dress
IMG-100213,dress
IMG-102074,coat
IMG-113863,shirt
IMG-111159,sneaker
IMG-109262,dress
IMG-104653,trouser
IMG-108160,trouser
IMG-112568,sandal
IMG-101881,dress
IMG-106223,trouser
IMG-114365,bag
IMG-100959,bag
IMG-103523,dress
IMG-111719,bag
IMG-106324,bag
IMG-101073,sandal
IMG-114946,sneaker
IMG-104087,dress
IMG-107824,sneaker
IMG-106357,ankle_boot
IMG-105325,trouser
IMG-107468,pullover
IMG-108215,shirt
IMG-113214,ankle_boot
IMG-101856,trouser
IMG-107975,trouser
IMG-107318,ankle_boot
IMG-103697,top
IMG-104248,shirt
IMG-113497,bag
IMG-105280,top
IMG-109483,sneaker
IMG-101920,sneaker
IMG-109180,sandal
IMG-101221,sneaker
IMG-107794,shirt
IMG-113115,sneaker
IMG-102714,top
IMG-105893,ankle_boot
IMG-111865,dress
IMG-105386,bag
IMG-109931,dress
IMG-109565,coat
IMG-104662,dress
IMG-107013,shirt
IMG-103243,shirt
IMG-107276,sneaker
IMG-103781,sandal
IMG-103429,shirt
IMG-106857,shirt
IMG-107821,bag
IMG-110278,trouser
IMG-108219,ankle_boot
IMG-105750,dress
IMG-100849,shirt
IMG-103271,coat
IMG-101163,shirt
IMG-100036,bag
IMG-113009,sneaker
IMG-109891,sneaker
IMG-101401,sandal
IMG-105832,bag
IMG-101343,pullover
IMG-106727,top
IMG-114887,dress
IMG-100472,bag
IMG-111697,sandal
IMG-111773,dress
IMG-110864,bag
IMG-101588,pullover
IMG-104817,top
IMG-105403,dress
IMG-107208,dress
IMG-112497,top
IMG-112935,sandal
IMG-109007,dress
IMG-110729,trouser
IMG-107346,ankle_boot
IMG-101026,bag
IMG-105387,dress
IMG-100432,pullover
IMG-102299,bag
IMG-100549,dress
IMG-113547,trouser
IMG-114115,coat
IMG-105548,ankle_boot
IMG-107206,trouser
IMG-100064,bag
IMG-103050,pullover
IMG-102067,ankle_boot
IMG-112120,top
IMG-105105,sandal
IMG-109848,bag
IMG-111574,dress
IMG-109906,bag
IMG-108991,trouser
IMG-112042,coat
IMG-108618,pullover
IMG-107355,ankle_boot
IMG-103826,trouser
IMG-108980,top
IMG-103797,sandal
IMG-108879,ankle_boot
IMG-101373,coat
IMG-101468,shirt
IMG-114137,ankle_boot
IMG-109842,pullover
IMG-112654,bag
IMG-103012,bag
IMG-105708,sandal
IMG-107406,dress
IMG-110542,sandal
IMG-103512,coat
IMG-114008,ankle_boot
IMG-113054,sandal
IMG-101786,trouser
IMG-102210,ankle_boot
IMG-113570,pullover
IMG-108293,sandal
IMG-112290,sneaker
IMG-104982,shirt
IMG-110018,pullover
IMG-103182,bag
IMG-106547,sandal
IMG-107068,sneaker
IMG-112168,shirt
IMG-110238,bag
IMG-108087,trouser
IMG-105430,sneaker
IMG-106865,coat
IMG-101411,coat
IMG-107128,sneaker
IMG-105311,shirt
IMG-112274,pullover
IMG-112557,pullover
IMG-113545,trouser
IMG-111583,shirt
IMG-100101,pullover
IMG-101668,ankle_boot
IMG-113556,trouser
IMG-103548,ankle_boot
IMG-102748,coat
IMG-109501,ankle_boot
IMG-111165,top
IMG-109375,bag
IMG-103832,bag
IMG-112560,sandal
IMG-105694,sneaker
IMG-105106,coat
IMG-111934,ankle_boot
IMG-102961,sneaker
IMG-108516,dress
IMG-111039,top
IMG-112449,shirt
IMG-108427,ankle_boot
IMG-103167,dress
IMG-108428,top
IMG-100051,shirt
IMG-100623,coat
IMG-104018,sneaker
IMG-106015,dress
IMG-112597,top
IMG-110526,dress
IMG-111335,top
IMG-106654,shirt
IMG-105236,coat
IMG-102016,bag
IMG-100088,dress
IMG-110798,coat
IMG-103288,coat
IMG-101422,sneaker
IMG-109302,bag
IMG-111123,ankle_boot
IMG-111846,sandal
IMG-106814,shirt
IMG-114002,trouser
IMG-107551,coat
IMG-112098,ankle_boot
IMG-103995,pullover
IMG-101103,top
IMG-108152,shirt
IMG-102243,ankle_boot
IMG-105717,bag
IMG-100743,dress
IMG-109878,coat
IMG-104416,coat
IMG-106683,ankle_boot
IMG-103752,bag
IMG-105774,shirt
IMG-108922,shirt
IMG-112873,coat
IMG-114716,bag
IMG-109825,sneaker
IMG-114063,shirt
IMG-104930,dress
IMG-106965,bag
IMG-109555,coat
IMG-112323,ankle_boot
IMG-112746,sneaker
IMG-109274,bag
IMG-114526,pullover
IMG-107610,sneaker
IMG-107663,bag
IMG-111708,sandal
IMG-106004,top
IMG-110951,top
IMG-103195,top
IMG-112983,ankle_boot
IMG-101116,dress
IMG-107149,trouser
IMG-104391,pullover
IMG-103998,trouser
IMG-111769,sneaker
IMG-111843,pullover
IMG-101113,sandal
IMG-111725,coat
IMG-109054,pullover
IMG-106432,shirt
IMG-112859,pullover
IMG-108009,ankle_boot
IMG-107113,shirt
IMG-105982,ankle_boot
IMG-102404,bag
IMG-106909,coat
IMG-109711,ankle_boot
IMG-109764,top
IMG-107602,top
IMG-104894,ankle_boot
IMG-100807,ankle_boot
IMG-112309,shirt
IMG-110932,coat
IMG-110194,shirt
IMG-113612,top
IMG-104879,pullover
IMG-114903,pullover
IMG-105302,coat
IMG-100831,pullover
IMG-101683,trouser
IMG-113504,shirt
IMG-112522,shirt
IMG-106327,sandal
IMG-110873,top
IMG-110722,dress
IMG-109018,shirt
IMG-108728,pullover
IMG-102639,shirt
IMG-104311,shirt
IMG-106751,coat
IMG-105099,sneaker
IMG-100220,bag
IMG-100060,ankle_boot
IMG-114751,ankle_boot
IMG-114186,sneaker
IMG-111743,coat
IMG-101299,top
IMG-112496,bag
IMG-102274,trouser
IMG-113621,shirt
IMG-114335,bag
IMG-106701,dress
IMG-100016,pullover
IMG-105065,dress
IMG-102937,shirt
IMG-108763,top
IMG-110303,sneaker
IMG-108830,shirt
IMG-109951,trouser
IMG-103106,coat
IMG-109440,bag
IMG-114993,shirt
IMG-114011,pullover
IMG-105486,ankle_boot
IMG-100053,sneaker
IMG-102532,bag
IMG-100929,bag
IMG-109496,trouser
IMG-103629,sandal
IMG-112572,trouser
IMG-104709,ankle_boot
IMG-113409,coat
IMG-101812,top
IMG-107779,shirt
IMG-106434,sneaker
IMG-101063,dress
IMG-107213,dress
IMG-114920,dress
IMG-111976,shirt
IMG-111831,sneaker
IMG-100808,coat
IMG-105749,shirt
IMG-104792,pullover
IMG-105892,bag
IMG-100379,top
IMG-102112,trouser
IMG-103984,coat
IMG-103494,dress
IMG-104457,trouser
IMG-111504,ankle_boot
IMG-100097,sneaker
IMG-109235,pullover
IMG-112354,sandal
IMG-106448,coat
IMG-109112,pullover
IMG-104180,sandal
IMG-102741,dress
IMG-107749,top
IMG-107017,pullover
IMG-102895,sneaker
IMG-110470,trouser
IMG-114015,sandal
IMG-113452,coat
IMG-104420,pullover
IMG-104920,sandal
IMG-105245,sandal
IMG-111546,sneaker
IMG-100660,ankle_boot
IMG-106181,pullover
IMG-107434,shirt
IMG-102230,pullover
IMG-112115,bag
IMG-105693,trouser
IMG-113033,pullover
IMG-108012,sandal
IMG-114445,trouser
IMG-101118,pullover
IMG-108008,ankle_boot
IMG-101947,sneaker
IMG-114009,sandal
IMG-113822,coat
IMG-107682,sandal
IMG-109116,ankle_boot
IMG-110041,shirt
IMG-105582,coat
IMG-103612,coat
IMG-111930,top
IMG-104299,bag
IMG-107658,ankle_boot
IMG-101502,dress
IMG-103654,trouser
IMG-111706,shirt
IMG-111695,top
IMG-113659,ankle_boot
IMG-102395,dress
IMG-104796,sneaker
IMG-112745,shirt
IMG-104308,top
IMG-104463,shirt
IMG-111855,ankle_boot
IMG-113390,ankle_boot
IMG-102691,sneaker
IMG-111303,sandal
IMG-104846,coat
IMG-110738,dress
IMG-111010,coat
IMG-107572,dress
IMG-102928,bag
IMG-104055,sandal
IMG-108675,trouser
IMG-113575,shirt
IMG-112532,sandal
IMG-104139,sandal
IMG-105408,top
IMG-105508,top
IMG-113652,dress
IMG-103295,bag
IMG-100042,shirt
IMG-103776,pullover
IMG-100255,bag
IMG-112831,sandal
IMG-113901,bag
IMG-114783,shirt
IMG-107948,bag
IMG-110129,trouser
IMG-104177,pullover
IMG-114312,sneaker
IMG-108581,coat
IMG-104627,coat
IMG-111493,shirt
IMG-104590,sneaker
IMG-104896,coat
IMG-105339,bag
IMG-100262,pullover
IMG-103341,coat
IMG-101690,bag
IMG-104581,shirt
IMG-107190,coat
IMG-101400,trouser
IMG-104464,shirt
IMG-104052,bag
IMG-106686,shirt
IMG-113429,sneaker
IMG-112926,top
IMG-101338,top
IMG-111967,top
IMG-104615,coat
IMG-111992,dress
IMG-114005,shirt
IMG-105565,pullover
IMG-103102,pullover
IMG-107399,top
IMG-107483,top
IMG-109063,coat
IMG-100584,ankle_boot
IMG-110495,top
IMG-101205,top
IMG-100381,dress
IMG-107872,sandal
IMG-114128,sneaker
IMG-107045,coat
IMG-106714,sneaker
IMG-108129,sandal
IMG-101998,bag
IMG-110444,top
IMG-100530,trouser
IMG-114425,coat
IMG-104969,sandal
IMG-110819,trouser
IMG-101133,trouser
IMG-108541,sandal
IMG-112509,ankle_boot
IMG-101738,sneaker
IMG-104431,dress
IMG-107107,sneaker
IMG-106553,pullover
IMG-101228,shirt
IMG-108972,top
IMG-100187,shirt
IMG-101598,sandal
IMG-109442,trouser
IMG-113895,trouser
IMG-112726,pullover
IMG-104626,sneaker
IMG-107461,pullover
IMG-103290,dress
IMG-107888,sandal
IMG-111997,shirt
IMG-103987,sneaker
IMG-113611,sneaker
IMG-109317,shirt
IMG-111804,top
IMG-101446,sandal
IMG-103825,shirt
IMG-113310,ankle_boot
IMG-112750,pullover
IMG-101312,ankle_boot
IMG-109831,shirt
IMG-112087,top
IMG-102613,sneaker
IMG-111373,sandal
IMG-111609,top
IMG-113436,pullover
IMG-111528,sneaker
IMG-110950,pullover
IMG-106284,sandal
IMG-106488,pullover
IMG-110317,dress
IMG-100520,pullover
IMG-110133,dress
IMG-107809,bag
IMG-111717,sneaker
IMG-107402,shirt
IMG-107596,ankle_boot
IMG-114453,pullover
IMG-103980,shirt
IMG-105819,coat
IMG-108230,bag
IMG-110115,coat
IMG-102536,bag
IMG-110326,top
IMG-112364,pullover
IMG-109817,sandal
IMG-102534,pullover
IMG-108651,dress
IMG-104366,sneaker
IMG-100303,trouser
IMG-100596,ankle_boot
IMG-102192,coat
IMG-111207,pullover
IMG-103358,pullover
IMG-108267,coat
IMG-112913,bag
IMG-112171,pullover
IMG-109700,pullover
IMG-109798,shirt
IMG-106222,sandal
IMG-111140,pullover
IMG-103121,top
IMG-102259,bag
IMG-100232,top
IMG-105758,sneaker
IMG-106856,trouser
IMG-105616,sandal
IMG-108352,sneaker
IMG-103892,dress
IMG-106782,trouser
IMG-114232,coat
IMG-110136,dress
IMG-105313,bag
IMG-101744,shirt
IMG-112567,sneaker
IMG-105476,trouser
IMG-114381,ankle_boot
IMG-113629,top
IMG-111392,shirt
IMG-104680,trouser
IMG-100121,sandal
IMG-105818,sandal
IMG-110377,pullover
IMG-108954,top
IMG-110438,ankle_boot
IMG-108800,bag
IMG-102297,shirt
IMG-110234,bag
IMG-114806,trouser
IMG-112194,dress
IMG-111352,dress
IMG-104967,sneaker
IMG-105286,dress
IMG-108369,bag
IMG-109682,shirt
IMG-103815,trouser
IMG-112968,trouser
IMG-109635,shirt
IMG-110311,sandal
IMG-114583,dress
IMG-101704,shirt
IMG-114340,dress
IMG-112039,trouser
IMG-103652,ankle_boot
IMG-104433,bag
IMG-112601,bag
IMG-113224,ankle_boot
IMG-107436,sandal
IMG-111209,dress
IMG-111738,shirt
IMG-102887,top
IMG-103905,top
IMG-103432,trouser
IMG-100644,dress
IMG-114504,top
IMG-106555,trouser
IMG-103635,bag
IMG-109630,ankle_boot
IMG-101043,dress
IMG-109894,bag
IMG-100361,ankle_boot
IMG-107137,bag
IMG-104367,trouser
IMG-112581,dress
IMG-101403,ankle_boot
IMG-112893,shirt
IMG-108324,sneaker
IMG-101971,shirt
IMG-110374,sandal
IMG-110409,shirt
IMG-102863,ankle_boot
IMG-114497,bag
IMG-110871,dress
IMG-111113,dress
IMG-106041,ankle_boot
IMG-106404,trouser
IMG-109694,shirt
IMG-104620,bag
IMG-107095,top
IMG-106577,top
IMG-112276,bag
IMG-111749,coat
IMG-105671,top
IMG-109827,coat
IMG-109885,sneaker
IMG-113108,trouser
IMG-101927,pullover
IMG-105438,bag
IMG-104218,sneaker
IMG-102885,bag
IMG-113509,sandal
IMG-100471,shirt
IMG-105016,coat
IMG-111448,ankle_boot
IMG-109322,top
IMG-104596,shirt
IMG-100120,ankle_boot
IMG-103795,trouser
IMG-110869,shirt
IMG-109833,bag
IMG-103314,dress
IMG-109181,sandal
IMG-114228,sandal
IMG-111463,sandal
IMG-100464,dress
IMG-108506,dress
IMG-113265,bag
IMG-104021,dress
IMG-103246,sandal
IMG-102939,pullover
IMG-113870,sandal
IMG-114049,sandal
IMG-101002,sandal
IMG-111245,sandal
IMG-114439,shirt
IMG-100961,sneaker
IMG-112411,dress
IMG-107765,shirt
IMG-114334,trouser
IMG-112790,pullover
IMG-105577,sandal
IMG-106262,sandal
IMG-107356,top
IMG-100450,sandal
IMG-103482,sneaker
IMG-113322,ankle_boot
IMG-107120,top
IMG-105139,pullover
IMG-100883,shirt
IMG-109678,top
IMG-100844,top
IMG-100107,top
IMG-110757,coat
IMG-103020,shirt
IMG-111518,sandal
IMG-102916,pullover
IMG-102586,coat
IMG-113978,dress
IMG-109423,shirt
IMG-101850,bag
IMG-100340,top
IMG-107870,shirt
IMG-108829,coat
IMG-110424,ankle_boot
IMG-105833,sandal
IMG-104316,sandal
IMG-100765,bag
IMG-102488,coat
IMG-112226,trouser
IMG-111071,dress
IMG-106754,sandal
IMG-109690,trouser
IMG-105727,dress
IMG-112016,sneaker
IMG-105805,bag
IMG-100258,trouser
IMG-105365,sandal
IMG-100683,trouser
IMG-101774,trouser
IMG-100682,pullover
IMG-114096,bag
IMG-106202,dress
IMG-107825,bag
IMG-100339,shirt
IMG-110927,top
IMG-100171,coat
IMG-108827,dress
IMG-105276,coat
IMG-101965,sneaker
IMG-113022,bag
IMG-105425,sandal
IMG-107972,bag
IMG-113292,trouser
IMG-112009,sneaker
IMG-103077,dress
IMG-107499,coat
IMG-105266,top
IMG-102033,sneaker
IMG-103214,coat
IMG-114086,trouser
IMG-102292,bag
IMG-112608,trouser
IMG-110868,pullover
IMG-110807,trouser
IMG-108880,trouser
IMG-108810,dress
IMG-111187,sandal
IMG-105169,sandal
IMG-110707,trouser
IMG-105779,shirt
IMG-114024,sandal
IMG-111733,trouser
IMG-106950,bag
IMG-107119,trouser
IMG-105640,bag
IMG-114488,ankle_boot
IMG-114341,shirt
IMG-113391,shirt
IMG-105977,shirt
IMG-108939,shirt
IMG-106462,dress
IMG-103270,ankle_boot
IMG-109203,pullover
IMG-108579,top
IMG-108296,coat
IMG-102169,ankle_boot
IMG-113463,sandal
IMG-102034,sandal
IMG-108855,bag
IMG-107507,bag
IMG-104053,shirt
IMG-108747,sandal
IMG-109617,sneaker
IMG-105691,coat
IMG-103911,bag
IMG-101879,pullover
IMG-107469,sneaker
IMG-112429,coat
IMG-107829,trouser
IMG-114059,shirt
IMG-102472,bag
IMG-105032,sandal
IMG-103466,trouser
IMG-101455,trouser
IMG-111681,sandal
IMG-108593,sandal
IMG-101200,bag
IMG-112058,top
IMG-101880,bag
IMG-104019,sandal
IMG-113379,top
IMG-105649,sneaker
IMG-101547,ankle_boot
IMG-109493,trouser
IMG-114064,shirt
IMG-100035,shirt
IMG-110059,bag
IMG-100398,sandal
IMG-102793,shirt
IMG-105556,sneaker
IMG-114603,ankle_boot
IMG-106460,sandal
IMG-102293,bag
IMG-106984,trouser
IMG-113951,pullover
IMG-114609,ankle_boot
IMG-102952,sneaker
IMG-104360,sneaker
IMG-107502,bag
IMG-107380,sandal
IMG-109344,pullover
IMG-100796,shirt
IMG-109862,bag
IMG-102704,ankle_boot
IMG-114787,ankle_boot
IMG-104907,bag
IMG-106629,sneaker
IMG-108022,dress
IMG-102965,dress
IMG-101090,coat
IMG-110754,sneaker
IMG-106499,sneaker
IMG-112791,sandal
IMG-107961,trouser
IMG-110605,sandal
IMG-109487,dress
IMG-101511,dress
IMG-100458,trouser
IMG-103621,trouser
IMG-106389,pullover
IMG-107431,trouser
IMG-102160,top
IMG-106673,dress
IMG-107077,ankle_boot
IMG-105526,top
IMG-111812,dress
IMG-108141,sandal
IMG-110110,ankle_boot
IMG-102652,ankle_boot
IMG-110915,dress
IMG-114811,dress
IMG-108191,dress
IMG-111064,pullover
IMG-108165,trouser
IMG-112737,ankle_boot
IMG-106860,bag
IMG-111817,top
IMG-101311,sneaker
IMG-109919,sandal
IMG-106568,coat
IMG-106144,trouser
IMG-110970,ankle_boot
IMG-101752,coat
IMG-113995,sandal
IMG-106367,sneaker
IMG-101790,trouser
IMG-113595,top
IMG-104727,ankle_boot
IMG-113486,shirt
IMG-100932,sandal
IMG-109335,ankle_boot
IMG-114294,sneaker
IMG-106542,ankle_boot
IMG-113921,top
IMG-102809,top
IMG-105713,trouser
IMG-101941,top
IMG-101535,trouser
IMG-113206,ankle_boot
IMG-114721,trouser
IMG-109149,pullover
IMG-108366,bag
IMG-101900,trouser
IMG-106934,sneaker
IMG-112396,coat
IMG-111723,shirt
IMG-104080,coat
IMG-100995,shirt
IMG-103281,top
IMG-100731,sneaker
IMG-106271,ankle_boot
IMG-102190,top
IMG-114831,coat
IMG-113024,ankle_boot
IMG-105228,sandal
IMG-107301,dress
IMG-102459,coat
IMG-108381,sandal
IMG-100103,coat
IMG-106883,sneaker
IMG-107354,sneaker
IMG-110232,ankle_boot
IMG-114601,pullover
IMG-102180,trouser
IMG-102957,top
IMG-101015,pullover
IMG-113095,ankle_boot
IMG-114738,coat
IMG-103264,top
IMG-100391,sneaker
IMG-101315,sneaker
IMG-113398,top
IMG-105879,top
IMG-111851,sneaker
IMG-109497,dress
IMG-111753,sneaker
IMG-112004,dress
IMG-100869,ankle_boot
IMG-107854,shirt
IMG-102868,pullover
IMG-102522,sneaker
IMG-106495,coat
IMG-108866,sandal
IMG-107460,shirt
IMG-103142,shirt
IMG-108447,sneaker
IMG-114154,ankle_boot
IMG-100336,bag
IMG-112849,sandal
IMG-100974,shirt
IMG-106054,shirt
IMG-103685,trouser
IMG-107976,bag
IMG-108122,coat
IMG-109896,dress
IMG-101797,shirt
IMG-104595,ankle_boot
IMG-107778,dress
IMG-113919,trouser
IMG-108762,top
IMG-112347,bag
IMG-105209,top
IMG-106765,ankle_boot
IMG-111734,ankle_boot
IMG-101580,dress
IMG-106160,dress
IMG-104473,trouser
IMG-107873,sandal
IMG-110700,coat
IMG-110897,coat
IMG-114849,sneaker
IMG-109607,pullover
IMG-102251,shirt
IMG-105404,shirt
IMG-105088,trouser
IMG-113470,trouser
IMG-101361,trouser
IMG-111053,sandal
IMG-109559,top
IMG-109578,sandal
IMG-111413,sandal
IMG-102100,trouser
IMG-104260,top
IMG-110607,bag
IMG-102000,trouser
IMG-113272,trouser
IMG-104068,sandal
IMG-103504,pullover
IMG-106159,trouser
IMG-107720,trouser
IMG-114839,ankle_boot
IMG-103801,shirt
IMG-109821,ankle_boot
IMG-109716,pullover
IMG-106243,sandal
IMG-109726,ankle_boot
IMG-101901,sandal
IMG-113750,pullover
IMG-104856,sandal
IMG-106775,coat
IMG-106435,ankle_boot
IMG-101877,ankle_boot
IMG-113349,sandal
IMG-113543,sandal
IMG-113259,top
IMG-113371,pullover
IMG-111540,trouser
IMG-100592,pullover
IMG-110240,bag
IMG-104757,sandal
IMG-114027,trouser
IMG-101188,bag
IMG-111705,trouser
IMG-107102,shirt
IMG-100912,sneaker
IMG-100136,dress
IMG-102326,ankle_boot
IMG-100461,sneaker
IMG-113207,sandal
IMG-103949,pullover
IMG-103058,coat
IMG-105134,shirt
IMG-113516,ankle_boot
IMG-113796,top
IMG-113143,coat
IMG-110730,trouser
IMG-100865,ankle_boot
IMG-105191,dress
IMG-109791,sandal
IMG-106743,sneaker
IMG-102736,shirt
IMG-112470,ankle_boot
IMG-109463,ankle_boot
IMG-102794,sneaker
IMG-108288,trouser
IMG-107594,shirt
IMG-108220,sandal
IMG-111786,ankle_boot
IMG-103914,pullover
IMG-109413,sandal
IMG-114197,ankle_boot
IMG-112891,sneaker
IMG-102515,coat
IMG-109051,shirt
IMG-114906,top
IMG-110402,pullover
IMG-103417,top
IMG-112626,dress
IMG-114767,trouser
IMG-111348,bag
IMG-109966,trouser
IMG-109983,dress
IMG-111415,dress
IMG-104554,sandal
IMG-107540,sandal
IMG-108530,bag
IMG-105405,pullover
IMG-106685,ankle_boot
IMG-108754,coat
IMG-103763,shirt
IMG-107603,ankle_boot
IMG-108691,pullover
IMG-113522,trouser
IMG-102490,sneaker
IMG-106517,sneaker
IMG-106347,pullover
IMG-110994,pullover
IMG-101196,pullover
IMG-109469,top
IMG-114633,ankle_boot
IMG-108109,pullover
IMG-109072,trouser
IMG-107820,coat
IMG-105449,ankle_boot
IMG-104645,coat
IMG-113005,ankle_boot
IMG-107889,ankle_boot
IMG-103921,ankle_boot
IMG-104135,dress
IMG-108610,sandal
IMG-110122,bag
IMG-101350,sandal
IMG-111264,ankle_boot
IMG-101868,coat
IMG-109036,dress
IMG-101658,ankle_boot
IMG-100784,coat
IMG-110574,ankle_boot
IMG-111457,shirt
IMG-106237,bag
IMG-107300,shirt
IMG-102078,ankle_boot
IMG-105867,sneaker
IMG-102941,trouser
IMG-109866,pullover
IMG-108326,sandal
IMG-100587,sandal
IMG-107268,sneaker
IMG-109330,top
IMG-111632,pullover
IMG-109295,pullover
IMG-109167,top
IMG-103981,coat
IMG-106474,sandal
IMG-100065,sneaker
IMG-104632,bag
IMG-100337,pullover
IMG-108975,sandal
IMG-100793,trouser
IMG-106623,shirt
IMG-106757,coat
IMG-109430,top
IMG-106279,sneaker
IMG-111216,shirt
IMG-114924,coat
IMG-104941,bag
IMG-111029,ankle_boot
IMG-102807,sneaker
IMG-107919,trouser
IMG-101548,shirt
IMG-109154,sandal
IMG-101846,sandal
IMG-114837,coat
IMG-102673,ankle_boot
IMG-108931,dress
IMG-108782,sandal
IMG-105924,bag
IMG-100330,trouser
IMG-106113,shirt
IMG-112731,coat
IMG-107944,coat
IMG-113992,coat
IMG-114772,coat
IMG-100985,sandal
IMG-109504,dress
IMG-110648,top
IMG-109379,top
IMG-105468,sneaker
IMG-105257,dress
IMG-109676,coat
IMG-104084,coat
IMG-100555,ankle_boot
IMG-113816,top
IMG-102666,coat
IMG-108511,trouser
IMG-108662,pullover
IMG-102519,coat
IMG-106166,shirt
IMG-112774,bag
IMG-101257,sneaker
IMG-111818,shirt
IMG-111533,shirt
IMG-107971,bag
IMG-110285,sandal
IMG-111732,ankle_boot
IMG-105066,pullover
IMG-109022,pullover
IMG-104368,pullover
IMG-106464,sneaker
IMG-111106,shirt
IMG-107994,sandal
IMG-101235,shirt
IMG-108840,shirt
IMG-108929,dress
IMG-113332,dress
IMG-101833,top
IMG-106161,top
IMG-104989,coat
IMG-109610,top
IMG-111379,coat
IMG-103554,top
IMG-112576,sandal
IMG-111605,top
IMG-101720,coat
IMG-111600,sneaker
IMG-111513,dress
IMG-110969,shirt
IMG-105622,trouser
IMG-109761,pullover
IMG-103108,shirt
IMG-111273,bag
IMG-106863,pullover
IMG-111523,trouser
IMG-106342,coat
IMG-110867,top
IMG-102428,ankle_boot
IMG-113056,shirt
IMG-112185,top
IMG-111097,sneaker
IMG-109998,shirt
IMG-113352,trouser
IMG-102273,dress
IMG-109717,shirt
IMG-110074,dress
IMG-113627,dress
IMG-113297,coat
IMG-104232,top
IMG-113126,ankle_boot
IMG-102968,top
IMG-103352,bag
IMG-108902,bag
IMG-111008,dress
IMG-112225,dress
IMG-111778,ankle_boot
IMG-102803,shirt
IMG-109220,trouser
IMG-111122,pullover
IMG-100915,dress
IMG-107926,shirt
IMG-100895,top
IMG-113892,top
IMG-109915,bag
IMG-104676,sneaker
IMG-104585,bag
IMG-102239,bag
IMG-109384,pullover
IMG-106931,trouser
IMG-111066,dress
IMG-110780,sneaker
IMG-102787,shirt
IMG-104565,pullover
IMG-113271,top
IMG-113609,coat
IMG-108432,sneaker
IMG-105918,sandal
IMG-102144,shirt
IMG-104363,sneaker
IMG-111230,ankle_boot
IMG-111648,shirt
IMG-114876,ankle_boot
IMG-109675,trouser
IMG-110763,ankle_boot
IMG-111837,bag
IMG-104268,sandal
IMG-111961,shirt
IMG-103771,pullover
IMG-107522,dress
IMG-111094,trouser
IMG-106785,sandal
IMG-110052,top
IMG-107816,ankle_boot
IMG-111458,coat
IMG-101488,shirt
IMG-102802,sandal
IMG-105772,sandal
IMG-103842,top
IMG-111501,ankle_boot
IMG-113791,trouser
IMG-109133,pullover
IMG-111323,trouser
IMG-100118,shirt
IMG-108398,ankle_boot
IMG-107694,shirt
IMG-102861,top
IMG-105643,pullover
IMG-112177,ankle_boot
IMG-110815,shirt
IMG-109264,shirt
IMG-109767,top
IMG-112842,coat
IMG-111296,pullover
IMG-100565,bag
IMG-114930,top
IMG-102162,sneaker
IMG-106671,coat
IMG-111714,bag
IMG-111996,shirt
IMG-110095,top
IMG-103778,ankle_boot
IMG-107065,bag
IMG-112516,ankle_boot
IMG-101364,dress
IMG-107764,ankle_boot
IMG-101319,sneaker
IMG-103624,pullover
IMG-102366,dress
IMG-101447,shirt
IMG-108358,sandal
IMG-107071,ankle_boot
IMG-110598,trouser
IMG-111820,coat
IMG-103451,bag
IMG-100586,ankle_boot
IMG-111076,ankle_boot
IMG-102735,sandal
IMG-106738,pullover
IMG-100047,trouser
IMG-103575,bag
IMG-101892,top
IMG-113278,sneaker
IMG-111295,ankle_boot
IMG-112901,sneaker
IMG-111450,dress
IMG-103669,pullover
IMG-104937,sandal
IMG-105354,dress
IMG-111058,bag
IMG-102672,pullover
IMG-112951,coat
IMG-107435,top
IMG-111689,trouser
IMG-112661,shirt
IMG-103657,top
IMG-104485,dress
IMG-107287,sandal
IMG-100537,sandal
IMG-113222,coat
IMG-101157,sneaker
IMG-110442,ankle_boot
IMG-105882,pullover
IMG-113584,sneaker
IMG-114506,dress
IMG-110956,bag
IMG-114298,pullover
IMG-102614,pullover
IMG-107597,ankle_boot
IMG-110712,trouser
IMG-109918,pullover
IMG-110076,bag
IMG-114042,sandal
IMG-107255,dress
IMG-101531,shirt
IMG-101106,top
IMG-114939,sandal
IMG-110478,bag
IMG-112756,pullover
IMG-111125,trouser
IMG-107706,coat
IMG-114180,shirt
IMG-114362,bag
IMG-105534,top
IMG-104074,shirt
IMG-113275,sneaker
IMG-105935,coat
IMG-105150,trouser
IMG-114127,shirt
IMG-103105,shirt
IMG-105301,pullover
IMG-101878,pullover
IMG-100070,trouser
IMG-113946,pullover
IMG-103144,trouser
IMG-109500,dress
IMG-100310,shirt
IMG-102621,ankle_boot
IMG-107458,sandal
IMG-110894,bag
IMG-113896,sneaker
IMG-111884,coat
IMG-102949,shirt
IMG-108169,dress
IMG-107151,top
IMG-111913,top
IMG-100304,trouser
IMG-102132,trouser
IMG-114718,top
IMG-112140,coat
IMG-114215,sneaker
IMG-112453,trouser
IMG-114266,trouser
IMG-110755,ankle_boot
IMG-109334,sneaker
IMG-109067,coat
IMG-113920,sandal
IMG-103148,trouser
IMG-102147,bag
IMG-100182,sneaker
IMG-104481,top
IMG-111380,pullover
IMG-109824,top
IMG-107101,shirt
IMG-102176,coat
IMG-112238,pullover
IMG-114235,pullover
IMG-100092,sneaker
IMG-106239,sneaker
IMG-106539,bag
IMG-100056,pullover
IMG-101659,trouser
IMG-114798,shirt
IMG-110264,dress
IMG-101546,coat
IMG-113420,coat
IMG-110398,top
IMG-108994,trouser
IMG-109964,dress
IMG-114417,dress
IMG-114221,trouser
IMG-114670,ankle_boot
IMG-100977,pullover
IMG-108196,bag
IMG-111317,top
IMG-109346,coat
IMG-110190,coat
IMG-105851,dress
IMG-108971,ankle_boot
IMG-102528,pullover
IMG-113087,sandal
IMG-114034,ankle_boot
IMG-107501,dress
IMG-108660,sandal
IMG-108640,sneaker
IMG-106731,pullover
IMG-106257,coat
IMG-103060,bag
IMG-103416,ankle_boot
IMG-104954,ankle_boot
IMG-111075,dress
IMG-103977,sneaker
IMG-114099,ankle_boot
IMG-107630,sandal
IMG-103440,dress
IMG-112313,shirt
IMG-113276,top
IMG-106614,bag
IMG-104728,trouser
IMG-110251,sneaker
IMG-113370,pullover
IMG-106124,bag
IMG-103331,top
IMG-113513,sneaker
IMG-105334,sneaker
IMG-107098,pullover
IMG-105037,shirt
IMG-113357,sandal
IMG-101381,sandal
IMG-103528,shirt
IMG-109996,sneaker
IMG-103382,ankle_boot
IMG-106385,sneaker
IMG-106812,pullover
IMG-108315,coat
IMG-104065,sandal
IMG-110051,top
IMG-114461,ankle_boot
IMG-100153,dress
IMG-107438,coat
IMG-114968,trouser
IMG-114493,ankle_boot
IMG-101487,coat
IMG-108528,bag
IMG-109470,bag
IMG-112595,pullover
IMG-109094,coat
IMG-101070,pullover
IMG-102627,trouser
IMG-112677,pullover
IMG-114384,sneaker
IMG-110025,pullover
IMG-101624,pullover
IMG-101960,ankle_boot
IMG-107781,ankle_boot
IMG-105589,trouser
IMG-102563,coat
IMG-113263,top
IMG-114378,pullover
IMG-101831,sneaker
IMG-105042,ankle_boot
IMG-107716,dress
IMG-102744,dress
IMG-109016,sandal
IMG-107815,bag
IMG-100554,shirt
IMG-107754,shirt
IMG-100003,pullover
IMG-111777,shirt
IMG-103560,ankle_boot
IMG-107026,top
IMG-114888,coat
IMG-114851,top
IMG-100299,coat
IMG-112879,dress
IMG-100497,dress
IMG-100332,top
IMG-106329,sneaker
IMG-100618,trouser
IMG-110109,top
IMG-106862,sandal
IMG-103901,top
IMG-104212,dress
IMG-106139,coat
IMG-105206,pullover
IMG-105243,trouser
IMG-113159,ankle_boot
IMG-109872,sneaker
IMG-110963,trouser
IMG-110112,sandal
IMG-112989,sandal
IMG-101800,sneaker
IMG-108100,trouser
IMG-100598,coat
IMG-109736,dress
IMG-112749,pullover
IMG-113343,trouser
IMG-109583,trouser
IMG-102878,trouser
IMG-103207,sneaker
IMG-114573,sandal
IMG-102925,dress
IMG-100333,trouser
IMG-106369,dress
IMG-111043,bag
IMG-109296,coat
IMG-112368,trouser
IMG-106625,dress
IMG-107549,shirt
IMG-111193,sandal
IMG-104755,bag
IMG-105067,bag
IMG-104908,dress
IMG-101533,bag
IMG-102174,ankle_boot
IMG-106173,coat
IMG-109124,sandal
IMG-113552,bag
IMG-114336,top
IMG-102804,ankle_boot
IMG-114382,shirt
IMG-108334,coat
IMG-102850,bag
IMG-114760,sneaker
IMG-106048,dress
IMG-113244,dress
IMG-111968,coat
IMG-112585,coat
IMG-110816,ankle_boot
IMG-104611,trouser
IMG-103484,pullover
IMG-106997,dress
IMG-102523,shirt
IMG-107747,shirt
IMG-101657,bag
IMG-112811,top
IMG-103302,sandal
IMG-105722,sneaker
IMG-112583,pullover
IMG-101859,trouser
IMG-100862,coat
IMG-101671,ankle_boot
IMG-114585,sandal
IMG-103558,ankle_boot
IMG-103661,dress
IMG-107039,shirt
IMG-114289,trouser
IMG-113315,pullover
IMG-102470,trouser
IMG-105513,trouser
IMG-109666,sandal
IMG-105646,sandal
IMG-107160,coat
IMG-108118,ankle_boot
IMG-103947,trouser
IMG-103116,dress
IMG-102826,dress
IMG-108768,sneaker
IMG-100348,sneaker
IMG-108543,dress
IMG-106882,ankle_boot
IMG-108676,sneaker
IMG-108993,sandal
IMG-101165,top
IMG-100119,sneaker
IMG-113841,top
IMG-110887,ankle_boot
IMG-112187,bag
IMG-112798,sneaker
IMG-110936,sneaker
IMG-106261,coat
IMG-100671,top
IMG-114038,trouser
IMG-114673,shirt
IMG-104210,trouser
IMG-113147,bag
IMG-100069,ankle_boot
IMG-105210,top
IMG-102537,coat
IMG-114991,ankle_boot
IMG-110197,ankle_boot
IMG-108067,sneaker
IMG-108697,trouser
IMG-110256,pullover
IMG-102913,sneaker
IMG-104563,dress
IMG-109017,pullover
IMG-109435,sneaker
IMG-102690,pullover
IMG-113501,dress
IMG-101098,shirt
IMG-113305,shirt
IMG-102135,dress
IMG-106652,top
IMG-109416,sneaker
IMG-111603,sandal
IMG-102154,pullover
IMG-114677,bag
IMG-100597,bag
IMG-107108,pullover
IMG-114547,dress
IMG-113603,trouser
IMG-109080,dress
IMG-101741,ankle_boot
IMG-101428,top
IMG-102425,sneaker
IMG-106020,sandal
IMG-110611,bag
IMG-106253,shirt
IMG-105737,bag
IMG-102232,coat
IMG-113118,sneaker
IMG-107235,sneaker
IMG-101605,sneaker
IMG-108284,top
IMG-101078,ankle_boot
IMG-111150,bag
IMG-108461,ankle_boot
IMG-109847,trouser
IMG-112288,dress
IMG-105111,sandal
IMG-104874,pullover
IMG-114004,top
IMG-100556,shirt
IMG-108778,dress
IMG-111617,pullover
IMG-106537,shirt
IMG-106145,pullover
IMG-109574,dress
IMG-104495,trouser
IMG-111226,dress
IMG-103672,dress
IMG-103094,bag
IMG-109200,ankle_boot
IMG-112797,sandal
IMG-100532,ankle_boot
IMG-112008,dress
IMG-104245,bag
IMG-114176,sandal
IMG-106014,coat
IMG-101934,dress
IMG-109849,coat
IMG-113485,coat
IMG-113646,shirt
IMG-101509,dress
IMG-104267,shirt
IMG-105152,sandal
IMG-106969,pullover
IMG-104947,sandal
IMG-100010,top
IMG-108552,coat
IMG-114575,bag
IMG-105110,shirt
IMG-110119,sandal
IMG-104422,sneaker
IMG-100382,coat
IMG-108142,coat
IMG-108355,top
IMG-106477,top
IMG-108687,pullover
IMG-113004,ankle_boot
IMG-111867,ankle_boot
IMG-109603,pullover
IMG-113806,dress
IMG-101304,ankle_boot
IMG-100411,pullover
IMG-103656,ankle_boot
IMG-101619,coat
IMG-102236,shirt
IMG-112472,shirt
IMG-112542,trouser
IMG-100050,trouser
IMG-114133,shirt
IMG-101286,dress
IMG-108888,dress
IMG-103150,shirt
IMG-114171,coat
IMG-106356,sneaker
IMG-108474,sandal
IMG-110962,pullover
IMG-100838,dress
IMG-111446,trouser
IMG-114119,dress
IMG-108139,coat
IMG-105132,sandal
IMG-109615,sneaker
IMG-103415,bag
IMG-107097,sneaker
IMG-109151,coat
IMG-111799,bag
IMG-112772,shirt
IMG-112905,ankle_boot
IMG-109650,trouser
IMG-102559,top
IMG-108300,pullover
IMG-112200,dress
IMG-110513,trouser
IMG-109385,sandal
IMG-112437,sneaker
IMG-109163,ankle_boot
IMG-102592,sneaker
IMG-103342,trouser
IMG-105695,pullover
IMG-109188,trouser
IMG-113200,top
IMG-105338,dress
IMG-107588,ankle_boot
IMG-112301,shirt
IMG-104559,dress
IMG-113682,top
IMG-107744,dress
IMG-106278,shirt
IMG-107184,sandal
IMG-102081,ankle_boot
IMG-110768,coat
IMG-102891,coat
IMG-109920,ankle_boot
IMG-111114,shirt
IMG-113566,dress
IMG-104915,ankle_boot
IMG-109246,shirt
IMG-112136,top
IMG-110244,top
IMG-105854,shirt
IMG-104285,coat
IMG-108798,top
IMG-110479,pullover
IMG-113116,ankle_boot
IMG-109989,top
IMG-104170,ankle_boot
IMG-100145,pullover
IMG-100412,ankle_boot
IMG-109749,bag
IMG-112040,sandal
IMG-111177,top
IMG-108472,dress
IMG-112995,dress
IMG-107731,bag
IMG-104749,shirt
IMG-106149,dress
IMG-114857,trouser
IMG-113140,shirt
IMG-108813,dress
IMG-103472,bag
IMG-106349,trouser
IMG-109406,coat
IMG-105298,shirt
IMG-114909,dress
IMG-114821,trouser
IMG-111049,sneaker
IMG-100804,shirt
IMG-113933,bag
IMG-105650,pullover
IMG-111070,pullover
IMG-104800,bag
IMG-103690,pullover
IMG-106832,top
IMG-104047,trouser
IMG-102956,dress
IMG-106830,sneaker
IMG-108070,coat
IMG-107848,pullover
IMG-109777,ankle_boot
IMG-103047,top
IMG-102339,sneaker
IMG-108832,top
IMG-100824,top
IMG-107707,sneaker
IMG-107281,shirt
IMG-106660,bag
IMG-109026,sandal
IMG-110689,pullover
IMG-110946,bag
IMG-106422,shirt
IMG-105140,sneaker
IMG-103937,top
IMG-104393,trouser
IMG-100704,dress
IMG-109491,coat
IMG-103138,coat
IMG-108283,dress
IMG-104820,sneaker
IMG-107705,ankle_boot
IMG-109286,dress
IMG-102295,pullover
IMG-106989,trouser
IMG-105504,coat
IMG-101279,ankle_boot
IMG-101676,ankle_boot
IMG-108752,sneaker
IMG-113104,sneaker
IMG-107867,sneaker
IMG-100657,pullover
IMG-108549,shirt
IMG-112723,sandal
IMG-101694,ankle_boot
IMG-102027,trouser
IMG-106550,shirt
IMG-108766,pullover
IMG-114834,sandal
IMG-102203,sneaker
IMG-103991,coat
IMG-103600,coat
IMG-105662,shirt
IMG-111828,ankle_boot
IMG-103462,pullover
IMG-100521,trouser
IMG-102403,top
IMG-108311,shirt
IMG-101907,shirt
IMG-107341,dress
IMG-100707,bag
IMG-113553,sneaker
IMG-108151,shirt
IMG-102284,coat
IMG-102164,top
IMG-107417,bag
IMG-108029,ankle_boot
IMG-113432,sneaker
IMG-106713,coat
IMG-107628,ankle_boot
IMG-109237,coat
IMG-111763,shirt
IMG-113079,sneaker
IMG-103780,trouser
IMG-113787,sneaker
IMG-114268,ankle_boot
IMG-107645,shirt
IMG-106443,shirt
IMG-112421,top
IMG-113789,sandal
IMG-105519,bag
IMG-105790,pullover
IMG-111742,coat
IMG-100855,sneaker
IMG-103895,dress
IMG-109667,pullover
IMG-107814,sandal
IMG-106843,coat
IMG-102228,trouser
IMG-100712,sandal
IMG-114503,ankle_boot
IMG-110862,shirt
IMG-107970,sandal
IMG-110118,ankle_boot
IMG-107900,pullover
IMG-103835,dress
IMG-113771,shirt
IMG-105005,bag
IMG-101462,top
IMG-109277,coat
IMG-107196,bag
IMG-108715,sneaker
IMG-114629,trouser
IMG-113320,top
IMG-101032,ankle_boot
IMG-106744,trouser
IMG-114451,pullover
IMG-112124,top
IMG-103715,coat
IMG-107280,ankle_boot
IMG-109263,dress
IMG-101896,coat
IMG-106073,pullover
IMG-104939,coat
IMG-103244,shirt
IMG-113638,coat
IMG-108785,bag
IMG-105874,shirt
IMG-104791,shirt
IMG-103692,bag
IMG-106415,shirt
IMG-110375,shirt
IMG-101041,coat
IMG-114943,bag
IMG-106586,pullover
IMG-107153,trouser
IMG-102233,bag
IMG-108455,trouser
IMG-111009,coat
IMG-112027,top
IMG-105562,dress
IMG-110033,pullover
IMG-100395,trouser
IMG-111465,ankle_boot
IMG-101794,trouser
IMG-114091,ankle_boot
IMG-111702,top
IMG-106822,coat
IMG-114740,shirt
IMG-111905,shirt
IMG-109155,coat
IMG-100009,trouser
IMG-109745,top
IMG-113567,pullover
IMG-110775,bag
IMG-106114,coat
IMG-111015,trouser
IMG-107822,sneaker
IMG-105995,trouser
IMG-104434,shirt
IMG-109740,pullover
IMG-113410,bag
IMG-113968,bag
IMG-101469,top
IMG-112413,sandal
IMG-113505,coat
IMG-114572,dress
IMG-101648,pullover
IMG-103357,trouser
IMG-107881,coat
IMG-106579,ankle_boot
IMG-114717,trouser
IMG-105073,trouser
IMG-114544,bag
IMG-103500,top
IMG-104759,bag
IMG-106917,coat
IMG-114810,sandal
IMG-108671,sneaker
IMG-114454,coat
IMG-103321,pullover
IMG-102908,ankle_boot
IMG-104544,sneaker
IMG-112069,top
IMG-107384,sneaker
IMG-112641,top
IMG-110411,coat
IMG-110487,top
IMG-110642,pullover
IMG-104238,bag
IMG-101324,ankle_boot
IMG-108200,coat
IMG-113484,sneaker
IMG-114251,trouser
IMG-114255,top
IMG-113907,sneaker
IMG-103699,sandal
IMG-101340,trouser
IMG-108838,coat
IMG-114419,bag
IMG-106697,coat
IMG-111151,sneaker
IMG-101258,dress
IMG-105583,pullover
IMG-108951,trouser
IMG-109705,dress
IMG-101743,sneaker
IMG-103881,sneaker
IMG-102486,bag
IMG-105531,ankle_boot
IMG-102063,pullover
IMG-109278,sneaker
IMG-111278,sandal
IMG-100040,sandal
IMG-112363,sneaker
IMG-104151,dress
IMG-101368,coat
IMG-105377,sandal
IMG-101461,sandal
IMG-112135,trouser
IMG-113264,sandal
IMG-111222,sandal
IMG-114749,sneaker
IMG-112856,pullover
IMG-111662,pullover
IMG-103096,sneaker
IMG-110008,sandal
IMG-103750,sandal
IMG-105172,top
IMG-101077,sandal
IMG-109642,pullover
IMG-105194,dress
IMG-113854,sandal
IMG-103465,shirt
IMG-108568,ankle_boot
IMG-107363,shirt
IMG-113674,pullover
IMG-105179,ankle_boot
IMG-103674,trouser
IMG-102737,coat
IMG-110902,top
IMG-112025,bag
IMG-114990,pullover
IMG-109059,dress
IMG-105637,pullover
IMG-110163,pullover
IMG-113565,dress
IMG-111479,pullover
IMG-109514,shirt
IMG-108558,coat
IMG-105183,trouser
IMG-110882,ankle_boot
IMG-106756,sneaker
IMG-103293,sneaker
IMG-114922,sneaker
IMG-101979,trouser
IMG-100272,coat
IMG-114648,coat
IMG-110639,dress
IMG-104272,trouser
IMG-105223,bag
IMG-107683,ankle_boot
IMG-107906,ankle_boot
IMG-105274,pullover
IMG-107112,pullover
IMG-104198,trouser
IMG-109371,dress
IMG-101551,pullover
IMG-101963,dress
IMG-107317,sneaker
IMG-100140,pullover
IMG-110418,coat
IMG-103912,trouser
IMG-106541,dress
IMG-108221,bag
IMG-109659,trouser
IMG-112782,ankle_boot
IMG-114723,sandal
IMG-106999,shirt
IMG-112378,bag
IMG-100127,bag
IMG-104533,ankle_boot
IMG-105001,coat
IMG-113700,sandal
IMG-104639,bag
IMG-104524,top
IMG-114523,sneaker
IMG-109300,trouser
IMG-100992,pullover
IMG-109008,pullover
IMG-109958,bag
IMG-114104,trouser
IMG-114755,coat
IMG-114992,ankle_boot
IMG-111082,top
IMG-111003,pullover
IMG-106569,ankle_boot
IMG-102119,dress
IMG-114944,shirt
IMG-102953,pullover
IMG-110881,top
IMG-101404,sandal
IMG-107078,bag
IMG-105071,trouser
IMG-106315,coat
IMG-109991,dress
IMG-114051,bag
IMG-106497,shirt
IMG-108101,trouser
IMG-102289,ankle_boot
IMG-102723,pullover
IMG-100700,sandal
IMG-101171,top
IMG-102338,shirt
IMG-105651,pullover
IMG-102309,dress
IMG-114840,bag
IMG-102775,shirt
IMG-102266,trouser
IMG-111679,dress
IMG-102097,shirt
IMG-111408,pullover
IMG-106630,top
IMG-112687,sneaker
IMG-104790,sandal
IMG-111627,sandal
IMG-113593,dress
IMG-107386,bag
IMG-111678,top
IMG-107632,coat
IMG-111371,dress
IMG-103620,shirt
IMG-107660,top
IMG-109797,trouser
IMG-109829,dress
IMG-106334,top
IMG-110938,top
IMG-111826,ankle_boot
IMG-102754,ankle_boot
IMG-104290,pullover
IMG-101475,coat
IMG-111237,top
IMG-105812,sneaker
IMG-108481,sneaker
IMG-111403,shirt
IMG-110282,coat
IMG-108314,coat
IMG-101012,trouser
IMG-108500,top
IMG-101622,top
IMG-107059,shirt
IMG-101270,sandal
IMG-111640,coat
IMG-108058,pullover
IMG-108731,trouser
IMG-112337,ankle_boot
IMG-105337,trouser
IMG-110660,dress
IMG-104655,sneaker
IMG-107627,pullover
IMG-111985,sneaker
IMG-112839,bag
IMG-100911,sandal
IMG-107917,trouser
IMG-112698,top
IMG-107680,ankle_boot
IMG-108847,dress
IMG-107868,dress
IMG-106449,bag
IMG-108895,trouser
IMG-106201,pullover
IMG-106821,shirt
IMG-101776,dress
IMG-109174,coat
IMG-111747,sandal
IMG-114656,sandal
IMG-100943,sandal
IMG-113023,bag
IMG-114242,sandal
IMG-109248,pullover
IMG-111926,pullover
IMG-111357,sneaker
IMG-100641,trouser
IMG-108091,pullover
IMG-114183,sneaker
IMG-101783,dress
IMG-108332,pullover
IMG-104315,top
IMG-106710,pullover
IMG-107569,trouser
IMG-103503,top
IMG-114075,trouser
IMG-109109,pullover
IMG-113735,top
IMG-105229,coat
IMG-101791,shirt
IMG-102967,top
IMG-107589,pullover
IMG-101982,top
IMG-101938,trouser
IMG-102590,shirt
IMG-108681,coat
IMG-100953,top
IMG-110503,ankle_boot
IMG-112864,coat
IMG-107294,sneaker
IMG-101410,trouser
IMG-102549,shirt
IMG-110776,bag
IMG-111886,shirt
IMG-104750,sandal
IMG-105997,dress
IMG-114305,shirt
IMG-110694,coat
IMG-102025,bag
IMG-112871,ankle_boot
IMG-101754,bag
IMG-100924,bag
IMG-101660,bag
IMG-102367,shirt
IMG-105383,dress
IMG-101691,dress
IMG-100485,ankle_boot
IMG-103596,bag
IMG-100080,top
IMG-111827,dress
IMG-107671,sandal
IMG-112103,sandal
IMG-110268,shirt
IMG-100135,coat
IMG-112633,bag
IMG-109261,sneaker
IMG-105883,coat
IMG-114446,trouser
IMG-113289,ankle_boot
IMG-113500,sandal
IMG-107241,pullover
IMG-110046,pullover
IMG-105399,top
IMG-103274,trouser
IMG-103964,dress
IMG-108948,sneaker
IMG-103360,ankle_boot
IMG-110530,pullover
IMG-111243,top
IMG-110448,dress
IMG-103808,top
IMG-101951,sandal
IMG-104665,trouser
IMG-110363,coat
IMG-111761,shirt
IMG-100206,shirt
IMG-102254,dress
IMG-111469,sandal
IMG-114596,coat
IMG-106285,sandal
IMG-114637,bag
IMG-113475,top
IMG-102438,bag
IMG-108373,pullover
IMG-110065,sneaker
IMG-101568,shirt
IMG-104530,bag
IMG-102317,pullover
IMG-113748,shirt
IMG-111355,trouser
IMG-112180,bag
IMG-108743,bag
IMG-102990,bag
IMG-111442,dress
IMG-106976,bag
IMG-104096,top
IMG-106343,shirt
IMG-103498,sneaker
IMG-103540,coat
IMG-101064,pullover
IMG-113291,dress
IMG-108396,bag
IMG-108463,bag
IMG-111242,sandal
IMG-105576,shirt
IMG-113576,sneaker
IMG-108607,sandal
IMG-110083,coat
IMG-109409,ankle_boot
IMG-100665,shirt
IMG-102852,ankle_boot
IMG-110585,ankle_boot
IMG-101603,bag
IMG-100165,bag
IMG-110547,shirt
IMG-114339,ankle_boot
IMG-114438,sandal
IMG-114066,dress
IMG-102487,bag
IMG-104513,shirt
IMG-102442,dress
IMG-113866,ankle_boot
IMG-111262,top
IMG-113478,sandal
IMG-114331,sneaker
IMG-100711,sandal
IMG-106677,shirt
IMG-111271,top
IMG-109903,pullover
IMG-111822,bag
IMG-104374,coat
IMG-100539,sneaker
IMG-113254,bag
IMG-110517,sandal
IMG-102394,top
IMG-108056,sneaker
IMG-100189,dress
IMG-103916,ankle_boot
IMG-108670,ankle_boot
IMG-113464,sneaker
IMG-105574,sandal
IMG-107518,trouser
IMG-110983,dress
IMG-110489,sandal
IMG-102785,shirt
IMG-114181,coat
IMG-108379,coat
IMG-110120,dress
IMG-110044,trouser
IMG-103506,pullover
IMG-111208,sandal
IMG-113175,pullover
IMG-107592,ankle_boot
IMG-105381,sneaker
IMG-109814,ankle_boot
IMG-103869,trouser
IMG-101137,ankle_boot
IMG-102841,bag
IMG-111198,coat
IMG-105089,dress
IMG-112656,coat
IMG-107538,coat
IMG-111023,pullover
IMG-107021,dress
IMG-112457,trouser
IMG-103872,bag
IMG-106176,bag
IMG-103988,shirt
IMG-112896,trouser
IMG-111383,dress
IMG-109287,trouser
IMG-102057,sneaker
IMG-103170,dress
IMG-109792,sandal
IMG-110043,trouser
IMG-110230,pullover
IMG-113151,dress
IMG-114398,pullover
IMG-107480,dress
IMG-108946,top
IMG-105222,shirt
IMG-108538,top
IMG-110198,ankle_boot
IMG-112577,ankle_boot
IMG-106213,sandal
IMG-105978,ankle_boot
IMG-102548,coat
IMG-108090,sneaker
IMG-114406,bag
IMG-114079,trouser
IMG-109788,trouser
IMG-107525,dress
IMG-104994,ankle_boot
IMG-108270,trouser
IMG-109660,coat
IMG-100561,top
IMG-104983,coat
IMG-114256,pullover
IMG-100226,shirt
IMG-106391,top
IMG-107665,trouser
IMG-113336,shirt
IMG-114512,trouser
IMG-107932,sandal
IMG-108335,top
IMG-107766,pullover
IMG-107533,top
IMG-105544,top
IMG-102815,dress
IMG-110170,dress
IMG-113469,ankle_boot
IMG-101876,pullover
IMG-103979,coat
IMG-101442,bag
IMG-109605,coat
IMG-110100,shirt
IMG-105221,trouser
IMG-114848,sandal
IMG-104898,sneaker
IMG-113902,sneaker
IMG-107156,coat
IMG-100858,top
IMG-110450,shirt
IMG-103101,pullover
IMG-102839,ankle_boot
IMG-108497,bag
IMG-100514,pullover
IMG-105927,sneaker
IMG-113186,coat
IMG-106269,sandal
IMG-104549,ankle_boot
IMG-108259,shirt
IMG-108469,bag
IMG-106546,pullover
IMG-111171,coat
IMG-114098,sandal
IMG-111791,dress
IMG-113586,pullover
IMG-110579,pullover
IMG-113211,ankle_boot
IMG-109105,shirt
IMG-102525,dress
IMG-106182,sandal
IMG-101897,trouser
IMG-105627,ankle_boot
IMG-109585,coat
IMG-109927,ankle_boot
IMG-107842,ankle_boot
IMG-109388,ankle_boot
IMG-101051,sneaker
IMG-112356,dress
IMG-105680,coat
IMG-106055,sneaker
IMG-113321,bag
IMG-114352,dress
IMG-100718,sneaker
IMG-110531,sneaker
IMG-113930,trouser
IMG-113681,top
IMG-103145,shirt
IMG-101501,trouser
IMG-106251,trouser
IMG-106001,ankle_boot
IMG-104540,sneaker
IMG-100344,dress
IMG-105024,pullover
IMG-109066,ankle_boot
IMG-102003,trouser
IMG-111255,bag
IMG-113799,pullover
IMG-111893,trouser
IMG-106554,coat
IMG-112380,trouser
IMG-111138,sneaker
IMG-101375,pullover
IMG-114822,ankle_boot
IMG-109266,coat
IMG-107400,sandal
IMG-106873,trouser
IMG-109625,shirt
IMG-107010,dress
IMG-112383,ankle_boot
IMG-111233,coat
IMG-114764,sneaker
IMG-111229,bag
IMG-111903,trouser
IMG-109844,sandal
IMG-114092,sneaker
IMG-104962,sandal
IMG-104494,top
IMG-100418,bag
IMG-110949,bag
IMG-101406,sandal
IMG-108930,coat
IMG-111330,shirt
IMG-108116,trouser
IMG-105426,ankle_boot
IMG-101172,bag
IMG-100508,coat
IMG-111298,coat
IMG-107580,trouser
IMG-109946,top
IMG-108197,dress
IMG-100605,bag
IMG-106137,ankle_boot
IMG-104286,top
IMG-112001,sneaker
IMG-110535,ankle_boot
IMG-105149,sneaker
IMG-102126,sneaker
IMG-101517,top
IMG-100150,bag
IMG-110792,ankle_boot
IMG-107092,dress
IMG-112819,shirt
IMG-103957,pullover
IMG-107801,ankle_boot
IMG-100528,trouser
IMG-111422,bag
IMG-103961,shirt
IMG-111710,shirt
IMG-101470,shirt
IMG-109373,top
IMG-112090,sneaker
IMG-109118,bag
IMG-101448,bag
IMG-105901,coat
IMG-104586,top
IMG-114165,pullover
IMG-111684,sneaker
IMG-114516,sandal
IMG-109619,trouser
IMG-114742,shirt
IMG-113718,pullover
IMG-108843,sneaker
IMG-107760,ankle_boot
IMG-103269,shirt
IMG-101459,ankle_boot
IMG-108989,dress
IMG-106138,shirt
IMG-112843,top
IMG-109959,dress
IMG-101992,bag
IMG-106484,trouser
IMG-106521,sandal
IMG-101516,dress
IMG-105511,coat
IMG-109898,sneaker
IMG-105144,coat
IMG-100211,shirt
IMG-105330,trouser
IMG-107644,dress
IMG-100878,bag
IMG-104975,ankle_boot
IMG-103693,bag
IMG-100338,pullover
IMG-112658,ankle_boot
IMG-108726,sneaker
IMG-109158,dress
IMG-113164,shirt
IMG-103151,top
IMG-113471,coat
IMG-106246,ankle_boot
IMG-113098,dress
IMG-107198,dress
IMG-101460,sneaker
IMG-112366,pullover
IMG-100492,coat
IMG-113281,pullover
IMG-112640,sneaker
IMG-100113,bag
IMG-104395,bag
IMG-100965,pullover
IMG-112070,shirt
IMG-101667,coat
IMG-103099,shirt
IMG-114874,bag
IMG-104240,coat
IMG-114012,coat
IMG-101515,sneaker
IMG-109304,coat
IMG-102296,ankle_boot
IMG-107626,shirt
IMG-104997,trouser
IMG-102032,top
IMG-113660,sneaker
IMG-109994,shirt
IMG-110261,trouser
IMG-111474,shirt
IMG-111263,trouser
IMG-112945,shirt
IMG-111878,shirt
IMG-107133,top
IMG-104085,pullover
IMG-109276,shirt
IMG-107681,bag
IMG-113302,coat
IMG-100296,pullover
IMG-101150,shirt
IMG-101123,trouser
IMG-103632,dress
IMG-112699,bag
IMG-111694,top
IMG-105467,trouser
IMG-109341,sneaker
IMG-110211,trouser
IMG-102467,shirt
IMG-103384,pullover
IMG-102838,pullover
IMG-103477,coat
IMG-107661,pullover
IMG-113701,ankle_boot
IMG-101120,sandal
IMG-110822,shirt
IMG-101661,trouser
IMG-108707,pullover
IMG-109830,trouser
IMG-103390,sandal
IMG-112733,sneaker
IMG-110082,sandal
IMG-100698,sandal
IMG-112610,trouser
IMG-111246,top
IMG-105318,ankle_boot
IMG-106908,dress
IMG-110358,sandal
IMG-114239,sandal
IMG-113431,pullover
IMG-106716,coat
IMG-112611,ankle_boot
IMG-109454,dress
IMG-114113,bag
IMG-110555,sandal
IMG-114116,shirt
IMG-103277,sneaker
IMG-100022,dress
IMG-107262,trouser
IMG-106103,coat
IMG-110742,shirt
IMG-112967,trouser
IMG-104767,shirt
IMG-104960,trouser
IMG-110992,shirt
IMG-109492,ankle_boot
IMG-102584,top
IMG-100595,sandal
IMG-103785,pullover
IMG-103918,ankle_boot
IMG-101083,bag
IMG-110298,bag
IMG-106509,top
IMG-109218,dress
IMG-114261,dress
IMG-100522,bag
IMG-113111,top
IMG-100913,ankle_boot
IMG-108192,shirt
IMG-107659,ankle_boot
IMG-105503,sneaker
IMG-108162,bag
IMG-101913,trouser
IMG-110155,dress
IMG-103767,sneaker
IMG-107066,sandal
IMG-113525,sneaker
IMG-102217,shirt
IMG-113172,sandal
IMG-110691,pullover
IMG-109556,bag
IMG-114467,dress
IMG-110613,shirt
IMG-107062,bag
IMG-114686,dress
IMG-113488,top
IMG-109457,ankle_boot
IMG-102653,coat
IMG-105369,ankle_boot
IMG-103333,top
IMG-108860,trouser
IMG-102595,shirt
IMG-113080,sneaker
IMG-107687,shirt
IMG-103476,pullover
IMG-111575,trouser
IMG-112739,dress
IMG-108521,bag
IMG-100216,bag
IMG-105658,shirt
IMG-103294,pullover
IMG-108692,sneaker
IMG-114409,pullover
IMG-113715,sandal
IMG-110254,ankle_boot
IMG-102678,pullover
IMG-100279,trouser
IMG-110007,trouser
IMG-103426,pullover
IMG-101272,sneaker
IMG-101492,ankle_boot
IMG-111149,trouser
IMG-108313,pullover
IMG-108499,coat
IMG-100462,ankle_boot
IMG-111592,dress
IMG-112521,ankle_boot
IMG-110760,ankle_boot
IMG-103192,ankle_boot
IMG-109647,top
IMG-112141,bag
IMG-110219,ankle_boot
IMG-101563,trouser
IMG-100499,top
IMG-103569,pullover
IMG-105849,sneaker
IMG-113783,top
IMG-105809,shirt
IMG-114649,ankle_boot
IMG-105919,coat
IMG-105401,bag
IMG-112850,top
IMG-108250,ankle_boot
IMG-100591,dress
IMG-101983,sandal
IMG-103811,trouser
IMG-111085,coat
IMG-114747,coat
IMG-112829,top
IMG-110382,sneaker
IMG-112495,coat
IMG-102821,trouser
IMG-113327,sandal
IMG-108272,coat
IMG-105738,sneaker
IMG-103252,coat
IMG-107755,sneaker
IMG-106804,bag
IMG-104071,sneaker
IMG-106766,ankle_boot
IMG-112805,bag
IMG-102308,sandal
IMG-105112,sneaker
IMG-105850,ankle_boot
IMG-105359,shirt
IMG-114754,ankle_boot
IMG-108746,shirt
IMG-100526,trouser
IMG-100573,bag
IMG-101351,sandal
IMG-110523,dress
IMG-107124,shirt
IMG-107756,coat
IMG-100443,ankle_boot
IMG-104826,trouser
IMG-113875,shirt
IMG-104634,sneaker
IMG-109453,pullover
IMG-114363,sandal
IMG-111354,sandal
IMG-101399,dress
IMG-104129,trouser
IMG-110740,trouser
IMG-112010,sandal
IMG-105443,dress
IMG-113587,sneaker
IMG-109853,ankle_boot
IMG-102376,trouser
IMG-100820,sneaker
IMG-112852,bag
IMG-109485,sneaker
IMG-101618,ankle_boot
IMG-108082,coat
IMG-110793,shirt
IMG-110855,ankle_boot
IMG-105829,sandal
IMG-107832,pullover
IMG-112662,sandal
IMG-114684,dress
IMG-113233,sandal
IMG-111801,shirt
IMG-102387,shirt
IMG-107117,pullover
IMG-110959,sandal
IMG-113396,pullover
IMG-106350,trouser
IMG-111356,sneaker
IMG-102954,dress
IMG-102447,pullover
IMG-108756,pullover
IMG-114785,sandal
IMG-113238,sandal
IMG-100990,sneaker
IMG-111558,sandal
IMG-103218,shirt
IMG-106431,sneaker
IMG-105817,trouser
IMG-109656,trouser
IMG-101019,top
IMG-105721,bag
IMG-109173,shirt
IMG-107913,pullover
IMG-113020,top
IMG-111947,pullover
IMG-102629,dress
IMG-113970,pullover
IMG-107217,pullover
IMG-105053,ankle_boot
IMG-108292,sneaker
IMG-111050,sandal
IMG-107073,bag
IMG-114965,sandal
IMG-112838,ankle_boot
IMG-104279,sneaker
IMG-112131,bag
IMG-100440,ankle_boot
IMG-102734,pullover
IMG-106808,sneaker
IMG-109162,pullover
IMG-106834,sandal
IMG-101519,ankle_boot
IMG-102851,shirt
IMG-107427,top
IMG-100615,sandal
IMG-114916,trouser
IMG-114666,bag
IMG-102092,shirt
IMG-103312,pullover
IMG-112599,sandal
IMG-101053,pullover
IMG-105555,trouser
IMG-100907,trouser
IMG-104876,trouser
IMG-111936,sandal
IMG-106780,bag
IMG-114634,top
IMG-108387,sandal
IMG-112970,coat
IMG-111722,trouser
IMG-100444,ankle_boot
IMG-109254,shirt
IMG-101665,trouser
IMG-108718,ankle_boot
IMG-103056,coat
IMG-110766,bag
IMG-103843,top
IMG-109626,dress
IMG-109731,dress
IMG-107903,dress
IMG-109050,trouser
IMG-112035,bag
IMG-106667,top
IMG-103255,ankle_boot
IMG-104372,ankle_boot
IMG-111739,sandal
IMG-111090,coat
IMG-112336,dress
IMG-102797,trouser
IMG-110796,coat
IMG-109870,pullover
IMG-114613,coat
IMG-113358,pullover
IMG-111701,shirt
IMG-107286,shirt
IMG-102257,bag
IMG-114175,ankle_boot
IMG-101075,sandal
IMG-103286,sneaker
IMG-110748,shirt
IMG-113482,pullover
IMG-104748,trouser
IMG-110573,ankle_boot
IMG-105464,pullover
IMG-112503,top
IMG-113835,sandal
IMG-111735,sandal
IMG-103086,trouser
IMG-106750,trouser
IMG-102073,sandal
IMG-107303,dress
IMG-109177,pullover
IMG-114865,bag
IMG-100779,sandal
IMG-106580,top
IMG-108814,dress
IMG-114290,trouser
IMG-111499,bag
IMG-103061,bag
IMG-107960,trouser
IMG-112766,sandal
IMG-104002,sneaker
IMG-110670,trouser
IMG-107789,pullover
IMG-103535,top
IMG-111924,shirt
IMG-101190,sandal
IMG-102432,top
IMG-104889,sneaker
IMG-109129,shirt
IMG-102026,sneaker
IMG-105549,dress
IMG-101952,dress
IMG-113319,sandal
IMG-111594,top
IMG-100125,trouser
IMG-100950,top
IMG-110794,bag
IMG-114724,pullover
IMG-106663,ankle_boot
IMG-109019,coat
IMG-108470,coat
IMG-104388,top
IMG-104343,trouser
IMG-101481,ankle_boot
IMG-104216,dress
IMG-113102,pullover
IMG-102979,coat
IMG-100193,ankle_boot
IMG-107163,sandal
IMG-109969,shirt
IMG-106295,dress
IMG-113149,trouser
IMG-110522,trouser
IMG-114369,top
IMG-100690,pullover
IMG-104990,pullover
IMG-102330,top
IMG-112261,bag
IMG-103311,shirt
IMG-112584,trouser
IMG-105900,shirt
IMG-110057,bag
IMG-110055,trouser
IMG-103875,bag
IMG-111286,dress
IMG-100446,sneaker
IMG-113262,pullover
IMG-104389,trouser
IMG-111486,bag
IMG-100366,sandal
IMG-102813,shirt
IMG-103226,coat
IMG-100614,shirt
IMG-108213,shirt
IMG-112475,sandal
IMG-113365,coat
IMG-102437,sneaker
IMG-104146,dress
IMG-114234,trouser
IMG-100195,dress
IMG-107015,coat
IMG-112802,sneaker
IMG-110736,dress
IMG-100087,sandal
IMG-110113,dress
IMG-103227,pullover
IMG-102882,dress
IMG-102143,coat
IMG-108055,pullover
IMG-108841,sandal
IMG-108519,sneaker
IMG-114918,trouser
IMG-108585,coat
IMG-105489,bag
IMG-113210,dress
IMG-105572,bag
IMG-112994,sandal
IMG-112773,bag
IMG-105475,trouser
IMG-110383,dress
IMG-107996,coat
IMG-110811,top
IMG-100935,pullover
IMG-105201,top
IMG-102970,dress
IMG-109627,pullover
IMG-100283,coat
IMG-112461,sandal
IMG-110193,dress
IMG-111796,shirt
IMG-112534,sneaker
IMG-107243,ankle_boot
IMG-112499,sneaker
IMG-107472,trouser
IMG-106929,sneaker
IMG-106234,bag
IMG-112111,trouser
IMG-109943,trouser
IMG-108761,bag
IMG-101985,top
IMG-104710,coat
IMG-105530,dress
IMG-109773,sandal
IMG-105282,top
IMG-102633,sandal
IMG-103035,trouser
IMG-102127,pullover
IMG-108669,coat
IMG-106489,sneaker
IMG-108624,coat
IMG-100453,pullover
IMG-101260,ankle_boot
IMG-107909,coat
IMG-100280,sneaker
IMG-112826,dress
IMG-103616,shirt
IMG-100752,pullover
IMG-102277,sneaker
IMG-104386,coat
IMG-100531,top
IMG-109839,dress
IMG-109184,coat
IMG-106440,top
IMG-100068,bag
IMG-108203,coat
IMG-107171,dress
IMG-113756,sneaker
IMG-110640,trouser
IMG-105891,top
IMG-101924,sneaker
IMG-108485,trouser
IMG-109049,pullover
IMG-112433,shirt
IMG-114114,ankle_boot
IMG-103967,top
IMG-103423,dress
IMG-112345,ankle_boot
IMG-101303,sandal
IMG-109038,top
IMG-112247,coat
IMG-102285,ankle_boot
IMG-114561,coat
IMG-106636,sandal
IMG-102361,trouser
IMG-109538,sneaker
IMG-108329,sandal
IMG-114627,top
IMG-103267,ankle_boot
IMG-100139,shirt
IMG-107319,trouser
IMG-101100,shirt
IMG-114753,shirt
IMG-109618,ankle_boot
IMG-104324,ankle_boot
IMG-109808,bag
IMG-112828,sandal
IMG-110342,sandal
IMG-108448,sneaker
IMG-105034,sneaker
IMG-110925,ankle_boot
IMG-109621,top
IMG-106823,sneaker
IMG-110429,sneaker
IMG-100436,bag
IMG-113153,ankle_boot
IMG-105514,bag
IMG-102512,sneaker
IMG-100373,coat
IMG-114475,sneaker
IMG-106790,ankle_boot
IMG-103876,top
IMG-110524,dress
IMG-106140,ankle_boot
IMG-113642,top
IMG-104385,shirt
IMG-108359,dress
IMG-105938,dress
IMG-114195,sandal
IMG-106726,coat
IMG-112900,coat
IMG-106445,top
IMG-103338,trouser
IMG-114407,coat
IMG-111611,ankle_boot
IMG-113049,dress
IMG-110704,sandal
IMG-102108,shirt
IMG-103444,pullover
IMG-109997,dress
IMG-103651,sneaker
IMG-100058,shirt
IMG-107061,ankle_boot
IMG-113563,coat
IMG-100252,sneaker
IMG-104137,dress
IMG-112430,top
IMG-111709,sneaker
IMG-104806,coat
IMG-111593,sneaker
IMG-112484,top
IMG-113814,ankle_boot
IMG-111572,bag
IMG-110883,sandal
IMG-104733,dress
IMG-112316,dress
IMG-105769,ankle_boot
IMG-108337,coat
IMG-100685,ankle_boot
IMG-103707,shirt
IMG-112123,dress
IMG-109009,trouser
IMG-107211,ankle_boot
IMG-110877,dress
IMG-107622,ankle_boot
IMG-111190,shirt
IMG-113101,ankle_boot
IMG-111021,coat
IMG-104863,top
IMG-101766,trouser
IMG-108949,pullover
IMG-102199,coat
IMG-114514,dress
IMG-106816,top
IMG-103492,dress
IMG-111314,coat
IMG-103291,trouser
IMG-114288,dress
IMG-103283,coat
IMG-107517,ankle_boot
IMG-114357,coat
IMG-109803,dress
IMG-108570,sneaker
IMG-112975,shirt
IMG-108893,shirt
IMG-114202,dress
IMG-112219,sneaker
IMG-114949,sneaker
IMG-104761,shirt
IMG-106080,trouser
IMG-101699,trouser
IMG-102275,ankle_boot
IMG-100162,trouser
IMG-106587,shirt
IMG-103758,sneaker
IMG-110653,shirt
IMG-109649,ankle_boot
IMG-102766,sandal
IMG-100777,pullover
IMG-108572,shirt
IMG-102855,dress
IMG-109458,pullover
IMG-100836,bag
IMG-104976,sandal
IMG-113974,dress
IMG-114809,coat
IMG-111239,sneaker
IMG-106971,ankle_boot
IMG-112632,bag
IMG-102349,pullover
IMG-112264,bag
IMG-100370,sneaker
IMG-110901,top
IMG-110077,top
IMG-114062,sneaker
IMG-111998,ankle_boot
IMG-108714,top
IMG-107447,top
IMG-110930,coat
IMG-106824,top
IMG-103156,sandal
IMG-106693,sneaker
IMG-113975,shirt
IMG-109132,sneaker
IMG-112196,ankle_boot
IMG-111307,bag
IMG-113641,coat
IMG-107728,coat
IMG-106130,shirt
IMG-108069,dress
IMG-112137,dress
IMG-112570,dress
IMG-108247,bag
IMG-113913,bag
IMG-106386,sneaker
IMG-103114,top
IMG-108015,ankle_boot
IMG-110385,coat
IMG-105197,sandal
IMG-106225,bag
IMG-113585,sneaker
IMG-104663,ankle_boot
IMG-104500,trouser
IMG-104119,coat
IMG-109350,bag
IMG-110484,ankle_boot
IMG-110207,shirt
IMG-105674,trouser
IMG-100896,sneaker
IMG-110397,sneaker
IMG-113103,top
IMG-108136,top
IMG-113677,sneaker
IMG-104175,coat
IMG-109348,trouser
IMG-111537,sneaker
IMG-105610,ankle_boot
IMG-104206,top
IMG-113996,trouser
IMG-106675,pullover
IMG-100312,coat
IMG-111925,sandal
IMG-110616,pullover
IMG-103032,dress
IMG-113483,sneaker
IMG-107526,top
IMG-112692,top
IMG-101225,trouser
IMG-101454,coat
IMG-100026,bag
IMG-102527,trouser
IMG-110929,ankle_boot
IMG-101942,coat
IMG-112700,sandal
IMG-100986,shirt
IMG-109068,bag
IMG-109394,shirt
IMG-101202,sandal
IMG-109243,sandal
IMG-109258,sandal
IMG-109390,trouser
IMG-111986,pullover
IMG-103809,dress
IMG-104697,bag
IMG-103136,coat
IMG-112665,top
IMG-108034,shirt
IMG-112392,top
IMG-110091,pullover
IMG-108877,shirt
IMG-103908,ankle_boot
IMG-104301,top
IMG-113821,top
IMG-114466,top
IMG-105045,top
IMG-100002,ankle_boot
IMG-109014,ankle_boot
IMG-107915,shirt
IMG-104685,coat
IMG-100525,ankle_boot
IMG-101806,ankle_boot
IMG-114032,top
IMG-113591,pullover
IMG-105225,coat
IMG-106847,dress
IMG-101836,sneaker
IMG-108996,pullover
IMG-111497,sandal
IMG-102655,dress
IMG-114815,sneaker
IMG-102002,shirt
IMG-104111,dress
IMG-106006,sneaker
IMG-101385,ankle_boot
IMG-108556,pullover
IMG-104903,sneaker
IMG-113048,pullover
IMG-108760,sandal
IMG-109187,shirt
IMG-101608,sandal
IMG-103129,trouser
IMG-102158,trouser
IMG-112752,bag
IMG-100648,coat
IMG-104642,ankle_boot
IMG-113803,sandal
IMG-102458,ankle_boot
IMG-110134,shirt
IMG-108057,ankle_boot
IMG-111410,pullover
IMG-104078,top
IMG-113980,coat
IMG-102740,ankle_boot
IMG-113857,ankle_boot
IMG-107254,sneaker
IMG-108928,pullover
IMG-100287,ankle_boot
IMG-113886,pullover
IMG-104834,top
IMG-106165,sneaker
IMG-102862,pullover
IMG-113506,coat
IMG-104213,shirt
IMG-110003,coat
IMG-109473,trouser
IMG-103176,pullover
IMG-105135,shirt
IMG-102035,sneaker
IMG-112592,shirt
IMG-105505,shirt
IMG-110106,bag
IMG-114018,dress
IMG-104511,coat
IMG-104551,sneaker
IMG-101731,dress
IMG-100638,coat
IMG-100717,coat
IMG-102065,shirt
IMG-111576,sandal
IMG-114122,bag
IMG-114879,sandal
IMG-105136,bag
IMG-103401,trouser
IMG-110132,sneaker
IMG-110719,pullover
IMG-112088,coat
IMG-108569,top
IMG-106904,top
IMG-108108,top
IMG-104331,coat
IMG-114714,coat
IMG-108054,sandal
IMG-104927,sandal
IMG-113686,sneaker
IMG-104625,dress
IMG-112296,sneaker
IMG-114985,coat
IMG-109340,shirt
IMG-113900,dress
IMG-110451,sandal
IMG-108945,sandal
IMG-113440,pullover
IMG-105840,sneaker
IMG-113869,coat
IMG-110049,pullover
IMG-111541,bag
IMG-102596,top
IMG-110307,bag
IMG-109119,shirt
IMG-111370,sandal
IMG-108737,dress
IMG-111635,shirt
IMG-107547,bag
IMG-103268,dress
IMG-108424,sneaker
IMG-102214,ankle_boot
IMG-101278,shirt
IMG-107334,ankle_boot
IMG-109306,sneaker
IMG-105798,ankle_boot
IMG-104000,ankle_boot
IMG-111570,bag
IMG-106056,sandal
IMG-100982,dress
IMG-104942,coat
IMG-102197,top
IMG-100850,sneaker
IMG-109546,pullover
IMG-108063,coat
IMG-108225,sneaker
IMG-104466,coat
IMG-101471,sneaker
IMG-100256,pullover
IMG-109408,shirt
IMG-108231,coat
IMG-114595,sandal
IMG-104147,shirt
IMG-114152,bag
IMG-114884,ankle_boot
IMG-113123,sandal
IMG-114223,top
IMG-106018,sneaker
IMG-104700,trouser
IMG-100191,trouser
IMG-103636,sneaker
IMG-107203,shirt
IMG-105422,sneaker
IMG-114020,sandal
IMG-113481,top
IMG-113507,sandal
IMG-104751,shirt
IMG-114777,sandal
IMG-109043,top
IMG-106220,sneaker
IMG-107629,sandal
IMG-112748,sandal
IMG-105993,pullover
IMG-103168,trouser
IMG-112659,sandal
IMG-111959,shirt
IMG-101045,top
IMG-114306,ankle_boot
IMG-113847,shirt
IMG-105908,top
IMG-113201,trouser
IMG-106296,pullover
IMG-109349,coat
IMG-107691,bag
IMG-113793,sandal
IMG-111340,coat
IMG-105539,shirt
IMG-112326,trouser
IMG-108143,pullover
IMG-104335,sneaker
IMG-105634,bag
IMG-114928,dress
IMG-106530,shirt
IMG-100367,bag
IMG-105080,coat
IMG-104214,trouser
IMG-110713,pullover
IMG-111922,coat
IMG-102103,shirt
IMG-108330,ankle_boot
IMG-112923,sneaker
IMG-111072,dress
IMG-106803,ankle_boot
IMG-113381,sandal
IMG-110392,bag
IMG-105041,dress
IMG-102088,top
IMG-108657,coat
IMG-111788,dress
IMG-112114,pullover
IMG-106936,sandal
IMG-111815,sandal
IMG-106400,top
IMG-108965,bag
IMG-114328,ankle_boot
IMG-113208,top
IMG-105259,pullover
IMG-101203,trouser
IMG-108389,sneaker
IMG-106800,bag
IMG-105585,coat
IMG-112404,sandal
IMG-110140,bag
IMG-101480,top
IMG-100761,pullover
IMG-113110,trouser
IMG-100919,top
IMG-104262,bag
IMG-107233,sneaker
IMG-114964,ankle_boot
IMG-114885,dress
IMG-113268,sneaker
IMG-104403,ankle_boot
IMG-106970,sandal
IMG-101193,bag
IMG-113493,shirt
IMG-112857,dress
IMG-114323,bag
IMG-109285,pullover
IMG-103262,coat
IMG-104255,coat
IMG-105553,coat
IMG-106741,sneaker
IMG-100451,dress
IMG-100733,ankle_boot
IMG-113964,sandal
IMG-109779,sandal
IMG-102985,trouser
IMG-109466,bag
IMG-104566,sandal
IMG-107012,ankle_boot
IMG-103873,ankle_boot
IMG-104769,bag
IMG-104810,bag
IMG-105424,coat
IMG-109859,sneaker
IMG-100546,dress
IMG-108393,sneaker
IMG-110786,sandal
IMG-101538,coat
IMG-112324,coat
IMG-107420,pullover
IMG-107578,sandal
IMG-110227,pullover
IMG-110395,ankle_boot
IMG-104526,trouser
IMG-100853,dress
IMG-107389,ankle_boot
IMG-110160,sneaker
IMG-100802,pullover
IMG-103400,sneaker
IMG-108370,sneaker
IMG-114593,ankle_boot
IMG-112742,top
IMG-101232,trouser
IMG-105159,dress
IMG-102302,pullover
IMG-109910,sneaker
IMG-114194,bag
IMG-114765,sandal
IMG-111405,coat
IMG-110316,trouser
IMG-109208,bag
IMG-101004,ankle_boot
IMG-105460,coat
IMG-110107,bag
IMG-102381,sandal
IMG-103202,coat
IMG-109136,dress
IMG-111881,trouser
IMG-104578,pullover
IMG-106502,bag
IMG-103344,sandal
IMG-110042,trouser
IMG-103803,trouser
IMG-109053,dress
IMG-113544,ankle_boot
IMG-101367,pullover
IMG-109122,top
IMG-103018,pullover
IMG-110646,bag
IMG-102048,bag
IMG-113068,ankle_boot
IMG-109303,sneaker
IMG-106480,ankle_boot
IMG-111084,coat
IMG-100212,bag
IMG-100495,bag
IMG-110512,trouser
IMG-106644,dress
IMG-112030,coat
IMG-113949,pullover
IMG-109219,pullover
IMG-105463,sneaker
IMG-110224,shirt
IMG-106702,bag
IMG-112541,trouser
IMG-108451,sandal
IMG-102619,dress
IMG-101058,trouser
IMG-101036,shirt
IMG-100692,trouser
IMG-106382,shirt
IMG-100827,coat
IMG-103186,dress
IMG-108420,ankle_boot
IMG-114372,pullover
IMG-112315,ankle_boot
IMG-107291,pullover
IMG-108748,trouser
IMG-112622,coat
IMG-105966,top
IMG-107761,shirt
IMG-104654,sandal
IMG-101139,trouser
IMG-100315,bag
IMG-110550,ankle_boot
IMG-100210,pullover
IMG-113936,top
IMG-110152,top
IMG-111056,bag
IMG-113606,sneaker
IMG-113716,shirt
IMG-114155,trouser
IMG-112744,trouser
IMG-103688,coat
IMG-105047,shirt
IMG-104572,pullover
IMG-110641,trouser
IMG-105295,top
IMG-103158,pullover
IMG-112696,bag
IMG-114080,bag
IMG-103237,dress
IMG-111660,bag
IMG-113819,shirt
IMG-105049,bag
IMG-112539,sandal
IMG-112722,top
IMG-107327,coat
IMG-102587,bag
IMG-113160,trouser
IMG-102828,coat
IMG-103711,shirt
IMG-107497,pullover
IMG-114713,coat
IMG-108625,sandal
IMG-105741,trouser
IMG-113260,top
IMG-109837,top
IMG-106376,top
IMG-112348,trouser
IMG-109912,ankle_boot
IMG-110600,sneaker
IMG-114048,coat
IMG-110669,pullover
IMG-103113,sandal
IMG-113092,top
IMG-109020,trouser
IMG-110594,pullover
IMG-103879,trouser
IMG-109450,shirt
IMG-112155,coat
IMG-108179,top
IMG-112346,bag
IMG-111065,trouser
IMG-106317,ankle_boot
IMG-103653,pullover
IMG-104739,bag
IMG-106852,dress
IMG-105081,sandal
IMG-107862,sneaker
IMG-113743,sandal
IMG-102022,sandal
IMG-103425,top
IMG-106678,ankle_boot
IMG-106274,coat
IMG-106229,dress
IMG-112875,top
IMG-110461,top
IMG-110896,pullover
IMG-110225,bag
IMG-100879,sneaker
IMG-106531,pullover
IMG-114263,bag
IMG-113437,top
IMG-104371,shirt
IMG-107795,pullover
IMG-113830,top
IMG-107714,pullover
IMG-104073,bag
IMG-113397,top
IMG-103583,coat
IMG-106313,pullover
IMG-112986,coat
IMG-112725,sandal
IMG-110863,sandal
IMG-108278,sandal
IMG-110437,ankle_boot
IMG-104318,trouser
IMG-101763,dress
IMG-113601,ankle_boot
IMG-114829,trouser
IMG-100799,top
IMG-110141,coat
IMG-111547,coat
IMG-104197,shirt
IMG-108988,sneaker
IMG-106972,pullover
IMG-113693,ankle_boot
IMG-105609,shirt
IMG-111098,sneaker
IMG-108281,sneaker
IMG-107123,pullover
IMG-101320,trouser
IMG-111433,top
IMG-102980,shirt
IMG-107109,ankle_boot
IMG-101692,bag
IMG-110914,shirt
IMG-107031,sneaker
IMG-110427,sandal
IMG-100161,bag
IMG-103210,ankle_boot
IMG-110146,shirt
IMG-104283,coat
IMG-103469,sandal
IMG-113014,coat
IMG-104683,sneaker
IMG-111805,sandal
IMG-107925,trouser
IMG-114604,sneaker
IMG-114698,trouser
IMG-102943,dress
IMG-103163,ankle_boot
IMG-101050,top
IMG-102792,coat
IMG-101875,trouser
IMG-113915,bag
IMG-105545,bag
IMG-101146,shirt
IMG-100493,bag
IMG-110376,top
IMG-102341,ankle_boot
IMG-110566,sneaker
IMG-100319,sneaker
IMG-102569,ankle_boot
IMG-108850,pullover
IMG-107678,pullover
IMG-108637,pullover
IMG-106033,dress
IMG-100619,coat
IMG-104449,bag
IMG-114247,dress
IMG-109415,trouser
IMG-111509,sandal
IMG-113792,ankle_boot
IMG-101921,coat
IMG-107600,coat
IMG-112961,ankle_boot
IMG-114970,trouser
IMG-111300,ankle_boot
IMG-110965,pullover
IMG-108492,coat
IMG-101369,pullover
IMG-102770,dress
IMG-101445,top
IMG-111091,shirt
IMG-107489,shirt
IMG-105930,pullover
IMG-101573,sneaker
IMG-103728,top
IMG-101121,coat
IMG-108423,sneaker
IMG-112526,trouser
IMG-112359,bag
IMG-113559,shirt
IMG-101009,sneaker
IMG-108344,trouser
IMG-101421,bag
IMG-108812,ankle_boot
IMG-109633,sandal
IMG-102211,ankle_boot
IMG-105166,coat
IMG-112096,shirt
IMG-111545,pullover
IMG-103232,ankle_boot
IMG-101734,top
IMG-110534,shirt
IMG-104966,shirt
IMG-109126,bag
IMG-111984,shirt
IMG-102507,bag
IMG-100904,dress
IMG-112250,bag
IMG-111228,top
IMG-111212,coat
IMG-107997,trouser
IMG-113220,shirt
IMG-111861,shirt
IMG-111642,top
IMG-107106,ankle_boot
IMG-103626,dress
IMG-106718,sneaker
IMG-101281,sneaker
IMG-109244,dress
IMG-110695,trouser
IMG-105720,shirt
IMG-106597,sandal
IMG-103729,shirt
IMG-106330,ankle_boot
IMG-113145,sneaker
IMG-111751,trouser
IMG-110339,ankle_boot
IMG-114060,dress
IMG-101842,shirt
IMG-109648,sneaker
IMG-100645,coat
IMG-103080,shirt
IMG-107333,top
IMG-105715,sandal
IMG-101305,bag
IMG-107410,pullover
IMG-111281,coat
IMG-109165,dress
IMG-105316,dress
IMG-106112,ankle_boot
IMG-108750,trouser
IMG-100357,sneaker
IMG-114006,pullover
IMG-111409,top
IMG-103840,dress
IMG-101978,ankle_boot
IMG-105394,sneaker
IMG-101112,coat
IMG-111046,pullover
IMG-112786,sneaker
IMG-113032,coat
IMG-110231,trouser
IMG-113392,sneaker
IMG-106835,pullover
IMG-109908,dress
IMG-106402,dress
IMG-109400,ankle_boot
IMG-105161,bag
IMG-103480,pullover
IMG-113091,top
IMG-107901,ankle_boot
IMG-105344,shirt
IMG-102982,sneaker
IMG-101443,dress
IMG-113255,top
IMG-103903,sandal
IMG-111894,sandal
IMG-106682,bag
IMG-104163,trouser
IMG-114969,dress
IMG-111507,coat
IMG-104176,shirt
IMG-114938,bag
IMG-113093,pullover
IMG-114921,dress
IMG-114873,shirt
IMG-114776,coat
IMG-100454,sandal
IMG-114980,coat
IMG-102424,pullover
IMG-104925,ankle_boot
IMG-100313,shirt
IMG-111491,top
IMG-104897,coat
IMG-108132,trouser
IMG-101210,dress
IMG-114588,trouser
IMG-112941,coat
IMG-103643,coat
IMG-113842,sandal
IMG-101072,ankle_boot
IMG-112884,ankle_boot
IMG-109209,coat
IMG-102594,coat
IMG-103701,trouser
IMG-108796,pullover
IMG-103343,sandal
IMG-114610,dress
IMG-108536,sandal
IMG-103593,coat
IMG-104765,coat
IMG-103831,coat
IMG-111829,dress
IMG-107240,top
IMG-106666,bag
IMG-110677,top
IMG-103926,bag
IMG-104766,dress
IMG-102894,ankle_boot
IMG-113384,trouser
IMG-113423,shirt
IMG-106136,coat
IMG-100540,top
IMG-105954,sandal
IMG-110685,sneaker
IMG-113156,sneaker
IMG-114366,pullover
IMG-104959,trouser
IMG-107763,pullover
IMG-102853,top
IMG-101209,top
IMG-110062,pullover
IMG-106471,pullover
IMG-107969,ankle_boot
IMG-102249,ankle_boot
IMG-110615,bag
IMG-104309,sandal
IMG-110188,sandal
IMG-109769,pullover
IMG-113346,pullover
IMG-111334,sandal
IMG-108246,coat
IMG-110121,sandal
IMG-107506,top
IMG-114505,trouser
IMG-105308,trouser
IMG-112473,ankle_boot
IMG-112390,sandal
IMG-108434,top
IMG-104725,ankle_boot
IMG-100680,trouser
IMG-110918,trouser
IMG-103582,sandal
IMG-102497,bag
IMG-101342,dress
IMG-104077,shirt
IMG-104281,bag
IMG-103491,coat
IMG-105192,dress
IMG-107542,ankle_boot
IMG-105799,dress
IMG-102166,sneaker
IMG-107672,trouser
IMG-111466,dress
IMG-102382,ankle_boot
IMG-101189,bag
IMG-105844,coat
IMG-109325,shirt
IMG-105207,ankle_boot
IMG-108217,bag
IMG-114418,ankle_boot
IMG-102708,ankle_boot
IMG-113784,coat
IMG-102724,ankle_boot
IMG-102502,ankle_boot
IMG-103442,top
IMG-110972,top
IMG-108822,sneaker
IMG-100656,sandal
IMG-110212,ankle_boot
IMG-101159,coat
IMG-101824,trouser
IMG-104127,trouser
IMG-107259,pullover
IMG-100288,shirt
IMG-111227,ankle_boot
IMG-106810,dress
IMG-112048,shirt
IMG-111215,pullover
IMG-108923,ankle_boot
IMG-112715,pullover
IMG-113532,trouser
IMG-106094,top
IMG-109750,pullover
IMG-102634,shirt
IMG-113157,trouser
IMG-105323,top
IMG-113733,sandal
IMG-109529,ankle_boot
IMG-112395,bag
IMG-100324,sandal
IMG-114476,trouser
IMG-103496,sandal
IMG-111482,shirt
IMG-113026,sneaker
IMG-108976,top
IMG-113694,bag
IMG-103327,pullover
IMG-101854,ankle_boot
IMG-112418,sandal
IMG-114163,sandal
IMG-105831,ankle_boot
IMG-114479,dress
IMG-110761,trouser
IMG-108435,shirt
IMG-102015,top
IMG-108380,sandal
IMG-111506,coat
IMG-103882,top
IMG-106115,sandal
IMG-113007,ankle_boot
IMG-108050,trouser
IMG-103315,shirt
IMG-109851,dress
IMG-106533,top
IMG-114297,pullover
IMG-108704,coat
IMG-101695,shirt
IMG-103445,shirt
IMG-107585,coat
IMG-110986,shirt
IMG-114528,pullover
IMG-102905,bag
IMG-109410,bag
IMG-105237,pullover
IMG-101747,sneaker
IMG-102859,bag
IMG-106639,shirt
IMG-104244,sneaker
IMG-111557,dress
IMG-110277,dress
IMG-105410,ankle_boot
IMG-114276,top
IMG-113375,coat
IMG-104659,ankle_boot
IMG-110826,sneaker
IMG-110063,pullover
IMG-100720,trouser
IMG-113967,sandal
IMG-113324,dress
IMG-105593,sandal
IMG-105374,sandal
IMG-109758,sneaker
IMG-105348,sneaker
IMG-104591,sandal
IMG-110105,bag
IMG-105605,bag
IMG-103234,sandal
IMG-114188,sneaker
IMG-101641,bag
IMG-105319,dress
IMG-105665,bag
IMG-104517,sandal
IMG-114691,trouser
IMG-107559,top
IMG-107593,bag
IMG-105125,shirt
IMG-108513,trouser
IMG-109719,coat
IMG-106767,coat
IMG-106878,ankle_boot
IMG-102684,dress
IMG-103580,top
IMG-110362,ankle_boot
IMG-102399,shirt
IMG-114061,trouser
IMG-106872,sandal
IMG-109558,bag
IMG-111235,dress
IMG-113928,trouser
IMG-102988,ankle_boot
IMG-101513,top
IMG-103829,trouser
IMG-105566,bag
IMG-100632,coat
IMG-105820,sandal
IMG-101521,shirt
IMG-108689,shirt
IMG-114986,dress
IMG-110544,dress
IMG-100892,ankle_boot
IMG-106833,trouser
IMG-106258,trouser
IMG-102118,pullover
IMG-110596,sandal
IMG-111341,sandal
IMG-101327,trouser
IMG-101262,top
IMG-110870,sneaker
IMG-114630,ankle_boot
IMG-105154,ankle_boot
IMG-112277,pullover
IMG-111655,dress
IMG-111414,sandal
IMG-101973,trouser
IMG-111120,sneaker
IMG-102598,bag
IMG-106850,shirt
IMG-109832,pullover
IMG-114422,sneaker
IMG-110209,top
IMG-105536,sneaker
IMG-111016,dress
IMG-108863,shirt
IMG-101071,ankle_boot
IMG-110612,sandal
IMG-105929,sandal
IMG-105551,top
IMG-111674,shirt
IMG-105051,dress
IMG-101549,dress
IMG-101675,bag
IMG-101049,trouser
IMG-112751,top
IMG-104811,pullover
IMG-105360,coat
IMG-105655,top
IMG-107353,shirt
IMG-107307,sneaker
IMG-109938,shirt
IMG-107452,sandal
IMG-111973,trouser
IMG-110200,bag
IMG-111776,bag
IMG-104095,sandal
IMG-109216,top
IMG-103422,ankle_boot
IMG-102546,sneaker
IMG-103913,pullover
IMG-105712,top
IMG-111910,pullover
IMG-108520,ankle_boot
IMG-103443,ankle_boot
IMG-102631,bag
IMG-102837,bag
IMG-102501,bag
IMG-110727,dress
IMG-104788,trouser
IMG-114370,dress
IMG-106656,shirt
IMG-112717,sandal
IMG-102820,sandal
IMG-108938,coat
IMG-110774,sneaker
IMG-103486,shirt
IMG-103878,sandal
IMG-111551,bag
IMG-108414,sneaker
IMG-106805,ankle_boot
IMG-101274,sneaker
IMG-100386,shirt
IMG-111871,bag
IMG-112591,sneaker
IMG-102892,sandal
IMG-103223,top
IMG-102866,pullover
IMG-101855,coat
IMG-112317,coat
IMG-104865,sandal
IMG-109652,pullover
IMG-104270,pullover
IMG-100748,dress
IMG-102434,pullover
IMG-112400,trouser
IMG-102577,coat
IMG-110394,bag
IMG-103609,ankle_boot
IMG-111895,sandal
IMG-102167,dress
IMG-102198,bag
IMG-112793,sneaker
IMG-111909,dress
IMG-102455,pullover
IMG-102995,sandal
IMG-113518,ankle_boot
IMG-109944,bag
IMG-106886,coat
IMG-103673,shirt
IMG-104703,sneaker
IMG-112419,ankle_boot
IMG-102307,pullover
IMG-100067,trouser
IMG-106368,pullover
IMG-105291,top
IMG-103361,sneaker
IMG-113989,sneaker
IMG-105479,ankle_boot
IMG-113811,sneaker
IMG-101018,sneaker
IMG-103922,sneaker
IMG-105932,shirt
IMG-100141,sandal
IMG-111313,trouser
IMG-108081,top
IMG-101363,trouser
IMG-103171,trouser
IMG-114997,trouser
IMG-105321,coat
IMG-111654,shirt
IMG-110948,bag
IMG-109134,trouser
IMG-112517,sneaker
IMG-110904,pullover
IMG-112529,shirt
IMG-105560,top
IMG-113574,shirt
IMG-100994,pullover
IMG-111418,top
IMG-114923,top
IMG-104633,ankle_boot
IMG-106603,trouser
IMG-103456,top
IMG-113458,dress
IMG-110002,bag
IMG-109498,bag
IMG-105087,sandal
IMG-103125,top
IMG-100571,sandal
IMG-108309,ankle_boot
IMG-100737,bag
IMG-112985,shirt
IMG-114367,top
IMG-107892,top
IMG-109247,shirt
IMG-110614,bag
IMG-110334,pullover
IMG-104799,coat
IMG-106129,sneaker
IMG-100756,bag
IMG-108039,ankle_boot
IMG-103474,dress
IMG-114482,sneaker
IMG-114296,sneaker
IMG-110430,shirt
IMG-102384,top
IMG-114711,pullover
IMG-102436,trouser
IMG-113046,dress
IMG-110148,trouser
IMG-110835,sneaker
IMG-110790,trouser
IMG-101561,sneaker
IMG-105532,ankle_boot
IMG-106487,pullover
IMG-107343,pullover
IMG-101571,pullover
IMG-106638,sneaker
IMG-102224,sneaker
IMG-111683,dress
IMG-110331,top
IMG-104017,sneaker
IMG-114023,sandal
IMG-101022,dress
IMG-108639,dress
IMG-105216,bag
IMG-101996,pullover
IMG-109913,dress
IMG-107989,bag
IMG-107412,dress
IMG-102725,ankle_boot
IMG-102005,trouser
IMG-109696,dress
IMG-101294,shirt
IMG-102009,ankle_boot
IMG-109846,top
IMG-106301,shirt
IMG-104870,sneaker
IMG-106309,pullover
IMG-101242,pullover
IMG-102909,bag
IMG-107774,sandal
IMG-101944,shirt
IMG-102964,shirt
IMG-106725,ankle_boot
IMG-105980,top
IMG-113510,sandal
IMG-111431,ankle_boot
IMG-108582,dress
IMG-101602,sandal
IMG-112944,sandal
IMG-104919,pullover
IMG-112197,ankle_boot
IMG-103973,shirt
IMG-107178,sandal
IMG-114569,shirt
IMG-104830,coat
IMG-112488,bag
IMG-112459,bag
IMG-112394,trouser
IMG-102194,pullover
IMG-111283,top
IMG-103559,sandal
IMG-108629,pullover
IMG-108862,trouser
IMG-104012,top
IMG-110369,bag
IMG-110405,coat
IMG-112464,bag
IMG-111699,coat
IMG-102414,sandal
IMG-105158,pullover
IMG-110567,dress
IMG-108468,ankle_boot
IMG-114529,sneaker
IMG-105656,dress
IMG-112912,ankle_boot
IMG-102282,dress
IMG-100620,dress
IMG-106928,trouser
IMG-102801,bag
IMG-103525,pullover
IMG-113931,bag
IMG-114845,sneaker
IMG-111869,ankle_boot
IMG-108044,sandal
IMG-105393,bag
IMG-105591,ankle_boot
IMG-110185,top
IMG-107277,sneaker
IMG-103002,top
IMG-102607,top
IMG-103231,top
IMG-102018,shirt
IMG-113805,shirt
IMG-101088,pullover
IMG-109881,pullover
IMG-107846,trouser
IMG-106781,bag
IMG-108906,trouser
IMG-114013,bag
IMG-103304,top
IMG-111999,pullover
IMG-107462,coat
IMG-112051,pullover
IMG-113334,coat
IMG-105109,bag
IMG-108172,dress
IMG-109793,ankle_boot
IMG-100218,coat
IMG-103437,sneaker
IMG-102568,sandal
IMG-114208,coat
IMG-104116,top
IMG-108174,shirt
IMG-104264,top
IMG-111981,shirt
IMG-104429,top
IMG-107884,dress
IMG-103774,sneaker
IMG-108462,bag
IMG-103537,coat
IMG-113378,coat
IMG-102495,trouser
IMG-108198,coat
IMG-103576,trouser
IMG-104223,sandal
IMG-109877,bag
IMG-111077,coat
IMG-106437,top
IMG-104687,pullover
IMG-103989,sandal
IMG-110850,dress
IMG-113451,sandal
IMG-113142,shirt
IMG-111856,bag
IMG-100753,trouser
IMG-109217,trouser
IMG-114808,dress
IMG-114162,sandal
IMG-108588,sandal
IMG-112768,bag
IMG-104100,sneaker
IMG-107177,ankle_boot
IMG-106964,sneaker
IMG-104858,trouser
IMG-102012,ankle_boot
IMG-110344,dress
IMG-108716,dress
IMG-101723,sneaker
IMG-114685,top
IMG-108173,trouser
IMG-104224,bag
IMG-103103,top
IMG-100433,sneaker
IMG-104378,pullover
IMG-113725,coat
IMG-109860,coat
IMG-110368,shirt
IMG-105093,dress
IMG-111601,pullover
IMG-104964,trouser
IMG-113465,bag
IMG-113923,bag
IMG-111629,sneaker
IMG-106588,sneaker
IMG-111268,top
IMG-108157,coat
IMG-109816,shirt
IMG-101420,top
IMG-111337,ankle_boot
IMG-113487,sneaker
IMG-104675,top
IMG-110899,sandal
IMG-107787,dress
IMG-102806,trouser
IMG-106690,pullover
IMG-104775,sandal
IMG-102999,pullover
IMG-107372,coat
IMG-105723,bag
IMG-105763,sandal
IMG-113549,bag
IMG-106128,bag
IMG-108208,sneaker
IMG-114307,top
IMG-104543,top
IMG-110164,dress
IMG-108190,shirt
IMG-112307,sneaker
IMG-100467,sandal
IMG-109782,sneaker
IMG-113129,ankle_boot
IMG-104097,trouser
IMG-108779,dress
IMG-114241,dress
IMG-114631,sandal
IMG-104345,trouser
IMG-103160,pullover
IMG-101192,sneaker
IMG-108861,pullover
IMG-109179,sneaker
IMG-109728,bag
IMG-113406,top
IMG-110153,dress
IMG-105419,sneaker
IMG-100196,top
IMG-109198,dress
IMG-105217,coat
IMG-106007,coat
IMG-106203,coat
IMG-111096,sneaker
IMG-114641,bag
IMG-106228,trouser
IMG-102645,coat
IMG-108587,pullover
IMG-101771,bag
IMG-110714,sneaker
IMG-106563,sneaker
IMG-100392,dress
IMG-100176,dress
IMG-111943,sandal
IMG-113170,sandal
IMG-111581,ankle_boot
IMG-103090,sneaker
IMG-102462,coat
IMG-112872,sneaker
IMG-113707,dress
IMG-114732,coat
IMG-112506,pullover
IMG-112683,pullover
IMG-107777,ankle_boot
IMG-108407,shirt
IMG-102008,shirt
IMG-104890,sneaker
IMG-106197,sandal
IMG-113785,coat
IMG-109205,top
IMG-114531,ankle_boot
IMG-109841,coat
IMG-108257,sneaker
IMG-104794,coat
IMG-114606,top
IMG-100271,ankle_boot
IMG-111566,pullover
IMG-102918,coat
IMG-108168,shirt
IMG-106126,coat
IMG-106378,ankle_boot
IMG-107488,pullover
IMG-111219,sneaker
IMG-105392,sneaker
IMG-113460,trouser
IMG-103166,shirt
IMG-102340,sneaker
IMG-110752,sandal
IMG-102359,sandal
IMG-108647,ankle_boot
IMG-103834,pullover
IMG-103783,sandal
IMG-108400,bag
IMG-104886,bag
IMG-104746,trouser
IMG-104023,pullover
IMG-103664,top
IMG-109755,pullover
IMG-114513,sandal
IMG-113763,sandal
IMG-113804,sandal
IMG-103323,top
IMG-103607,ankle_boot
IMG-110859,sneaker
IMG-112704,ankle_boot
IMG-110186,sneaker
IMG-110177,sandal
IMG-102702,bag
IMG-106543,trouser
IMG-104043,pullover
IMG-114101,sneaker
IMG-104787,shirt
IMG-110759,dress
IMG-106923,bag
IMG-103399,bag
IMG-102109,pullover
IMG-109101,dress
IMG-110447,shirt
IMG-113881,top
IMG-113137,sneaker
IMG-106078,shirt
IMG-102354,trouser
IMG-110889,dress
IMG-112262,sandal
IMG-104851,sneaker
IMG-114168,top
IMG-114081,top
IMG-113094,shirt
IMG-105211,dress
IMG-110511,ankle_boot
IMG-101899,dress
IMG-114319,sandal
IMG-113858,sandal
IMG-111007,trouser
IMG-107534,pullover
IMG-112209,pullover
IMG-100158,coat
IMG-100498,ankle_boot
IMG-100122,bag
IMG-102093,trouser
IMG-107635,trouser
IMG-110966,sneaker
IMG-112442,sneaker
IMG-109937,bag
IMG-105871,sandal
IMG-113404,pullover
IMG-111647,sneaker
IMG-111131,shirt
IMG-106254,pullover
IMG-102049,sandal
IMG-101218,trouser
IMG-103073,bag
IMG-109544,shirt
IMG-107684,shirt
IMG-108627,pullover
IMG-106252,bag
IMG-105163,trouser
IMG-108844,shirt
IMG-100438,bag
IMG-101452,sandal
IMG-108445,top
IMG-110823,top
IMG-114521,sneaker
IMG-103149,shirt
IMG-104392,coat
IMG-113979,sandal
IMG-106398,trouser
IMG-113496,sneaker
IMG-110289,sandal
IMG-111744,top
IMG-101418,coat
IMG-107094,sneaker
IMG-109484,sneaker
IMG-108433,sneaker
IMG-103856,shirt
IMG-113083,bag
IMG-107368,sandal
IMG-102006,coat
IMG-111275,dress
IMG-100188,coat
IMG-109638,shirt
IMG-112006,shirt
IMG-102469,trouser
IMG-112657,shirt
IMG-101948,dress
IMG-111453,ankle_boot
IMG-112789,ankle_boot
IMG-106277,coat
IMG-110458,bag
IMG-101638,sandal
IMG-101169,pullover
IMG-109810,shirt
IMG-111945,pullover
IMG-107745,ankle_boot
IMG-114449,trouser
IMG-110284,coat
IMG-100578,shirt
IMG-111146,dress
IMG-106958,dress
IMG-104606,shirt
IMG-113749,shirt
IMG-100545,pullover
IMG-105705,coat
IMG-107310,bag
IMG-104721,trouser
IMG-103838,trouser
IMG-105653,dress
IMG-103959,pullover
IMG-112523,bag
IMG-103184,top
IMG-109401,trouser
IMG-102764,trouser
IMG-102206,coat
IMG-107136,pullover
IMG-114983,bag
IMG-111103,pullover
IMG-107591,shirt
IMG-112957,sneaker
IMG-105114,bag
IMG-108452,sneaker
IMG-111784,sneaker
IMG-114935,coat
IMG-110505,bag
IMG-103813,sandal
IMG-104459,top
IMG-110338,shirt
IMG-105423,shirt
IMG-102046,sandal
IMG-109709,trouser
IMG-108363,shirt
IMG-112112,ankle_boot
IMG-110192,sneaker
IMG-114156,trouser
IMG-112173,trouser
IMG-107982,dress
IMG-107654,coat
IMG-113472,bag
IMG-100320,sneaker
IMG-101358,top
IMG-103287,trouser
IMG-106131,sandal
IMG-105437,ankle_boot
IMG-112358,ankle_boot
IMG-101888,coat
IMG-104070,dress
IMG-102229,trouser
IMG-106844,sandal
IMG-104732,ankle_boot
IMG-114967,sandal
IMG-109631,trouser
IMG-109653,bag
IMG-107963,top
IMG-100494,bag
IMG-105452,top
IMG-103275,bag
IMG-106152,dress
IMG-104066,trouser
IMG-112256,sneaker
IMG-113192,pullover
IMG-100905,sneaker
IMG-104310,dress
IMG-102683,coat
IMG-101593,pullover
IMG-110348,sneaker
IMG-110913,coat
IMG-112818,bag
IMG-107080,top
IMG-107962,dress
IMG-101962,dress
IMG-104804,top
IMG-112948,coat
IMG-107898,pullover
IMG-112024,dress
IMG-106565,dress
IMG-114238,top
IMG-102867,dress
IMG-103798,bag
IMG-100096,pullover
IMG-111923,shirt
IMG-101687,top
IMG-110081,trouser
IMG-113981,dress
IMG-105600,dress
IMG-101010,trouser
IMG-101969,bag
IMG-105797,sandal
IMG-108438,dress
IMG-108405,ankle_boot
IMG-106459,top
IMG-106802,ankle_boot
IMG-109446,sandal
IMG-106133,top
IMG-105055,coat
IMG-113261,bag
IMG-104057,top
IMG-100871,dress
IMG-112569,coat
IMG-103542,trouser
IMG-113127,coat
IMG-106643,dress
IMG-109703,bag
IMG-101510,sneaker
IMG-113006,sneaker
IMG-103063,sandal
IMG-108180,dress
IMG-100558,pullover
IMG-104573,coat
IMG-103475,sneaker
IMG-104102,ankle_boot
IMG-110181,dress
IMG-110725,sneaker
IMG-113622,dress
IMG-113602,trouser
IMG-105625,shirt
IMG-101765,shirt
IMG-103418,trouser
IMG-114945,trouser
IMG-109590,pullover
IMG-113781,bag
IMG-100186,shirt
IMG-102389,sandal
IMG-109515,pullover
IMG-100739,sneaker
IMG-108797,bag
IMG-109811,sandal
IMG-111844,shirt
IMG-101154,ankle_boot
IMG-110125,top
IMG-107642,ankle_boot
IMG-111904,sneaker
IMG-113434,sneaker
IMG-113061,sandal
IMG-101250,dress
IMG-105579,trouser
IMG-102780,bag
IMG-113239,sneaker
IMG-107852,top
IMG-110817,sandal
IMG-111449,bag
IMG-100481,pullover
IMG-103502,sandal
IMG-106406,trouser
IMG-112823,coat
IMG-101044,pullover
IMG-103509,shirt
IMG-102476,pullover
IMG-109098,pullover
IMG-112847,coat
IMG-108739,sandal
IMG-113983,top
IMG-114329,coat
IMG-113849,ankle_boot
IMG-113344,top
IMG-101436,ankle_boot
IMG-100294,ankle_boot
IMG-114768,top
IMG-106551,shirt
IMG-105881,sneaker
IMG-101224,ankle_boot
IMG-102756,dress
IMG-114248,shirt
IMG-112512,trouser
IMG-100786,shirt
IMG-104935,dress
IMG-107907,dress
IMG-113508,sandal
IMG-104064,bag
IMG-101718,coat
IMG-110590,ankle_boot
IMG-110673,ankle_boot
IMG-101936,trouser
IMG-106090,trouser
IMG-114612,trouser
IMG-109074,sandal
IMG-111252,coat
IMG-106147,pullover
IMG-109464,shirt
IMG-111160,coat
IMG-111154,sneaker
IMG-101496,coat
IMG-101919,top
IMG-100416,top
IMG-107230,top
IMG-110621,sneaker
IMG-114301,pullover
IMG-114532,shirt
IMG-104809,bag
IMG-104555,dress
IMG-114129,dress
IMG-108788,trouser
IMG-102253,ankle_boot
IMG-101147,pullover
IMG-107148,dress
IMG-100399,coat
IMG-110710,pullover
IMG-105474,pullover
IMG-110087,sneaker
IMG-110506,top
IMG-106875,ankle_boot
IMG-111765,top
IMG-105786,trouser
IMG-114739,trouser
IMG-102221,ankle_boot
IMG-110998,sandal
IMG-102134,sneaker
IMG-105670,trouser
IMG-103562,trouser
IMG-100758,coat
IMG-101808,sneaker
IMG-103775,sandal
IMG-102401,pullover
IMG-110562,pullover
IMG-104128,coat
IMG-109601,bag
IMG-114393,trouser
IMG-106927,sneaker
IMG-106189,ankle_boot
IMG-111454,top
IMG-102219,ankle_boot
IMG-112093,ankle_boot
IMG-107052,top
IMG-113761,ankle_boot
IMG-102363,coat
IMG-101572,trouser
IMG-108648,ankle_boot
IMG-109698,top
IMG-107324,sandal
IMG-100694,dress
IMG-102993,shirt
IMG-105009,shirt
IMG-105068,sneaker
IMG-114380,trouser
IMG-104924,coat
IMG-108698,ankle_boot
IMG-102843,ankle_boot
IMG-114052,trouser
IMG-100479,coat
IMG-102080,sneaker
IMG-105827,ankle_boot
IMG-114164,trouser
IMG-100012,ankle_boot
IMG-109164,ankle_boot
IMG-109547,sandal
IMG-106320,pullover
IMG-101604,trouser
IMG-112987,bag
IMG-108127,trouser
IMG-112303,bag
IMG-108043,top
IMG-107999,ankle_boot
IMG-111946,dress
IMG-103337,dress
IMG-114046,top
IMG-106019,pullover
IMG-105062,sandal
IMG-102833,dress
IMG-114541,coat
IMG-103723,trouser
IMG-112260,sneaker
IMG-105117,ankle_boot
IMG-112479,shirt
IMG-108574,pullover
IMG-110294,trouser
IMG-108318,bag
IMG-107784,coat
IMG-106117,sneaker
IMG-112796,bag
IMG-105208,sandal
IMG-111257,coat
IMG-103608,coat
IMG-108719,sneaker
IMG-112707,shirt
IMG-102542,sandal
IMG-111292,bag
IMG-103594,sneaker
IMG-101391,sneaker
IMG-101251,bag
IMG-103100,dress
IMG-109545,ankle_boot
IMG-102193,trouser
IMG-110005,coat
IMG-100812,trouser
IMG-114598,shirt
IMG-113413,pullover
IMG-109888,shirt
IMG-102386,coat
IMG-102322,bag
IMG-100697,sandal
IMG-107653,coat
IMG-111145,sneaker
IMG-110726,top
IMG-106937,shirt
IMG-102415,coat
IMG-113303,shirt
IMG-112243,ankle_boot
IMG-113043,trouser
IMG-112072,coat
IMG-105279,sandal
IMG-104714,top
IMG-114963,dress
IMG-101564,shirt
IMG-107959,bag
IMG-101290,sandal
IMG-103637,ankle_boot
IMG-101039,coat
IMG-110359,pullover
IMG-113558,dress
IMG-110068,bag
IMG-113938,sandal
IMG-114112,dress
IMG-108898,coat
IMG-107590,sandal
IMG-105115,sneaker
IMG-112616,dress
IMG-114204,ankle_boot
IMG-114769,sneaker
IMG-108211,sandal
IMG-100388,trouser
IMG-104506,ankle_boot
IMG-101223,ankle_boot
IMG-102050,trouser
IMG-103165,coat
IMG-110650,top
IMG-108439,bag
IMG-113762,dress
IMG-104471,dress
IMG-103517,pullover
IMG-112844,dress
IMG-108613,pullover
IMG-108075,coat
IMG-112741,shirt
IMG-108616,dress
IMG-114216,top
IMG-114249,sandal
IMG-113490,sneaker
IMG-109939,bag
IMG-108361,trouser
IMG-108042,shirt
IMG-107946,coat
IMG-114291,ankle_boot
IMG-105858,bag
IMG-111396,dress
IMG-103098,ankle_boot
IMG-100730,coat
IMG-114396,pullover
IMG-103266,dress
IMG-106604,pullover
IMG-107863,dress
IMG-110156,pullover
IMG-104529,shirt
IMG-112431,trouser
IMG-110142,coat
IMG-106029,shirt
IMG-103389,sandal
IMG-104602,coat
IMG-102066,pullover
IMG-113530,dress
IMG-101795,coat
IMG-103820,shirt
IMG-107118,bag
IMG-102189,shirt
IMG-106068,top
IMG-108158,ankle_boot
IMG-100335,coat
IMG-105765,ankle_boot
IMG-103513,dress
IMG-114325,coat
IMG-106566,sandal
IMG-102641,bag
IMG-106545,trouser
IMG-103037,pullover
IMG-110911,pullover
IMG-101980,ankle_boot
IMG-102019,ankle_boot
IMG-105126,shirt
IMG-107239,pullover
IMG-110455,dress
IMG-107224,ankle_boot
IMG-102703,bag
IMG-100321,trouser
IMG-113045,sandal
IMG-105470,dress
IMG-101645,ankle_boot
IMG-114620,pullover
IMG-105962,top
IMG-105294,shirt
IMG-110158,trouser
IMG-114350,bag
IMG-102125,shirt
IMG-106372,dress
IMG-112623,trouser
IMG-105752,sneaker
IMG-107536,sandal
IMG-111470,ankle_boot
IMG-109273,trouser
IMG-114267,sneaker
IMG-109651,top
IMG-100602,sneaker
IMG-110111,sneaker
IMG-104428,ankle_boot
IMG-106355,sneaker
IMG-102117,bag
IMG-105834,sneaker
IMG-100971,pullover
IMG-104740,pullover
IMG-107350,dress
IMG-108234,bag
IMG-108982,pullover
IMG-103485,ankle_boot
IMG-110659,bag
IMG-101953,top
IMG-101438,bag
IMG-109822,top
IMG-102064,bag
IMG-112162,pullover
IMG-114639,trouser
IMG-113416,shirt
IMG-103710,dress
IMG-107157,sandal
IMG-114947,top
IMG-113273,top
IMG-105366,trouser
IMG-104447,dress
IMG-101955,sneaker
IMG-100729,dress
IMG-104673,pullover
IMG-109778,sandal
IMG-101135,trouser
IMG-109921,top
IMG-110497,trouser
IMG-102612,dress
IMG-111995,coat
IMG-112501,pullover
IMG-110973,ankle_boot
IMG-102991,ankle_boot
IMG-112792,top
IMG-110474,dress
IMG-108567,bag
IMG-103755,dress
IMG-103520,bag
IMG-109956,pullover
IMG-112143,pullover
IMG-102076,shirt
IMG-101883,shirt
IMG-109140,shirt
IMG-111879,bag
IMG-114704,bag
IMG-114014,shirt
IMG-105413,bag
IMG-106669,coat
IMG-102659,top
IMG-103427,coat
IMG-100946,top
IMG-110367,pullover
IMG-101197,dress
IMG-112759,coat
IMG-105894,ankle_boot
IMG-102637,pullover
IMG-113393,sneaker
IMG-101762,sandal
IMG-104605,bag
IMG-113060,sandal
IMG-112779,trouser
IMG-114859,trouser
IMG-114844,pullover
IMG-112602,coat
IMG-111459,sandal
IMG-101834,top
IMG-105326,trouser
IMG-106941,sandal
IMG-108960,sandal
IMG-105992,dress
IMG-107912,pullover
IMG-102392,top
IMG-105026,bag
IMG-112273,coat
IMG-102468,ankle_boot
IMG-109434,top
IMG-102760,coat
IMG-106438,dress
IMG-109172,dress
IMG-106906,top
IMG-111321,coat
IMG-100442,bag
IMG-101092,sandal
IMG-104039,sandal
IMG-111434,trouser
IMG-111472,shirt
IMG-102115,pullover
IMG-112525,shirt
IMG-112203,bag
IMG-100293,bag
IMG-107555,ankle_boot
IMG-109645,dress
IMG-104622,sneaker
IMG-102044,top
IMG-107595,trouser
IMG-112511,top
IMG-111680,sneaker
IMG-109550,bag
IMG-109722,coat
IMG-112997,sandal
IMG-111343,top
IMG-101031,sandal
IMG-104943,trouser
IMG-107096,ankle_boot
IMG-101650,pullover
IMG-100897,trouser
IMG-110050,trouser
IMG-101276,sneaker
IMG-113227,sandal
IMG-101820,dress
IMG-105299,dress
IMG-108935,pullover
IMG-111737,dress
IMG-108910,pullover
IMG-106164,sandal
IMG-111419,top
IMG-102482,bag
IMG-101609,sneaker
IMG-102172,coat
IMG-112536,coat
IMG-107029,top
IMG-106825,ankle_boot
IMG-106224,shirt
IMG-108751,sandal
IMG-109861,top
IMG-105347,pullover
IMG-113131,coat
IMG-111105,shirt
IMG-111304,sandal
IMG-105859,sneaker
IMG-112032,pullover
IMG-105998,pullover
IMG-107791,bag
IMG-100455,dress
IMG-109732,pullover
IMG-113754,coat
IMG-107826,top
IMG-106889,pullover
IMG-106325,dress
IMG-114392,bag
IMG-112031,sneaker
IMG-110422,shirt
IMG-114835,shirt
IMG-114820,trouser
IMG-106470,shirt
IMG-100496,sneaker
IMG-105981,coat
IMG-103044,top
IMG-110988,sneaker
IMG-112770,shirt
IMG-105617,ankle_boot
IMG-111645,bag
IMG-114087,sneaker
IMG-102131,ankle_boot
IMG-101597,pullover
IMG-101168,trouser
IMG-114862,top
IMG-103577,coat
IMG-105494,coat
IMG-103784,dress
IMG-114790,ankle_boot
IMG-111270,top
IMG-110922,pullover
IMG-114358,trouser
IMG-104390,shirt
IMG-107283,pullover
IMG-104957,shirt
IMG-105011,coat
IMG-104635,bag
IMG-102351,top
IMG-103682,bag
IMG-114368,sandal
IMG-100152,sandal
IMG-107429,ankle_boot
IMG-100774,top
IMG-114353,sneaker
IMG-108384,shirt
IMG-102647,ankle_boot
IMG-110751,sandal
IMG-102531,sandal
IMG-110818,dress
IMG-113517,dress
IMG-111407,coat
IMG-113940,trouser
IMG-110446,trouser
IMG-114893,dress
IMG-102451,pullover
IMG-114452,coat
IMG-108401,ankle_boot
IMG-109680,bag
IMG-111653,top
IMG-112810,top
IMG-111495,top
IMG-113717,pullover
IMG-106635,shirt
IMG-103216,shirt
IMG-102733,trouser
IMG-103675,shirt
IMG-111562,top
IMG-103742,bag
IMG-111421,pullover
IMG-114130,top
IMG-103823,trouser
IMG-109224,sneaker
IMG-108882,pullover
IMG-104330,trouser
IMG-105361,bag
IMG-102271,top
IMG-100177,dress
IMG-114138,dress
IMG-105345,ankle_boot
IMG-113635,coat
IMG-105768,pullover
IMG-101751,ankle_boot
IMG-105232,shirt
IMG-112486,dress
IMG-113909,pullover
IMG-104117,dress
IMG-106049,shirt
IMG-110000,bag
IMG-113712,dress
IMG-114622,sneaker
IMG-100004,ankle_boot
IMG-107180,top
IMG-107616,ankle_boot
IMG-111559,bag
IMG-110001,top
IMG-107145,sneaker
IMG-105869,bag
IMG-106801,coat
IMG-110432,bag
IMG-106922,coat
IMG-102711,top
IMG-112393,top
IMG-108604,bag
IMG-104140,shirt
IMG-114557,bag
IMG-112991,trouser
IMG-106771,sandal
IMG-103871,sneaker
IMG-113802,trouser
IMG-114354,dress
IMG-105581,bag
IMG-106992,pullover
IMG-101344,sandal
IMG-104011,bag
IMG-100018,trouser
IMG-103557,ankle_boot
IMG-111787,top
IMG-101903,coat
IMG-103954,coat
IMG-101537,coat
IMG-110709,dress
IMG-107770,dress
IMG-105595,pullover
IMG-110833,top
IMG-107179,top
IMG-101923,dress
IMG-104415,sandal
IMG-100057,pullover
IMG-112376,top
IMG-100317,ankle_boot
IMG-106855,sandal
IMG-110545,dress
IMG-108045,pullover
IMG-114158,coat
IMG-108294,shirt
IMG-109166,dress
IMG-113249,pullover
IMG-107546,pullover
IMG-103177,dress
IMG-107637,sandal
IMG-108245,top
IMG-112011,pullover
IMG-111312,shirt
IMG-113755,shirt
IMG-108496,dress
IMG-106994,coat
IMG-112781,dress
IMG-102163,sandal
IMG-103529,dress
IMG-106000,trouser
IMG-112809,ankle_boot
IMG-106366,ankle_boot
IMG-113679,ankle_boot
IMG-103567,trouser
IMG-113823,bag
IMG-114895,sneaker
IMG-107195,coat
IMG-107737,bag
IMG-106548,bag
IMG-106436,sneaker
IMG-108377,pullover
IMG-112947,sandal
IMG-106442,sneaker
IMG-103004,sandal
IMG-108918,bag
IMG-105292,pullover
IMG-109033,coat
IMG-104313,trouser
IMG-112931,dress
IMG-111129,ankle_boot
IMG-113692,shirt
IMG-108170,top
IMG-104149,ankle_boot
IMG-100221,pullover
IMG-110771,pullover
IMG-103764,coat
IMG-104984,sandal
IMG-105709,coat
IMG-105550,dress
IMG-106441,shirt
IMG-107032,ankle_boot
IMG-101740,dress
IMG-102825,sneaker
IMG-113047,pullover
IMG-103497,dress
IMG-107014,trouser
IMG-109766,ankle_boot
IMG-112593,top
IMG-111234,sandal
IMG-100837,sneaker
IMG-100845,trouser
IMG-101801,pullover
IMG-114391,ankle_boot
IMG-101152,dress
IMG-105471,sneaker
IMG-102391,bag
IMG-104425,sandal
IMG-103260,bag
IMG-107512,coat
IMG-113114,dress
IMG-104159,top
IMG-112224,bag
IMG-108557,sandal
IMG-101829,bag
IMG-113990,shirt
IMG-114253,sandal
IMG-102816,ankle_boot
IMG-100536,sandal
IMG-108870,pullover
IMG-112548,coat
IMG-100172,top
IMG-112520,coat
IMG-100947,coat
IMG-104247,sneaker
IMG-106370,sandal
IMG-106444,sneaker
IMG-102186,pullover
IMG-100676,sandal
IMG-114533,bag
IMG-112153,coat
IMG-103187,sandal
IMG-100691,bag
IMG-105233,pullover
IMG-106653,bag
IMG-114315,shirt
IMG-113461,top
IMG-106912,top
IMG-101268,sneaker
IMG-105031,trouser
IMG-104477,dress
IMG-111200,shirt
IMG-113720,sneaker
IMG-102879,pullover
IMG-106612,trouser
IMG-100818,coat
IMG-109395,trouser
IMG-107657,trouser
IMG-110473,shirt
IMG-112865,trouser
IMG-114135,dress
IMG-108125,shirt
IMG-107568,sneaker
IMG-108529,bag
IMG-100997,sneaker
IMG-108153,pullover
IMG-101054,top
IMG-103789,pullover
IMG-101467,sneaker
IMG-111287,top
IMG-105293,shirt
IMG-114394,trouser
IMG-109352,dress
IMG-103694,coat
IMG-102917,dress
IMG-113645,sandal
IMG-105415,trouser
IMG-103505,pullover
IMG-103990,coat
IMG-104624,bag
IMG-107008,ankle_boot
IMG-111810,coat
IMG-106527,ankle_boot
IMG-105608,coat
IMG-103766,coat
IMG-109290,ankle_boot
IMG-114278,pullover
IMG-101275,bag
IMG-104007,sandal
IMG-100478,sandal
IMG-106013,sandal
IMG-100307,bag
IMG-101161,trouser
IMG-100264,top
IMG-110732,bag
IMG-105933,bag
IMG-100289,coat
IMG-114868,sneaker
IMG-108320,top
IMG-108875,top
IMG-113729,coat
IMG-114200,sandal
IMG-106894,top
IMG-101155,trouser
IMG-100507,pullover
IMG-101104,pullover
IMG-105523,pullover
IMG-106590,pullover
IMG-114898,sneaker
IMG-110597,top
IMG-109369,trouser
IMG-112538,sandal
IMG-113537,trouser
IMG-113407,sandal
IMG-111047,sneaker
IMG-102950,pullover
IMG-102977,sneaker
IMG-102475,dress
IMG-105746,top
IMG-105937,sneaker
IMG-100715,dress
IMG-108404,top
IMG-104702,trouser
IMG-112362,bag
IMG-114270,shirt
IMG-103646,sneaker
IMG-101494,pullover
IMG-100754,ankle_boot
IMG-108527,trouser
IMG-100351,sneaker
IMG-103714,dress
IMG-107086,dress
IMG-103041,sneaker
IMG-111685,bag
IMG-107677,pullover
IMG-102155,bag
IMG-100772,dress
IMG-111068,shirt
IMG-113279,ankle_boot
IMG-100686,sneaker
IMG-101764,dress
IMG-110060,top
IMG-107608,sandal
IMG-106523,bag
IMG-114031,sandal
IMG-104314,top
IMG-113433,sneaker
IMG-113590,coat
IMG-109467,sandal
IMG-110920,sneaker
IMG-111362,pullover
IMG-105409,dress
IMG-111771,dress
IMG-104105,sneaker
IMG-103870,shirt
IMG-102796,shirt
IMG-107726,dress
IMG-113589,pullover
IMG-114309,bag
IMG-104441,coat
IMG-105821,coat
IMG-102562,top
IMG-114828,coat
IMG-110987,dress
IMG-103413,dress
IMG-104643,sandal
IMG-103140,coat
IMG-109502,trouser
IMG-107673,dress
IMG-109343,trouser
IMG-110637,bag
IMG-108526,sandal
IMG-100705,coat
IMG-107945,trouser
IMG-110389,pullover
IMG-103501,sneaker
IMG-102747,trouser
IMG-109759,pullover
IMG-109753,bag
IMG-105747,coat
IMG-105567,coat
IMG-114310,coat
IMG-111607,ankle_boot
IMG-100474,bag
IMG-111225,bag
IMG-104022,sneaker
IMG-111115,sandal
IMG-109232,pullover
IMG-114490,sneaker
IMG-104333,ankle_boot
IMG-105641,top
IMG-113447,sneaker
IMG-107285,dress
IMG-109057,dress
IMG-108032,coat
IMG-107528,sandal
IMG-110810,sandal
IMG-112060,top
IMG-110803,sneaker
IMG-105729,sneaker
IMG-106561,coat
IMG-103135,pullover
IMG-103794,shirt
IMG-110967,top
IMG-114401,shirt
IMG-103055,shirt
IMG-105816,sandal
IMG-114371,bag
IMG-111949,coat
IMG-104141,sneaker
IMG-105417,trouser
IMG-114500,sneaker
IMG-103983,coat
IMG-113219,shirt
IMG-112474,bag
IMG-109889,sneaker
IMG-114491,trouser
IMG-101680,ankle_boot
IMG-110175,pullover
IMG-106841,shirt
IMG-100349,pullover
IMG-105124,pullover
IMG-102223,sneaker
IMG-114931,coat
IMG-112493,trouser
IMG-103322,sandal
IMG-106266,ankle_boot
IMG-108786,pullover
IMG-113767,sneaker
IMG-109657,top
IMG-109883,dress
IMG-113726,trouser
IMG-114899,dress
IMG-107856,shirt
IMG-102336,dress
IMG-110627,sandal
IMG-109923,dress
IMG-104768,coat
IMG-110720,pullover
IMG-108368,bag
IMG-102491,sneaker
IMG-107306,bag
IMG-113879,shirt
IMG-112106,bag
IMG-106199,top
IMG-105389,sneaker
IMG-112861,pullover
IMG-107036,ankle_boot
IMG-106156,pullover
IMG-112149,top
IMG-100239,ankle_boot
IMG-103289,shirt
IMG-109569,pullover
IMG-100488,shirt
IMG-104042,top
IMG-112335,bag
IMG-106491,trouser
IMG-108321,shirt
IMG-114707,sneaker
IMG-106524,ankle_boot
IMG-107662,dress
IMG-105714,sandal
IMG-108491,shirt
IMG-113605,ankle_boot
IMG-109299,top
IMG-108079,dress
IMG-102110,sneaker
IMG-107416,ankle_boot
IMG-103968,dress
IMG-104905,sandal
IMG-114929,ankle_boot
IMG-100247,ankle_boot
IMG-108735,shirt
IMG-114847,sneaker
IMG-111783,pullover
IMG-111152,dress
IMG-104869,top
IMG-104901,coat
IMG-109251,sandal
IMG-101062,coat
IMG-100588,trouser
IMG-112331,bag
IMG-109195,bag
IMG-106270,ankle_boot
IMG-102958,top
IMG-112108,bag
IMG-105620,dress
IMG-103448,top
IMG-109354,pullover
IMG-112291,pullover
IMG-101579,trouser
IMG-102242,bag
IMG-103853,ankle_boot
IMG-114435,bag
IMG-102332,coat
IMG-114502,coat
IMG-113630,ankle_boot
IMG-108608,pullover
IMG-103666,sneaker
IMG-112150,coat
IMG-103751,coat
IMG-109801,sandal
IMG-110054,sandal
IMG-100137,trouser
IMG-114628,top
IMG-104774,bag
IMG-101753,pullover
IMG-109592,pullover
IMG-100710,coat
IMG-114148,trouser
IMG-104354,coat
IMG-100600,trouser
IMG-114434,dress
IMG-113017,top
IMG-109389,ankle_boot
IMG-112085,sandal
IMG-103786,sneaker
IMG-108444,ankle_boot
IMG-103942,ankle_boot
IMG-108606,dress
IMG-110806,pullover
IMG-101525,sneaker
IMG-102200,trouser
IMG-104510,trouser
IMG-110452,ankle_boot
IMG-103768,trouser
IMG-113195,bag
IMG-103428,top
IMG-107866,sandal
IMG-101696,shirt
IMG-113444,bag
IMG-105331,dress
IMG-107861,shirt
IMG-114671,trouser
IMG-100642,ankle_boot
IMG-108909,pullover
IMG-103436,shirt
IMG-100375,shirt
IMG-104469,trouser
IMG-102461,bag
IMG-102720,coat
IMG-105767,shirt
IMG-104373,top
IMG-114766,bag
IMG-106711,bag
IMG-104030,pullover
IMG-105333,top
IMG-106456,bag
IMG-104408,sneaker
IMG-108255,pullover
IMG-104130,sandal
IMG-107332,pullover
IMG-113441,ankle_boot
IMG-114819,ankle_boot
IMG-107615,ankle_boot
IMG-109582,trouser
IMG-110460,dress
IMG-108839,sneaker
IMG-113329,top
IMG-104461,sneaker
IMG-102966,dress
IMG-106310,pullover
IMG-101060,sneaker
IMG-105506,top
IMG-103712,pullover
IMG-107929,top
IMG-110985,sandal
IMG-111978,coat
IMG-102973,trouser
IMG-107174,trouser
IMG-109039,coat
IMG-105613,top
IMG-112910,ankle_boot
IMG-105235,top
IMG-104956,ankle_boot
IMG-108171,bag
IMG-113880,top
IMG-102962,pullover
IMG-103362,bag
IMG-108664,sneaker
IMG-114222,top
IMG-103049,trouser
IMG-112895,pullover
IMG-100840,trouser
IMG-108131,top
IMG-103235,shirt
IMG-112575,sandal
IMG-113304,bag
IMG-108237,sneaker
IMG-110878,coat
IMG-104712,ankle_boot
IMG-101534,bag
IMG-108019,trouser
IMG-111977,dress
IMG-107329,bag
IMG-111055,shirt
IMG-104172,pullover
IMG-107111,sandal
IMG-106052,sandal
IMG-100846,pullover
IMG-104574,coat
IMG-113778,bag
IMG-114029,top
IMG-114007,top
IMG-104838,sneaker
IMG-103746,dress
IMG-102615,coat
IMG-107250,ankle_boot
IMG-107316,sandal
IMG-105949,shirt
IMG-107923,ankle_boot
IMG-103678,sneaker
IMG-103633,dress
IMG-106651,coat
IMG-107456,shirt
IMG-106208,sneaker
IMG-101993,top
IMG-100877,sneaker
IMG-102374,shirt
IMG-111839,pullover
IMG-110533,coat
IMG-113782,coat
IMG-113945,coat
IMG-104584,sandal
IMG-110917,top
IMG-102732,ankle_boot
IMG-101749,sandal
IMG-113640,ankle_boot
IMG-103284,ankle_boot
IMG-113163,coat
IMG-105953,ankle_boot
IMG-108134,sandal
IMG-101177,bag
IMG-104092,sandal
IMG-102721,ankle_boot
IMG-103028,pullover
IMG-109637,trouser
IMG-100074,coat
IMG-107736,top
IMG-101024,sandal
IMG-105074,top
IMG-100175,top
IMG-110387,top
IMG-100816,top
IMG-110947,ankle_boot
IMG-105745,shirt
IMG-105358,pullover
IMG-100227,pullover
IMG-113965,top
IMG-100426,dress
IMG-103538,shirt
IMG-108955,pullover
IMG-107732,bag
IMG-106200,top
IMG-112249,bag
IMG-113555,dress
IMG-113467,sneaker
IMG-104026,dress
IMG-103387,pullover
IMG-112360,shirt
IMG-109613,trouser
IMG-100654,bag
IMG-108825,coat
IMG-100672,sandal
IMG-102264,sneaker
IMG-107633,pullover
IMG-113055,dress
IMG-113480,coat
IMG-104695,shirt
IMG-104912,bag
IMG-112996,pullover
IMG-102658,coat
IMG-107396,shirt
IMG-106017,coat
IMG-110674,trouser
IMG-112937,bag
IMG-102104,trouser
IMG-112444,sandal
IMG-110664,bag
IMG-114950,trouser
IMG-113579,dress
IMG-109004,pullover
IMG-112537,trouser
IMG-105792,bag
IMG-110279,ankle_boot
IMG-110767,pullover
IMG-102844,ankle_boot
IMG-106403,sandal
IMG-103817,ankle_boot
IMG-104805,top
IMG-114111,ankle_boot
IMG-100957,sandal
IMG-114592,pullover
IMG-113957,trouser
IMG-113179,top
IMG-102897,coat
IMG-111921,top
IMG-109520,bag
IMG-111954,dress
IMG-104028,shirt
IMG-103180,shirt
IMG-113499,ankle_boot
IMG-111624,trouser
IMG-108846,top
IMG-114525,sandal
IMG-111983,ankle_boot
IMG-111214,dress
IMG-112761,shirt
IMG-104076,pullover
IMG-109239,top
IMG-101027,top
IMG-101872,sneaker
IMG-112721,bag
IMG-109536,dress
IMG-114824,sneaker
IMG-104033,dress
IMG-110527,sneaker
IMG-103917,bag
IMG-105959,top
IMG-104724,ankle_boot
IMG-104284,ankle_boot
IMG-114511,shirt
IMG-104917,pullover
IMG-112508,trouser
IMG-109265,sneaker
IMG-101204,sandal
IMG-105884,sneaker
IMG-106947,bag
IMG-113438,sneaker
IMG-111364,sneaker
IMG-100928,sneaker
IMG-107428,coat
IMG-113366,coat
IMG-114424,trouser
IMG-102729,sneaker
IMG-110459,coat
IMG-106076,pullover
IMG-102244,pullover
IMG-100589,trouser
IMG-109465,sandal
IMG-107718,shirt
IMG-108643,pullover
IMG-105010,sandal
IMG-112769,bag
IMG-107121,pullover
IMG-102506,ankle_boot
IMG-102098,pullover
IMG-112636,shirt
IMG-105785,ankle_boot
IMG-112258,shirt
IMG-111428,ankle_boot
IMG-111698,top
IMG-102779,trouser
IMG-108554,trouser
IMG-114962,dress
IMG-107490,coat
IMG-102712,dress
IMG-104610,sandal
IMG-105472,top
IMG-101646,trouser
IMG-108342,top
IMG-111156,trouser
IMG-103969,ankle_boot
IMG-108073,trouser
IMG-113597,bag
IMG-111185,sneaker
IMG-102846,top
IMG-106512,coat
IMG-104808,bag
IMG-110010,trouser
IMG-110995,top
IMG-107131,sneaker
IMG-105946,sandal
IMG-103902,trouser
IMG-112005,shirt
IMG-101398,bag
IMG-112870,pullover
IMG-114065,top
IMG-112882,dress
IMG-113710,coat
IMG-110552,pullover
IMG-112971,shirt
IMG-113029,sandal
IMG-103888,pullover
IMG-109308,shirt
IMG-110203,bag
IMG-107070,top
IMG-102688,dress
IMG-114229,trouser
IMG-106996,sandal
IMG-105584,sneaker
IMG-107494,sneaker
IMG-111614,bag
IMG-109725,sneaker
IMG-107624,sneaker
IMG-107575,trouser
IMG-113132,top
IMG-114053,trouser
IMG-110346,coat
IMG-105994,top
IMG-107930,sneaker
IMG-105092,sneaker
IMG-100926,top
IMG-114326,coat
IMG-101727,ankle_boot
IMG-109319,shirt
IMG-111713,bag
IMG-100991,ankle_boot
IMG-102651,top
IMG-111854,top
IMG-111361,shirt
IMG-101183,ankle_boot
IMG-108339,pullover
IMG-107257,sandal
IMG-104196,ankle_boot
IMG-111746,bag
IMG-111489,sandal
IMG-103042,top
IMG-111034,top
IMG-102157,dress
IMG-106892,sandal
IMG-106820,sneaker
IMG-111038,sneaker
IMG-108605,sneaker
IMG-111110,trouser
IMG-103189,sneaker
IMG-112102,ankle_boot
IMG-105587,shirt
IMG-103146,shirt
IMG-114209,ankle_boot
IMG-108356,top
IMG-107194,trouser
IMG-109370,shirt
IMG-111192,sneaker
IMG-113171,sandal
IMG-102084,sandal
IMG-103242,sneaker
IMG-114977,ankle_boot
IMG-111211,sandal
IMG-110928,ankle_boot
IMG-107465,trouser
IMG-106085,dress
IMG-100167,sneaker
IMG-100128,dress
IMG-104346,sandal
IMG-109840,ankle_boot
IMG-109988,bag
IMG-100847,top
IMG-108238,trouser
IMG-107649,trouser
IMG-104165,top
IMG-107750,bag
IMG-107197,ankle_boot
IMG-102377,coat
IMG-111639,coat
IMG-113527,sneaker
IMG-108443,sandal
IMG-104045,sneaker
IMG-112458,sandal
IMG-101728,dress
IMG-105866,trouser
IMG-113180,trouser
IMG-110486,sandal
IMG-105518,top
IMG-102893,ankle_boot
IMG-101666,top
IMG-101732,bag
IMG-102146,shirt
IMG-100566,bag
IMG-110903,ankle_boot
IMG-112415,sandal
IMG-106072,top
IMG-107405,top
IMG-104126,coat
IMG-104348,sandal
IMG-109347,sandal
IMG-106075,top
IMG-105754,shirt
IMG-107115,ankle_boot
IMG-110635,coat
IMG-101048,ankle_boot
IMG-103841,shirt
IMG-101167,pullover
IMG-112639,sandal
IMG-103670,trouser
IMG-100550,dress
IMG-101626,pullover
IMG-102901,dress
IMG-104276,top
IMG-110507,sneaker
IMG-112757,top
IMG-110568,ankle_boot
IMG-114227,top
IMG-100723,dress
IMG-105487,top
IMG-114860,coat
IMG-112527,top
IMG-110355,shirt
IMG-111677,coat
IMG-101709,sandal
IMG-108591,sandal
IMG-102731,top
IMG-108187,bag
IMG-108458,shirt
IMG-112899,trouser
IMG-106998,pullover
IMG-101714,bag
IMG-110852,ankle_boot
IMG-112827,ankle_boot
IMG-113198,sneaker
IMG-112673,sneaker
IMG-108703,bag
IMG-112297,dress
IMG-101211,pullover
IMG-110483,coat
IMG-104893,top
IMG-107058,ankle_boot
IMG-100295,top
IMG-104409,sandal
IMG-109856,bag
IMG-104003,bag
IMG-100417,sandal
IMG-106535,sneaker
IMG-114638,top
IMG-114780,top
IMG-108397,dress
IMG-108801,shirt
IMG-111420,sneaker
IMG-106426,coat
IMG-103346,pullover
IMG-105165,ankle_boot
IMG-110629,sandal
IMG-101463,shirt
IMG-111644,pullover
IMG-100183,top
IMG-108553,sandal
IMG-112712,sandal
IMG-114856,sneaker
IMG-114361,sandal
IMG-104638,sandal
IMG-114271,ankle_boot
IMG-109443,sneaker
IMG-113369,pullover
IMG-100749,dress
IMG-109655,top
IMG-108765,bag
IMG-107527,ankle_boot
IMG-107219,pullover
IMG-109315,sneaker
IMG-107411,sandal
IMG-112373,top
IMG-102981,pullover
IMG-113121,sandal
IMG-104143,bag
IMG-113347,dress
IMG-107075,shirt
IMG-114869,ankle_boot
IMG-105061,coat
IMG-106187,coat
IMG-103617,sneaker
IMG-112434,pullover
IMG-110009,ankle_boot
IMG-100890,top
IMG-106167,bag
IMG-112015,coat
IMG-108628,dress
IMG-108720,dress
IMG-114621,sneaker
IMG-114973,shirt
IMG-109329,coat
IMG-113246,top
IMG-101822,top
IMG-111610,coat
IMG-113878,coat
IMG-105315,ankle_boot
IMG-105020,shirt
IMG-112184,dress
IMG-102511,shirt
IMG-100732,shirt
IMG-114910,trouser
IMG-106003,coat
IMG-110381,ankle_boot
IMG-113374,sandal
IMG-108046,dress
IMG-105265,top
IMG-108523,bag
IMG-114647,shirt
IMG-104458,coat
IMG-109813,sandal
IMG-109826,sandal
IMG-114214,coat
IMG-108365,sandal
IMG-100519,shirt
IMG-100742,sneaker
IMG-110514,sneaker
IMG-103953,sandal
IMG-104844,coat
IMG-101215,pullover
IMG-101759,dress
IMG-106461,coat
IMG-102485,pullover
IMG-113916,coat
IMG-111167,shirt
IMG-101545,trouser
IMG-105726,trouser
IMG-109962,trouser
IMG-114870,ankle_boot
IMG-108517,pullover
IMG-112784,sneaker
IMG-101937,coat
IMG-100154,pullover
IMG-102079,sandal
IMG-108430,sandal
IMG-114375,coat
IMG-112589,pullover
IMG-114084,sneaker
IMG-103449,ankle_boot
IMG-113862,dress
IMG-109531,shirt
IMG-108002,bag
IMG-104014,pullover
IMG-102466,bag
IMG-111063,sandal
IMG-108780,top
IMG-110428,coat
IMG-109714,coat
IMG-104150,sandal
IMG-114509,sandal
IMG-106345,top
IMG-111675,dress
IMG-100456,dress
IMG-102902,dress
IMG-109857,dress
IMG-104037,bag
IMG-104682,sandal
IMG-104537,shirt
IMG-109386,shirt
IMG-114688,sneaker
IMG-106035,pullover
IMG-102498,bag
IMG-113169,bag
IMG-104553,ankle_boot
IMG-107652,trouser
IMG-106720,shirt
IMG-103759,sneaker
IMG-109874,ankle_boot
IMG-105863,dress
IMG-114841,coat
IMG-103230,dress
IMG-103611,top
IMG-113786,shirt
IMG-113927,pullover
IMG-101220,sandal
IMG-101925,dress
IMG-114843,pullover
IMG-102412,top
IMG-111659,pullover
IMG-111074,shirt
IMG-105533,ankle_boot
IMG-104050,bag
IMG-112917,shirt
IMG-113414,coat
IMG-109924,shirt
IMG-107100,bag
IMG-105036,sandal
IMG-110943,ankle_boot
IMG-100249,trouser
IMG-109661,pullover
IMG-101592,pullover
IMG-109925,coat
IMG-111993,sandal
IMG-106616,coat
IMG-109892,top
IMG-110468,sneaker
IMG-101761,sandal
IMG-109868,shirt
IMG-111166,coat
IMG-110180,sandal
IMG-101074,shirt
IMG-103615,sandal
IMG-114771,coat
IMG-102310,trouser
IMG-114616,pullover
IMG-112966,dress
IMG-109323,sneaker
IMG-106534,sneaker
IMG-103276,trouser
IMG-107845,sandal
IMG-108845,dress
IMG-103406,top
IMG-100535,pullover
IMG-109819,coat
IMG-108421,pullover
IMG-113826,sneaker
IMG-111045,pullover
IMG-103488,sandal
IMG-104913,sandal
IMG-109539,sandal
IMG-110270,dress
IMG-100575,pullover
IMG-105448,bag
IMG-107038,trouser
IMG-112152,pullover
IMG-111565,trouser
IMG-109480,dress
IMG-108947,trouser
IMG-107621,trouser
IMG-100043,trouser
IMG-114074,pullover
IMG-107409,dress
IMG-105190,coat
IMG-113107,top
IMG-104303,coat
IMG-114474,shirt
IMG-102662,pullover
IMG-105975,sandal
IMG-101439,top
IMG-109392,trouser
IMG-100870,sneaker
IMG-104251,sneaker
IMG-105794,sandal
IMG-100170,shirt
IMG-111758,sneaker
IMG-101730,bag
IMG-112068,top
IMG-108885,dress
IMG-107253,pullover
IMG-109533,coat
IMG-100776,coat
IMG-104191,bag
IMG-113853,bag
IMG-111148,sneaker
IMG-104340,trouser
IMG-102227,pullover
IMG-104509,ankle_boot
IMG-105082,pullover
IMG-107508,coat
IMG-113569,sneaker
IMG-111213,shirt
IMG-104438,top
IMG-107858,pullover
IMG-108833,sandal
IMG-114912,bag
IMG-112151,sandal
IMG-108630,sandal
IMG-108144,top
IMG-110291,sneaker
IMG-102842,top
IMG-107027,top
IMG-108418,sandal
IMG-102898,dress
IMG-100920,top
IMG-114025,top
IMG-107362,sneaker
IMG-113428,trouser
IMG-109884,bag
IMG-110853,dress
IMG-100975,top
IMG-103639,sneaker
IMG-108119,bag
IMG-104579,sandal
IMG-100281,coat
IMG-110029,trouser
IMG-103894,coat
IMG-112727,ankle_boot
IMG-108961,sandal
IMG-102101,ankle_boot
IMG-113133,top
IMG-110258,ankle_boot
IMG-103944,trouser
IMG-103022,sandal
IMG-109828,ankle_boot
IMG-105950,coat
IMG-109474,dress
IMG-109721,dress
IMG-108730,trouser
IMG-108295,shirt
IMG-107702,sneaker
IMG-103623,sneaker
IMG-109321,bag
IMG-101688,trouser
IMG-105491,pullover
IMG-100322,trouser
IMG-108304,bag
IMG-103318,dress
IMG-101530,sandal
IMG-113711,sneaker
IMG-107790,trouser
IMG-101713,coat
IMG-105657,top
IMG-104571,ankle_boot
IMG-112837,bag
IMG-110618,pullover
IMG-100117,trouser
IMG-105380,sneaker
IMG-106335,top
IMG-111176,sandal
IMG-110364,shirt
IMG-114317,sneaker
IMG-108836,sandal
IMG-105730,coat
IMG-101444,coat
IMG-110976,ankle_boot
IMG-100724,coat
IMG-104489,sneaker
IMG-114804,shirt
IMG-106809,sandal
IMG-104999,bag
IMG-108702,pullover
IMG-107418,shirt
IMG-102356,pullover
IMG-105888,dress
IMG-114010,bag
IMG-104302,bag
IMG-104369,ankle_boot
IMG-100916,dress
IMG-114017,sneaker
IMG-111142,dress
IMG-105003,sandal
IMG-101128,sandal
IMG-112800,dress
IMG-112007,bag
IMG-111168,top
IMG-100134,coat
IMG-106120,sandal
IMG-103976,shirt
IMG-108911,coat
IMG-108007,sneaker
IMG-107024,sandal
IMG-112574,ankle_boot
IMG-113106,sandal
IMG-110602,dress
IMG-107780,bag
IMG-113449,top
IMG-112535,top
IMG-103938,sneaker
IMG-114432,bag
IMG-104657,trouser
IMG-101485,trouser
IMG-100044,sneaker
IMG-100408,top
IMG-105021,sandal
IMG-110827,sandal
IMG-113311,coat
IMG-102986,ankle_boot
IMG-106732,shirt
IMG-113777,pullover
IMG-100409,shirt
IMG-104383,bag
IMG-113655,trouser
IMG-100936,sandal
IMG-109974,sneaker
IMG-114719,coat
IMG-114722,pullover
IMG-107812,sneaker
IMG-112426,shirt
IMG-109785,dress
IMG-100207,coat
IMG-100987,bag
IMG-114982,sandal
IMG-110499,dress
IMG-110324,dress
IMG-108354,dress
IMG-104234,shirt
IMG-113637,top
IMG-105017,sandal
IMG-110644,top
IMG-102168,trouser
IMG-111406,top
IMG-114959,bag
IMG-100459,pullover
IMG-107799,sandal
IMG-107532,coat
IMG-104973,coat
IMG-111147,sandal
IMG-110210,dress
IMG-106121,coat
IMG-100543,coat
IMG-110885,trouser
IMG-104648,shirt
IMG-114782,top
IMG-103305,pullover
IMG-110165,ankle_boot
IMG-110595,pullover
IMG-108076,trouser
IMG-107545,dress
IMG-107893,dress
IMG-107586,coat
IMG-114710,coat
IMG-105830,shirt
IMG-103904,sandal
IMG-107046,ankle_boot
IMG-101284,shirt
IMG-106377,sandal
IMG-110549,ankle_boot
IMG-114988,sandal
IMG-111736,coat
IMG-106256,trouser
IMG-108114,sneaker
IMG-112606,pullover
IMG-111628,dress
IMG-101059,trouser
IMG-102685,shirt
IMG-113614,top
IMG-106353,sandal
IMG-109086,bag
IMG-112482,coat
IMG-105543,coat
IMG-113683,coat
IMG-114570,ankle_boot
IMG-105697,coat
IMG-105815,sandal
IMG-103359,pullover
IMG-107373,ankle_boot
IMG-102976,sandal
IMG-102871,shirt
IMG-105268,trouser
IMG-101473,sneaker
IMG-105878,bag
IMG-110692,pullover
IMG-113498,shirt
IMG-104560,dress
IMG-114581,trouser
IMG-113658,trouser
IMG-110643,coat
IMG-100222,ankle_boot
IMG-105285,bag
IMG-105955,shirt
IMG-103885,bag
IMG-106410,ankle_boot
IMG-101413,dress
IMG-103368,ankle_boot
IMG-113117,ankle_boot
IMG-102335,ankle_boot
IMG-102773,sandal
IMG-112233,sneaker
IMG-109087,shirt
IMG-103046,coat
IMG-113226,dress
IMG-114144,sneaker
IMG-109965,trouser
IMG-107367,trouser
IMG-105181,sandal
IMG-107439,sneaker
IMG-107647,sandal
IMG-106504,coat
IMG-104821,ankle_boot
IMG-112229,sandal
IMG-101715,sandal
IMG-103619,sandal
IMG-104587,top
IMG-106195,top
IMG-114095,coat
IMG-104439,pullover
IMG-108615,sneaker
IMG-110349,ankle_boot
IMG-105984,ankle_boot
IMG-111712,sneaker
IMG-114972,sneaker
IMG-100369,shirt
IMG-110017,pullover
IMG-100275,dress
IMG-101639,pullover
IMG-101729,trouser
IMG-111966,sandal
IMG-110305,bag
IMG-107089,pullover
IMG-100149,ankle_boot
IMG-100129,trouser
IMG-113695,pullover
IMG-100886,dress
IMG-103614,top
IMG-110572,pullover
IMG-105412,trouser
IMG-112579,shirt
IMG-106901,bag
IMG-111221,top
IMG-114632,shirt
IMG-109993,dress
IMG-106507,sneaker
IMG-103684,sneaker
IMG-108068,ankle_boot
IMG-103718,top
IMG-113318,bag
IMG-100198,shirt
IMG-102288,coat
IMG-103052,top
IMG-109922,bag
IMG-101099,shirt
IMG-104652,dress
IMG-107379,coat
IMG-105320,shirt
IMG-113418,sneaker
IMG-104902,pullover
IMG-109809,top
IMG-104056,top
IMG-113817,sandal
IMG-104235,shirt
IMG-104328,bag
IMG-102262,shirt
IMG-102316,coat
IMG-102371,sneaker
IMG-109185,sandal
IMG-107009,shirt
IMG-105253,bag
IMG-100640,sandal
IMG-105811,pullover
IMG-100314,sneaker
IMG-106607,coat
IMG-110280,trouser
IMG-114623,ankle_boot
IMG-114264,dress
IMG-105991,pullover
IMG-100260,ankle_boot
IMG-109568,sandal
IMG-113526,pullover
IMG-111141,coat
IMG-104362,bag
IMG-111349,sneaker
IMG-112044,sandal
IMG-111586,trouser
IMG-111569,ankle_boot
IMG-113829,top
IMG-106966,dress
IMG-111441,sandal
IMG-103438,top
IMG-109270,dress
IMG-103079,top
IMG-102133,top
IMG-104259,bag
IMG-102675,shirt
IMG-110030,trouser
IMG-100062,sneaker
IMG-110737,ankle_boot
IMG-111051,bag
IMG-105698,bag
IMG-109189,top
IMG-108674,sandal
IMG-100181,shirt
IMG-107619,dress
IMG-108758,shirt
IMG-101686,sneaker
IMG-109103,top
IMG-110681,ankle_boot
IMG-103349,shirt
IMG-113653,trouser
IMG-109153,sandal
IMG-110145,top
IMG-109091,trouser
IMG-111980,dress
IMG-114682,top
IMG-111025,sandal
IMG-101647,coat
IMG-110293,bag
IMG-114960,trouser
IMG-100516,pullover
IMG-114953,shirt
IMG-113580,bag
IMG-110343,dress
IMG-112207,coat
IMG-105711,pullover
IMG-108209,trouser
IMG-100159,pullover
IMG-102630,coat
IMG-106362,trouser
IMG-113408,sandal
IMG-101775,coat
IMG-111858,sneaker
IMG-108700,trouser
IMG-107587,ankle_boot
IMG-101331,ankle_boot
IMG-104094,shirt
IMG-103818,top
IMG-102899,sandal
IMG-107054,bag
IMG-106728,trouser
IMG-101849,sneaker
IMG-106753,sandal
IMG-110246,sneaker
IMG-104370,trouser
IMG-110281,trouser
IMG-108206,top
IMG-109548,bag
IMG-107053,trouser
IMG-104577,sneaker
IMG-109973,trouser
IMG-105033,ankle_boot
IMG-106263,coat
IMG-106005,shirt
IMG-106396,dress
IMG-102510,sandal
IMG-108990,shirt
IMG-102774,shirt
IMG-111127,sneaker
IMG-110841,sneaker
IMG-114501,trouser
IMG-103618,dress
IMG-103292,sandal
IMG-102994,top
IMG-109199,ankle_boot
IMG-110693,pullover
IMG-103930,sandal
IMG-111032,bag
IMG-111404,sandal
IMG-105182,sandal
IMG-111473,sneaker
IMG-108222,trouser
IMG-112980,dress
IMG-102263,coat
IMG-109503,ankle_boot
IMG-114830,top
IMG-104776,shirt
IMG-107992,pullover
IMG-113625,ankle_boot
IMG-106763,sandal
IMG-107604,shirt
IMG-103083,pullover
IMG-106609,ankle_boot
IMG-108124,sandal
IMG-113551,sneaker
IMG-108195,top
IMG-110151,top
IMG-102294,bag
IMG-103754,top
IMG-106772,shirt
IMG-106560,coat
IMG-100156,bag
IMG-105660,ankle_boot
IMG-103544,sneaker
IMG-107369,sandal
IMG-103021,trouser
IMG-101318,pullover
IMG-110064,bag
IMG-111014,shirt
IMG-112251,sneaker
IMG-114578,pullover
IMG-108584,pullover
IMG-110654,dress
IMG-114161,top
IMG-102750,bag
IMG-106384,bag
IMG-100866,shirt
IMG-102698,coat
IMG-114043,ankle_boot
IMG-102001,sandal
IMG-110830,dress
IMG-111948,dress
IMG-109372,pullover
IMG-105336,dress
IMG-105484,sandal
IMG-103303,sneaker
IMG-100160,coat
IMG-114324,dress
IMG-109620,bag
IMG-114655,sandal
IMG-107122,sneaker
IMG-104780,shirt
IMG-100266,ankle_boot
IMG-100037,coat
IMG-111548,trouser
IMG-101990,trouser
IMG-100631,shirt
IMG-113097,sneaker
IMG-108285,top
IMG-103065,shirt
IMG-105094,pullover
IMG-104986,coat
IMG-101217,sandal
IMG-110749,coat
IMG-114626,dress
IMG-108967,pullover
IMG-110296,pullover
IMG-105845,bag
IMG-111860,shirt
IMG-109142,bag
IMG-114708,top
IMG-103627,trouser
IMG-102926,top
IMG-102781,pullover
IMG-107739,pullover
IMG-105873,shirt
IMG-106074,bag
IMG-102175,sneaker
IMG-108436,trouser
IMG-100273,top
IMG-111953,bag
IMG-104992,coat
IMG-113008,sandal
IMG-109030,bag
IMG-113425,shirt
IMG-112057,ankle_boot
IMG-103173,dress
IMG-114672,ankle_boot
IMG-107581,top
IMG-110886,sandal
IMG-114914,top
IMG-112627,top
IMG-111161,coat
IMG-102102,bag
IMG-102875,sandal
IMG-101108,sandal
IMG-108312,sneaker
IMG-101945,shirt
IMG-110493,ankle_boot
IMG-103299,trouser
IMG-113780,trouser
IMG-101273,sandal
IMG-110728,bag
IMG-103909,shirt
IMG-110032,trouser
IMG-109941,bag
IMG-114680,bag
IMG-108871,shirt
IMG-107577,top
IMG-110500,sneaker
IMG-101325,sneaker
IMG-112169,ankle_boot
IMG-103458,sneaker
IMG-101457,sneaker
IMG-112161,pullover
IMG-114231,coat
IMG-103521,shirt
IMG-108740,sneaker
IMG-100327,shirt
IMG-105342,top
IMG-102677,top
IMG-106674,bag
IMG-109815,trouser
IMG-106774,trouser
IMG-112936,trouser
IMG-106186,ankle_boot
IMG-104382,bag
IMG-110801,dress
IMG-109757,bag
IMG-114224,top
IMG-106174,pullover
IMG-101736,pullover
IMG-106021,coat
IMG-104550,top
IMG-103828,bag
IMG-105238,coat
IMG-110048,pullover
IMG-105538,trouser
IMG-111971,sneaker
IMG-105699,sandal
IMG-110671,trouser
IMG-104832,sneaker
IMG-102656,trouser
IMG-100420,trouser
IMG-111411,sneaker
IMG-103421,sandal
IMG-100766,trouser
IMG-100169,bag
IMG-108080,coat
IMG-111927,coat
IMG-114136,coat
IMG-101707,dress
IMG-114669,bag
IMG-110283,pullover
IMG-104109,ankle_boot
IMG-102517,sneaker
IMG-112293,pullover
IMG-101905,sandal
IMG-108609,shirt
IMG-108417,trouser
IMG-106606,sandal
IMG-109397,bag
IMG-102343,pullover
IMG-109002,shirt
IMG-104321,shirt
IMG-107871,ankle_boot
IMG-106454,sneaker
IMG-102904,trouser
IMG-107904,top
IMG-102648,trouser
IMG-102188,sneaker
IMG-101656,sneaker
IMG-114316,pullover
IMG-102021,top
IMG-112239,dress
IMG-110037,coat
IMG-106749,top
IMG-101891,top
IMG-110772,sneaker
IMG-104764,shirt
IMG-102706,shirt
IMG-110490,coat
IMG-102829,pullover
IMG-101296,sandal
IMG-109336,sneaker
IMG-113557,top
IMG-108655,dress
IMG-110462,top
IMG-112869,sneaker
IMG-113362,pullover
IMG-106011,ankle_boot
IMG-111585,sandal
IMG-100551,trouser
IMG-109210,bag
IMG-100466,sneaker
IMG-102420,coat
IMG-106558,pullover
IMG-114734,dress
IMG-103546,sneaker
IMG-106036,ankle_boot
IMG-100151,ankle_boot
IMG-103706,top
IMG-104694,pullover
IMG-108712,pullover
IMG-102890,shirt
IMG-103191,shirt
IMG-101581,trouser
IMG-107631,bag
IMG-105631,top
IMG-107583,ankle_boot
IMG-112126,sneaker
IMG-112894,shirt
IMG-113144,shirt
IMG-111272,top
IMG-102931,dress
IMG-107531,coat
IMG-110797,top
IMG-114070,bag
IMG-101322,sandal
IMG-103499,shirt
IMG-113840,pullover
IMG-105852,sandal
IMG-100576,shirt
IMG-110777,bag
IMG-101637,pullover
IMG-106104,bag
IMG-105193,trouser
IMG-108429,ankle_boot
IMG-103062,coat
IMG-111130,coat
IMG-111673,pullover
IMG-104437,dress
IMG-109310,top
IMG-109855,pullover
IMG-100945,sneaker
IMG-105314,top
IMG-102814,sandal
IMG-112736,pullover
IMG-103259,top
IMG-102318,sneaker
IMG-107378,trouser
IMG-102226,sandal
IMG-101910,sneaker
IMG-101287,shirt
IMG-102085,dress
IMG-111017,trouser
IMG-101536,bag
IMG-107326,shirt
IMG-113663,coat
IMG-104298,sneaker
IMG-103730,trouser
IMG-108375,dress
IMG-107339,shirt
IMG-105262,trouser
IMG-114907,pullover
IMG-103738,dress
IMG-106106,dress
IMG-112455,sandal
IMG-105143,sandal
IMG-104515,sandal
IMG-111766,bag
IMG-106818,sneaker
IMG-102454,bag
IMG-103963,pullover
IMG-106280,ankle_boot
IMG-104254,dress
IMG-101826,pullover
IMG-104669,sneaker
IMG-112804,coat
IMG-100806,sneaker
IMG-106494,trouser
IMG-108583,bag
IMG-101166,coat
IMG-107783,shirt
IMG-104110,ankle_boot
IMG-101416,coat
IMG-107293,sneaker
IMG-106132,bag
IMG-100061,shirt
IMG-113610,pullover
IMG-100547,top
IMG-110407,shirt
IMG-114778,ankle_boot
IMG-113632,trouser
IMG-112934,dress
IMG-106023,coat
IMG-113491,ankle_boot
IMG-112000,shirt
IMG-109115,bag
IMG-107348,pullover
IMG-106661,pullover
IMG-106695,pullover
IMG-112799,top
IMG-102896,bag
IMG-107648,pullover
IMG-101297,ankle_boot
IMG-102345,dress
IMG-104184,coat
IMG-110996,sandal
IMG-105155,dress
IMG-105971,bag
IMG-111424,shirt
IMG-105857,dress
IMG-106788,sneaker
IMG-107734,sandal
IMG-110443,sandal
IMG-100132,top
IMG-114443,coat
IMG-104475,sandal
IMG-106687,bag
IMG-104229,shirt
IMG-105215,pullover
IMG-103844,sneaker
IMG-100406,sneaker
IMG-104938,trouser
IMG-113070,sandal
IMG-107271,sandal
IMG-102062,coat
IMG-104468,dress
IMG-114812,ankle_boot
IMG-107486,shirt
IMG-112775,sneaker
IMG-114961,bag
IMG-108353,sandal
IMG-113798,shirt
IMG-111333,top
IMG-110989,sneaker
IMG-107315,dress
IMG-106806,trouser
IMG-107006,pullover
IMG-100414,dress
IMG-105703,trouser
IMG-109096,trouser
IMG-109461,sandal
IMG-105808,dress
IMG-111189,trouser
IMG-113699,trouser
IMG-101145,sandal
IMG-104521,top
IMG-105174,trouser
IMG-101799,dress
IMG-111116,dress
IMG-100851,sneaker
IMG-106216,shirt
IMG-105733,dress
IMG-109135,dress
IMG-106238,pullover
IMG-110366,dress
IMG-106012,pullover
IMG-114728,bag
IMG-114813,shirt
IMG-107758,dress
IMG-112304,shirt
IMG-110919,top
IMG-109438,trouser
IMG-105948,sandal
IMG-101858,shirt
IMG-108983,ankle_boot
IMG-105416,sneaker
IMG-103760,pullover
IMG-114555,trouser
IMG-110027,bag
IMG-113664,dress
IMG-102287,coat
IMG-106091,bag
IMG-112594,dress
IMG-103631,trouser
IMG-102849,pullover
IMG-109699,bag
IMG-101451,pullover
IMG-103278,top
IMG-109577,sandal
IMG-108345,ankle_boot
IMG-100090,dress
IMG-106405,coat
IMG-105431,sneaker
IMG-114792,top
IMG-111104,sneaker
IMG-113746,ankle_boot
IMG-104274,dress
IMG-101354,dress
IMG-114280,top
IMG-104020,top
IMG-100823,dress
IMG-114701,sneaker
IMG-101576,sandal
IMG-101717,trouser
IMG-112643,top
IMG-105957,dress
IMG-111197,ankle_boot
IMG-110288,dress
IMG-103453,pullover
IMG-100612,coat
IMG-107874,top
IMG-109646,coat
IMG-113417,bag
IMG-101615,bag
IMG-102551,sandal
IMG-105185,bag
IMG-104576,top
IMG-106032,ankle_boot
IMG-106392,bag
IMG-109977,coat
IMG-100721,sneaker
IMG-113615,pullover
IMG-112976,pullover
IMG-108453,sneaker
IMG-104200,sneaker
IMG-104831,coat
IMG-105440,shirt
IMG-100437,trouser
IMG-108596,coat
IMG-109076,dress
IMG-110563,bag
IMG-100684,shirt
IMG-113775,trouser
IMG-113011,ankle_boot
IMG-112278,top
IMG-103119,trouser
IMG-104972,sandal
IMG-113191,sandal
IMG-108406,ankle_boot
IMG-112862,bag
IMG-109541,pullover
IMG-112646,bag
IMG-112240,ankle_boot
IMG-107817,sneaker
IMG-103547,sandal
IMG-104747,shirt
IMG-106221,pullover
IMG-112234,top
IMG-109186,dress
IMG-107823,pullover
IMG-101440,sneaker
IMG-111793,sneaker
IMG-113852,trouser
IMG-106364,pullover
IMG-100898,top
IMG-113051,bag
IMG-104666,top
IMG-113882,trouser
IMG-101874,ankle_boot
IMG-112668,ankle_boot
IMG-112382,top
IMG-101610,trouser
IMG-109876,trouser
IMG-103115,ankle_boot
IMG-104338,sneaker
IMG-106979,sandal
IMG-111062,top
IMG-108085,coat
IMG-113815,sandal
IMG-112389,coat
IMG-112299,sneaker
IMG-111919,shirt
IMG-110716,bag
IMG-108633,top
IMG-106707,top
IMG-111205,trouser
IMG-113138,shirt
IMG-103365,top
IMG-107634,sandal
IMG-106657,top
IMG-109634,dress
IMG-112318,top
IMG-105965,dress
IMG-104113,sneaker
IMG-112414,trouser
IMG-104152,coat
IMG-107883,coat
IMG-109060,pullover
IMG-108968,top
IMG-111608,sandal
IMG-111932,bag
IMG-101702,trouser
IMG-102433,sneaker
IMG-107330,top
IMG-101182,sandal
IMG-101804,dress
IMG-109751,trouser
IMG-102616,pullover
IMG-103603,bag
IMG-108031,sandal
IMG-114577,bag
IMG-104906,trouser
IMG-105153,shirt
IMG-104711,top
IMG-104631,shirt
IMG-102808,coat
IMG-100771,bag
IMG-106528,sneaker
IMG-103394,trouser
IMG-113911,pullover
IMG-110916,trouser
IMG-111970,bag
IMG-109145,dress
IMG-110351,trouser
IMG-112460,bag
IMG-108611,bag
IMG-105704,pullover
IMG-111238,bag
IMG-105744,coat
IMG-113251,shirt
IMG-101102,shirt
IMG-103257,coat
IMG-105739,ankle_boot
IMG-112232,trouser
IMG-106226,dress
IMG-101094,sandal
IMG-100981,coat
IMG-113034,shirt
IMG-103812,bag
IMG-106518,trouser
IMG-100887,top
IMG-112544,pullover
IMG-107902,pullover
IMG-107260,coat
IMG-105787,dress
IMG-111280,sneaker
IMG-104118,bag
IMG-103172,pullover
IMG-107325,sandal
IMG-112086,sneaker
IMG-106498,dress
IMG-106549,coat
IMG-105184,sandal
IMG-103848,sandal
IMG-114103,sandal
IMG-114522,coat
IMG-108084,dress
IMG-104099,shirt
IMG-109357,shirt
IMG-109643,trouser
IMG-101939,shirt
IMG-106248,top
IMG-107371,sandal
IMG-100624,trouser
IMG-114478,sneaker
IMG-106408,pullover
IMG-103833,pullover
IMG-114245,pullover
IMG-106827,top
IMG-102235,top
IMG-113766,coat
IMG-113922,ankle_boot
IMG-111155,bag
IMG-101629,bag
IMG-103379,shirt
IMG-105456,bag
IMG-102585,shirt
IMG-105524,bag
IMG-106169,bag
IMG-108202,ankle_boot
IMG-112617,bag
IMG-114803,bag
IMG-104946,sandal
IMG-113277,pullover
IMG-111484,trouser
IMG-106030,sneaker
IMG-110321,pullover
IMG-101383,top
IMG-112897,sneaker
IMG-111210,dress
IMG-101848,coat
IMG-100292,coat
IMG-104029,ankle_boot
IMG-111253,bag
IMG-102674,pullover
IMG-113100,ankle_boot
IMG-112191,coat
IMG-111599,shirt
IMG-113560,pullover
IMG-114833,ankle_boot
IMG-114564,top
IMG-100178,sandal
IMG-114477,dress
IMG-105527,ankle_boot
IMG-111652,trouser
IMG-107033,trouser
IMG-106776,bag
IMG-108992,trouser
IMG-101269,coat
IMG-112129,trouser
IMG-109818,dress
IMG-109479,shirt
IMG-104706,sneaker
IMG-113242,sneaker
IMG-113173,sandal
IMG-101614,ankle_boot
IMG-100001,shirt
IMG-107282,shirt
IMG-113592,top
IMG-114259,dress
IMG-101524,ankle_boot
IMG-109421,coat
IMG-108017,dress
IMG-113270,pullover
IMG-108896,ankle_boot
IMG-105951,shirt
IMG-112528,trouser
IMG-109249,sandal
IMG-102580,trouser
IMG-102238,ankle_boot
IMG-107686,shirt
IMG-111850,dress
IMG-106178,pullover
IMG-111798,sneaker
IMG-100024,top
IMG-103553,pullover
IMG-103946,ankle_boot
IMG-100155,bag
IMG-101433,ankle_boot
IMG-114364,trouser
IMG-113737,trouser
IMG-112328,trouser
IMG-108367,dress
IMG-100527,pullover
IMG-109045,ankle_boot
IMG-106723,trouser
IMG-112028,ankle_boot
IMG-100108,shirt
IMG-103663,trouser
IMG-108927,bag
IMG-108074,sneaker
IMG-103211,coat
IMG-106267,trouser
IMG-101241,sandal
IMG-102402,dress
IMG-106526,bag
IMG-103887,trouser
IMG-103070,top
IMG-100969,sneaker
IMG-104171,pullover
IMG-103667,coat
IMG-101722,top
IMG-114971,sandal
IMG-106063,sandal
IMG-113883,dress
IMG-105355,bag
IMG-114318,bag
IMG-107979,ankle_boot
IMG-107360,dress
IMG-107352,bag
IMG-114187,top
IMG-108106,ankle_boot
IMG-111952,sneaker
IMG-107818,shirt
IMG-109679,ankle_boot
IMG-105396,trouser
IMG-106037,ankle_boot
IMG-106991,top
IMG-109294,trouser
IMG-105056,top
IMG-102205,trouser
IMG-106515,bag
IMG-108908,ankle_boot
IMG-101252,bag
IMG-101895,dress
IMG-106240,sandal
IMG-109579,coat
IMG-106846,dress
IMG-102385,coat
IMG-105258,shirt
IMG-114679,coat
IMG-107564,ankle_boot
IMG-101577,sneaker
IMG-106172,coat
IMG-101434,sneaker
IMG-104233,dress
IMG-101091,trouser
IMG-103792,pullover
IMG-100306,trouser
IMG-109752,dress
IMG-112269,shirt
IMG-110663,dress
IMG-104319,coat
IMG-100486,pullover
IMG-111859,trouser
IMG-111080,coat
IMG-103273,bag
IMG-104357,pullover
IMG-110649,bag
IMG-105499,top
IMG-104864,trouser
IMG-113296,shirt
IMG-103703,shirt
IMG-105911,sandal
IMG-107182,sneaker
IMG-101055,shirt
IMG-105255,pullover
IMG-101158,ankle_boot
IMG-102036,sandal
IMG-110299,coat
IMG-114210,coat
IMG-104209,sandal
IMG-104237,dress
IMG-100031,top
IMG-111437,pullover
IMG-103298,dress
IMG-106977,top
IMG-110686,ankle_boot
IMG-114683,sneaker
IMG-105716,shirt
IMG-105157,dress
IMG-104981,coat
IMG-110403,dress
IMG-113698,sneaker
IMG-112084,sandal
IMG-108914,dress
IMG-107869,dress
IMG-106798,coat
IMG-113893,shirt
IMG-114614,top
IMG-101033,top
IMG-112082,ankle_boot
IMG-101178,top
IMG-112438,top
IMG-111667,sandal
IMG-107752,top
IMG-114700,dress
IMG-102560,pullover
IMG-113952,dress
IMG-101587,top
IMG-105230,top
IMG-114303,bag
IMG-105940,trouser
IMG-106589,shirt
IMG-108571,sandal
IMG-103745,coat
IMG-113751,coat
IMG-107582,ankle_boot
IMG-103689,trouser
IMG-105027,shirt
IMG-112876,pullover
IMG-104604,shirt
IMG-100826,top
IMG-113836,sandal
IMG-112531,ankle_boot
IMG-100689,sneaker
IMG-107838,top
IMG-106868,ankle_boot
IMG-108985,trouser
IMG-108078,trouser
IMG-101760,ankle_boot
IMG-102319,ankle_boot
IMG-110337,bag
IMG-103282,dress
IMG-107476,ankle_boot
IMG-103393,sneaker
IMG-114147,shirt
IMG-107150,trouser
IMG-113667,dress
IMG-113217,bag
IMG-110103,shirt
IMG-102311,trouser
IMG-107560,dress
IMG-112353,dress
IMG-113216,ankle_boot
IMG-111319,trouser
IMG-114927,shirt
IMG-107467,top
IMG-101613,trouser
IMG-105885,sneaker
IMG-111618,ankle_boot
IMG-110286,bag
IMG-105453,sneaker
IMG-114658,pullover
IMG-112097,shirt
IMG-102623,pullover
IMG-108820,trouser
IMG-104483,sandal
IMG-107442,coat
IMG-103749,trouser
IMG-113961,pullover
IMG-104661,dress
IMG-112953,ankle_boot
IMG-110371,bag
IMG-108889,bag
IMG-110085,bag
IMG-105846,pullover
IMG-112566,coat
IMG-113290,pullover
IMG-106696,pullover
IMG-107028,sneaker
IMG-109599,dress
IMG-102940,top
IMG-108950,coat
IMG-103328,ankle_boot
IMG-109654,trouser
IMG-105497,coat
IMG-108249,sandal
IMG-110404,sandal
IMG-106143,trouser
IMG-111427,ankle_boot
IMG-114563,coat
IMG-104038,sneaker
IMG-106536,pullover
IMG-100942,sandal
IMG-101988,bag
IMG-107924,coat
IMG-114881,coat
IMG-113599,dress
IMG-107141,bag
IMG-109120,sneaker
IMG-109083,sandal
IMG-109850,trouser
IMG-109283,coat
IMG-108251,bag
IMG-106584,shirt
IMG-103104,sandal
IMG-103450,ankle_boot
IMG-108539,shirt
IMG-104355,sandal
IMG-105329,bag
IMG-101873,pullover
IMG-104616,sneaker
IMG-111302,shirt
IMG-111178,shirt
IMG-112635,dress
IMG-113929,pullover
IMG-111508,pullover
IMG-112158,ankle_boot
IMG-104397,trouser
IMG-106082,bag
IMG-101249,ankle_boot
IMG-108064,pullover
IMG-100208,trouser
IMG-104081,sneaker
IMG-103339,sneaker
IMG-114957,sneaker
IMG-107199,sneaker
IMG-104217,bag
IMG-105145,sandal
IMG-111711,top
IMG-107638,pullover
IMG-103662,top
IMG-109591,bag
IMG-105748,pullover
IMG-106360,sneaker
IMG-113834,dress
IMG-109494,pullover
IMG-106622,ankle_boot
IMG-114550,sneaker
IMG-114605,bag
IMG-108865,sneaker
IMG-105414,ankle_boot
IMG-112104,sneaker
IMG-103410,top
IMG-102492,sandal
IMG-111353,sneaker
IMG-101334,pullover
IMG-112670,bag
IMG-112386,top
IMG-100999,dress
IMG-104114,sneaker
IMG-105128,pullover
IMG-110764,top
IMG-114285,pullover
IMG-113341,ankle_boot
IMG-110168,shirt
IMG-100941,sandal
IMG-100512,bag
IMG-106326,pullover
IMG-113326,trouser
IMG-110295,trouser
IMG-114220,trouser
IMG-106148,sandal
IMG-102030,pullover
IMG-103541,trouser
IMG-104795,trouser
IMG-109564,top
IMG-108661,bag
IMG-112630,dress
IMG-108178,sneaker
IMG-104239,coat
IMG-103605,shirt
IMG-106557,trouser
IMG-110666,pullover
IMG-100164,sneaker
IMG-114507,sandal
IMG-109250,trouser
IMG-114644,dress
IMG-108020,sneaker
IMG-103300,dress
IMG-114102,coat
IMG-112462,top
IMG-113442,trouser
IMG-108916,coat
IMG-101617,bag
IMG-108319,coat
IMG-110837,bag
IMG-107767,pullover
IMG-105277,sneaker
IMG-112868,pullover
IMG-102529,coat
IMG-113130,sandal
IMG-113598,top
IMG-105826,sandal
IMG-108431,dress
IMG-112083,pullover
IMG-100901,trouser
IMG-104929,sneaker
IMG-110847,coat
IMG-101376,bag
IMG-101817,pullover
IMG-105324,dress
IMG-106981,sandal
IMG-113533,ankle_boot
IMG-107387,sneaker
IMG-111535,shirt
IMG-102489,ankle_boot
IMG-108901,trouser
IMG-107980,ankle_boot
IMG-102390,shirt
IMG-114548,dress
IMG-111315,trouser
IMG-101662,trouser
IMG-100622,trouser
IMG-112624,dress
IMG-100354,pullover
IMG-106453,sandal
IMG-102409,bag
IMG-102768,sneaker
IMG-103568,ankle_boot
IMG-106769,sneaker
IMG-107370,shirt
IMG-106457,sneaker
IMG-113998,sandal
IMG-103563,shirt
IMG-102610,bag
IMG-104455,top
IMG-112422,dress
IMG-107322,dress
IMG-113529,top
IMG-103847,pullover
IMG-101402,sneaker
IMG-108790,sneaker
IMG-109228,dress
IMG-103836,pullover
IMG-101823,top
IMG-105244,shirt
IMG-106704,coat
IMG-111898,ankle_boot
IMG-102676,sandal
IMG-109960,pullover
IMG-114919,top
IMG-112391,bag
IMG-110287,sneaker
IMG-111759,bag
IMG-105793,ankle_boot
IMG-109137,bag
IMG-112020,sandal
IMG-112094,shirt
IMG-108769,pullover
IMG-112755,sandal
IMG-108388,bag
IMG-113250,top
IMG-104828,sandal
IMG-111636,dress
IMG-114427,pullover
IMG-107232,coat
IMG-110788,shirt
IMG-108137,top
IMG-106760,shirt
IMG-108887,sandal
IMG-110682,shirt
IMG-101349,pullover
IMG-109713,sandal
IMG-114802,sneaker
IMG-107643,bag
IMG-103650,ankle_boot
IMG-113953,trouser
IMG-101653,trouser
IMG-103613,top
IMG-110971,sneaker
IMG-114174,ankle_boot
IMG-101601,sandal
IMG-108248,sneaker
IMG-107030,trouser
IMG-112600,trouser
IMG-110747,pullover
IMG-104899,dress
IMG-107471,sneaker
IMG-110706,shirt
IMG-106429,ankle_boot
IMG-104189,pullover
IMG-113958,sandal
IMG-112270,pullover
IMG-110676,shirt
IMG-102138,top
IMG-104731,bag
IMG-107668,sneaker
IMG-111825,sandal
IMG-114149,trouser
IMG-108104,dress
IMG-108654,dress
IMG-107617,ankle_boot
IMG-114745,pullover
IMG-112213,top
IMG-110388,coat
IMG-105421,shirt
IMG-110825,shirt
IMG-111203,sandal
IMG-110582,coat
IMG-107454,sandal
IMG-113063,trouser
IMG-104230,bag
IMG-112620,ankle_boot
IMG-102090,bag
IMG-106099,sandal
IMG-104991,dress
IMG-107186,pullover
IMG-102865,sneaker
IMG-101697,bag
IMG-108480,sandal
IMG-107338,top
IMG-113850,coat
IMG-111716,ankle_boot
IMG-101483,sneaker
IMG-104921,sneaker
IMG-114936,trouser
IMG-112477,ankle_boot
IMG-110465,sneaker
IMG-109034,trouser
IMG-101474,sneaker
IMG-111182,trouser
IMG-102857,dress
IMG-106700,trouser
IMG-103679,ankle_boot
IMG-109025,ankle_boot
IMG-103258,shirt
IMG-104782,dress
IMG-109899,shirt
IMG-101967,sandal
IMG-112958,sneaker
IMG-112095,sandal
IMG-111044,coat
IMG-110201,sneaker
IMG-113295,dress
IMG-106485,sneaker
IMG-109975,sneaker
IMG-104658,ankle_boot
IMG-114556,pullover
IMG-103009,pullover
IMG-112728,ankle_boot
IMG-111359,sandal
IMG-106045,trouser
IMG-112586,pullover
IMG-113759,pullover
IMG-111857,trouser
IMG-111467,trouser
IMG-102218,shirt
IMG-102304,ankle_boot
IMG-100893,bag
IMG-105807,trouser
IMG-109953,ankle_boot
IMG-104412,top
IMG-114145,dress
IMG-100979,sneaker
IMG-114994,dress
IMG-103183,dress
IMG-108953,top
IMG-104291,ankle_boot
IMG-107742,bag
IMG-111520,pullover
IMG-111658,bag
IMG-110488,pullover
IMG-108620,shirt
IMG-110341,trouser
IMG-106163,sneaker
IMG-108580,coat
IMG-106962,coat
IMG-103601,sneaker
IMG-105127,ankle_boot
IMG-105050,shirt
IMG-113067,sneaker
IMG-107159,trouser
IMG-106938,dress
IMG-107896,dress
IMG-112758,shirt
IMG-105260,dress
IMG-112559,sandal
IMG-102971,ankle_boot
IMG-110026,bag
IMG-106848,dress
IMG-103026,pullover
IMG-101768,ankle_boot
IMG-113459,trouser
IMG-103253,sneaker
IMG-101117,dress
IMG-106920,coat
IMG-102116,sneaker
IMG-106064,top
IMG-100976,coat
IMG-111669,ankle_boot
IMG-114562,sneaker
IMG-113825,dress
IMG-100972,dress
IMG-107158,trouser
IMG-107558,coat
IMG-112487,sneaker
IMG-107939,sandal
IMG-104701,pullover
IMG-114543,coat
IMG-113732,coat
IMG-105418,dress
IMG-100637,ankle_boot
IMG-100439,sandal
IMG-107445,bag
IMG-103229,sandal
IMG-105541,ankle_boot
IMG-109986,bag
IMG-106365,sandal
IMG-114295,coat
IMG-111656,sandal
IMG-105624,bag
IMG-102583,top
IMG-109070,shirt
IMG-103891,bag
IMG-100949,bag
IMG-105841,shirt
IMG-113280,shirt
IMG-114068,trouser
IMG-110323,bag
IMG-106867,sandal
IMG-114996,dress
IMG-100708,dress
IMG-114058,ankle_boot
IMG-112424,coat
IMG-110104,dress
IMG-109005,top
IMG-101424,coat
IMG-103866,sandal
IMG-106838,shirt
IMG-103316,top
IMG-111087,dress
IMG-103089,shirt
IMG-103671,shirt
IMG-106069,coat
IMG-106125,dress
IMG-114177,sandal
IMG-101035,dress
IMG-111556,pullover
IMG-114420,top
IMG-107550,ankle_boot
IMG-105974,top
IMG-104075,sandal
IMG-105025,pullover
IMG-105079,sandal
IMG-111770,shirt
IMG-103386,sneaker
IMG-103734,sandal
IMG-105501,shirt
IMG-100163,pullover
IMG-111598,dress
IMG-113647,ankle_boot
IMG-112604,sandal
IMG-114022,trouser
IMG-100441,sandal
IMG-114517,dress
IMG-111582,shirt
IMG-102788,trouser
IMG-106926,trouser
IMG-106447,ankle_boot
IMG-111089,sandal
IMG-104514,top
IMG-101365,dress
IMG-108987,bag
IMG-111030,shirt
IMG-104815,pullover
IMG-101186,pullover
IMG-101574,ankle_boot
IMG-114337,trouser
IMG-109954,dress
IMG-113872,top
IMG-102043,shirt
IMG-112211,trouser
IMG-103880,dress
IMG-108239,sneaker
IMG-110102,dress
IMG-113377,trouser
IMG-110271,bag
IMG-100430,pullover
IMG-101317,ankle_boot
IMG-113774,sandal
IMG-100964,trouser
IMG-106060,trouser
IMG-101162,trouser
IMG-103215,trouser
IMG-109046,sneaker
IMG-113309,sandal
IMG-114442,pullover
IMG-111637,top
IMG-100658,trouser
IMG-100347,shirt
IMG-104558,top
IMG-108360,coat
IMG-112133,shirt
IMG-100429,sandal
IMG-107717,dress
IMG-101017,coat
IMG-110214,sneaker
IMG-100780,dress
IMG-113285,dress
IMG-113741,coat
IMG-105013,dress
IMG-103719,dress
IMG-112949,top
IMG-100243,sandal
IMG-102819,shirt
IMG-107640,sandal
IMG-102457,sneaker
IMG-111432,sandal
IMG-106715,dress
IMG-114327,pullover
IMG-104630,coat
IMG-111868,bag
IMG-102617,coat
IMG-101556,coat
IMG-114078,bag
IMG-113027,sandal
IMG-111505,ankle_boot
IMG-110114,ankle_boot
IMG-104145,dress
IMG-113367,pullover
IMG-106508,shirt
IMG-100768,coat
IMG-104623,top
IMG-103395,shirt
IMG-108653,shirt
IMG-107175,top
IMG-104570,top
IMG-103217,sandal
IMG-113824,sneaker
IMG-110926,sneaker
IMG-113935,top
IMG-110843,ankle_boot
IMG-105076,sneaker
IMG-103383,pullover
IMG-101244,sneaker
IMG-102604,top
IMG-113064,sandal
IMG-112253,top
IMG-112689,dress
IMG-100257,top
IMG-112916,sandal
IMG-108385,sneaker
IMG-112192,coat
IMG-104025,dress
IMG-106600,ankle_boot
IMG-109478,pullover
IMG-104035,top
IMG-109297,sneaker
IMG-111841,coat
IMG-105890,sandal
IMG-109972,coat
IMG-109245,bag
IMG-104414,coat
IMG-110890,top
IMG-111311,coat
IMG-110679,top
IMG-113075,shirt
IMG-107851,shirt
IMG-100238,coat
IMG-104557,shirt
IMG-111048,ankle_boot
IMG-107035,sneaker
IMG-107495,trouser
IMG-101930,ankle_boot
IMG-104705,dress
IMG-101259,shirt
IMG-103737,dress
IMG-100130,top
IMG-105107,shirt
IMG-112530,pullover
IMG-109035,shirt
IMG-101254,bag
IMG-105101,sneaker
IMG-106493,coat
IMG-110559,bag
IMG-112465,shirt
IMG-108560,coat
IMG-112918,top
IMG-103188,dress
IMG-107051,sneaker
IMG-112403,sandal
IMG-108374,bag
IMG-100524,coat
IMG-108646,ankle_boot
IMG-101544,bag
IMG-102439,sandal
IMG-108269,sandal
IMG-112287,shirt
IMG-102474,sandal
IMG-107090,trouser
IMG-105469,shirt
IMG-105619,coat
IMG-105096,dress
IMG-112540,sneaker
IMG-112489,pullover
IMG-104824,shirt
IMG-107398,sneaker
IMG-111550,shirt
IMG-114496,pullover
IMG-109976,bag
IMG-103589,coat
IMG-106388,ankle_boot
IMG-107967,dress
IMG-109978,top
IMG-108347,shirt
IMG-103407,top
IMG-102331,bag
IMG-109439,pullover
IMG-102283,coat
IMG-111375,bag
IMG-105970,top
IMG-113166,shirt
IMG-109422,ankle_boot
IMG-113604,dress
IMG-103117,sneaker
IMG-102179,coat
IMG-112964,bag
IMG-104295,ankle_boot
IMG-113489,coat
IMG-109190,trouser
IMG-105983,pullover
IMG-100203,coat
IMG-104067,ankle_boot
IMG-100955,trouser
IMG-104188,dress
IMG-113650,shirt
IMG-107579,sandal
IMG-108212,top
IMG-105921,sneaker
IMG-108706,coat
IMG-114184,coat
IMG-102416,top
IMG-110592,coat
IMG-110215,pullover
IMG-106735,bag
IMG-111555,sandal
IMG-111401,sandal
IMG-101007,dress
IMG-100599,trouser
IMG-106817,dress
IMG-111915,bag
IMG-107785,bag
IMG-110154,trouser
IMG-114071,coat
IMG-105391,ankle_boot
IMG-107988,sandal
IMG-101943,sandal
IMG-100649,bag
IMG-103280,coat
IMG-104227,dress
IMG-114423,ankle_boot
IMG-100552,bag
IMG-100506,coat
IMG-105639,top
IMG-106042,trouser
IMG-111571,top
IMG-113401,ankle_boot
IMG-106332,top
IMG-105458,trouser
IMG-108924,top
IMG-100875,bag
IMG-106627,coat
IMG-108095,bag
IMG-108562,bag
IMG-103932,coat
IMG-110529,trouser
IMG-101554,shirt
IMG-104364,top
IMG-114901,trouser
IMG-103640,top
IMG-103854,sneaker
IMG-110599,pullover
IMG-105828,sandal
IMG-111260,sandal
IMG-106259,ankle_boot
IMG-112734,dress
IMG-114464,coat
IMG-100413,sandal
IMG-103725,bag
IMG-106175,dress
IMG-104797,sandal
IMG-101655,ankle_boot
IMG-114192,shirt
IMG-110031,pullover
IMG-101141,top
IMG-106046,coat
IMG-108291,pullover
IMG-108216,pullover
IMG-111306,dress
IMG-106544,sneaker
IMG-102427,sneaker
IMG-105554,dress
IMG-104599,sandal
IMG-114314,ankle_boot
IMG-111037,dress
IMG-109784,sneaker
IMG-113596,trouser
IMG-107192,sneaker
IMG-100030,pullover
IMG-114494,top
IMG-113355,top
IMG-113313,top
IMG-105375,bag
IMG-102650,ankle_boot
IMG-100699,trouser
IMG-102877,trouser
IMG-104004,sandal
IMG-105618,top
IMG-109684,dress
IMG-112663,sandal
IMG-105731,coat
IMG-100055,pullover
IMG-100230,pullover
IMG-106123,ankle_boot
IMG-111516,pullover
IMG-103565,ankle_boot
IMG-103915,sneaker
IMG-109852,pullover
IMG-111951,shirt
IMG-103923,coat
IMG-111544,shirt
IMG-103578,sneaker
IMG-113030,ankle_boot
IMG-103181,sneaker
IMG-101780,top
IMG-112081,bag
IMG-102818,ankle_boot
IMG-110247,sandal
IMG-102087,trouser
IMG-107839,shirt
IMG-107134,coat
IMG-103373,ankle_boot
IMG-107176,sneaker
IMG-111519,ankle_boot
IMG-113247,coat
IMG-112954,shirt
IMG-113727,trouser
IMG-111641,trouser
IMG-100769,dress
IMG-103900,coat
IMG-102265,ankle_boot
IMG-109622,shirt
IMG-105907,dress
IMG-109206,shirt
IMG-111217,coat
IMG-102013,ankle_boot
IMG-109658,top
IMG-114485,top
IMG-109171,trouser
IMG-111220,top
IMG-105187,dress
IMG-101886,dress
IMG-114692,pullover
IMG-113307,sneaker
IMG-111726,sandal
IMG-101518,pullover
IMG-109632,shirt
IMG-101890,bag
IMG-111153,top
IMG-106899,shirt
IMG-108415,ankle_boot
IMG-113519,sneaker
IMG-107311,dress
IMG-111862,shirt
IMG-104592,shirt
IMG-109090,coat
IMG-105278,coat
IMG-106418,top
IMG-114580,shirt
IMG-100269,bag
IMG-110223,top
IMG-105247,trouser
IMG-107147,trouser
IMG-112314,bag
IMG-107018,top
IMG-106110,trouser
IMG-108437,top
IMG-100789,pullover
IMG-103433,pullover
IMG-107143,coat
IMG-100390,pullover
IMG-111018,pullover
IMG-100696,coat
IMG-103222,top
IMG-109331,ankle_boot
IMG-106884,coat
IMG-113670,ankle_boot
IMG-107703,pullover
IMG-107914,top
IMG-112463,pullover
IMG-111240,pullover
IMG-103698,ankle_boot
IMG-112562,sandal
IMG-105537,dress
IMG-111891,sandal
IMG-105002,sneaker
IMG-100342,top
IMG-103414,trouser
IMG-113203,shirt
IMG-100013,top
IMG-108811,top
IMG-105496,sneaker
IMG-112777,trouser
IMG-108167,dress
IMG-109981,sandal
IMG-112198,sandal
IMG-114019,shirt
IMG-113561,ankle_boot
IMG-104024,trouser
IMG-107503,sandal
IMG-100089,dress
IMG-109499,shirt
IMG-109365,trouser
IMG-101149,top
IMG-112468,bag
IMG-113808,sandal
IMG-101954,dress
IMG-108693,sneaker
IMG-105327,sneaker
IMG-107181,sneaker
IMG-110746,bag
IMG-107044,sneaker
IMG-102091,dress
IMG-100019,dress
IMG-106066,coat
IMG-108864,bag
IMG-102222,ankle_boot
IMG-101857,dress
IMG-103221,sneaker
IMG-109672,pullover
IMG-110243,shirt
IMG-114397,ankle_boot
IMG-101345,coat
IMG-113348,shirt
IMG-108711,trouser
IMG-102864,dress
IMG-114142,bag
IMG-107076,ankle_boot
IMG-106985,ankle_boot
IMG-111542,pullover
IMG-105903,trouser
IMG-110426,bag
IMG-111494,bag
IMG-114574,coat
IMG-107847,bag
IMG-108834,pullover
IMG-101034,top
IMG-113205,sneaker
IMG-104089,shirt
IMG-106658,ankle_boot
IMG-109399,coat
IMG-108959,sandal
IMG-103865,ankle_boot
IMG-106286,top
IMG-112691,bag
IMG-112175,pullover
IMG-103531,sneaker
IMG-111483,top
IMG-109398,ankle_boot
IMG-111774,bag
IMG-112241,coat
IMG-101994,coat
IMG-108071,trouser
IMG-108286,sandal
IMG-107775,dress
IMG-110255,trouser
IMG-108649,pullover
IMG-112500,coat
IMG-102573,top
IMG-109693,sandal
IMG-114273,dress
IMG-100076,dress
IMG-106002,top
IMG-109481,sandal
IMG-110088,bag
IMG-104307,ankle_boot
IMG-113779,sandal
IMG-102124,coat
IMG-107639,bag
IMG-102578,sandal
IMG-102306,top
IMG-100023,top
IMG-111503,coat
IMG-111274,sandal
IMG-111975,shirt
IMG-113633,dress
IMG-107269,ankle_boot
IMG-111363,sneaker
IMG-113685,coat
IMG-103348,shirt
IMG-104486,bag
IMG-108218,pullover
IMG-111042,pullover
IMG-114657,sandal
IMG-101122,bag
IMG-111595,top
IMG-112128,dress
IMG-107523,ankle_boot
IMG-114077,dress
IMG-107510,sneaker
IMG-103006,dress
IMG-106346,ankle_boot
IMG-104300,coat
IMG-108477,dress
IMG-109161,top
IMG-103561,bag
IMG-105596,ankle_boot
IMG-102618,dress
IMG-106423,coat
IMG-114791,trouser
IMG-107804,coat
IMG-105916,trouser
IMG-102334,sandal
IMG-102215,sandal
IMG-111830,ankle_boot
IMG-106910,ankle_boot
IMG-103178,sandal
IMG-114925,trouser
IMG-102165,sandal
IMG-101125,sandal
IMG-101465,bag
IMG-106293,trouser
IMG-113342,sneaker
IMG-109689,bag
IMG-107911,trouser
IMG-110802,coat
IMG-103724,sneaker
IMG-108940,trouser
IMG-111848,coat
IMG-114257,sneaker
IMG-112920,ankle_boot
IMG-114463,trouser
IMG-112381,trouser
IMG-108941,bag
IMG-105048,trouser
IMG-107001,sandal
IMG-104546,pullover
IMG-104996,dress
IMG-100669,ankle_boot
IMG-101261,shirt
IMG-112450,pullover
IMG-111258,shirt
IMG-107205,shirt
IMG-109058,bag
IMG-102575,trouser
IMG-102313,pullover
IMG-100767,ankle_boot
IMG-104951,sneaker
IMG-109707,coat
IMG-101815,ankle_boot
IMG-113353,trouser
IMG-103549,sandal
IMG-106712,pullover
IMG-105578,sandal
IMG-110187,trouser
IMG-114374,pullover
IMG-100585,trouser
IMG-102983,pullover
IMG-100927,ankle_boot
IMG-110860,sneaker
IMG-105411,shirt
IMG-105636,bag
IMG-107537,shirt
IMG-112329,trouser
IMG-101567,ankle_boot
IMG-103665,ankle_boot
IMG-114545,trouser
IMG-106506,sandal
IMG-113925,sneaker
IMG-101838,shirt
IMG-101479,bag
IMG-105692,trouser
IMG-105129,shirt
IMG-107753,sandal
IMG-103824,shirt
IMG-104452,pullover
IMG-112300,top
IMG-113873,pullover
IMG-104162,shirt
IMG-112753,sneaker
IMG-108858,ankle_boot
IMG-110586,top
IMG-110035,bag
IMG-105931,bag
IMG-100601,bag
IMG-108732,pullover
IMG-105084,bag
IMG-111782,top
IMG-111135,pullover
IMG-113364,trouser
IMG-109543,sneaker
IMG-114054,sandal
IMG-114089,coat
IMG-114236,coat
IMG-104436,top
IMG-105435,dress
IMG-104910,top
IMG-111816,shirt
IMG-110952,sneaker
IMG-113221,trouser
IMG-100544,ankle_boot
IMG-110360,pullover
IMG-102588,coat
IMG-110006,sandal
IMG-112685,ankle_boot
IMG-107408,shirt
IMG-109957,dress
IMG-103190,coat
IMG-110302,pullover
IMG-106439,ankle_boot
IMG-101553,bag
IMG-107995,shirt
IMG-107853,sandal
IMG-109312,top
IMG-102700,pullover
IMG-104816,bag
IMG-102845,dress
IMG-103078,sneaker
IMG-100868,bag
IMG-104120,bag
IMG-109047,top
IMG-109307,dress
IMG-109056,sneaker
IMG-110464,trouser
IMG-112982,pullover
IMG-107797,shirt
IMG-113245,shirt
IMG-114668,dress
IMG-111696,dress
IMG-108934,dress
IMG-112147,top
IMG-101595,pullover
IMG-102182,sneaker
IMG-105952,top
IMG-111707,pullover
IMG-101175,top
IMG-104401,top
IMG-103779,bag
IMG-110410,dress
IMG-104914,dress
IMG-100020,shirt
IMG-101366,ankle_boot
IMG-106615,top
IMG-104322,ankle_boot
IMG-106670,shirt
IMG-105057,pullover
IMG-111299,ankle_boot
IMG-114355,shirt
IMG-113934,coat
IMG-106236,trouser
IMG-113617,sneaker
IMG-109890,sneaker
IMG-104988,ankle_boot
IMG-110079,sandal
IMG-106339,ankle_boot
IMG-109641,bag
IMG-102874,sandal
IMG-102544,top
IMG-113284,sandal
IMG-114045,sandal
IMG-110477,dress
IMG-103532,dress
IMG-109586,pullover
IMG-109383,pullover
IMG-103245,sandal
IMG-110253,pullover
IMG-101283,sandal
IMG-112340,coat
IMG-114460,trouser
IMG-111552,sneaker
IMG-103708,pullover
IMG-103468,sandal
IMG-109587,top
IMG-107321,bag
IMG-103324,sneaker
IMG-111874,shirt
IMG-103463,sneaker
IMG-113568,ankle_boot
IMG-114430,trouser
IMG-103845,bag
IMG-106626,top
IMG-102070,shirt
IMG-113702,top
IMG-106921,sneaker
IMG-113607,dress
IMG-107057,top
IMG-109391,sneaker
IMG-111462,sandal
IMG-100703,ankle_boot
IMG-104609,pullover
IMG-100234,pullover
IMG-101423,trouser
IMG-103084,dress
IMG-106414,shirt
IMG-106861,top
IMG-108006,sandal
IMG-112447,sandal
IMG-107388,sandal
IMG-102749,dress
IMG-102480,trouser
IMG-105252,sneaker
IMG-101589,trouser
IMG-105580,pullover
IMG-106425,sandal
IMG-113688,shirt
IMG-109674,pullover
IMG-107746,ankle_boot
IMG-101569,sandal
IMG-110022,sneaker
IMG-102790,sandal
IMG-112925,top
IMG-110795,trouser
IMG-103761,sandal
IMG-109292,sandal
IMG-100385,top
IMG-100326,bag
IMG-100237,dress
IMG-110257,sneaker
IMG-102201,coat
IMG-111963,top
IMG-103332,sandal
IMG-105865,shirt
IMG-111384,bag
IMG-106813,shirt
IMG-113739,coat
IMG-110905,sneaker
IMG-105441,pullover
IMG-106633,coat
IMG-101987,shirt
IMG-111447,pullover
IMG-105203,pullover
IMG-107664,ankle_boot
IMG-114217,top
IMG-102408,shirt
IMG-110984,ankle_boot
IMG-109041,pullover
IMG-100124,pullover
IMG-105451,coat
IMG-107336,bag
IMG-101698,shirt
IMG-107800,pullover
IMG-101721,pullover
IMG-100066,coat
IMG-107844,ankle_boot
IMG-107034,ankle_boot
IMG-109433,ankle_boot
IMG-100617,bag
IMG-100572,bag
IMG-112675,coat
IMG-113765,dress
IMG-104107,ankle_boot
IMG-112116,bag
IMG-102020,trouser
IMG-112988,top
IMG-114124,dress
IMG-113643,top
IMG-109949,dress
IMG-113350,bag
IMG-101396,top
IMG-111821,shirt
IMG-102762,pullover
IMG-114320,shirt
IMG-100770,ankle_boot
IMG-109865,sneaker
IMG-110577,sneaker
IMG-114805,top
IMG-106881,top
IMG-113620,dress
IMG-100630,top
IMG-105367,top
IMG-107806,sandal
IMG-102029,sandal
IMG-109905,bag
IMG-106027,sandal
IMG-105764,trouser
IMG-112188,pullover
IMG-112142,coat
IMG-106486,bag
IMG-107910,coat
IMG-112272,top
IMG-113573,sneaker
IMG-104968,trouser
IMG-102465,top
IMG-101977,dress
IMG-102421,ankle_boot
IMG-111218,sneaker
IMG-112341,dress
IMG-101372,shirt
IMG-110139,bag
IMG-114955,pullover
IMG-106373,top
IMG-112886,bag
IMG-101972,top
IMG-113861,coat
IMG-102776,top
IMG-104836,sneaker
IMG-100424,sandal
IMG-104987,shirt
IMG-104317,coat
IMG-101419,ankle_boot
IMG-109513,sandal
IMG-102811,coat
IMG-103782,top
IMG-107419,trouser
IMG-108378,ankle_boot
IMG-104498,dress
IMG-114661,sneaker
IMG-113012,sandal
IMG-105018,trouser
IMG-112067,top
IMG-108413,top
IMG-103313,coat
IMG-108419,ankle_boot
IMG-102558,shirt
IMG-103890,trouser
IMG-101484,coat
IMG-107521,pullover
IMG-100109,sneaker
IMG-108188,coat
IMG-101370,sandal
IMG-108809,dress
IMG-100400,shirt
IMG-110016,pullover
IMG-103076,bag
IMG-104568,dress
IMG-109272,ankle_boot
IMG-104835,top
IMG-113706,bag
IMG-107773,trouser
IMG-112771,bag
IMG-104453,bag
IMG-101628,trouser
IMG-108817,sandal
IMG-105478,sandal
IMG-104608,sandal
IMG-103821,top
IMG-100798,pullover
IMG-107069,pullover
IMG-105988,ankle_boot
IMG-102150,shirt
IMG-109575,bag
IMG-101837,dress
IMG-104952,dress
IMG-103122,sneaker
IMG-104715,ankle_boot
IMG-112101,sandal
IMG-105872,ankle_boot
IMG-104763,ankle_boot
IMG-107905,coat
IMG-111872,bag
IMG-110813,coat
IMG-106421,top
IMG-102410,dress
IMG-112564,trouser
IMG-105097,coat
IMG-102305,top
IMG-102181,ankle_boot
IMG-103256,bag
IMG-108495,pullover
IMG-110879,shirt
IMG-106184,shirt
IMG-101085,shirt
IMG-102535,trouser
IMG-106306,dress
IMG-112165,trouser
IMG-112476,pullover
IMG-102579,top
IMG-100668,shirt
IMG-106624,shirt
IMG-105455,ankle_boot
IMG-102159,top
IMG-109359,sandal
IMG-100480,ankle_boot
IMG-102959,dress
IMG-111863,pullover
IMG-109298,bag
IMG-107212,trouser
IMG-107043,pullover
IMG-113338,shirt
IMG-100616,bag
IMG-110604,ankle_boot
IMG-102301,coat
IMG-104203,top
IMG-105432,dress
IMG-101887,trouser
IMG-112813,ankle_boot
IMG-106311,shirt
IMG-100803,coat
IMG-106709,sandal
IMG-114524,trouser
IMG-112248,trouser
IMG-107928,sandal
IMG-105218,shirt
IMG-110056,dress
IMG-100885,trouser
IMG-112059,pullover
IMG-112163,coat
IMG-110658,bag
IMG-104918,coat
IMG-105023,bag
IMG-102216,shirt
IMG-113844,dress
IMG-109932,bag
IMG-113071,shirt
IMG-109636,shirt
IMG-108154,sneaker
IMG-114784,trouser
IMG-113856,ankle_boot
IMG-103239,bag
IMG-109241,sneaker
IMG-106924,top
IMG-107079,top
IMG-108659,sneaker
IMG-103772,trouser
IMG-109554,sandal
IMG-109042,shirt
IMG-107393,bag
IMG-112515,coat
IMG-102571,ankle_boot
IMG-107482,trouser
IMG-114750,dress
IMG-103479,pullover
IMG-113776,coat
IMG-100372,ankle_boot
IMG-100542,dress
IMG-101898,shirt
IMG-108483,sneaker
IMG-100755,bag
IMG-101770,top
IMG-108510,dress
IMG-107841,pullover
IMG-112483,coat
IMG-104266,bag
IMG-105899,bag
IMG-112903,sandal
IMG-114652,sandal
IMG-112651,coat
IMG-107895,ankle_boot
IMG-101852,sandal
IMG-109864,bag
IMG-108804,pullover
IMG-107885,ankle_boot
IMG-110944,sandal
IMG-102407,sandal
IMG-101685,top
IMG-105718,top
IMG-103753,trouser
IMG-105672,sneaker
IMG-102441,coat
IMG-110849,top
IMG-109867,top
IMG-101777,sandal
IMG-106268,bag
IMG-109311,bag
IMG-104193,trouser
IMG-104211,bag
IMG-105795,sneaker
IMG-111989,ankle_boot
IMG-104294,coat
IMG-106874,top
IMG-106170,pullover
IMG-103147,shirt
IMG-105450,top
IMG-106902,top
IMG-105205,ankle_boot
IMG-103392,coat
IMG-106617,trouser
IMG-100083,shirt
IMG-101237,ankle_boot
IMG-102024,pullover
IMG-112590,bag
IMG-114039,trouser
IMG-110750,trouser
IMG-112075,ankle_boot
IMG-106634,pullover
IMG-111455,pullover
IMG-113015,top
IMG-108943,sneaker
IMG-107985,sandal
IMG-112565,shirt
IMG-110161,ankle_boot
IMG-104928,coat
IMG-100457,bag
IMG-113904,pullover
IMG-112367,coat
IMG-111597,top
IMG-113168,top
IMG-103241,pullover
IMG-108626,bag
IMG-112806,bag
IMG-104063,pullover
IMG-112043,coat
IMG-107395,top
IMG-104006,shirt
IMG-109795,pullover
IMG-103647,pullover
IMG-114611,pullover
IMG-105162,sandal
IMG-105241,trouser
IMG-111164,ankle_boot
IMG-110179,sandal
IMG-109201,top
IMG-100270,sneaker
IMG-114643,shirt
IMG-107437,dress
IMG-110172,top
IMG-104205,pullover
IMG-101989,sneaker
IMG-104275,ankle_boot
IMG-100286,top
IMG-110528,top
IMG-107002,trouser
IMG-103747,coat
IMG-100607,pullover
IMG-112202,shirt
IMG-110638,shirt
IMG-110456,sneaker
IMG-104341,ankle_boot
IMG-109549,trouser
IMG-107954,dress
IMG-104361,coat
IMG-111824,ankle_boot
IMG-104679,pullover
IMG-109765,bag
IMG-104843,bag
IMG-104161,shirt
IMG-114952,dress
IMG-108450,dress
IMG-107305,pullover
IMG-100726,sneaker
IMG-114725,ankle_boot
IMG-109148,top
IMG-110126,dress
IMG-105696,pullover
IMG-102944,ankle_boot
IMG-102388,shirt
IMG-102599,sneaker
IMG-110558,shirt
IMG-100791,pullover
IMG-105571,shirt
IMG-100952,pullover
IMG-105219,sandal
IMG-101458,bag
IMG-109843,dress
IMG-100402,dress
IMG-104160,top
IMG-105607,trouser
IMG-104690,pullover
IMG-106260,coat
IMG-113235,top
IMG-108915,pullover
IMG-101388,sneaker
IMG-113594,bag
IMG-114250,top
IMG-107729,shirt
IMG-114693,sneaker
IMG-107104,trouser
IMG-113356,ankle_boot
IMG-102697,dress
IMG-103748,top
IMG-106594,ankle_boot
IMG-109073,sneaker
IMG-109895,trouser
IMG-101591,sandal
IMG-109449,pullover
IMG-108489,sandal
IMG-105843,top
IMG-106465,coat
IMG-105043,coat
IMG-102767,top
IMG-108705,sneaker
IMG-100015,trouser
IMG-111588,trouser
IMG-112816,trouser
IMG-105521,coat
IMG-101828,sneaker
IMG-107328,sneaker
IMG-114582,ankle_boot
IMG-101674,dress
IMG-113876,sneaker
IMG-109612,pullover
IMG-107699,pullover
IMG-101025,coat
IMG-111498,trouser
IMG-103376,sneaker
IMG-112519,sandal
IMG-106358,ankle_boot
IMG-101323,sneaker
IMG-105116,sandal
IMG-102933,coat
IMG-107064,ankle_boot
IMG-102260,bag
IMG-109108,pullover
IMG-103770,shirt
IMG-111241,ankle_boot
IMG-100688,bag
IMG-102479,bag
IMG-106672,pullover
IMG-113050,trouser
IMG-107256,ankle_boot
IMG-103213,pullover
IMG-102430,trouser
IMG-111011,top
IMG-114825,sandal
IMG-114911,coat
IMG-112825,shirt
IMG-101134,pullover
IMG-102314,bag
IMG-105289,coat
IMG-109231,ankle_boot
IMG-108577,top
IMG-106911,ankle_boot
IMG-106836,shirt
IMG-110898,bag
IMG-105363,shirt
IMG-100427,ankle_boot
IMG-100727,trouser
IMG-107114,dress
IMG-105186,coat
IMG-102840,pullover
IMG-108787,shirt
IMG-109229,top
IMG-110208,trouser
IMG-108936,trouser
IMG-114000,dress
IMG-103536,dress
IMG-113167,sandal
IMG-105570,sneaker
IMG-101840,bag
IMG-111883,pullover
IMG-110569,sandal
IMG-106416,top
IMG-112553,trouser
IMG-110492,pullover
IMG-103155,shirt
IMG-101111,dress
IMG-114283,top
IMG-107390,sneaker
IMG-105335,coat
IMG-102751,sneaker
IMG-107977,trouser
IMG-106519,dress
IMG-105757,sandal
IMG-107487,sneaker
IMG-100240,dress
IMG-111527,top
IMG-104516,sneaker
IMG-112454,coat
IMG-105635,sandal
IMG-109084,coat
IMG-107880,dress
IMG-103307,ankle_boot
IMG-113241,shirt
IMG-108759,shirt
IMG-101541,pullover
IMG-107221,ankle_boot
IMG-101865,shirt
IMG-102113,shirt
IMG-114917,coat
IMG-100325,sandal
IMG-108228,top
IMG-103700,sandal
IMG-113908,sandal
IMG-104641,sneaker
IMG-113330,dress
IMG-102996,sneaker
IMG-105928,sandal
IMG-104784,bag
IMG-100821,ankle_boot
IMG-103053,top
IMG-111231,pullover
IMG-101739,coat
IMG-114272,top
IMG-108979,top
IMG-103602,ankle_boot
IMG-106815,top
IMG-111899,ankle_boot
IMG-111471,pullover
IMG-100523,shirt
IMG-110636,coat
IMG-104201,shirt
IMG-104814,trouser
IMG-111444,pullover
IMG-104093,top
IMG-106162,sneaker
IMG-105677,dress
IMG-103334,sneaker
IMG-100841,ankle_boot
IMG-113651,ankle_boot
IMG-104445,trouser
IMG-107226,sandal
IMG-101415,ankle_boot
IMG-103240,sneaker
IMG-110958,shirt
IMG-104589,dress
IMG-114954,sneaker
IMG-101230,trouser
IMG-104106,sandal
IMG-106390,sneaker
IMG-111001,coat
IMG-112956,top
IMG-106249,dress
IMG-100781,bag
IMG-113999,pullover
IMG-111289,shirt
IMG-106087,top
IMG-104467,dress
IMG-100300,sandal
IMG-110662,sandal
IMG-106943,ankle_boot
IMG-105986,coat
IMG-111293,coat
IMG-108107,trouser
IMG-112653,coat
IMG-101486,trouser
IMG-103722,sneaker
IMG-106071,ankle_boot
IMG-114118,dress
IMG-111175,sneaker
IMG-101885,top
IMG-114731,ankle_boot
IMG-100267,dress
IMG-105151,coat
IMG-112867,bag
IMG-102208,pullover
IMG-106993,shirt
IMG-109207,dress
IMG-114429,ankle_boot
IMG-107701,top
IMG-108149,coat
IMG-109055,trouser
IMG-110699,bag
IMG-107238,dress
IMG-105267,shirt
IMG-104327,ankle_boot
IMG-114448,pullover
IMG-105776,sneaker
IMG-104807,top
IMG-105902,ankle_boot
IMG-107154,dress
IMG-112644,sandal
IMG-111088,shirt
IMG-102107,bag
IMG-103920,trouser
IMG-101851,dress
IMG-110954,trouser
IMG-104823,sandal
IMG-106375,top
IMG-104377,bag
IMG-107331,top
IMG-110265,coat
IMG-110619,sandal
IMG-104993,top
IMG-105905,top
IMG-113985,pullover
IMG-100513,trouser
IMG-110204,sneaker
IMG-111100,shirt
IMG-101047,dress
IMG-107535,pullover
IMG-101726,ankle_boot
IMG-112118,pullover
IMG-102352,top
IMG-104719,pullover
IMG-104580,dress
IMG-114356,coat
IMG-111035,trouser
IMG-109225,top
IMG-112377,coat
IMG-113388,shirt
IMG-110698,bag
IMG-108665,shirt
IMG-110239,ankle_boot
IMG-105164,trouser
IMG-101207,bag
IMG-106706,sneaker
IMG-111081,dress
IMG-103584,pullover
IMG-107049,pullover
IMG-102752,trouser
IMG-108145,pullover
IMG-100764,sneaker
IMG-100261,shirt
IMG-113943,bag
IMG-100938,dress
IMG-108509,ankle_boot
IMG-114233,top
IMG-104351,pullover
IMG-106734,bag
IMG-103306,shirt
IMG-105272,top
IMG-103807,dress
IMG-114260,sandal
IMG-100590,dress
IMG-113618,shirt
IMG-112580,shirt
IMG-104358,sandal
IMG-100534,sneaker
IMG-112743,sneaker
IMG-107481,coat
IMG-112890,bag
IMG-100290,dress
IMG-106559,trouser
IMG-101893,bag
IMG-110020,dress
IMG-101507,sandal
IMG-107828,bag
IMG-113066,sandal
IMG-103139,top
IMG-103454,sandal
IMG-106098,coat
IMG-112679,bag
IMG-110379,bag
IMG-105046,shirt
IMG-108501,shirt
IMG-104219,sandal
IMG-107973,dress
IMG-111740,coat
IMG-113864,sandal
IMG-106153,trouser
IMG-108634,top
IMG-112930,coat
IMG-109411,top
IMG-113090,coat
IMG-108564,pullover
IMG-102582,trouser
IMG-100082,dress
IMG-112271,sneaker
IMG-103721,dress
IMG-110537,ankle_boot
IMG-109917,dress
IMG-104891,sneaker
IMG-106102,shirt
IMG-104427,trouser
IMG-105083,top
IMG-101352,sandal
IMG-100114,bag
IMG-108460,dress
IMG-109150,top
IMG-111206,sneaker
IMG-110680,dress
IMG-112026,shirt
IMG-114559,sandal
IMG-110340,sneaker
IMG-102375,sneaker
IMG-113039,shirt
IMG-104015,sandal
IMG-110631,sandal
IMG-108905,trouser
IMG-108599,shirt
IMG-112205,coat
IMG-109125,top
IMG-102969,bag
IMG-113424,dress
IMG-108271,ankle_boot
IMG-110378,pullover
IMG-108047,pullover
IMG-105724,sandal
IMG-113082,sneaker
IMG-111914,sandal
IMG-102923,trouser
IMG-103367,coat
IMG-108944,coat
IMG-100667,coat
IMG-109242,top
IMG-110058,bag
IMG-106287,trouser
IMG-109069,top
IMG-108576,dress
IMG-104072,top
IMG-112498,sneaker
IMG-104949,shirt
IMG-105588,bag
IMG-109121,shirt
IMG-106793,bag
IMG-109893,sandal
IMG-106318,top
IMG-103860,coat
IMG-108065,dress
IMG-109361,top
IMG-108964,trouser
IMG-103518,ankle_boot
IMG-105075,sandal
IMG-111666,bag
IMG-114057,sneaker
IMG-103132,bag
IMG-111480,dress
IMG-102835,bag
IMG-104628,dress
IMG-100560,sandal
IMG-102325,top
IMG-104271,dress
IMG-100305,coat
IMG-104866,top
IMG-108803,pullover
IMG-108522,dress
IMG-108899,bag
IMG-100664,dress
IMG-103354,ankle_boot
IMG-102083,sandal
IMG-100223,bag
IMG-108003,shirt
IMG-100811,top
IMG-112361,trouser
IMG-101798,trouser
IMG-101011,pullover
IMG-100334,sandal
IMG-113399,sandal
IMG-100741,coat
IMG-107759,coat
IMG-110252,pullover
IMG-104878,pullover
IMG-105459,ankle_boot
IMG-102256,ankle_boot
IMG-112127,top
IMG-104845,pullover
IMG-112074,sneaker
IMG-105175,ankle_boot
IMG-107200,bag
IMG-104410,top
IMG-105824,shirt
IMG-105734,dress
IMG-100359,bag
IMG-113194,sneaker
IMG-104895,sneaker
IMG-105015,bag
IMG-105771,coat
IMG-109600,dress
IMG-113176,dress
IMG-107342,pullover
IMG-112195,dress
IMG-102213,shirt
IMG-111143,dress
IMG-106578,ankle_boot
IMG-113387,dress
IMG-106939,ankle_boot
IMG-105968,dress
IMG-114346,trouser
IMG-102681,ankle_boot
IMG-111775,dress
IMG-108565,sneaker
IMG-100666,sandal
IMG-109428,dress
