property_id,dwelling_type,zoning,lot_frontage_ft,lot_area_sqft,lot_shape,neighborhood,building_type,house_style,overall_quality,overall_condition,year_built,year_remodeled,exterior_quality,foundation,basement_quality,basement_sqft,central_air,living_area_sqft,full_bathrooms,bedrooms,kitchen_quality,fireplaces,garage_type,garage_capacity,deck_sqft,sale_month,sale_year,sale_price
HOME-100244,60,RL,,12205,IR1,ClearCr,1Fam,2Story,6,8,1966,2007,TA,CBlock,TA,832.0,Y,2087,2,5,Gd,0,Attchd,2.0,133,7,2007,198066
HOME-100160,30,RL,52.0,9022,Reg,OldTown,1Fam,1Story,5,8,1924,2006,Gd,BrkTil,TA,768.0,Y,792,1,2,Gd,0,Detchd,1.0,316,5,2009,111974
HOME-101020,80,RL,87.0,11084,IR1,Gilbert,1Fam,SLvl,7,5,2004,2004,Gd,PConc,Gd,384.0,Y,1374,2,3,Gd,1,BuiltIn,2.0,100,6,2007,187796
HOME-100764,20,RL,95.0,13651,IR1,NAmes,1Fam,1Story,7,6,1973,1973,TA,CBlock,Gd,2223.0,Y,2223,2,3,TA,2,Attchd,2.0,300,2,2007,266189
HOME-101011,20,RL,74.0,9990,Reg,Mitchel,1Fam,1Story,4,5,1991,1991,TA,PConc,Gd,1680.0,Y,1689,2,3,TA,1,Attchd,2.0,428,7,2008,247587
HOME-101367,70,RM,47.0,7755,Reg,OldTown,1Fam,2Story,6,8,1918,1995,TA,CBlock,TA,1100.0,Y,2264,2,4,TA,0,Detchd,1.0,0,5,2007,216379
HOME-100465,20,RL,60.0,10122,Reg,OldTown,1Fam,1Story,4,6,1948,1950,TA,Slab,,0.0,N,869,1,1,TA,0,Detchd,1.0,0,8,2008,97934
HOME-100644,60,RL,,16659,IR1,NWAmes,1Fam,2Story,7,7,1977,1994,TA,CBlock,TA,795.0,Y,2263,2,3,Gd,1,Attchd,2.0,0,3,2006,257154
HOME-101929,90,RL,,11855,Reg,SawyerW,Duplex,2Story,7,5,2000,2000,TA,PConc,Ex,1168.0,Y,2787,4,6,TA,2,BuiltIn,4.0,312,10,2009,277043
HOME-100953,20,RL,110.0,14230,Reg,NridgHt,1Fam,1Story,8,5,2007,2007,Gd,PConc,Gd,1566.0,Y,1600,2,3,Gd,1,Attchd,3.0,0,7,2009,260438
HOME-100450,30,RM,51.0,6120,Reg,BrkSide,1Fam,1Story,5,7,1931,1993,TA,BrkTil,TA,715.0,Y,875,1,2,TA,0,Detchd,1.0,48,11,2009,106528
HOME-101034,20,RL,80.0,10400,Reg,NWAmes,1Fam,1Story,7,5,1976,1976,TA,CBlock,Gd,1090.0,Y,1370,2,3,TA,1,Attchd,2.0,0,6,2009,156520
HOME-102850,60,RL,174.0,15138,IR1,NoRidge,1Fam,2Story,8,5,1995,1996,Gd,PConc,Gd,1462.0,Y,2794,2,4,Ex,1,Attchd,3.0,0,7,2009,417159
HOME-101368,90,RL,,10547,IR1,Edwards,Duplex,SFoyer,5,5,1978,1978,TA,PConc,Gd,1152.0,Y,1152,2,2,TA,0,Detchd,1.0,0,7,2009,164798
HOME-102268,20,RM,99.0,5940,IR1,BrkSide,1Fam,1Story,4,7,1946,1950,TA,PConc,,,Y,896,1,2,TA,0,Detchd,1.0,0,4,2008,83570
HOME-100966,20,RL,83.0,9849,Reg,Somerst,1Fam,1Story,7,6,2007,2007,Gd,PConc,Gd,1689.0,Y,1689,2,3,Gd,0,Attchd,3.0,0,6,2007,270700
HOME-102366,60,RL,72.0,8640,Reg,NAmes,1Fam,2Story,5,5,1968,1968,TA,CBlock,Gd,900.0,Y,1770,1,4,TA,0,Attchd,2.0,0,6,2006,170903
HOME-101874,20,RL,79.0,8910,Reg,NAmes,1Fam,1Story,6,6,1959,1959,TA,CBlock,TA,655.0,Y,1194,1,3,TA,1,BuiltIn,2.0,0,7,2006,178241
HOME-101615,50,RM,52.0,6240,Reg,BrkSide,1Fam,1.5Fin,6,6,1934,1950,TA,PConc,TA,816.0,Y,1176,1,3,TA,1,Detchd,2.0,112,9,2006,124793
HOME-102281,20,RL,160.0,18160,Reg,Gilbert,1Fam,1Story,6,6,1964,1964,TA,CBlock,TA,1302.0,Y,1128,1,3,TA,1,Attchd,2.0,0,3,2007,169312
HOME-102169,50,RL,66.0,21780,Reg,Edwards,1Fam,1.5Fin,6,7,1918,1950,TA,BrkTil,Gd,1163.0,Y,1674,2,4,TA,1,Detchd,2.0,72,7,2008,197333
HOME-100270,60,RL,62.0,7917,Reg,Gilbert,1Fam,2Story,6,5,1999,2000,TA,PConc,Gd,953.0,Y,1647,2,3,TA,1,Attchd,2.0,0,8,2007,189439
HOME-102019,20,RL,65.0,7150,Reg,Sawyer,1Fam,1Story,5,6,1962,1962,TA,CBlock,TA,912.0,Y,912,1,3,TA,0,Attchd,1.0,0,10,2009,127348
HOME-101001,50,RM,60.0,5520,Reg,OldTown,1Fam,1.5Fin,4,6,1920,1980,TA,PConc,TA,1147.0,N,1657,1,4,Fa,1,Detchd,1.0,0,7,2006,126457
HOME-102383,60,FV,85.0,10574,Reg,Somerst,1Fam,2Story,8,5,2005,2006,Gd,PConc,Gd,1082.0,Y,1953,2,3,Gd,1,Attchd,3.0,160,5,2009,265923
HOME-102790,50,RL,60.0,7200,Reg,NAmes,1Fam,1.5Fin,6,5,1954,1954,TA,CBlock,TA,854.0,Y,1278,1,4,TA,0,Attchd,1.0,0,4,2008,135963
HOME-102137,60,RL,96.0,11308,IR1,NridgHt,1Fam,2Story,9,5,2008,2008,Ex,PConc,Ex,1104.0,Y,2184,2,3,Ex,1,Attchd,3.0,0,7,2009,348737
HOME-100566,160,RM,21.0,1680,Reg,BrDale,Twnhs,2Story,5,5,1971,1971,TA,CBlock,TA,630.0,Y,1302,2,3,TA,0,Detchd,1.0,0,5,2009,114880
HOME-101017,60,RL,62.0,8857,IR1,Gilbert,1Fam,2Story,6,5,2006,2006,Gd,PConc,Gd,738.0,Y,1495,2,3,Gd,1,Attchd,2.0,100,3,2007,186862
HOME-100531,60,RL,,11929,IR1,NoRidge,1Fam,2Story,8,7,1995,1995,Gd,PConc,Gd,1242.0,Y,2501,2,4,Gd,1,Attchd,3.0,192,6,2008,311295
HOME-100972,70,RL,100.0,9670,IR1,Crawfor,1Fam,2Story,8,6,1935,1950,TA,PConc,TA,608.0,Y,1873,1,4,TA,2,Detchd,2.0,0,6,2008,269690
HOME-101311,20,RL,63.0,9750,IR1,Sawyer,1Fam,1Story,5,5,1962,1962,TA,CBlock,TA,980.0,Y,980,1,3,TA,0,Detchd,2.0,0,11,2009,113342
HOME-102503,80,RL,88.0,15312,Reg,Sawyer,1Fam,SLvl,6,5,1960,1960,TA,CBlock,TA,1138.0,Y,1138,1,3,TA,1,Attchd,2.0,0,3,2009,155296
HOME-100871,120,RL,34.0,5001,IR1,NridgHt,Twnhs,1Story,7,5,2007,2008,Gd,PConc,Gd,1314.0,Y,1314,2,2,Gd,1,Attchd,2.0,172,7,2009,237934
HOME-102528,20,RL,98.0,12291,IR1,Somerst,1Fam,1Story,10,5,2007,2007,Ex,PConc,Ex,1966.0,Y,1966,2,1,Ex,1,Attchd,3.0,76,10,2007,462080
HOME-100322,20,RL,80.0,9200,Reg,NAmes,1Fam,1Story,6,6,1965,1965,TA,CBlock,TA,1136.0,Y,1136,1,3,TA,1,Attchd,1.0,426,7,2008,144542
HOME-100714,20,RL,70.0,7315,Reg,NAmes,1Fam,1Story,5,6,1958,1958,TA,CBlock,TA,1170.0,Y,1170,1,3,TA,1,Attchd,1.0,0,3,2007,155543
HOME-102645,160,RL,75.0,10762,Reg,SawyerW,TwnhsE,2Story,6,6,1980,1980,TA,CBlock,Gd,626.0,Y,1217,1,3,TA,1,Attchd,1.0,0,4,2009,124640
HOME-101831,20,RL,84.0,17808,Reg,Edwards,1Fam,1Story,4,5,1946,1950,TA,CBlock,TA,484.0,N,1242,1,2,TA,0,Attchd,1.0,0,7,2007,119145
HOME-102157,60,FV,75.0,9375,Reg,Somerst,1Fam,2Story,8,5,2003,2004,Gd,PConc,Ex,1053.0,Y,1992,2,3,Gd,1,Attchd,2.0,140,8,2008,266224
HOME-102474,20,RL,,12493,IR1,NAmes,1Fam,1Story,4,5,1960,1960,TA,PConc,TA,1100.0,Y,1100,1,3,TA,1,Attchd,1.0,355,4,2008,151087
HOME-102093,60,RL,70.0,8750,Reg,CollgCr,1Fam,2Story,6,5,1998,1998,TA,PConc,Gd,928.0,Y,1772,2,3,TA,1,Attchd,2.0,150,4,2009,207240
HOME-102660,120,RL,40.0,5664,IR1,StoneBr,TwnhsE,1Story,8,5,2000,2000,Gd,PConc,Gd,1501.0,Y,1659,2,2,Ex,1,Attchd,2.0,212,10,2009,285508
HOME-102543,20,RL,,9308,IR1,Sawyer,1Fam,1Story,5,5,1965,1965,TA,CBlock,TA,984.0,Y,984,1,3,TA,0,Attchd,1.0,0,7,2006,137224
HOME-100252,20,RL,70.0,9100,Reg,Sawyer,1Fam,1Story,5,5,1963,1963,TA,PConc,TA,984.0,Y,984,1,3,TA,1,Attchd,1.0,145,8,2008,132172
HOME-101241,60,RL,70.0,10457,IR1,Mitchel,1Fam,2Story,5,7,1969,1969,Gd,CBlock,TA,784.0,Y,1632,1,4,TA,1,Attchd,2.0,0,4,2009,180080
HOME-101233,120,RL,34.0,4590,Reg,NridgHt,Twnhs,1Story,8,5,2006,2006,Gd,PConc,Gd,1554.0,Y,1554,2,2,Gd,1,Attchd,2.0,156,8,2007,227030
HOME-101738,70,RL,63.0,15576,Reg,Crawfor,1Fam,2Story,6,7,1915,1976,TA,BrkTil,Gd,840.0,Y,1680,2,4,TA,0,Attchd,1.0,0,3,2008,183401
HOME-101775,20,RL,69.0,14850,IR1,NAmes,1Fam,1Story,5,5,1957,1957,TA,CBlock,TA,1092.0,Y,1092,1,2,TA,1,Attchd,1.0,268,5,2006,157503
HOME-100747,20,RL,,11327,IR1,Sawyer,1Fam,1Story,5,6,1967,1967,TA,CBlock,TA,1064.0,Y,1064,1,3,TA,1,Attchd,2.0,314,6,2006,166232
HOME-100675,120,RL,53.0,4043,Reg,NPkVill,TwnhsE,1Story,6,6,1977,1977,TA,CBlock,Gd,1069.0,Y,1069,2,2,TA,0,Attchd,2.0,0,10,2008,150460
HOME-101287,60,RL,121.0,16059,Reg,NoRidge,1Fam,2Story,8,5,1991,1992,Gd,CBlock,Gd,1288.0,Y,2417,2,4,Gd,1,Attchd,2.0,127,4,2006,279532
HOME-100943,20,RL,80.0,9600,Reg,NAmes,1Fam,1Story,5,6,1956,1956,TA,CBlock,TA,1050.0,Y,1050,1,2,TA,0,Attchd,1.0,0,6,2009,132813
HOME-101695,70,RL,75.0,13125,Reg,Crawfor,1Fam,2Story,7,6,1940,1984,TA,CBlock,TA,800.0,Y,1740,1,3,TA,2,Attchd,1.0,0,7,2007,241086
HOME-102684,45,RM,40.0,5680,Reg,OldTown,1Fam,1.5Fin,5,4,1901,1950,TA,CBlock,TA,592.0,N,1173,2,3,TA,0,Detchd,1.0,0,9,2007,121289
HOME-100201,60,RL,96.0,10628,IR1,SawyerW,1Fam,2Story,7,5,2004,2004,Gd,PConc,Gd,835.0,Y,1812,2,3,Gd,0,BuiltIn,2.0,146,1,2009,197675
HOME-102729,30,RL,60.0,5400,Reg,OldTown,1Fam,1Story,4,7,1940,2005,Gd,PConc,TA,672.0,Y,672,1,2,TA,0,Detchd,1.0,88,7,2008,92318
HOME-102826,60,RL,80.0,12435,Reg,CollgCr,1Fam,2Story,7,5,2001,2001,Gd,PConc,Gd,963.0,Y,1792,2,3,Gd,1,Attchd,2.0,0,5,2008,247156
HOME-100410,20,RL,70.0,8092,Reg,NAmes,1Fam,1Story,6,8,1954,2000,TA,CBlock,TA,1050.0,Y,1050,1,3,Gd,0,Attchd,1.0,0,6,2006,172069
HOME-101806,20,RL,65.0,7150,Reg,NAmes,1Fam,1Story,5,6,1966,1966,TA,CBlock,TA,988.0,Y,988,1,3,TA,0,Detchd,1.0,0,11,2007,136046
HOME-100428,90,RL,60.0,7200,Reg,NAmes,Duplex,1Story,4,5,1949,1950,TA,Slab,,0.0,N,1040,2,2,TA,0,Detchd,2.0,0,6,2009,92454
HOME-100258,20,RL,87.0,11146,IR1,NridgHt,1Fam,1Story,8,5,2006,2006,Gd,PConc,Ex,1709.0,Y,1717,2,3,Gd,1,Attchd,3.0,169,7,2009,261253
HOME-102123,80,RL,82.0,9020,Reg,NAmes,1Fam,SLvl,6,7,1966,1966,TA,CBlock,TA,1127.0,Y,1165,1,3,TA,0,Attchd,2.0,0,5,2008,187771
HOME-102590,75,RL,84.0,9660,Reg,NoRidge,1Fam,2.5Unf,8,5,1997,1997,Gd,PConc,Gd,1173.0,Y,2199,2,3,Gd,1,Attchd,2.0,0,9,2008,290648
HOME-102312,60,RL,57.0,8773,IR1,Gilbert,1Fam,2Story,6,5,1997,1997,TA,PConc,Gd,916.0,Y,1600,2,3,TA,1,Attchd,2.0,100,8,2007,181731
HOME-100944,60,RL,74.0,7844,Reg,Sawyer,1Fam,2Story,6,7,1978,1978,TA,CBlock,TA,672.0,Y,1400,1,3,TA,1,Attchd,2.0,0,3,2006,160939
HOME-100649,45,RM,50.0,5000,Reg,BrkSide,1Fam,1.5Unf,6,7,1926,1950,TA,BrkTil,TA,992.0,Y,1013,1,3,TA,0,Detchd,1.0,0,4,2008,120936
HOME-101193,160,FV,24.0,2280,Reg,Somerst,Twnhs,2Story,6,5,1999,1999,TA,PConc,Gd,744.0,Y,1549,2,3,TA,0,Detchd,2.0,0,4,2008,178501
HOME-100768,50,RL,50.0,5190,Reg,Edwards,1Fam,1.5Fin,7,5,1948,1950,TA,CBlock,TA,570.0,Y,1079,1,2,TA,1,Attchd,1.0,135,1,2008,134580
HOME-101576,60,RL,68.0,10110,Reg,SawyerW,1Fam,2Story,6,5,2003,2003,Gd,PConc,Gd,835.0,Y,1696,2,3,Gd,0,Attchd,2.0,143,7,2008,199603
HOME-101626,60,RL,,11029,IR1,NWAmes,1Fam,2Story,6,7,1968,1984,TA,CBlock,TA,1054.0,Y,2654,2,4,Gd,1,Attchd,2.0,0,8,2006,274024
HOME-100333,50,RL,81.0,15593,Reg,ClearCr,1Fam,1.5Fin,7,4,1953,1953,Gd,CBlock,TA,1304.0,Y,2287,2,3,TA,1,Attchd,2.0,0,7,2006,251392
HOME-100007,20,RL,,20693,IR1,Crawfor,1Fam,1Story,7,5,1971,1971,TA,CBlock,Gd,1696.0,Y,1696,2,3,TA,2,Attchd,2.0,0,2,2007,216559
HOME-100067,20,RL,,16635,IR1,NWAmes,1Fam,1Story,6,7,1977,2000,Gd,CBlock,Gd,1602.0,Y,1602,2,3,Gd,1,Attchd,2.0,240,6,2009,223749
HOME-102525,50,RL,62.0,8707,Reg,Edwards,1Fam,1.5Fin,4,5,1924,1950,TA,BrkTil,TA,1093.0,N,1669,1,4,TA,0,Attchd,1.0,0,5,2006,119076
HOME-101578,30,RL,56.0,4060,Reg,Edwards,1Fam,1Story,5,8,1922,1950,TA,PConc,Fa,864.0,Y,864,1,2,TA,0,,0.0,0,7,2009,102248
HOME-100774,60,RL,168.0,23257,IR3,Gilbert,1Fam,2Story,7,5,2006,2006,Gd,PConc,Ex,868.0,Y,2021,2,3,Gd,1,BuiltIn,2.0,0,9,2006,302906
HOME-100493,160,FV,30.0,3180,Reg,Somerst,TwnhsE,2Story,7,5,2005,2005,TA,PConc,Gd,600.0,Y,1200,2,2,Gd,0,Detchd,2.0,0,6,2006,163264
HOME-102488,20,RL,74.0,12395,Reg,Mitchel,1Fam,1Story,5,6,1984,1984,TA,CBlock,TA,864.0,Y,889,1,3,TA,0,Attchd,2.0,0,4,2008,147473
HOME-102193,180,RM,,1533,Reg,MeadowV,Twnhs,SLvl,4,5,1970,1970,TA,CBlock,Gd,530.0,Y,992,1,2,TA,0,BuiltIn,1.0,112,7,2007,114743
HOME-100325,50,RL,70.0,12392,Reg,Crawfor,1Fam,1.5Fin,7,9,1950,2000,TA,CBlock,TA,832.0,Y,2161,2,3,Gd,2,Attchd,2.0,0,4,2008,285151
HOME-100358,20,RL,79.0,10240,Reg,NWAmes,1Fam,1Story,6,6,1980,1980,TA,CBlock,Gd,1686.0,Y,1686,2,3,TA,1,Attchd,2.0,384,5,2006,227122
HOME-101325,190,RM,33.0,4456,Reg,OldTown,2fmCon,2Story,4,5,1920,2008,TA,BrkTil,TA,736.0,Y,1452,2,2,TA,0,,0.0,0,6,2009,117116
HOME-100984,90,RL,75.0,8604,IR1,NAmes,Duplex,SFoyer,5,7,1978,1978,TA,CBlock,Gd,941.0,Y,941,1,2,Gd,0,Attchd,2.0,0,11,2009,150873
HOME-102344,60,RL,75.0,11404,IR1,CollgCr,1Fam,2Story,7,5,1998,1999,Gd,PConc,Gd,1153.0,Y,2031,2,3,Gd,1,Attchd,2.0,192,7,2008,232860
HOME-101259,20,RL,53.0,15401,IR1,StoneBr,1Fam,1Story,9,5,2004,2004,Ex,PConc,Ex,1884.0,Y,1884,2,2,Ex,1,Attchd,3.0,214,9,2008,408621
HOME-100019,80,RL,70.0,12886,IR1,Sawyer,1Fam,SLvl,5,6,1963,1999,TA,CBlock,Gd,520.0,Y,1464,2,3,TA,1,Attchd,2.0,302,10,2009,180805
HOME-102306,20,RL,74.0,9612,Reg,Somerst,1Fam,1Story,8,5,2008,2009,Gd,PConc,Gd,1468.0,Y,1468,2,3,Gd,1,Attchd,3.0,210,12,2009,253448
HOME-101202,90,RL,64.0,7018,Reg,SawyerW,Duplex,2Story,5,5,1979,1979,TA,Slab,,0.0,Y,2228,2,6,TA,0,Detchd,2.0,73,6,2009,150997
HOME-100467,20,RL,61.0,8800,IR1,CollgCr,1Fam,1Story,5,7,1977,2008,TA,CBlock,Gd,1040.0,Y,1040,2,3,Gd,0,Detchd,2.0,0,9,2009,155649
HOME-102489,20,RL,79.0,10634,Reg,NAmes,1Fam,1Story,5,6,1953,1953,TA,PConc,TA,608.0,Y,1319,1,3,TA,0,Attchd,1.0,66,11,2009,127042
HOME-100049,90,RL,76.0,9482,Reg,NAmes,Duplex,1Story,5,4,1958,1958,TA,PConc,TA,1866.0,Y,1866,2,4,TA,0,Detchd,2.0,0,12,2009,140948
HOME-101033,60,RL,,13250,IR1,NWAmes,1Fam,2Story,7,6,1978,1978,TA,CBlock,Gd,832.0,Y,2050,2,4,Gd,1,Attchd,2.0,192,5,2009,159048
HOME-101885,60,RL,60.0,6931,Reg,Edwards,1Fam,2Story,7,5,2003,2004,Gd,PConc,Gd,746.0,Y,1656,2,3,Gd,1,BuiltIn,2.0,178,7,2008,170930
HOME-102390,20,RL,72.0,9770,Reg,NAmes,1Fam,1Story,5,5,1957,1957,TA,CBlock,TA,922.0,Y,922,1,2,TA,0,Attchd,1.0,0,4,2007,125427
HOME-101541,20,RL,73.0,8925,IR1,Timber,1Fam,1Story,8,5,2007,2007,Gd,PConc,Gd,1466.0,Y,1466,2,3,Gd,0,Attchd,3.0,100,7,2009,205883
HOME-102425,80,RL,55.0,7700,Reg,NAmes,1Fam,SLvl,5,7,1956,1956,TA,CBlock,Gd,301.0,Y,1145,1,3,TA,0,Detchd,2.0,0,9,2006,138428
HOME-100986,70,RM,60.0,6402,Reg,IDOTRR,1Fam,2Story,5,5,1920,1950,TA,PConc,TA,596.0,N,1192,1,3,TA,0,Detchd,1.0,0,7,2009,80012
HOME-101760,80,RL,62.0,7750,Reg,Gilbert,1Fam,SLvl,7,5,1999,2000,TA,PConc,Gd,384.0,Y,1430,2,3,TA,1,BuiltIn,2.0,0,3,2009,162330
HOME-100890,50,RL,60.0,14190,Reg,OldTown,1Fam,1.5Fin,4,7,1890,2006,Gd,CBlock,Fa,925.0,Y,1544,2,3,TA,0,,0.0,231,4,2007,146571
HOME-101160,80,RL,80.0,8000,Reg,NAmes,1Fam,SLvl,5,5,1959,1959,TA,CBlock,Gd,528.0,Y,1183,1,3,TA,0,Attchd,1.0,0,7,2009,143668
HOME-100180,70,RM,60.0,6882,Reg,IDOTRR,1Fam,2Story,6,7,1914,2006,TA,PConc,TA,684.0,Y,1355,1,3,Gd,0,,0.0,136,3,2007,138238
HOME-101623,60,FV,72.0,8640,Reg,Somerst,1Fam,2Story,8,5,2007,2007,Gd,PConc,Gd,896.0,Y,1792,2,3,Gd,0,Attchd,2.0,184,11,2007,272916
HOME-100104,20,RL,76.0,8243,IR1,NAmes,1Fam,1Story,5,7,1961,1961,TA,CBlock,TA,964.0,Y,964,1,3,TA,1,Detchd,2.0,170,2,2007,148348
HOME-101733,20,RL,76.0,11355,IR1,NAmes,1Fam,1Story,7,7,1958,2001,TA,CBlock,TA,1312.0,Y,1312,1,3,TA,1,Attchd,2.0,0,4,2008,196163
HOME-102545,90,RL,67.0,8777,Reg,Edwards,Duplex,1.5Fin,5,7,1900,2003,TA,CBlock,TA,1272.0,Y,2200,2,4,TA,0,,0.0,0,9,2008,151204
HOME-102387,85,RL,75.0,11235,Reg,Sawyer,1Fam,SFoyer,5,5,1964,1980,TA,CBlock,Gd,1420.0,Y,1452,1,2,TA,1,Detchd,2.0,92,11,2007,169335
HOME-100844,20,RL,56.0,26073,IR1,Crawfor,1Fam,1Story,5,5,1956,1956,TA,PConc,TA,1898.0,Y,1898,2,3,TA,2,Attchd,2.0,0,4,2008,253061
HOME-101448,60,RL,80.0,9600,Reg,NWAmes,1Fam,2Story,7,5,1974,1974,TA,CBlock,TA,1165.0,Y,2061,2,4,TA,1,Attchd,2.0,0,5,2009,170686
HOME-101742,20,RL,82.0,9888,Reg,NAmes,1Fam,1Story,5,6,1954,1975,TA,CBlock,TA,936.0,Y,936,1,2,TA,0,Attchd,1.0,0,3,2006,132665
HOME-102665,50,RL,55.0,7264,Reg,BrkSide,1Fam,1.5Fin,7,7,1925,2007,Gd,BrkTil,TA,952.0,N,1548,2,3,Ex,0,Detchd,2.0,74,10,2009,212822
HOME-102789,20,RL,60.0,11556,Reg,NAmes,1Fam,1Story,5,9,1953,2006,TA,CBlock,TA,864.0,Y,1154,1,3,Ex,0,Detchd,1.0,63,7,2007,155473
HOME-102837,60,RL,85.0,10560,Reg,SawyerW,1Fam,2Story,7,5,1993,1994,Gd,PConc,Gd,1079.0,Y,1879,2,3,Gd,1,Attchd,2.0,400,8,2009,248188
HOME-101942,60,RL,90.0,11250,Reg,CollgCr,1Fam,2Story,7,5,1995,1996,Gd,PConc,Gd,930.0,Y,1995,2,4,Gd,1,Attchd,2.0,275,7,2006,260766
HOME-100996,60,RL,63.0,8199,Reg,CollgCr,1Fam,2Story,7,5,2005,2005,Gd,PConc,Gd,728.0,Y,1456,2,3,Gd,1,Attchd,2.0,36,10,2008,199207
HOME-100290,160,RL,24.0,2289,Reg,NPkVill,Twnhs,2Story,6,6,1978,1978,TA,CBlock,TA,855.0,Y,1441,2,3,TA,1,Attchd,2.0,28,4,2009,156027
HOME-101546,120,RL,47.0,6904,IR1,NridgHt,TwnhsE,1Story,6,5,2005,2005,Gd,PConc,Gd,1358.0,Y,1358,2,2,Gd,1,Attchd,2.0,192,8,2009,213672
HOME-102046,60,RL,62.0,8244,IR1,Gilbert,1Fam,2Story,7,5,2004,2004,Gd,PConc,Gd,840.0,Y,1720,2,3,Gd,1,Attchd,2.0,100,5,2007,204445
HOME-100828,120,RL,22.0,11064,IR2,Veenker,TwnhsE,1Story,8,5,1995,1995,Gd,PConc,Gd,1230.0,Y,1239,1,1,Gd,1,Attchd,2.0,172,8,2008,233800
HOME-101519,20,RL,70.0,11767,Reg,Edwards,1Fam,1Story,5,5,1950,1950,TA,CBlock,Fa,1078.0,Y,1368,1,3,TA,0,Attchd,1.0,0,6,2009,125998
HOME-101981,90,RL,,11500,IR1,NWAmes,Duplex,1Story,5,6,1976,1976,TA,CBlock,TA,1680.0,Y,1680,2,4,TA,0,Detchd,2.0,0,6,2007,145873
HOME-101031,20,RL,67.0,9808,IR1,CollgCr,1Fam,1Story,7,5,2002,2002,Gd,PConc,Gd,1573.0,Y,1573,2,3,Gd,0,Attchd,2.0,0,3,2009,230390
HOME-102782,20,RL,53.0,3710,Reg,Blmngtn,1Fam,1Story,7,5,2007,2008,Gd,PConc,Gd,1146.0,Y,1246,2,2,Gd,1,Attchd,2.0,100,3,2008,201349
HOME-102493,120,RL,60.0,8118,Reg,StoneBr,TwnhsE,1Story,9,5,2007,2007,Ex,PConc,Ex,1710.0,Y,1710,2,2,Ex,1,Attchd,2.0,156,7,2008,357783
HOME-101088,120,RL,34.0,3901,Reg,NridgHt,Twnhs,1Story,6,5,2005,2006,Gd,PConc,Gd,1302.0,Y,1302,1,1,Gd,1,Attchd,2.0,110,8,2007,221047
HOME-101624,90,RL,,8544,Reg,NAmes,Duplex,1Story,3,4,1949,1950,TA,Slab,,0.0,N,1040,2,2,TA,0,Detchd,2.0,0,5,2006,95771
HOME-100862,60,RL,,12394,IR1,Gilbert,1Fam,2Story,7,5,2003,2003,Gd,PConc,Gd,847.0,Y,1733,2,3,Gd,1,BuiltIn,2.0,100,10,2007,244144
HOME-101553,20,RL,200.0,43500,Reg,Mitchel,1Fam,1Story,3,5,1953,1953,TA,CBlock,,0.0,Y,2034,1,2,TA,0,2Types,4.0,483,6,2007,141531
HOME-100545,60,RL,61.0,11339,IR1,NWAmes,1Fam,2Story,7,5,1979,1979,TA,CBlock,Gd,780.0,Y,1930,2,4,Gd,1,Attchd,2.0,192,3,2007,206115
HOME-101369,20,RL,100.0,21750,Reg,Mitchel,1Fam,1Story,5,4,1960,2006,TA,Slab,,0.0,Y,1771,1,3,TA,1,Attchd,2.0,0,11,2009,117484
HOME-101861,20,RL,,7000,IR1,CollgCr,1Fam,1Story,5,8,1978,2005,Gd,CBlock,TA,864.0,Y,864,1,3,TA,0,Attchd,1.0,0,7,2009,143011
HOME-100631,20,RL,,25485,IR1,Crawfor,1Fam,1Story,6,4,1960,1960,TA,CBlock,TA,1560.0,Y,1560,1,3,TA,3,Attchd,2.0,0,5,2007,218417
HOME-102050,20,RL,54.0,13811,IR1,Timber,1Fam,1Story,6,6,1987,1987,TA,CBlock,Gd,1112.0,Y,1137,2,2,Gd,1,Attchd,2.0,125,7,2006,193551
HOME-100346,20,RL,91.0,10437,IR1,NoRidge,1Fam,1Story,8,6,1995,1995,Gd,PConc,Gd,2109.0,Y,2113,2,2,Gd,1,Attchd,3.0,236,8,2008,373350
HOME-102435,120,RM,,4426,Reg,CollgCr,TwnhsE,1Story,6,5,2004,2004,Gd,PConc,Gd,848.0,Y,848,1,1,Gd,1,Attchd,2.0,149,5,2008,160032
HOME-102508,160,RM,21.0,1680,Reg,BrDale,Twnhs,2Story,6,5,1972,1972,TA,CBlock,TA,525.0,Y,1092,1,3,TA,0,Detchd,1.0,352,10,2006,117218
HOME-101346,20,RL,65.0,8769,Reg,CollgCr,1Fam,1Story,7,5,2005,2005,Gd,PConc,Gd,1169.0,Y,1190,2,2,Gd,0,Attchd,2.0,100,10,2007,187904
HOME-100475,60,RL,71.0,7056,Reg,NAmes,1Fam,2Story,6,5,1963,1963,TA,CBlock,TA,780.0,Y,1796,1,4,TA,1,Attchd,2.0,0,10,2008,148815
HOME-101947,60,RL,74.0,10141,IR1,Gilbert,1Fam,2Story,7,5,1998,1998,TA,PConc,Gd,832.0,Y,1718,2,3,TA,1,Attchd,2.0,0,12,2009,189972
HOME-101617,80,RL,76.0,9967,IR1,Gilbert,1Fam,SLvl,7,5,2000,2000,TA,PConc,Gd,384.0,Y,1430,2,3,TA,1,BuiltIn,2.0,100,12,2007,184580
HOME-100993,180,RM,21.0,1470,Reg,MeadowV,Twnhs,SFoyer,4,6,1970,1970,TA,CBlock,Gd,630.0,Y,630,1,1,TA,0,,0.0,0,4,2006,79644
HOME-100427,75,RM,65.0,8850,IR1,OldTown,1Fam,2.5Unf,7,6,1916,1950,TA,BrkTil,TA,815.0,Y,1690,1,3,TA,1,Detchd,1.0,0,7,2006,159039
HOME-102666,20,RL,70.0,9100,Reg,NAmes,1Fam,1Story,5,5,1960,1960,TA,CBlock,TA,1144.0,Y,1144,1,3,TA,1,Attchd,1.0,0,6,2007,131149
HOME-100622,50,RL,51.0,4712,IR1,BrkSide,1Fam,1.5Fin,4,7,1946,1950,TA,CBlock,TA,747.0,Y,1230,1,3,TA,0,Detchd,1.0,0,8,2006,134522
HOME-101170,20,RL,98.0,16033,IR1,NridgHt,1Fam,1Story,9,5,2004,2005,Gd,PConc,Ex,1833.0,Y,1850,2,3,Gd,1,Attchd,3.0,519,3,2006,356445
HOME-100909,20,RL,63.0,17423,IR1,StoneBr,1Fam,1Story,9,5,2008,2009,Ex,PConc,Ex,2216.0,Y,2234,2,1,Ex,1,Attchd,3.0,0,7,2009,509002
HOME-100801,50,RL,60.0,8160,Reg,Edwards,1Fam,1.5Fin,5,6,1940,1950,TA,BrkTil,TA,756.0,N,1134,1,3,TA,0,Detchd,1.0,0,4,2007,136430
HOME-101957,60,RL,78.0,9316,IR1,CollgCr,1Fam,2Story,7,5,2005,2005,Gd,PConc,Gd,784.0,Y,1596,2,3,Gd,0,Attchd,2.0,144,6,2006,199058
HOME-100147,70,RM,80.0,4800,Reg,OldTown,1Fam,2Story,5,5,1910,2003,TA,BrkTil,TA,680.0,N,1360,1,2,TA,0,Attchd,1.0,192,1,2008,116814
HOME-102648,20,RL,,22692,IR1,Edwards,1Fam,1Story,5,5,1953,1953,TA,CBlock,TA,1073.0,Y,1630,2,3,TA,1,Detchd,2.0,0,3,2007,141305
HOME-102608,50,RL,60.0,9120,Reg,BrkSide,1Fam,1.5Fin,7,6,1925,1950,TA,PConc,TA,1026.0,Y,1820,2,4,TA,0,Detchd,1.0,0,6,2008,195244
HOME-101298,85,RL,150.0,14137,Reg,Mitchel,1Fam,SFoyer,4,5,1964,1964,TA,CBlock,Gd,1200.0,Y,1200,1,3,TA,0,2Types,3.0,0,11,2008,183969
HOME-101829,120,RL,,5271,IR1,ClearCr,1Fam,1Story,7,5,1986,1986,TA,PConc,Gd,1453.0,Y,1453,1,2,Gd,1,Attchd,2.0,0,12,2006,208006
HOME-101773,20,RL,80.0,8700,Reg,NAmes,1Fam,1Story,5,6,1963,1963,TA,CBlock,TA,1120.0,Y,1128,2,3,TA,0,Attchd,2.0,192,12,2008,161391
HOME-100314,20,RL,110.0,14442,Reg,Crawfor,1Fam,1Story,6,7,1957,2004,TA,PConc,TA,1477.0,Y,1839,2,3,Gd,2,Attchd,2.0,0,6,2007,278776
HOME-102533,80,RL,,8530,IR1,Gilbert,1Fam,SLvl,7,5,1995,1996,TA,PConc,Gd,384.0,Y,1474,2,3,TA,1,BuiltIn,2.0,120,5,2009,172620
HOME-102035,120,RL,55.0,7301,IR1,NridgHt,TwnhsE,1Story,7,6,2007,2008,Gd,PConc,Gd,1350.0,Y,1358,2,2,Gd,1,Attchd,2.0,192,11,2008,232355
HOME-101442,60,RL,80.0,9024,IR1,Gilbert,1Fam,2Story,6,5,2004,2004,Gd,PConc,Gd,789.0,Y,1515,2,3,Gd,1,Attchd,2.0,0,7,2008,189468
HOME-100983,20,RL,69.0,8973,Reg,NAmes,1Fam,1Story,5,7,1958,1991,TA,CBlock,TA,1008.0,Y,1053,1,3,Ex,0,2Types,2.0,0,7,2006,163935
HOME-100194,160,RM,24.0,1612,Reg,Blueste,Twnhs,2Story,6,6,1980,1980,TA,CBlock,Gd,561.0,Y,1229,1,2,TA,1,Attchd,2.0,154,7,2009,127362
HOME-101166,20,RL,105.0,13693,Reg,NridgHt,1Fam,1Story,10,5,2007,2007,Ex,PConc,Ex,2630.0,Y,2674,2,2,Ex,2,Attchd,3.0,360,3,2009,624469
HOME-100408,60,RL,70.0,8462,IR1,SawyerW,1Fam,2Story,6,5,1994,1994,Gd,PConc,Gd,928.0,Y,1721,2,3,Gd,0,Attchd,2.0,300,7,2007,212318
HOME-101992,20,RL,85.0,10533,IR1,NAmes,1Fam,1Story,6,6,1956,1956,TA,CBlock,TA,1008.0,Y,1024,1,2,Gd,2,Attchd,1.0,0,8,2006,174312
HOME-101932,60,RL,,16545,IR1,NoRidge,1Fam,2Story,8,5,1998,1998,Gd,PConc,Gd,1284.0,Y,2450,2,3,Gd,1,Attchd,3.0,0,5,2009,352742
HOME-100266,50,C (all),63.0,4761,Reg,IDOTRR,1Fam,1.5Unf,3,3,1918,1950,Fa,BrkTil,TA,1020.0,N,1020,1,2,Fa,0,,0.0,0,10,2006,70555
HOME-101174,60,RL,80.0,10793,Reg,NWAmes,1Fam,2Story,5,5,1969,1969,TA,CBlock,TA,780.0,Y,1620,2,4,TA,0,Attchd,2.0,208,4,2007,162801
HOME-102851,50,RL,81.0,8170,IR1,Crawfor,1Fam,1.5Fin,7,7,1929,1950,Gd,BrkTil,TA,1022.0,Y,1671,2,4,TA,1,Detchd,2.0,0,2,2006,237030
HOME-102348,20,RL,80.0,10400,Reg,NAmes,1Fam,1Story,4,5,1956,1956,TA,CBlock,TA,1200.0,Y,1200,1,3,TA,2,Attchd,1.0,0,11,2009,148189
HOME-102092,60,RL,110.0,13440,Reg,NridgHt,1Fam,2Story,8,5,2006,2007,Gd,PConc,Ex,1108.0,Y,2550,2,4,Ex,1,BuiltIn,3.0,120,3,2007,368955
HOME-102295,70,RL,70.0,14210,IR1,Crawfor,1Fam,2Story,6,7,1930,1959,TA,PConc,TA,697.0,Y,1801,1,3,TA,1,Attchd,2.0,0,11,2006,227849
HOME-102632,20,RL,,13495,IR1,NAmes,1Fam,1Story,5,6,1956,1956,TA,CBlock,TA,1048.0,Y,1728,2,3,TA,1,Detchd,2.0,0,7,2009,184181
HOME-101915,60,RL,82.0,11287,Reg,SawyerW,1Fam,2Story,7,6,1989,1989,Gd,CBlock,Gd,807.0,Y,1982,2,3,Gd,1,Attchd,2.0,0,1,2007,244561
HOME-101172,20,RL,63.0,10712,Reg,Mitchel,1Fam,1Story,5,5,1991,1992,TA,PConc,Gd,974.0,Y,974,1,3,TA,0,,0.0,0,9,2007,102765
HOME-102222,20,RL,,8339,IR1,NAmes,1Fam,1Story,5,7,1959,1959,TA,Slab,,0.0,Y,882,1,3,TA,0,Attchd,1.0,0,7,2007,116966
HOME-101101,20,RL,100.0,17500,Reg,Crawfor,1Fam,1Story,6,5,1954,1954,TA,PConc,TA,1310.0,Y,1906,1,3,TA,2,Basment,2.0,0,1,2009,232442
HOME-100487,190,RL,,32463,Reg,Mitchel,2fmCon,1Story,4,4,1961,1975,TA,CBlock,TA,1249.0,Y,1622,1,3,TA,1,2Types,4.0,439,3,2007,182665
HOME-100456,85,RL,82.0,8410,IR1,Mitchel,1Fam,SFoyer,6,6,1974,1974,TA,CBlock,Gd,970.0,Y,1026,1,2,TA,1,Attchd,2.0,193,4,2007,157480
HOME-102872,50,RL,78.0,15600,Reg,Crawfor,1Fam,1.5Fin,5,7,1949,2005,TA,BrkTil,TA,1067.0,N,1523,2,3,Fa,1,Attchd,1.0,0,10,2009,162396
HOME-102539,20,RL,85.0,11050,Reg,NWAmes,1Fam,1Story,6,5,1968,1968,TA,CBlock,TA,1740.0,Y,1740,1,4,TA,1,Attchd,2.0,25,10,2008,159338
HOME-102017,20,RL,78.0,10206,Reg,Somerst,1Fam,1Story,8,5,2007,2007,TA,PConc,Gd,1563.0,Y,1563,2,3,Gd,1,Attchd,3.0,144,10,2008,261096
HOME-102818,20,RL,102.0,9373,IR1,NAmes,1Fam,1Story,5,6,1953,1953,TA,CBlock,TA,1152.0,Y,1152,1,3,TA,0,Detchd,2.0,0,5,2008,148878
HOME-102781,20,RL,71.0,7064,Reg,Sawyer,1Fam,1Story,5,6,1977,1977,TA,CBlock,TA,980.0,Y,980,1,3,TA,0,Detchd,2.0,192,7,2009,141346
HOME-100365,20,RL,62.0,10447,Reg,Mitchel,1Fam,1Story,5,6,1984,1984,TA,CBlock,TA,864.0,Y,887,1,3,TA,0,Attchd,1.0,140,12,2007,135062
HOME-101855,60,RL,58.0,9487,IR1,Gilbert,1Fam,2Story,6,5,2000,2000,TA,PConc,Gd,915.0,Y,1690,2,3,TA,1,Attchd,2.0,0,6,2007,204116
HOME-100809,20,RL,94.0,12220,Reg,NridgHt,1Fam,1Story,10,5,2009,2009,Ex,CBlock,Ex,2006.0,Y,2020,2,3,Ex,1,Attchd,3.0,156,9,2009,418975
HOME-100729,90,RL,64.0,7018,Reg,SawyerW,Duplex,SFoyer,5,5,1979,1979,TA,CBlock,Gd,1086.0,Y,1224,0,2,TA,2,Detchd,2.0,120,6,2009,159338
HOME-101555,50,RL,92.0,7438,IR1,BrkSide,1Fam,1.5Fin,5,8,1908,1991,TA,PConc,Fa,504.0,Y,1252,1,3,TA,0,Attchd,2.0,104,6,2006,139907
HOME-100087,120,RL,43.0,3182,Reg,Blmngtn,TwnhsE,1Story,7,5,2005,2006,Gd,PConc,Gd,1145.0,Y,1145,2,2,Gd,1,Attchd,2.0,100,9,2009,161981
HOME-102350,60,RL,82.0,12438,IR1,StoneBr,1Fam,2Story,8,5,2006,2006,Ex,PConc,Ex,1234.0,Y,2576,2,4,Ex,1,BuiltIn,3.0,324,7,2006,395368
HOME-100222,60,RL,,11000,Reg,NoRidge,1Fam,2Story,8,5,2000,2000,Gd,PConc,Gd,969.0,Y,2285,2,4,Gd,1,BuiltIn,3.0,0,6,2007,270063
HOME-101157,20,RL,61.0,7328,Reg,SawyerW,1Fam,1Story,7,5,2008,2009,Gd,PConc,Gd,1450.0,Y,1450,2,2,Gd,0,Attchd,3.0,0,2,2009,235507
HOME-102825,70,RM,60.0,3600,Reg,OldTown,1Fam,2Story,5,7,1930,2005,TA,BrkTil,TA,687.0,Y,1358,1,3,Gd,1,Detchd,1.0,0,7,2007,132726
HOME-101586,20,RL,75.0,9986,Reg,Somerst,1Fam,1Story,8,5,2006,2007,Gd,PConc,Ex,1795.0,Y,1795,2,2,Gd,1,Attchd,3.0,0,2,2007,159596
HOME-102909,30,RM,70.0,5684,Reg,OldTown,1Fam,1Story,6,8,1930,2005,TA,BrkTil,TA,813.0,Y,813,1,2,Gd,0,Detchd,1.0,0,6,2006,119999
HOME-102341,45,RL,64.0,6390,Reg,NAmes,1Fam,1.5Unf,6,7,1954,1954,TA,CBlock,TA,936.0,Y,984,1,2,TA,0,Detchd,1.0,0,6,2008,116960
HOME-100198,60,FV,65.0,8127,IR1,Somerst,1Fam,2Story,7,5,2003,2003,Gd,PConc,Gd,812.0,Y,1653,2,3,Gd,0,Attchd,2.0,0,3,2009,217293
HOME-100175,60,RL,,9900,Reg,NWAmes,1Fam,2Story,7,5,1968,1968,TA,CBlock,TA,832.0,Y,1978,2,4,TA,1,Attchd,2.0,0,4,2008,185435
HOME-102428,50,RM,52.0,6240,Reg,BrkSide,1Fam,1.5Fin,5,8,1939,1952,TA,BrkTil,TA,672.0,Y,1322,1,4,TA,0,Detchd,1.0,0,7,2007,143489
HOME-101542,75,RM,53.0,5350,Reg,OldTown,1Fam,2Story,7,8,1920,1965,TA,BrkTil,TA,624.0,Y,1450,1,3,TA,0,Detchd,1.0,0,3,2008,144018
HOME-102129,20,RL,78.0,10264,IR1,CollgCr,1Fam,1Story,7,5,1999,1999,Gd,PConc,Gd,1588.0,Y,1588,2,3,Gd,0,Attchd,2.0,158,8,2006,236738
HOME-102766,20,RL,50.0,8000,Reg,NAmes,1Fam,1Story,6,6,1948,2002,TA,CBlock,TA,972.0,Y,972,1,2,TA,1,Detchd,1.0,0,5,2009,133469
HOME-100052,70,C (all),60.0,5280,Reg,IDOTRR,1Fam,2Story,4,7,1895,1950,TA,Stone,Po,173.0,N,1361,1,2,TA,0,Detchd,1.0,0,7,2008,94323
HOME-101625,50,RL,60.0,9060,Reg,Edwards,1Fam,1.5Fin,6,5,1939,1950,TA,BrkTil,TA,560.0,Y,1258,1,2,TA,0,Detchd,1.0,0,10,2009,109776
HOME-100281,60,RL,80.0,10480,Reg,NWAmes,1Fam,2Story,7,6,1976,1976,TA,CBlock,TA,803.0,Y,1964,2,4,TA,1,Attchd,2.0,0,9,2008,212927
HOME-100671,60,RL,83.0,13159,IR1,Timber,1Fam,2Story,7,5,2009,2009,TA,PConc,Ex,846.0,Y,1692,2,3,Gd,0,Attchd,2.0,208,7,2009,228273
HOME-100591,60,RL,85.0,11475,Reg,NWAmes,1Fam,2Story,6,6,1975,1975,TA,CBlock,Gd,713.0,Y,1552,2,3,TA,1,Attchd,2.0,209,2,2006,194664
HOME-102451,20,RL,75.0,8250,Reg,NAmes,1Fam,1Story,6,7,1964,1964,TA,CBlock,Gd,1092.0,Y,1092,1,3,TA,0,Attchd,2.0,0,7,2008,151931
HOME-101390,20,RL,63.0,13072,Reg,SawyerW,1Fam,1Story,6,5,2005,2006,TA,PConc,Gd,1131.0,Y,1131,1,3,Gd,0,,0.0,0,3,2006,146232
HOME-100623,70,RL,66.0,8969,Reg,Crawfor,1Fam,2Story,6,6,1926,1950,TA,BrkTil,TA,644.0,Y,1316,1,2,TA,1,Detchd,1.0,0,7,2008,155489
HOME-102423,20,RL,,14585,IR1,NAmes,1Fam,1Story,6,6,1960,1987,TA,CBlock,TA,1144.0,Y,1429,1,3,Gd,2,Attchd,2.0,216,6,2007,193553
HOME-100330,70,RL,60.0,7200,Reg,OldTown,1Fam,2Story,7,9,1910,2008,Gd,PConc,TA,560.0,Y,1690,2,4,Gd,0,Detchd,2.0,0,8,2009,159394
HOME-101443,60,RL,133.0,11003,IR2,CollgCr,1Fam,2Story,7,5,2005,2006,Gd,PConc,Gd,1308.0,Y,1876,2,3,Gd,0,BuiltIn,3.0,0,7,2006,254174
HOME-100571,60,RL,,24572,IR1,Veenker,1Fam,2Story,9,3,1977,1977,Gd,CBlock,Gd,994.0,Y,2944,2,3,Gd,1,Attchd,3.0,140,6,2008,155583
HOME-102567,20,RL,90.0,11988,IR1,NAmes,1Fam,1Story,6,6,1957,1957,TA,CBlock,TA,1244.0,Y,1244,1,3,TA,2,Attchd,1.0,0,5,2007,161256
HOME-102913,60,RL,,13869,IR2,Gilbert,1Fam,2Story,6,6,1997,1997,TA,PConc,Gd,794.0,Y,1470,2,3,TA,0,Attchd,2.0,0,7,2007,191327
HOME-102566,20,RL,90.0,12878,IR1,NridgHt,1Fam,1Story,7,5,2003,2004,Gd,PConc,Gd,1760.0,Y,1760,2,3,Gd,1,Attchd,2.0,165,6,2009,280957
HOME-100960,70,RL,74.0,11988,IR1,Crawfor,1Fam,2Story,6,7,1934,1995,TA,CBlock,TA,715.0,Y,1660,1,3,TA,1,Detchd,1.0,0,8,2008,201886
HOME-102739,20,RL,,11616,Reg,Sawyer,1Fam,1Story,5,5,1962,1962,TA,CBlock,TA,1092.0,Y,1092,1,3,TA,1,Attchd,1.0,0,9,2009,145048
HOME-102345,20,RL,89.0,10858,Reg,NAmes,1Fam,1Story,5,6,1952,1952,TA,CBlock,TA,1444.0,Y,1624,1,2,TA,1,Attchd,1.0,0,7,2006,159512
HOME-102797,20,RL,64.0,7488,IR1,CollgCr,1Fam,1Story,7,5,2005,2005,Gd,PConc,Gd,1208.0,Y,1208,2,2,Gd,0,Attchd,2.0,105,2,2006,201378
HOME-101579,70,I (all),,56600,IR1,IDOTRR,1Fam,2.5Unf,5,1,1900,1950,TA,BrkTil,TA,686.0,Y,1836,2,4,TA,0,Detchd,1.0,0,1,2008,109456
HOME-102102,60,RL,79.0,9085,Reg,NoRidge,1Fam,2Story,7,5,1995,1996,Gd,PConc,Gd,1070.0,Y,2061,2,3,Gd,1,Attchd,2.0,296,11,2009,264507
HOME-101232,60,RL,50.0,13128,IR1,Gilbert,1Fam,2Story,8,5,2005,2005,Gd,PConc,Gd,1074.0,Y,2064,2,4,Gd,1,Attchd,2.0,0,1,2006,268743
HOME-100875,60,RL,61.0,10125,IR1,Gilbert,1Fam,2Story,7,5,2004,2004,Gd,PConc,Gd,846.0,Y,1594,2,3,Gd,1,Attchd,2.0,300,7,2009,198888
HOME-100804,20,RL,80.0,14695,IR1,NAmes,1Fam,1Story,6,8,1966,2008,TA,CBlock,TA,1562.0,Y,1567,2,2,Gd,2,Attchd,2.0,0,7,2009,261453
HOME-101965,20,RL,65.0,9750,Reg,NAmes,1Fam,1Story,6,8,1969,1969,TA,CBlock,Gd,1054.0,Y,1054,1,3,TA,0,Attchd,2.0,180,7,2008,158921
HOME-102397,20,RL,49.0,15218,IR1,Somerst,1Fam,1Story,8,5,2006,2006,Gd,PConc,Ex,1670.0,Y,1670,2,2,Gd,1,Attchd,3.0,0,9,2006,359260
HOME-101012,20,RL,129.0,16870,IR1,NridgHt,1Fam,1Story,8,5,2004,2005,Gd,PConc,Ex,1782.0,Y,1782,2,3,Gd,2,Attchd,3.0,99,4,2009,306938
HOME-102524,20,RL,85.0,15428,Reg,NAmes,1Fam,1Story,5,6,1951,1991,TA,CBlock,TA,884.0,Y,884,1,2,TA,0,Attchd,1.0,0,6,2006,154943
HOME-101639,20,FV,60.0,7180,IR1,Somerst,1Fam,1Story,8,5,2001,2002,Gd,PConc,Gd,1568.0,Y,1568,2,3,Gd,1,Attchd,2.0,0,9,2006,244703
HOME-101004,70,RM,60.0,6155,IR1,BrkSide,1Fam,2Story,6,8,1920,1999,TA,BrkTil,Fa,611.0,Y,1362,2,3,TA,0,Detchd,2.0,0,6,2008,134905
HOME-102177,20,RL,63.0,12680,IR1,NWAmes,1Fam,1Story,7,6,1988,1988,Gd,CBlock,Gd,1675.0,Y,1688,2,2,Ex,1,Attchd,2.0,0,6,2008,237861
HOME-100494,20,RL,92.0,10845,IR1,NridgHt,1Fam,1Story,8,5,2003,2004,Gd,PConc,Gd,1603.0,Y,1575,2,2,Gd,1,Attchd,3.0,216,6,2008,300881
HOME-102897,20,RL,128.0,39290,IR1,Edwards,1Fam,1Story,10,5,2008,2009,Ex,PConc,Ex,5095.0,Y,5095,2,2,Ex,2,Attchd,3.0,546,10,2007,196752
HOME-100615,20,RL,,8098,IR1,Timber,1Fam,1Story,6,5,2000,2000,Gd,Wood,Gd,1381.0,Y,1403,2,2,Gd,0,Attchd,2.0,0,10,2006,221604
HOME-101866,120,RL,28.0,7296,IR1,StoneBr,TwnhsE,1Story,8,5,2004,2005,Gd,PConc,Ex,2208.0,Y,2522,2,1,Gd,1,Attchd,2.0,182,11,2009,388857
HOME-102865,60,RL,60.0,10800,Reg,OldTown,1Fam,2Story,5,7,1939,2006,TA,BrkTil,TA,676.0,Y,1352,2,4,Gd,0,Detchd,2.0,187,8,2009,155855
HOME-102404,50,RL,60.0,10800,Reg,NAmes,1Fam,1.5Fin,4,7,1949,1996,TA,CBlock,TA,832.0,Y,1461,2,4,TA,0,Detchd,1.0,0,8,2009,137523
HOME-100149,160,RL,24.0,2364,Reg,NPkVill,TwnhsE,2Story,6,5,1978,1978,TA,CBlock,Gd,804.0,Y,1548,2,3,TA,1,Detchd,2.0,108,7,2009,151751
HOME-100226,20,RL,72.0,10665,IR1,CollgCr,1Fam,1Story,7,5,2003,2003,Gd,PConc,Gd,1453.0,Y,1479,2,3,Gd,0,Attchd,2.0,144,6,2007,239883
HOME-101219,20,RL,100.0,10175,IR1,NAmes,1Fam,1Story,6,5,1964,1964,TA,CBlock,TA,1425.0,Y,1425,2,3,TA,1,Attchd,2.0,0,7,2008,195505
HOME-101434,120,RM,,4438,Reg,CollgCr,TwnhsE,1Story,6,5,2004,2004,Gd,PConc,Gd,848.0,Y,848,1,1,Gd,1,Attchd,2.0,140,6,2008,156529
HOME-100898,50,RM,,7920,IR1,IDOTRR,1Fam,1.5Fin,6,7,1920,1950,TA,CBlock,TA,319.0,Y,1406,1,3,Fa,0,,0.0,0,3,2008,96596
HOME-101936,60,RL,,15295,IR3,CollgCr,1Fam,2Story,7,5,1996,2002,Gd,PConc,Gd,860.0,Y,1992,2,3,Gd,2,Attchd,2.0,225,6,2007,226668
HOME-102198,20,RL,67.0,10656,IR1,Timber,1Fam,1Story,8,5,2006,2007,Gd,PConc,Gd,1638.0,Y,1646,2,3,Gd,1,Attchd,3.0,192,11,2007,272583
HOME-101561,60,RL,74.0,9056,IR1,Gilbert,1Fam,2Story,8,5,2004,2004,Gd,PConc,Ex,707.0,Y,1414,2,3,Gd,1,Attchd,2.0,100,10,2006,195436
HOME-102902,160,RM,32.0,3363,Reg,Edwards,TwnhsE,2Story,7,5,2004,2004,Gd,PConc,Gd,976.0,Y,1708,2,3,Gd,0,Detchd,2.0,0,4,2006,142739
HOME-100195,60,FV,112.0,12217,IR1,Somerst,1Fam,2Story,8,5,2007,2007,Gd,PConc,Ex,955.0,Y,1880,2,3,Ex,1,Attchd,3.0,168,12,2007,335594
HOME-100913,20,RL,,12782,Reg,CollgCr,1Fam,1Story,8,5,2002,2003,Gd,PConc,Ex,1822.0,Y,1828,2,3,Gd,1,Attchd,2.0,194,6,2009,283306
HOME-100542,20,RL,70.0,8810,Reg,CollgCr,1Fam,1Story,7,5,2003,2003,Gd,PConc,Gd,1390.0,Y,1390,2,3,Gd,0,Attchd,2.0,0,3,2006,225725
HOME-102734,20,FV,60.0,7200,Reg,Somerst,1Fam,1Story,7,5,2006,2006,Gd,PConc,Gd,1293.0,Y,1301,2,2,Gd,1,Attchd,2.0,216,8,2006,207668
HOME-100122,30,C (all),69.0,12366,Reg,IDOTRR,1Fam,1Story,3,5,1945,1950,TA,Slab,,0.0,N,729,1,2,TA,0,,0.0,0,10,2006,56856
HOME-101209,50,RM,60.0,10320,Reg,IDOTRR,1Fam,1.5Fin,6,7,1906,1995,TA,CBlock,TA,756.0,Y,1469,1,3,TA,0,Detchd,1.0,57,6,2008,144695
HOME-100517,160,RL,24.0,2349,Reg,NPkVill,Twnhs,2Story,6,5,1977,1977,TA,CBlock,Gd,855.0,Y,1456,2,3,TA,1,Attchd,2.0,0,5,2009,141166
HOME-101529,60,RL,,12334,IR1,CollgCr,1Fam,2Story,8,5,2003,2003,Gd,PConc,Gd,1068.0,Y,2184,2,4,Gd,1,BuiltIn,2.0,192,6,2009,267617
HOME-101055,20,RL,80.0,10400,Reg,NWAmes,1Fam,1Story,7,5,1988,1988,TA,CBlock,Gd,1845.0,Y,1872,2,3,TA,1,Attchd,2.0,197,6,2006,264318
HOME-102759,60,FV,75.0,9000,Reg,Somerst,1Fam,2Story,8,5,2006,2006,Gd,PConc,Gd,1088.0,Y,1959,2,3,Gd,1,Attchd,3.0,208,12,2007,294720
HOME-102156,20,RL,62.0,9858,Reg,Mitchel,1Fam,1Story,5,6,1968,1968,TA,CBlock,TA,864.0,Y,874,1,3,TA,0,Attchd,1.0,33,11,2009,133938
HOME-102453,80,RL,85.0,9350,Reg,NAmes,1Fam,SLvl,6,7,1964,1991,TA,CBlock,Gd,1302.0,Y,1302,2,3,Gd,0,Attchd,1.0,333,10,2007,168349
HOME-101696,80,RL,66.0,19255,IR1,SawyerW,1Fam,SLvl,6,5,1983,1983,Gd,CBlock,Gd,520.0,Y,1338,1,2,Gd,1,Attchd,2.0,0,9,2009,162326
HOME-100400,60,RL,86.0,14598,IR1,Somerst,1Fam,2Story,6,5,2007,2007,Gd,PConc,Gd,894.0,Y,1933,2,4,Gd,1,BuiltIn,3.0,100,1,2008,225521
HOME-101318,20,RL,42.0,14892,IR1,Gilbert,1Fam,1Story,9,5,2006,2007,Ex,PConc,Ex,1746.0,Y,1746,2,3,Ex,2,Attchd,3.0,201,10,2009,396199
HOME-102832,60,RL,52.0,46589,IR2,NoRidge,1Fam,2Story,8,7,1994,2005,Gd,PConc,Gd,1629.0,Y,2448,2,4,Gd,1,Attchd,3.0,517,7,2009,421224
HOME-100199,60,RL,81.0,10944,IR1,NoRidge,1Fam,2Story,7,5,1994,1994,Gd,PConc,Gd,1223.0,Y,2127,2,3,Gd,2,Attchd,2.0,171,8,2008,284089
HOME-101551,60,RL,74.0,7632,IR1,SawyerW,1Fam,2Story,7,5,2005,2005,Gd,PConc,Gd,784.0,Y,1585,2,3,Gd,0,Attchd,2.0,100,3,2006,200009
HOME-101085,90,RL,,8917,IR1,NAmes,Duplex,1Story,5,5,1967,1967,TA,CBlock,TA,1584.0,Y,1584,2,4,TA,0,Detchd,2.0,0,10,2006,128710
HOME-101856,120,RM,44.0,3811,IR1,Crawfor,TwnhsE,1Story,7,5,2004,2005,Gd,PConc,Ex,1594.0,Y,1646,2,2,Ex,1,Attchd,2.0,128,7,2008,268312
HOME-100519,30,RM,71.0,6900,Reg,IDOTRR,1Fam,1Story,5,6,1940,1955,TA,CBlock,TA,740.0,Y,778,1,2,TA,1,Detchd,1.0,0,2,2008,126196
HOME-102430,60,RL,84.0,14260,IR1,NoRidge,1Fam,2Story,8,5,2000,2000,Gd,PConc,Gd,1145.0,Y,2198,2,4,Gd,1,Attchd,3.0,192,12,2008,262845
HOME-100123,50,RL,66.0,21780,Reg,Crawfor,1Fam,2Story,6,5,1920,1950,TA,PConc,TA,817.0,Y,1550,1,3,TA,1,Detchd,1.0,0,9,2006,216648
HOME-102219,60,RL,,10364,IR1,Gilbert,1Fam,2Story,6,5,1995,1996,TA,PConc,Gd,806.0,Y,1572,2,3,TA,1,BuiltIn,2.0,0,5,2007,185726
HOME-100847,60,FV,65.0,8125,Reg,Somerst,1Fam,2Story,6,5,2005,2005,Gd,PConc,Gd,858.0,Y,1716,2,3,Gd,0,Attchd,2.0,0,2,2006,223926
HOME-100680,70,RM,50.0,5250,Reg,OldTown,1Fam,2Story,8,5,1872,1987,TA,BrkTil,TA,684.0,N,2358,2,4,TA,0,,0.0,0,12,2008,127520
HOME-102661,20,RL,63.0,7584,Reg,NAmes,1Fam,1Story,5,5,1953,1953,TA,CBlock,TA,1036.0,Y,1036,1,3,TA,0,Attchd,1.0,120,6,2008,118443
HOME-102331,60,RL,75.0,9317,Reg,SawyerW,1Fam,2Story,7,5,1994,2001,Gd,PConc,Gd,779.0,Y,1958,2,3,Gd,1,Attchd,2.0,202,7,2007,240302
HOME-101656,50,RM,51.0,6120,Reg,BrkSide,1Fam,1.5Fin,5,6,1936,1950,TA,BrkTil,TA,927.0,Y,1539,1,3,TA,0,Detchd,2.0,112,4,2009,146845
HOME-102870,120,RL,32.0,10846,IR1,Veenker,TwnhsE,1Story,8,5,1993,1993,Gd,PConc,Gd,1719.0,Y,1719,1,1,Gd,2,Attchd,2.0,122,5,2008,351197
HOME-102899,60,RL,,10832,IR1,Gilbert,1Fam,2Story,7,5,1994,1996,Gd,PConc,Gd,712.0,Y,1895,2,3,Gd,1,Attchd,2.0,143,10,2008,205489
HOME-100687,30,RM,50.0,5925,Reg,OldTown,1Fam,1Story,2,4,1940,1950,TA,BrkTil,,0.0,N,612,1,1,TA,0,Detchd,1.0,0,10,2009,46379
HOME-100026,120,RL,48.0,6240,Reg,NridgHt,TwnhsE,1Story,8,5,2006,2007,Gd,PConc,Gd,1342.0,Y,1342,2,2,Gd,1,Attchd,2.0,0,6,2008,245374
HOME-102471,80,RL,60.0,8400,Reg,Gilbert,1Fam,SLvl,7,5,1996,1997,TA,PConc,Gd,384.0,Y,1628,2,3,TA,1,BuiltIn,2.0,48,6,2009,199620
HOME-100041,120,RL,40.0,6792,IR1,NridgHt,TwnhsE,1Story,7,5,2005,2006,Gd,PConc,Gd,1368.0,Y,1368,2,2,Gd,1,Attchd,2.0,132,3,2006,222002
HOME-102530,20,RL,80.0,10928,Reg,NWAmes,1Fam,1Story,6,6,1978,1986,TA,PConc,TA,1427.0,Y,1671,2,3,TA,1,Attchd,2.0,252,8,2009,208882
HOME-100625,50,RL,78.0,10496,Reg,NAmes,1Fam,1.5Fin,6,6,1949,1950,TA,CBlock,TA,1040.0,Y,1846,2,3,TA,1,Attchd,1.0,0,1,2007,154535
HOME-100755,160,FV,,2117,Reg,Somerst,TwnhsE,2Story,6,5,2000,2000,Gd,PConc,Gd,756.0,Y,1512,2,2,Gd,1,Detchd,2.0,0,6,2007,180930
HOME-100842,20,RL,80.0,9600,Reg,NAmes,1Fam,1Story,6,5,1953,1953,TA,CBlock,TA,1416.0,Y,1644,1,3,TA,2,Attchd,2.0,110,10,2009,171192
HOME-100985,20,RL,,7153,Reg,SawyerW,1Fam,1Story,6,5,1991,1991,TA,CBlock,Gd,1278.0,Y,1294,2,3,Gd,0,Attchd,2.0,112,6,2008,191539
HOME-100261,70,RM,60.0,3600,Reg,OldTown,1Fam,2Story,6,7,1910,1993,TA,CBlock,TA,684.0,N,1368,1,3,TA,0,Detchd,1.0,0,10,2006,125067
HOME-101040,70,RL,53.0,10918,Reg,Crawfor,1Fam,2Story,7,9,1926,2004,Gd,BrkTil,Gd,1276.0,Y,2080,1,3,Gd,2,Detchd,1.0,0,6,2009,242157
HOME-101394,60,FV,114.0,8314,IR1,Somerst,1Fam,2Story,7,5,1997,1998,Gd,PConc,Gd,569.0,Y,1694,2,3,Gd,1,BuiltIn,1.0,0,11,2006,221583
HOME-102867,60,RL,70.0,8749,Reg,CollgCr,1Fam,2Story,7,5,2003,2003,Gd,PConc,Gd,979.0,Y,1932,2,3,Gd,1,Attchd,2.0,0,6,2007,231111
HOME-101256,20,RL,64.0,6762,Reg,CollgCr,1Fam,1Story,7,5,2006,2006,Gd,PConc,Gd,1286.0,Y,1294,2,2,Gd,1,Attchd,2.0,168,7,2006,209277
HOME-100274,20,RL,,10530,IR1,NAmes,1Fam,1Story,6,5,1971,1971,TA,CBlock,TA,981.0,Y,981,1,3,TA,0,Detchd,2.0,0,3,2007,153973
HOME-102097,20,RL,60.0,7024,Reg,Edwards,1Fam,1Story,5,5,2005,2006,TA,PConc,Ex,1090.0,Y,1090,1,2,TA,0,Attchd,2.0,0,6,2007,168182
HOME-100619,160,RH,,3612,IR1,Landmrk,Twnhs,2Story,6,5,1993,1994,TA,PConc,Gd,630.0,Y,1320,2,3,TA,0,Detchd,2.0,0,6,2006,149712
HOME-101799,20,RL,,47280,IR1,Gilbert,1Fam,1Story,6,5,1950,1950,TA,CBlock,TA,1488.0,Y,1488,2,3,TA,1,Attchd,2.0,0,7,2008,141076
HOME-102635,20,RL,105.0,11249,IR2,CollgCr,1Fam,1Story,6,5,1995,1995,Gd,PConc,Gd,1200.0,Y,1200,2,3,Gd,0,Attchd,2.0,0,8,2007,191233
HOME-102753,20,RL,59.0,6490,Reg,Mitchel,1Fam,1Story,5,7,1983,1983,TA,CBlock,TA,816.0,Y,816,1,2,TA,0,Attchd,1.0,315,4,2008,134829
HOME-100066,90,RL,63.0,9297,Reg,Mitchel,Duplex,1Story,5,5,1976,1976,TA,CBlock,TA,1728.0,Y,1728,2,4,TA,0,Detchd,2.0,0,7,2006,208283
HOME-101781,30,RL,60.0,10800,Reg,OldTown,1Fam,1Story,5,6,1920,1950,TA,BrkTil,TA,1120.0,Y,1130,1,2,TA,1,Detchd,2.0,229,6,2006,131051
HOME-100243,160,FV,24.0,2280,Reg,Somerst,Twnhs,2Story,6,5,1999,1999,TA,PConc,Gd,744.0,Y,1501,2,3,TA,1,Detchd,2.0,0,9,2007,189801
HOME-100211,20,RL,,11500,IR1,ClearCr,1Fam,1Story,6,6,1966,1966,TA,CBlock,Gd,1182.0,Y,1643,2,2,TA,1,Attchd,2.0,339,3,2008,202646
HOME-101676,190,RL,,10532,Reg,ClearCr,1Fam,1Story,5,3,1960,1960,TA,CBlock,TA,988.0,Y,1721,2,3,TA,2,Basment,2.0,50,12,2008,152967
HOME-101082,20,RL,74.0,13253,IR1,Somerst,1Fam,1Story,7,5,2006,2006,Gd,PConc,Ex,1578.0,Y,1578,2,3,Gd,1,Attchd,3.0,0,5,2008,255654
HOME-100378,70,RL,51.0,9842,Reg,SWISU,1Fam,2Story,5,6,1921,1998,TA,BrkTil,TA,612.0,Y,2601,3,4,TA,0,BuiltIn,2.0,183,5,2008,200523
HOME-100874,30,RL,67.0,8777,Reg,Edwards,1Fam,1Story,5,7,1910,1950,TA,CBlock,Fa,796.0,Y,796,1,2,TA,0,,0.0,328,5,2008,90043
HOME-101796,20,RL,105.0,15431,Reg,NridgHt,1Fam,1Story,10,5,2005,2006,Ex,PConc,Ex,1994.0,Y,2046,2,2,Ex,2,Attchd,3.0,188,8,2007,491562
HOME-100420,20,RL,85.0,11447,IR1,Timber,1Fam,1Story,8,5,2005,2006,Gd,PConc,Ex,1964.0,Y,1964,2,3,Gd,1,Attchd,3.0,0,6,2008,391886
HOME-101198,20,RL,43.0,13568,IR2,CollgCr,1Fam,1Story,5,5,1995,1995,TA,PConc,Gd,990.0,Y,990,1,3,TA,0,Attchd,2.0,224,7,2006,173619
HOME-102082,120,RL,50.0,8012,Reg,SawyerW,TwnhsE,1Story,6,5,1993,1994,Gd,PConc,Gd,1604.0,Y,1617,2,2,Gd,1,Attchd,2.0,0,7,2008,202979
HOME-102551,70,RM,62.0,9856,Reg,OldTown,1Fam,2Story,5,8,1900,2005,Gd,PConc,Fa,716.0,Y,2014,2,5,TA,0,Detchd,2.0,0,6,2006,185495
HOME-100038,20,RL,80.0,8816,Reg,Sawyer,1Fam,1Story,5,6,1963,1963,TA,PConc,TA,1121.0,Y,1121,1,3,TA,0,Detchd,2.0,0,6,2009,144449
HOME-100405,20,RL,63.0,13072,Reg,SawyerW,1Fam,1Story,6,5,2004,2004,TA,PConc,Gd,1158.0,Y,1158,1,3,Gd,0,Detchd,2.0,0,5,2006,172703
HOME-102283,50,RL,,13837,IR1,NWAmes,1Fam,1.5Fin,7,5,1988,1988,Gd,PConc,Gd,1204.0,Y,2183,2,4,Gd,0,Attchd,3.0,0,2,2006,252867
HOME-101361,20,RL,,8780,IR1,Mitchel,1Fam,1Story,5,5,1985,1985,TA,CBlock,TA,833.0,Y,833,1,3,TA,0,,0.0,0,3,2009,115603
HOME-101167,60,RL,,11692,IR1,NoRidge,1Fam,2Story,8,5,1993,1994,Gd,PConc,Gd,1173.0,Y,2232,2,3,Gd,1,Attchd,2.0,173,10,2009,269926
HOME-101451,60,RL,95.0,13450,IR1,CollgCr,1Fam,2Story,7,5,2002,2002,Gd,PConc,Gd,916.0,Y,1861,2,3,Gd,0,BuiltIn,2.0,146,6,2006,217894
HOME-102388,60,RL,95.0,11787,IR1,NoRidge,1Fam,2Story,7,5,1996,1997,Gd,PConc,Gd,1379.0,Y,2398,2,3,Gd,1,Attchd,3.0,239,8,2007,345760
HOME-100597,20,RL,86.0,11194,IR1,Somerst,1Fam,1Story,8,5,2008,2008,Gd,PConc,Gd,1696.0,Y,1696,2,3,Gd,0,Attchd,3.0,120,9,2009,276866
HOME-102070,20,RL,160.0,20000,Reg,Mitchel,1Fam,1Story,5,7,1960,1996,TA,CBlock,TA,1224.0,Y,1224,1,4,TA,1,Detchd,2.0,474,9,2006,142848
HOME-101849,30,RH,70.0,4270,Reg,Edwards,1Fam,1Story,3,6,1931,2006,TA,BrkTil,TA,544.0,Y,774,1,3,Gd,0,,0.0,0,5,2007,84602
HOME-102259,50,RM,75.0,13710,Reg,IDOTRR,1Fam,1.5Fin,5,5,1950,1950,TA,CBlock,TA,910.0,Y,1558,1,4,TA,0,Attchd,1.0,289,6,2007,165788
HOME-101674,20,RL,123.0,47007,IR1,Edwards,1Fam,1Story,5,7,1959,1996,TA,Slab,,0.0,Y,3820,3,5,Ex,2,Attchd,2.0,0,7,2008,303084
HOME-100679,20,RL,64.0,6400,Reg,Edwards,1Fam,1Story,5,7,1959,2000,TA,CBlock,TA,960.0,Y,960,1,2,Fa,0,Detchd,1.0,144,12,2007,143018
HOME-101263,60,RL,,8755,IR1,Gilbert,1Fam,2Story,7,5,1999,1999,Gd,PConc,Gd,992.0,Y,2060,2,3,Gd,1,BuiltIn,2.0,0,6,2009,221463
HOME-101956,20,RL,,16269,IR1,CollgCr,1Fam,1Story,5,5,1978,1978,TA,BrkTil,Gd,907.0,Y,907,1,3,TA,0,Attchd,1.0,72,7,2009,143154
HOME-100665,20,RL,90.0,11694,Reg,NridgHt,1Fam,1Story,9,5,2007,2007,Ex,PConc,Ex,1822.0,Y,1828,2,3,Gd,1,Attchd,3.0,0,7,2007,340459
HOME-100040,20,RL,69.0,11302,IR1,StoneBr,1Fam,1Story,8,5,2005,2006,Gd,PConc,Gd,1814.0,Y,1826,2,3,Gd,1,Attchd,3.0,180,8,2006,345826
HOME-102285,20,RL,87.0,10037,Reg,Somerst,1Fam,1Story,8,5,2006,2007,Gd,PConc,Ex,1460.0,Y,1460,2,3,Gd,1,Attchd,2.0,0,8,2008,259630
HOME-101374,60,RL,70.0,8400,Reg,NWAmes,1Fam,2Story,8,6,2001,2001,Gd,PConc,Gd,810.0,Y,1665,2,3,Gd,0,Attchd,2.0,0,11,2009,235143
HOME-101863,70,RM,90.0,9900,Reg,OldTown,1Fam,2Story,5,8,1910,2002,Gd,CBlock,TA,504.0,Y,1464,2,3,TA,0,,0.0,0,3,2009,132505
HOME-101045,20,RL,129.0,16737,Reg,NridgHt,1Fam,1Story,9,5,2004,2005,Gd,PConc,Ex,1980.0,Y,1980,2,3,Ex,1,Attchd,3.0,194,9,2006,345050
HOME-101587,20,RL,,7390,IR1,NAmes,1Fam,1Story,5,7,1955,1955,TA,CBlock,TA,1098.0,Y,1098,1,3,TA,0,Attchd,1.0,0,7,2008,140246
HOME-101136,20,RL,61.0,7943,Reg,Sawyer,1Fam,1Story,4,5,1961,1961,TA,CBlock,TA,1029.0,Y,1029,1,3,TA,0,Attchd,1.0,64,4,2007,129029
HOME-102858,20,RL,40.0,13673,IR1,Sawyer,1Fam,1Story,5,5,1962,1962,TA,CBlock,TA,1140.0,Y,1696,1,3,TA,1,Attchd,1.0,0,3,2007,156550
HOME-102923,20,RL,58.0,9280,Reg,Edwards,1Fam,1Story,5,6,1951,1951,TA,CBlock,Fa,1342.0,Y,1342,1,4,TA,0,Detchd,1.0,0,4,2007,135779
HOME-101961,20,RL,107.0,11362,IR1,NridgHt,1Fam,1Story,8,5,2004,2005,Gd,PConc,Ex,1836.0,Y,1836,2,3,Gd,1,Attchd,3.0,125,3,2009,286024
HOME-100397,20,RL,77.0,11422,IR1,CollgCr,1Fam,1Story,8,5,2007,2008,Gd,PConc,Ex,1838.0,Y,1838,2,3,Gd,2,Attchd,2.0,154,4,2009,282983
HOME-102024,20,RL,60.0,12450,Reg,SawyerW,1Fam,1Story,5,5,2003,2004,TA,PConc,Gd,1114.0,Y,1114,2,3,Gd,0,Detchd,2.0,0,6,2009,159697
HOME-102150,20,RL,75.0,14559,Reg,NAmes,1Fam,1Story,5,7,1951,2000,Gd,CBlock,TA,1008.0,Y,1363,1,2,TA,2,CarPort,1.0,324,6,2009,172131
HOME-102352,50,RL,50.0,7000,Reg,OldTown,1Fam,1.5Fin,6,6,1924,1950,TA,BrkTil,Fa,617.0,Y,1310,2,2,TA,0,Attchd,1.0,0,5,2006,123940
HOME-100935,20,RL,,9759,IR1,NAmes,1Fam,1Story,5,5,1966,1966,TA,CBlock,TA,1051.0,Y,1051,1,3,TA,0,Attchd,1.0,182,3,2006,135771
HOME-100319,20,RL,90.0,11664,Reg,CollgCr,1Fam,1Story,7,5,2002,2002,Gd,PConc,Gd,1569.0,Y,1611,2,3,Gd,0,Attchd,3.0,262,9,2009,258532
HOME-102308,85,RL,75.0,9750,Reg,Mitchel,1Fam,SFoyer,6,6,1977,1977,TA,CBlock,TA,902.0,Y,926,1,2,TA,1,Attchd,1.0,319,4,2009,162994
HOME-101602,20,RL,,7917,IR1,Edwards,1Fam,1Story,6,7,1976,1976,TA,CBlock,TA,1143.0,Y,1113,1,3,TA,1,Attchd,1.0,370,5,2007,158019
HOME-101972,70,RM,58.0,6451,Reg,OldTown,1Fam,2Story,7,7,1900,1970,TA,Stone,TA,712.0,Y,1428,1,4,TA,0,Detchd,2.0,264,5,2006,151365
HOME-102246,60,RL,160.0,15623,IR1,NoRidge,1Fam,2Story,10,5,1996,1996,Gd,PConc,Ex,2396.0,Y,4476,3,4,Ex,2,Attchd,3.0,171,7,2007,796520
HOME-102117,20,RL,71.0,8197,Reg,Sawyer,1Fam,1Story,6,5,1977,1977,TA,CBlock,TA,660.0,Y,1285,1,3,TA,1,Attchd,2.0,138,4,2007,153402
HOME-102810,20,RL,60.0,7200,Reg,NAmes,1Fam,1Story,4,4,1971,1971,TA,CBlock,TA,864.0,Y,874,1,3,TA,0,Detchd,2.0,63,3,2006,105832
HOME-101805,60,RL,85.0,11075,Reg,NAmes,1Fam,2Story,6,5,1969,1969,TA,CBlock,Fa,952.0,Y,2112,2,4,TA,2,Attchd,2.0,280,6,2008,221134
HOME-101536,20,RL,,10920,IR1,NAmes,1Fam,1Story,6,5,1960,1960,TA,CBlock,TA,1253.0,Y,1253,1,2,TA,1,Attchd,1.0,0,5,2008,168930
HOME-102521,85,RL,68.0,7838,Reg,NAmes,1Fam,SFoyer,5,5,1967,1967,TA,CBlock,TA,864.0,Y,900,1,3,TA,1,Attchd,1.0,175,12,2006,137200
HOME-100215,20,RL,96.0,12469,Reg,NridgHt,1Fam,1Story,9,5,2006,2007,Ex,PConc,Ex,1790.0,Y,1816,2,3,Ex,1,Attchd,3.0,186,8,2007,387309
HOME-100496,60,RL,93.0,10261,IR1,Gilbert,1Fam,2Story,6,5,2000,2000,TA,PConc,Gd,936.0,Y,1792,2,3,TA,1,Attchd,2.0,0,5,2008,194040
HOME-102492,20,RL,80.0,10000,Reg,NWAmes,1Fam,1Story,5,6,1973,2000,TA,CBlock,Gd,1176.0,Y,1178,1,3,Gd,1,Attchd,2.0,224,11,2008,167213
HOME-101238,90,RL,64.0,7007,Reg,SawyerW,Duplex,1Story,5,5,1979,1979,TA,Slab,,0.0,Y,1513,2,4,TA,0,Attchd,2.0,0,6,2009,115561
HOME-100538,30,RL,60.0,10410,Reg,OldTown,1Fam,1Story,3,8,1930,2001,TA,PConc,TA,713.0,Y,713,1,2,Gd,0,Detchd,1.0,0,10,2006,107552
HOME-100663,20,RL,80.0,9938,Reg,SawyerW,1Fam,1Story,7,5,1994,1994,Gd,PConc,Gd,1602.0,Y,1626,2,3,Gd,1,Attchd,2.0,424,4,2008,236631
HOME-102638,20,RL,78.0,9317,IR1,CollgCr,1Fam,1Story,6,5,2006,2006,Gd,PConc,Gd,1314.0,Y,1314,2,3,Gd,1,Attchd,2.0,0,3,2007,197201
HOME-101535,120,RL,61.0,8035,IR1,StoneBr,TwnhsE,1Story,9,5,2006,2006,Gd,PConc,Ex,1612.0,Y,1612,2,2,Ex,1,Attchd,2.0,0,3,2007,345540
HOME-101692,190,RL,195.0,41600,IR1,Gilbert,2fmCon,1Story,5,5,1969,1990,TA,CBlock,Gd,1100.0,Y,1424,1,3,TA,0,2Types,3.0,144,11,2007,167077
HOME-102667,20,RL,72.0,10007,IR1,NAmes,1Fam,1Story,5,7,1959,2006,Gd,CBlock,TA,1053.0,Y,1053,1,3,Gd,0,Attchd,1.0,0,8,2008,153564
HOME-101515,20,RL,70.0,9100,Reg,NAmes,1Fam,1Story,6,6,1959,1959,TA,CBlock,TA,864.0,Y,864,1,2,TA,0,Detchd,1.0,0,10,2009,128839
HOME-100618,60,RL,85.0,11900,Reg,Gilbert,1Fam,2Story,5,6,1977,1977,TA,PConc,Gd,1122.0,Y,1934,2,3,TA,1,Attchd,2.0,0,7,2009,193629
HOME-101976,50,RL,54.0,7681,IR1,Crawfor,1Fam,1.5Fin,5,6,1921,1950,TA,BrkTil,TA,731.0,Y,1343,1,3,TA,1,Detchd,1.0,192,7,2009,156824
HOME-100515,30,RM,56.0,7741,Reg,OldTown,1Fam,1Story,6,5,1924,1950,TA,BrkTil,TA,1032.0,N,1032,1,2,TA,0,Detchd,1.0,0,6,2006,118346
HOME-100766,60,RL,68.0,8286,IR1,Mitchel,1Fam,2Story,5,7,1977,1977,TA,PConc,Gd,716.0,Y,1432,1,3,TA,1,Attchd,2.0,0,6,2007,171847
HOME-101890,50,RM,,3950,Reg,OldTown,1Fam,1.5Fin,6,8,1926,2004,TA,CBlock,TA,818.0,Y,1224,1,3,TA,0,Detchd,1.0,0,12,2009,120566
HOME-102659,20,RL,115.0,16905,Reg,Timber,1Fam,1Story,5,6,1959,1959,TA,CBlock,TA,1350.0,Y,1328,1,2,TA,2,Attchd,1.0,0,7,2007,182964
HOME-100886,20,RL,88.0,10738,IR1,NWAmes,1Fam,1Story,6,7,1966,1966,TA,CBlock,TA,1093.0,Y,1093,2,3,TA,1,Attchd,2.0,224,11,2007,170884
HOME-101979,60,RL,60.0,7500,Reg,Gilbert,1Fam,2Story,6,5,1999,2003,TA,PConc,Gd,938.0,Y,2299,3,5,TA,1,Attchd,2.0,188,8,2007,222432
HOME-102814,20,RL,60.0,7200,Reg,CollgCr,1Fam,1Story,5,5,1972,1972,TA,CBlock,TA,894.0,Y,894,1,2,TA,0,Detchd,2.0,215,9,2009,123210
HOME-102792,60,RL,90.0,11700,Reg,NWAmes,1Fam,2Story,6,6,1968,1968,TA,CBlock,TA,708.0,Y,1416,2,3,TA,1,Attchd,2.0,0,5,2006,199037
HOME-100641,80,RM,76.0,11800,Reg,OldTown,1Fam,SLvl,4,7,1949,2002,TA,Slab,,0.0,Y,1382,2,1,TA,1,Attchd,1.0,0,5,2007,118993
HOME-101043,50,RM,50.0,6000,Reg,BrkSide,1Fam,1.5Fin,6,7,1940,1989,TA,CBlock,TA,981.0,Y,1672,1,3,Gd,1,Detchd,1.0,0,7,2008,175216
HOME-102327,50,RL,60.0,10410,Reg,OldTown,1Fam,1.5Fin,4,5,1915,1950,TA,BrkTil,TA,1313.0,Y,2377,2,3,Gd,1,Detchd,2.0,0,6,2009,150971
HOME-102300,60,RL,83.0,10005,Reg,ClearCr,1Fam,2Story,7,5,1977,1977,TA,CBlock,Gd,1160.0,Y,2022,2,4,TA,1,Attchd,2.0,288,3,2008,203767
HOME-100395,20,RL,80.0,10000,Reg,Sawyer,1Fam,1Story,5,6,1961,1983,TA,CBlock,TA,864.0,Y,1144,1,3,TA,1,Attchd,1.0,165,3,2009,134392
HOME-101403,20,RL,62.0,7130,Reg,NAmes,1Fam,1Story,5,6,1967,1967,TA,PConc,TA,864.0,Y,864,1,2,TA,0,Attchd,1.0,0,6,2009,132682
HOME-102421,20,RL,110.0,15417,Reg,Veenker,1Fam,1Story,7,5,1981,1981,Gd,CBlock,Gd,1740.0,Y,1740,1,2,Gd,0,Attchd,2.0,228,6,2009,244931
HOME-102202,30,RL,60.0,10800,Reg,OldTown,1Fam,1Story,5,7,1920,1950,TA,BrkTil,TA,720.0,N,846,1,2,Gd,0,Detchd,2.0,0,6,2009,111284
HOME-100831,20,RL,80.0,9600,Reg,NWAmes,1Fam,1Story,7,5,1969,1969,TA,CBlock,TA,1164.0,Y,1164,1,3,TA,0,Attchd,2.0,0,7,2006,152893
HOME-100839,20,RL,87.0,11029,IR1,NAmes,1Fam,1Story,6,8,1958,2002,Ex,CBlock,Gd,1184.0,Y,1414,1,3,TA,1,Attchd,2.0,0,5,2008,185312
HOME-102544,60,RL,43.0,12352,IR2,CollgCr,1Fam,2Story,7,5,1998,1999,Gd,PConc,Gd,853.0,Y,1753,2,3,TA,1,Attchd,2.0,0,3,2007,235195
HOME-101267,70,RM,60.0,9600,Reg,OldTown,1Fam,2Story,4,2,1900,1950,TA,BrkTil,TA,1095.0,N,1774,2,4,TA,0,2Types,3.0,0,5,2006,93580
HOME-101092,50,RM,50.0,5000,Reg,BrkSide,1Fam,1.5Fin,6,7,1947,1950,TA,CBlock,TA,1004.0,Y,1664,2,3,TA,2,Detchd,2.0,0,10,2006,177958
HOME-101912,20,RL,98.0,12704,Reg,NridgHt,1Fam,1Story,8,5,2007,2007,Gd,PConc,Ex,1582.0,Y,1582,2,3,Gd,0,Attchd,3.0,209,1,2008,336306
HOME-100301,70,RM,,5100,Reg,OldTown,1Fam,2Story,8,7,1925,1996,TA,PConc,TA,588.0,Y,1666,1,3,Gd,1,Detchd,1.0,192,6,2008,170428
HOME-100640,20,RL,85.0,10200,Reg,CollgCr,1Fam,1Story,8,5,2007,2007,Gd,PConc,Gd,1578.0,Y,1602,2,3,Gd,1,Attchd,3.0,0,1,2009,300589
HOME-101245,20,RL,91.0,11778,Reg,CollgCr,1Fam,1Story,9,5,2008,2008,Gd,PConc,Gd,2271.0,Y,2276,2,3,Ex,2,Attchd,3.0,0,6,2008,507645
HOME-102038,60,RL,,7750,Reg,Gilbert,1Fam,2Story,7,5,2003,2003,Gd,PConc,Gd,660.0,Y,1320,2,3,Gd,0,Attchd,2.0,0,8,2007,174892
HOME-102878,20,RL,69.0,7599,Reg,Mitchel,1Fam,1Story,4,6,1982,2006,TA,CBlock,TA,845.0,Y,845,1,2,TA,0,Detchd,2.0,0,6,2007,141786
HOME-102077,80,RL,,10147,IR1,Gilbert,1Fam,SLvl,6,5,1994,1994,TA,PConc,Gd,392.0,Y,1694,2,3,TA,1,BuiltIn,2.0,256,3,2007,169375
HOME-101465,160,FV,,2998,Reg,Somerst,TwnhsE,2Story,6,5,2000,2000,Gd,PConc,Gd,756.0,Y,1524,2,2,Gd,0,Detchd,2.0,0,6,2006,184422
HOME-100080,50,RM,60.0,6000,Reg,BrkSide,1Fam,1.5Fin,6,6,1941,1950,TA,BrkTil,TA,735.0,Y,1218,1,3,TA,1,Detchd,2.0,0,3,2007,141645
HOME-101685,30,RM,52.0,6240,Reg,IDOTRR,1Fam,1.5Fin,4,5,1925,1950,TA,CBlock,TA,780.0,Y,1208,1,2,TA,0,Detchd,2.0,0,1,2009,105130
HOME-101842,20,RL,63.0,13072,Reg,SawyerW,1Fam,1Story,7,5,2004,2005,Gd,PConc,Gd,1114.0,Y,1114,1,3,Gd,0,Detchd,2.0,248,5,2009,163783
HOME-102696,60,RL,92.0,10732,IR1,NridgHt,1Fam,2Story,8,5,2006,2007,Gd,PConc,Gd,1298.0,Y,1828,2,3,Gd,0,BuiltIn,3.0,0,2,2007,268765
HOME-100553,90,RL,,9662,IR1,Sawyer,Duplex,1Story,5,4,1977,1977,TA,CBlock,Gd,1967.0,Y,1967,2,6,TA,0,Attchd,2.0,170,8,2006,170993
HOME-101886,60,RL,122.0,11911,IR2,Gilbert,1Fam,2Story,6,5,2005,2005,Gd,PConc,Gd,684.0,Y,1560,2,3,Gd,1,BuiltIn,2.0,100,3,2009,178499
HOME-100587,30,RL,,6615,Reg,BrkSide,1Fam,1Story,6,6,1923,1950,TA,BrkTil,TA,1022.0,N,1432,1,3,Gd,1,BuiltIn,1.0,266,9,2009,154690
HOME-101249,30,RL,,17529,Reg,Sawyer,1Fam,1Story,5,5,1924,1950,TA,BrkTil,TA,872.0,N,872,1,2,Fa,1,Detchd,1.0,0,4,2006,117604
HOME-101778,70,RM,,5775,IR2,OldTown,1Fam,2Story,6,7,1915,2002,TA,BrkTil,TA,483.0,Y,1427,1,3,Gd,0,Attchd,1.0,0,2,2009,126726
HOME-102641,20,RL,80.0,10682,Reg,Edwards,1Fam,1Story,4,6,1960,1971,TA,CBlock,TA,1014.0,Y,1149,1,3,TA,0,2Types,1.0,0,7,2009,130602
HOME-100583,30,RM,50.0,5633,Reg,OldTown,1Fam,1Story,5,7,1925,1950,TA,BrkTil,TA,844.0,Y,844,1,2,TA,0,Detchd,1.0,50,7,2006,121407
HOME-100676,160,RM,21.0,1526,Reg,MeadowV,Twnhs,2Story,4,5,1970,1970,TA,CBlock,TA,546.0,Y,1092,1,3,TA,0,,0.0,0,6,2006,87513
HOME-102849,85,RL,,7252,IR1,Sawyer,1Fam,SFoyer,5,5,1982,1982,TA,CBlock,Gd,858.0,Y,858,1,2,TA,0,Detchd,2.0,120,4,2009,141805
HOME-102598,20,RL,75.0,11166,Reg,CollgCr,1Fam,1Story,7,5,2001,2001,Gd,PConc,Gd,1492.0,Y,1492,2,3,Gd,1,Attchd,2.0,0,7,2009,206275
HOME-102001,20,RL,65.0,9345,IR1,CollgCr,1Fam,1Story,8,5,2007,2007,Gd,PConc,Gd,1615.0,Y,1615,2,3,Gd,1,Attchd,3.0,168,5,2008,267596
HOME-102114,70,RL,,7500,IR1,Crawfor,1Fam,2Story,6,7,1942,1950,TA,CBlock,TA,771.0,Y,1494,1,3,Gd,2,Attchd,1.0,0,11,2009,179689
HOME-100285,20,RL,70.0,10150,Reg,NAmes,1Fam,1Story,5,5,1958,1958,TA,CBlock,TA,912.0,Y,912,1,2,TA,0,Attchd,1.0,0,7,2007,123765
HOME-102021,30,RM,90.0,8100,Reg,OldTown,1Fam,1Story,5,6,1948,1973,TA,BrkTil,TA,1559.0,Y,1559,1,2,TA,0,Detchd,2.0,0,6,2007,166911
HOME-101485,160,RM,21.0,1680,Reg,BrDale,Twnhs,2Story,6,5,1973,1973,TA,CBlock,TA,483.0,Y,987,1,2,TA,0,Detchd,1.0,52,2,2008,108082
HOME-102577,20,RL,87.0,10367,IR1,NridgHt,1Fam,1Story,9,5,2008,2008,Ex,PConc,Ex,1739.0,Y,1743,2,3,Ex,1,Attchd,3.0,168,6,2009,339459
HOME-101611,180,RM,21.0,1477,Reg,MeadowV,TwnhsE,SFoyer,4,4,1970,1970,TA,CBlock,Gd,630.0,Y,630,1,1,TA,0,Attchd,1.0,0,4,2009,83935
HOME-100524,60,RL,68.0,10769,IR1,CollgCr,1Fam,2Story,8,5,2007,2007,Gd,PConc,Gd,866.0,Y,1768,2,3,Gd,0,Attchd,2.0,144,4,2009,216993
HOME-100734,20,RL,75.0,12518,IR1,Mitchel,1Fam,1Story,5,7,1968,1968,TA,CBlock,TA,1008.0,Y,1008,1,3,Gd,0,Attchd,1.0,144,4,2009,141476
HOME-101562,20,RL,75.0,9525,Reg,CollgCr,1Fam,1Story,5,6,1995,2006,TA,PConc,Gd,1099.0,Y,1099,1,3,Gd,0,Attchd,1.0,278,6,2008,152590
HOME-100712,60,RL,57.0,10021,IR1,CollgCr,1Fam,2Story,6,6,1997,2006,TA,PConc,Gd,635.0,Y,1308,2,3,Gd,0,Attchd,2.0,142,5,2007,188979
HOME-100879,60,RL,79.0,12420,Reg,CollgCr,1Fam,2Story,7,5,2001,2001,Gd,PConc,Gd,944.0,Y,1840,2,3,Gd,0,Attchd,2.0,0,6,2009,235189
HOME-102776,30,RL,60.0,10200,Reg,Sawyer,1Fam,1Story,5,8,1940,1997,TA,PConc,TA,672.0,Y,672,1,2,TA,0,Detchd,1.0,168,8,2008,114320
HOME-101430,20,RL,78.0,10140,Reg,NWAmes,1Fam,1Story,6,5,1974,1974,TA,CBlock,Gd,1064.0,Y,1350,2,3,TA,1,Attchd,2.0,0,8,2009,167539
HOME-100409,20,RL,70.0,8750,Reg,CollgCr,1Fam,1Story,7,5,1997,1998,Gd,PConc,Gd,1417.0,Y,1417,2,3,Gd,1,Attchd,2.0,60,8,2009,215648
HOME-100389,60,RL,54.0,9783,IR1,Gilbert,1Fam,2Story,6,5,1996,1996,TA,PConc,Gd,821.0,Y,1776,2,3,TA,1,BuiltIn,2.0,286,5,2006,223843
HOME-102389,60,RL,81.0,10530,Reg,NWAmes,1Fam,2Story,7,5,1978,1978,TA,CBlock,TA,945.0,Y,1857,2,4,TA,1,Attchd,2.0,400,7,2006,211445
HOME-102707,60,RL,,7655,IR1,Gilbert,1Fam,2Story,6,5,1993,1994,TA,PConc,Gd,903.0,Y,1642,2,3,TA,1,Attchd,2.0,290,7,2007,180488
HOME-101504,20,RL,,12285,IR1,NAmes,1Fam,1Story,7,6,1960,1960,TA,CBlock,TA,1329.0,Y,1329,1,3,TA,2,Attchd,2.0,0,8,2009,182930
HOME-101341,20,RL,91.0,14145,Reg,NWAmes,1Fam,1Story,7,7,1984,1998,Gd,CBlock,Gd,1208.0,Y,1621,2,3,Gd,0,Attchd,2.0,108,5,2006,217865
HOME-100158,20,RL,71.0,8838,Reg,NAmes,1Fam,1Story,5,3,1957,1982,TA,BrkTil,,0.0,Y,1764,2,4,TA,1,Attchd,1.0,0,10,2008,106766
HOME-101503,20,RL,73.0,10921,Reg,Edwards,1Fam,1Story,4,5,1965,1965,TA,CBlock,TA,960.0,Y,960,1,3,TA,0,Attchd,1.0,120,5,2007,104267
HOME-102469,50,RM,62.0,7006,Reg,IDOTRR,1Fam,1.5Fin,6,6,1925,1950,TA,PConc,TA,768.0,Y,1236,2,3,TA,1,Detchd,1.0,0,8,2008,134761
HOME-101201,60,RL,76.0,9591,Reg,NridgHt,1Fam,2Story,8,5,2004,2005,Gd,PConc,Ex,1143.0,Y,2473,2,4,Gd,1,BuiltIn,3.0,192,10,2007,344421
HOME-100885,160,FV,35.0,3768,Reg,Somerst,TwnhsE,2Story,7,5,1999,1999,Gd,PConc,Gd,691.0,Y,1452,2,3,Gd,0,Detchd,2.0,0,9,2009,156983
HOME-100848,120,RL,35.0,5118,IR1,StoneBr,TwnhsE,1Story,8,5,1990,1990,Gd,PConc,Gd,1312.0,Y,1321,1,1,Gd,1,Attchd,2.0,0,8,2007,232969
HOME-101721,20,RL,75.0,9532,Reg,NAmes,1Fam,1Story,4,6,1953,1953,TA,CBlock,TA,1105.0,Y,1647,1,3,TA,1,Attchd,1.0,225,2,2007,166107
HOME-102455,75,RM,90.0,22950,IR2,OldTown,1Fam,2.5Fin,10,9,1892,1993,Gd,BrkTil,TA,1107.0,Y,3608,2,4,Ex,2,Detchd,3.0,0,6,2006,526671
HOME-102036,190,RL,59.0,4484,IR1,SWISU,2fmCon,1.5Fin,5,6,1942,1979,TA,CBlock,TA,672.0,N,1282,1,2,TA,0,Detchd,1.0,0,7,2007,115168
HOME-102795,160,RM,21.0,1894,Reg,MeadowV,TwnhsE,2Story,4,5,1970,1970,TA,CBlock,TA,546.0,Y,1092,1,3,TA,0,CarPort,1.0,0,4,2006,78186
HOME-100621,120,FV,35.0,4274,IR1,Somerst,TwnhsE,1Story,7,5,2006,2007,Gd,PConc,Gd,1241.0,Y,1241,1,1,Gd,0,Attchd,2.0,0,11,2007,212425
HOME-100429,80,RL,,17871,IR1,NWAmes,1Fam,SLvl,6,5,1967,1976,TA,CBlock,Gd,1680.0,Y,1724,1,3,TA,1,Attchd,2.0,0,6,2009,206686
HOME-102158,160,FV,30.0,3180,Reg,Somerst,TwnhsE,2Story,6,5,2005,2005,Gd,PConc,Gd,600.0,Y,1200,2,2,Gd,0,Detchd,2.0,0,5,2008,177395
HOME-101511,20,RL,63.0,7500,Reg,SawyerW,1Fam,1Story,6,5,2006,2007,TA,PConc,Gd,1100.0,Y,1100,1,3,TA,0,,0.0,0,6,2007,162592
HOME-102419,70,RL,114.0,19950,Reg,Edwards,1Fam,2Story,6,7,1928,1950,TA,PConc,TA,672.0,Y,2009,2,4,TA,2,2Types,3.0,0,12,2006,261058
HOME-102369,30,RL,80.0,11600,Reg,Crawfor,1Fam,1Story,4,5,1922,1950,TA,BrkTil,Fa,700.0,Y,1180,1,2,Fa,1,Detchd,1.0,0,7,2006,150691
HOME-102649,120,RL,46.0,4054,IR1,Timber,TwnhsE,1Story,7,6,1987,1987,Gd,BrkTil,Gd,1501.0,Y,1501,2,2,Gd,2,Attchd,2.0,240,10,2007,267907
HOME-100893,45,RM,50.0,5000,Reg,IDOTRR,1Fam,1.5Unf,5,6,1941,1950,TA,CBlock,TA,720.0,N,803,1,2,TA,0,Detchd,2.0,0,12,2007,94409
HOME-101458,20,RL,60.0,8070,Reg,CollgCr,1Fam,1Story,4,5,1994,1995,TA,PConc,Gd,990.0,Y,990,1,3,TA,0,,0.0,0,8,2007,134117
HOME-101537,20,RL,60.0,7200,Reg,NAmes,1Fam,1Story,5,3,1950,1950,TA,CBlock,TA,864.0,Y,1238,1,3,TA,1,Attchd,1.0,0,11,2007,107965
HOME-100732,20,RL,,11425,IR1,NAmes,1Fam,1Story,5,6,1954,1954,TA,CBlock,TA,1008.0,Y,1008,1,2,TA,1,Attchd,1.0,0,7,2006,150857
HOME-101816,20,RL,57.0,9245,IR2,CollgCr,1Fam,1Story,5,5,1994,1995,TA,PConc,Gd,990.0,Y,990,1,3,TA,0,Detchd,2.0,0,2,2008,153970
HOME-100117,75,RM,87.0,18386,Reg,OldTown,1Fam,2.5Fin,7,9,1880,2002,TA,BrkTil,TA,1470.0,Y,3493,3,3,Gd,1,Attchd,3.0,302,5,2008,308103
HOME-100664,60,RL,77.0,8390,IR1,Gilbert,1Fam,2Story,7,5,1999,1999,TA,PConc,Gd,831.0,Y,1651,2,3,TA,1,BuiltIn,2.0,0,5,2008,199738
HOME-102732,160,RM,41.0,2665,Reg,MeadowV,TwnhsE,2Story,5,7,1976,1976,TA,PConc,Gd,550.0,Y,1475,2,4,TA,1,Attchd,1.0,92,5,2008,137747
HOME-101657,60,RL,100.0,13000,Reg,NAmes,1Fam,2Story,6,6,1968,1968,TA,CBlock,Gd,896.0,Y,2142,2,4,Gd,1,Attchd,1.0,0,6,2009,200531
HOME-101757,20,RL,71.0,9187,Reg,Mitchel,1Fam,1Story,6,5,1983,1983,TA,PConc,TA,1084.0,Y,1080,1,3,TA,0,Attchd,2.0,120,6,2007,145383
HOME-100978,60,RL,,24682,IR3,Gilbert,1Fam,2Story,6,5,1999,1999,TA,PConc,Gd,841.0,Y,1675,2,3,TA,1,BuiltIn,2.0,0,6,2009,188340
HOME-101177,20,RL,,14175,Reg,Sawyer,1Fam,1Story,5,6,1956,1987,TA,CBlock,TA,1188.0,Y,1437,1,3,TA,1,Detchd,2.0,304,11,2006,183047
HOME-100133,30,I (all),109.0,21780,Reg,IDOTRR,1Fam,1Story,2,4,1910,1950,Fa,CBlock,,0.0,N,810,1,1,TA,0,Detchd,1.0,119,3,2009,60700
HOME-102887,60,RL,68.0,9543,IR1,CollgCr,1Fam,2Story,7,5,2001,2001,Gd,PConc,Gd,845.0,Y,1690,2,3,Gd,0,Attchd,2.0,0,2,2007,206283
HOME-101203,60,RL,68.0,9272,IR1,CollgCr,1Fam,2Story,7,5,1999,1999,Gd,PConc,Gd,842.0,Y,1749,2,3,Gd,0,Attchd,2.0,140,6,2006,212639
HOME-100556,20,RL,,11200,Reg,SawyerW,1Fam,1Story,6,5,1985,1985,Gd,CBlock,Gd,1298.0,Y,1298,2,3,Gd,1,Attchd,2.0,165,5,2006,195920
HOME-100062,90,RL,65.0,8385,Reg,Mitchel,Duplex,1Story,6,5,1978,1978,TA,CBlock,TA,1664.0,Y,1664,2,4,TA,0,2Types,2.0,0,10,2006,161435
HOME-102142,120,RL,55.0,7892,Reg,SawyerW,TwnhsE,1Story,6,5,1993,1993,Gd,PConc,Gd,1199.0,Y,1199,2,2,Gd,0,Attchd,2.0,0,3,2008,165553
HOME-101740,160,FV,30.0,3000,Reg,Somerst,TwnhsE,2Story,6,5,2009,2009,Gd,PConc,Gd,612.0,Y,1224,2,2,Gd,0,Detchd,2.0,0,6,2009,178005
HOME-100075,20,RL,65.0,8450,Reg,Sawyer,1Fam,1Story,5,6,1968,1968,TA,CBlock,TA,882.0,Y,909,1,3,TA,0,Attchd,1.0,0,11,2006,126018
HOME-101323,50,RM,52.0,5720,Reg,OldTown,1Fam,1.5Fin,5,6,1941,1950,TA,CBlock,TA,676.0,Y,1131,1,3,TA,0,Detchd,1.0,26,8,2009,67623
HOME-100642,90,RL,95.0,11345,Reg,NAmes,Duplex,2Story,5,5,1948,1950,TA,CBlock,TA,928.0,Y,1920,2,4,TA,0,Detchd,2.0,0,7,2007,146408
HOME-102297,20,RL,,17597,Reg,Crawfor,1Fam,1Story,7,9,1971,2009,Gd,CBlock,Gd,1803.0,Y,2365,2,3,Ex,2,Attchd,2.0,200,7,2009,331921
HOME-101892,20,RL,85.0,11058,Reg,CollgCr,1Fam,1Story,7,6,2007,2007,Gd,PConc,Gd,1564.0,Y,1564,2,3,Gd,0,Attchd,3.0,0,2,2008,233160
HOME-102716,20,RL,70.0,9800,Reg,CollgCr,1Fam,1Story,5,7,1972,1972,TA,PConc,TA,894.0,Y,894,1,3,TA,0,Attchd,2.0,256,7,2006,164523
HOME-100987,20,RL,85.0,11900,Reg,NWAmes,1Fam,1Story,7,5,1977,1977,TA,CBlock,TA,1386.0,Y,1411,2,3,TA,1,Attchd,2.0,192,4,2009,85250
HOME-102613,20,RL,73.0,9855,Reg,Edwards,1Fam,1Story,6,5,1956,1956,TA,CBlock,TA,1436.0,Y,1689,1,3,TA,1,Attchd,2.0,0,11,2009,132229
HOME-102769,20,RL,,9928,IR1,Mitchel,1Fam,1Story,7,5,1991,1992,TA,PConc,Gd,1454.0,Y,1478,2,3,TA,1,Attchd,2.0,114,5,2007,229443
HOME-101722,20,RL,,8398,IR1,Sawyer,1Fam,1Story,5,5,1967,1967,TA,CBlock,TA,943.0,Y,943,1,2,TA,0,Detchd,2.0,132,6,2007,142416
HOME-102022,60,RL,,12585,IR1,NoRidge,1Fam,2Story,8,5,1993,1993,Gd,PConc,Gd,1286.0,Y,2799,2,3,Gd,1,Attchd,3.0,432,10,2006,348686
HOME-101306,120,RM,32.0,4500,Reg,Mitchel,TwnhsE,1Story,6,5,1997,1997,TA,PConc,Ex,1189.0,Y,1189,2,2,TA,0,Attchd,2.0,0,4,2008,167406
HOME-100109,20,RL,,8885,IR1,Mitchel,1Fam,1Story,5,5,1983,1983,TA,CBlock,Gd,864.0,Y,902,1,2,TA,0,Attchd,2.0,164,6,2006,141581
HOME-101149,20,RL,39.0,16300,IR1,CollgCr,1Fam,1Story,5,4,1977,1977,TA,CBlock,Gd,876.0,Y,907,1,3,TA,0,Attchd,1.0,0,1,2007,137624
HOME-102196,70,RL,54.0,7588,Reg,Crawfor,1Fam,2Story,7,6,1920,1950,TA,BrkTil,Fa,793.0,Y,1802,1,4,TA,1,Detchd,1.0,0,7,2006,221520
HOME-102100,20,RL,,16669,IR1,Timber,1Fam,1Story,8,6,1981,1981,Gd,CBlock,Gd,1686.0,Y,1707,2,2,TA,1,Attchd,2.0,574,1,2006,254035
HOME-101900,120,RL,40.0,3874,IR1,Greens,TwnhsE,1Story,8,5,1980,1980,Gd,CBlock,Gd,1226.0,Y,1226,1,1,Gd,1,Attchd,2.0,133,7,2006,212800
HOME-102713,60,RL,,8637,IR1,Gilbert,1Fam,2Story,6,5,1999,2000,TA,PConc,Gd,923.0,Y,1714,2,3,TA,1,Attchd,2.0,256,4,2007,194821
HOME-101907,60,RL,110.0,13688,IR1,NridgHt,1Fam,2Story,9,5,2003,2004,Gd,PConc,Ex,1572.0,Y,2668,2,3,Ex,2,BuiltIn,3.0,400,3,2008,441028
HOME-100513,75,RM,75.0,13500,Reg,OldTown,1Fam,2.5Unf,10,9,1893,2000,Ex,BrkTil,TA,1237.0,Y,2775,3,3,Gd,1,Detchd,2.0,105,7,2008,341777
HOME-102876,20,RL,,39384,IR1,NAmes,1Fam,1Story,6,6,1957,1957,TA,CBlock,Gd,1705.0,Y,1390,1,1,Ex,2,Attchd,2.0,0,10,2006,278411
HOME-102618,20,RL,117.0,15262,IR1,NridgHt,1Fam,1Story,8,5,2003,2004,Gd,PConc,Ex,2200.0,Y,2200,2,3,Ex,1,Attchd,3.0,208,7,2009,389415
HOME-100028,90,RL,64.0,7018,Reg,SawyerW,Duplex,1Story,5,5,1979,1979,TA,Slab,,0.0,Y,1535,2,4,TA,0,Attchd,2.0,0,6,2009,118835
HOME-101330,30,RM,60.0,6180,Reg,BrkSide,1Fam,1Story,6,5,1926,1950,TA,BrkTil,TA,960.0,N,986,1,2,TA,1,Detchd,1.0,0,5,2007,108989
HOME-101489,20,RL,,31220,IR1,Gilbert,1Fam,1Story,6,2,1952,1952,TA,CBlock,TA,1632.0,Y,1474,1,3,TA,2,Attchd,2.0,0,5,2008,120034
HOME-100220,50,RM,75.0,9000,Reg,OldTown,1Fam,1.5Fin,5,6,1946,1950,TA,CBlock,TA,904.0,Y,1499,1,3,TA,1,Detchd,3.0,0,6,2008,149136
HOME-100357,20,RL,90.0,13200,IR1,NAmes,1Fam,1Story,6,6,1958,1958,TA,CBlock,TA,1395.0,Y,1570,1,3,TA,1,Attchd,2.0,490,5,2008,178388
HOME-102755,20,RL,60.0,16012,IR1,Edwards,1Fam,1Story,4,4,1954,1968,TA,CBlock,TA,954.0,Y,1482,2,3,TA,1,2Types,2.0,0,10,2006,137405
HOME-101711,20,RL,78.0,9316,Reg,CollgCr,1Fam,1Story,7,5,2005,2005,Gd,PConc,Gd,1614.0,Y,1614,2,3,Gd,1,Attchd,2.0,100,3,2006,250615
HOME-100459,60,RL,111.0,16259,Reg,NridgHt,1Fam,2Story,9,5,2006,2006,TA,PConc,Ex,1249.0,Y,2596,3,4,Gd,0,Attchd,3.0,240,9,2006,377583
HOME-100989,60,RL,82.0,9709,IR1,NridgHt,1Fam,2Story,8,5,2007,2007,Ex,PConc,Ex,918.0,Y,2100,2,3,Ex,2,BuiltIn,3.0,172,9,2007,345361
HOME-101222,50,RL,55.0,7642,Reg,Crawfor,1Fam,1.5Fin,7,8,1918,1998,Gd,BrkTil,TA,912.0,Y,1426,1,3,Gd,1,Detchd,1.0,0,6,2007,201666
HOME-100071,20,RL,60.0,7332,Reg,NAmes,1Fam,1Story,6,6,1959,1959,TA,CBlock,TA,864.0,Y,864,1,2,Gd,0,Attchd,1.0,168,10,2006,130926
HOME-100578,20,RL,116.0,13501,IR1,Somerst,1Fam,1Story,8,5,2006,2006,Gd,PConc,Gd,1623.0,Y,1636,2,3,Gd,1,Attchd,3.0,0,6,2007,277598
HOME-102925,50,RM,51.0,6120,Reg,BrkSide,1Fam,1.5Fin,3,5,1930,1950,Gd,CBlock,TA,728.0,Y,1162,1,3,TA,0,Detchd,1.0,0,11,2006,82907
HOME-100568,20,RL,62.0,14299,Reg,Sawyer,1Fam,1Story,4,3,1964,1964,TA,CBlock,TA,1005.0,Y,1005,1,3,TA,0,Detchd,2.0,0,7,2007,125926
HOME-101995,90,RL,70.0,8078,Reg,NAmes,Duplex,1Story,5,5,1958,1958,TA,CBlock,TA,1560.0,Y,1560,2,4,TA,0,Detchd,2.0,0,12,2007,139295
HOME-102611,50,RM,52.0,6240,Reg,BrkSide,1Fam,1.5Fin,5,7,1930,1992,TA,BrkTil,TA,966.0,Y,1426,1,3,TA,1,Detchd,1.0,174,7,2007,142850
HOME-101971,60,RL,77.0,9965,Reg,CollgCr,1Fam,2Story,7,5,2007,2007,Gd,PConc,Ex,1264.0,Y,2696,2,4,Ex,1,BuiltIn,3.0,120,10,2007,413285
HOME-100145,60,RL,88.0,14200,Reg,NAmes,1Fam,2Story,7,6,1966,1966,TA,CBlock,TA,924.0,Y,2157,2,4,Gd,2,Attchd,2.0,105,5,2006,255162
HOME-102395,120,RL,30.0,9549,IR1,Veenker,TwnhsE,1Story,8,5,1995,1996,Gd,PConc,Gd,1494.0,Y,1494,1,2,Ex,1,Attchd,2.0,0,4,2006,293594
HOME-101373,50,RL,110.0,7810,IR1,Crawfor,1Fam,1.5Fin,4,6,1930,2003,TA,BrkTil,TA,930.0,Y,1755,2,4,Gd,1,Detchd,1.0,0,11,2007,200633
HOME-101308,160,FV,34.0,3230,Reg,Somerst,TwnhsE,2Story,6,5,1999,1999,TA,PConc,Gd,729.0,Y,1471,2,3,TA,0,Detchd,2.0,0,3,2009,180634
HOME-101183,60,RL,90.0,11367,Reg,CollgCr,1Fam,2Story,8,5,2002,2002,Gd,PConc,Gd,1065.0,Y,1989,2,3,Gd,1,Attchd,2.0,199,11,2006,280226
HOME-100174,50,RM,50.0,3500,Reg,OldTown,1Fam,1.5Fin,5,7,1947,1950,TA,CBlock,TA,720.0,Y,1284,1,2,TA,0,Detchd,1.0,0,4,2009,111613
HOME-102805,50,RM,51.0,6120,Reg,BrkSide,1Fam,1.5Fin,5,6,1926,1950,TA,BrkTil,TA,756.0,Y,1281,1,2,Gd,0,Detchd,2.0,25,8,2007,139496
HOME-101988,190,RM,85.0,13600,Reg,OldTown,2fmCon,2Story,5,5,1900,1950,TA,BrkTil,TA,662.0,N,2337,2,5,TA,0,Detchd,2.0,0,9,2007,97609
HOME-100129,20,RH,60.0,8400,Reg,SawyerW,1Fam,1Story,4,4,1950,1950,Fa,CBlock,TA,721.0,Y,841,1,2,TA,0,CarPort,1.0,250,9,2009,84173
HOME-100342,120,RL,,4928,IR1,NPkVill,TwnhsE,1Story,6,6,1976,1976,TA,CBlock,Gd,958.0,Y,958,2,2,TA,0,Attchd,2.0,0,10,2009,150864
HOME-101340,20,RL,107.0,13891,Reg,NridgHt,1Fam,1Story,9,5,2007,2007,Ex,PConc,Ex,2552.0,Y,2552,2,3,Ex,2,Attchd,3.0,130,10,2007,517116
HOME-102377,20,RL,313.0,27650,IR2,NAmes,1Fam,1Story,7,7,1960,2007,TA,CBlock,Gd,585.0,Y,2069,2,4,Gd,1,Attchd,2.0,0,11,2008,254610
HOME-100315,75,RM,60.0,10800,Reg,OldTown,1Fam,2.5Unf,7,7,1914,1970,TA,BrkTil,Gd,880.0,N,1768,1,2,TA,2,Detchd,2.0,0,10,2006,180956
HOME-102323,60,RL,,14311,IR1,NWAmes,1Fam,2Story,8,5,1996,1996,Gd,PConc,Gd,1236.0,Y,2340,2,4,Gd,1,Attchd,3.0,192,6,2008,325163
HOME-100850,60,RL,74.0,8581,IR1,CollgCr,1Fam,2Story,7,5,2006,2006,Gd,PConc,Gd,851.0,Y,1737,2,3,Gd,0,Attchd,2.0,0,8,2006,229392
HOME-102570,60,RL,65.0,8139,Reg,Gilbert,1Fam,2Story,6,5,1995,1996,TA,PConc,Gd,680.0,Y,1470,2,3,TA,1,BuiltIn,2.0,192,10,2008,176809
HOME-101426,20,RL,,14781,IR2,CollgCr,1Fam,1Story,8,5,2001,2002,Gd,PConc,Gd,1753.0,Y,1787,2,3,Gd,1,Attchd,3.0,198,8,2006,299026
HOME-101336,50,RM,,7425,IR1,BrkSide,1Fam,1.5Fin,7,7,1945,1950,TA,CBlock,TA,672.0,Y,1668,1,3,Gd,0,Attchd,1.0,210,8,2008,116047
HOME-101417,60,RL,65.0,8453,IR1,SawyerW,1Fam,2Story,6,5,1995,1995,Gd,PConc,Gd,754.0,Y,1609,2,3,Gd,0,Attchd,2.0,0,4,2008,192870
HOME-101133,20,RL,50.0,14859,IR1,Gilbert,1Fam,1Story,7,5,2006,2006,Gd,PConc,Gd,1670.0,Y,1670,2,3,Gd,1,Attchd,3.0,144,8,2006,261345
HOME-101385,30,C (all),60.0,10200,Reg,IDOTRR,1Fam,1Story,4,6,1925,1950,TA,BrkTil,TA,572.0,N,572,1,2,TA,0,Detchd,1.0,0,5,2009,77950
HOME-100690,160,RM,21.0,1890,Reg,BrDale,Twnhs,2Story,6,7,1972,1972,TA,CBlock,TA,494.0,Y,1030,1,3,TA,0,Detchd,1.0,0,7,2006,128105
HOME-101185,70,RH,,12155,IR1,SWISU,1Fam,2Story,6,8,1925,1950,TA,BrkTil,TA,672.0,N,1482,2,4,Fa,0,Detchd,1.0,0,3,2008,147770
HOME-102288,70,RL,,9650,IR1,Crawfor,1Fam,2Story,6,3,1923,1950,TA,BrkTil,TA,784.0,Y,1603,1,4,TA,1,Attchd,2.0,0,6,2008,145686
HOME-101832,20,RL,,8789,IR1,Sawyer,1Fam,1Story,5,6,1967,1967,TA,CBlock,TA,912.0,Y,941,1,3,TA,1,Attchd,1.0,64,6,2006,140422
HOME-102241,20,RL,68.0,9571,Reg,Edwards,1Fam,1Story,5,6,1956,1956,TA,CBlock,TA,1509.0,Y,1509,1,3,Gd,1,Attchd,1.0,158,7,2008,171835
HOME-101875,20,RL,90.0,13068,Reg,NWAmes,1Fam,1Story,6,5,1976,1976,TA,PConc,Gd,1211.0,Y,1211,2,3,Gd,1,Attchd,2.0,0,11,2008,170250
HOME-101023,60,RL,65.0,7800,Reg,SawyerW,1Fam,2Story,7,5,2005,2005,Gd,PConc,Gd,891.0,Y,1686,2,3,Gd,0,Attchd,2.0,144,4,2006,200774
HOME-102170,20,RL,,9535,IR1,Sawyer,1Fam,1Story,5,5,1967,1967,TA,CBlock,TA,1176.0,Y,1458,1,3,TA,1,Attchd,2.0,284,7,2006,181803
HOME-102788,90,RL,42.0,7711,IR1,Edwards,Duplex,1Story,4,3,1977,1977,TA,PConc,Gd,1440.0,Y,1440,2,4,TA,0,,0.0,321,8,2007,159736
HOME-102894,20,RL,73.0,11927,Reg,CollgCr,1Fam,1Story,8,5,1994,1995,Gd,PConc,Gd,1556.0,Y,1592,2,3,Gd,1,Attchd,2.0,120,6,2007,250358
HOME-101195,60,RL,97.0,10029,IR1,ClearCr,1Fam,2Story,6,5,1988,1989,Gd,PConc,Gd,1151.0,Y,2060,2,4,TA,1,Attchd,2.0,0,9,2007,228371
HOME-101627,60,RL,79.0,12798,IR1,ClearCr,1Fam,2Story,6,5,1997,1997,TA,PConc,Gd,616.0,Y,1688,2,4,Gd,0,Attchd,2.0,403,5,2008,216328
HOME-102886,50,RL,80.0,8480,Reg,NAmes,1Fam,1.5Fin,5,5,1947,1950,TA,CBlock,TA,832.0,Y,1216,1,2,TA,0,Detchd,1.0,158,10,2008,125144
HOME-102883,20,RL,80.0,14000,Reg,Crawfor,1Fam,1Story,6,8,1950,2004,TA,CBlock,TA,1092.0,Y,1152,1,3,Gd,1,Attchd,1.0,0,8,2009,164563
HOME-101433,90,RL,75.0,8250,Reg,SawyerW,Duplex,2Story,6,7,1981,1981,TA,Slab,,0.0,Y,1882,2,4,TA,2,Attchd,2.0,0,5,2009,165073
HOME-102727,45,RL,60.0,9600,Reg,NAmes,1Fam,1.5Unf,5,7,1949,2003,TA,CBlock,TA,845.0,Y,893,1,2,Gd,0,Detchd,2.0,0,5,2007,147474
HOME-102411,20,RL,130.0,11457,IR1,Timber,1Fam,1Story,6,5,1988,1988,TA,CBlock,Gd,1392.0,Y,1412,2,3,Gd,1,Attchd,2.0,0,3,2009,180543
HOME-102079,20,RL,50.0,4280,IR1,Sawyer,1Fam,1Story,4,9,1946,2001,TA,CBlock,Fa,560.0,Y,704,1,2,Fa,0,CarPort,1.0,0,9,2009,91262
HOME-102486,20,RL,,11000,IR2,Mitchel,1Fam,1Story,5,6,1976,2003,TA,PConc,Gd,1090.0,Y,1178,1,3,TA,0,Attchd,2.0,0,6,2007,147443
HOME-102191,20,RL,80.0,9600,Reg,NAmes,1Fam,1Story,6,6,1958,1988,TA,CBlock,TA,1240.0,Y,1632,2,3,TA,1,Attchd,1.0,289,4,2009,145918
HOME-101517,30,RL,,11515,IR1,Edwards,1Fam,1Story,4,5,1958,1994,TA,Slab,,0.0,N,943,1,3,Gd,0,Detchd,1.0,0,8,2007,85046
HOME-102546,20,RL,65.0,25095,IR1,ClearCr,1Fam,1Story,5,8,1968,2003,TA,CBlock,TA,1437.0,Y,1473,1,1,Ex,2,Attchd,1.0,0,6,2009,146263
HOME-102236,20,RL,76.0,10141,IR1,SawyerW,1Fam,1Story,8,5,2004,2004,Gd,PConc,Gd,1512.0,Y,1512,2,3,Gd,0,Attchd,3.0,210,1,2009,210348
HOME-102432,180,RM,35.0,3675,Reg,Edwards,TwnhsE,SFoyer,6,5,2005,2006,TA,PConc,Gd,547.0,Y,1072,1,2,TA,0,Basment,2.0,0,10,2006,156277
HOME-102267,120,RM,41.0,5748,IR1,Crawfor,TwnhsE,1Story,8,5,2005,2006,Gd,PConc,Ex,1573.0,Y,1778,2,2,Ex,1,Attchd,2.0,123,2,2006,423582
HOME-101299,20,RL,47.0,12416,IR1,Timber,1Fam,1Story,6,5,1986,1986,TA,CBlock,Gd,1606.0,Y,1651,2,3,TA,1,Attchd,2.0,192,11,2008,192892
HOME-102413,20,RL,82.0,9488,Reg,Sawyer,1Fam,1Story,5,6,1947,1993,Gd,CBlock,TA,1046.0,N,1054,1,3,TA,0,Detchd,1.0,0,9,2008,128280
HOME-100462,20,RL,75.0,9533,Reg,NAmes,1Fam,1Story,5,5,1953,1953,TA,Slab,,0.0,Y,1210,1,2,TA,0,Attchd,1.0,208,8,2009,106159
HOME-101762,20,RL,104.0,11361,Reg,NWAmes,1Fam,1Story,6,5,1976,1976,TA,CBlock,Gd,1193.0,Y,1523,2,3,TA,1,Attchd,2.0,0,5,2008,193884
HOME-100880,80,RL,,15957,IR1,Mitchel,1Fam,SLvl,6,6,1977,1977,TA,PConc,Gd,1244.0,Y,1356,2,3,TA,1,Attchd,2.0,1424,9,2007,203149
HOME-101083,20,RL,78.0,11645,Reg,CollgCr,1Fam,1Story,8,5,2005,2006,Gd,PConc,Ex,1570.0,Y,1590,2,2,Ex,0,Attchd,3.0,176,8,2006,331599
HOME-102261,180,RM,21.0,1526,Reg,MeadowV,Twnhs,SFoyer,4,8,1970,2002,TA,CBlock,Gd,630.0,Y,630,1,1,Gd,0,Attchd,1.0,0,5,2009,87080
HOME-102842,20,FV,72.0,8640,Reg,Somerst,1Fam,1Story,7,5,2007,2008,Gd,PConc,Ex,1372.0,Y,1372,2,3,Gd,0,Attchd,2.0,0,5,2008,266154
HOME-101879,20,RL,86.0,11210,IR1,CollgCr,1Fam,1Story,7,5,2005,2006,Gd,PConc,Gd,1614.0,Y,1614,2,3,Gd,0,Attchd,3.0,144,7,2006,242058
HOME-101353,20,RL,81.0,14175,Reg,Sawyer,1Fam,1Story,5,5,1956,1998,TA,CBlock,TA,1240.0,Y,1375,1,3,TA,1,Attchd,1.0,0,12,2007,200405
HOME-100836,20,RM,65.0,9750,Reg,OldTown,1Fam,1Story,5,5,1958,1958,TA,CBlock,TA,960.0,Y,960,1,3,TA,0,Detchd,2.0,0,7,2006,137525
HOME-100575,85,RL,72.0,10820,Reg,Sawyer,1Fam,SFoyer,5,7,1971,1972,TA,PConc,Gd,782.0,Y,810,1,2,TA,0,Detchd,2.0,0,6,2006,144142
HOME-101566,90,RL,60.0,10800,Reg,Edwards,Duplex,1Story,5,5,1987,1988,TA,CBlock,Gd,1200.0,Y,1200,3,3,TA,0,,0.0,120,3,2009,182747
HOME-101261,20,RL,70.0,11767,Reg,Edwards,1Fam,1Story,5,5,1956,1956,TA,CBlock,TA,1150.0,Y,1560,1,2,TA,1,Attchd,1.0,0,5,2009,106355
HOME-101110,120,RL,38.0,4740,IR1,StoneBr,TwnhsE,1Story,8,5,1988,1988,Gd,CBlock,Gd,1166.0,Y,1179,2,2,TA,0,Attchd,2.0,0,10,2007,198062
HOME-100294,20,RL,75.0,8100,Reg,Sawyer,1Fam,1Story,5,8,1961,2007,TA,CBlock,TA,864.0,Y,864,1,3,Gd,1,Detchd,1.0,132,7,2008,142453
HOME-102396,60,RL,80.0,8000,Reg,NWAmes,1Fam,2Story,6,6,1970,1970,TA,CBlock,TA,1008.0,Y,2411,2,4,TA,1,Attchd,2.0,0,6,2007,257995
HOME-101905,20,RL,,22002,Reg,NAmes,1Fam,1Story,6,7,1959,1991,TA,CBlock,TA,1592.0,Y,1652,1,3,Gd,1,Attchd,2.0,0,7,2007,215791
HOME-100720,60,RL,,10304,IR1,NWAmes,1Fam,2Story,5,7,1976,1976,TA,CBlock,TA,780.0,Y,1868,2,4,Gd,1,Attchd,2.0,448,10,2009,202725
HOME-101645,20,RL,74.0,13008,IR1,NAmes,1Fam,1Story,6,5,1956,1956,TA,CBlock,Fa,882.0,Y,882,1,2,TA,0,Attchd,1.0,0,10,2009,126740
HOME-102239,20,RL,74.0,7450,IR1,NAmes,1Fam,1Story,5,5,1956,1956,TA,CBlock,TA,894.0,Y,1074,1,2,Gd,1,Detchd,2.0,0,1,2007,134317
HOME-101745,20,RL,,7915,IR1,Timber,1Fam,1Story,6,5,1999,2000,Gd,PConc,Ex,1666.0,Y,1675,2,3,Gd,0,Attchd,2.0,165,12,2008,205616
HOME-102376,20,RL,76.0,6950,IR1,CollgCr,1Fam,1Story,5,7,1979,1979,TA,CBlock,TA,914.0,Y,914,1,2,TA,0,Attchd,2.0,0,10,2009,141424
HOME-101313,20,RL,90.0,10454,IR1,NAmes,1Fam,1Story,6,6,1957,1957,TA,CBlock,TA,1105.0,Y,1105,1,3,TA,0,Detchd,1.0,0,4,2009,137503
HOME-100234,20,RL,80.0,9000,IR1,NAmes,1Fam,1Story,6,6,1958,1958,TA,CBlock,Gd,160.0,Y,1142,1,2,TA,1,Basment,1.0,0,4,2009,117556
HOME-100650,20,RL,49.0,20896,IR2,Somerst,1Fam,1Story,8,5,2005,2006,Gd,PConc,Ex,2077.0,Y,2097,1,1,Ex,1,Attchd,3.0,192,1,2006,471571
HOME-100595,20,RL,79.0,9416,Reg,Somerst,1Fam,1Story,7,5,2007,2007,Ex,PConc,Ex,1726.0,Y,1726,2,3,Ex,1,Attchd,3.0,171,9,2007,337108
HOME-100546,60,RL,,11050,Reg,CollgCr,1Fam,2Story,9,5,2000,2000,Gd,PConc,Ex,1440.0,Y,2153,2,3,Ex,2,Attchd,3.0,253,5,2009,327719
HOME-100785,30,RL,60.0,7290,Reg,SWISU,1Fam,1Story,7,8,1921,1950,TA,BrkTil,TA,1228.0,Y,1424,2,2,TA,1,Attchd,1.0,0,4,2008,177426
HOME-101469,50,RM,52.0,6240,Reg,BrkSide,1Fam,1.5Fin,4,5,1947,1950,TA,Slab,,0.0,N,912,1,2,TA,0,,0.0,0,7,2006,87910
HOME-102062,20,RL,71.0,9353,Reg,NAmes,1Fam,1Story,4,5,1970,1970,TA,CBlock,TA,864.0,Y,864,1,3,TA,0,Attchd,1.0,0,7,2006,127114
HOME-102101,20,A (agr),80.0,14584,Reg,IDOTRR,1Fam,1Story,1,5,1952,1952,Fa,Slab,,0.0,N,733,1,2,Fa,0,Attchd,2.0,0,2,2008,13926
HOME-101476,45,RM,51.0,6120,Reg,BrkSide,1Fam,1.5Unf,5,7,1939,1950,Gd,BrkTil,TA,884.0,Y,884,1,2,TA,0,Detchd,1.0,0,7,2007,122591
HOME-100216,20,RL,99.0,11851,Reg,Gilbert,1Fam,1Story,7,5,1990,1990,TA,PConc,Gd,1424.0,Y,1442,2,3,TA,0,Attchd,2.0,0,5,2009,187197
HOME-102056,60,RL,77.0,9965,Reg,CollgCr,1Fam,2Story,8,5,2006,2007,Gd,PConc,Ex,1466.0,Y,2828,3,4,Gd,1,BuiltIn,3.0,125,4,2007,465621
HOME-101891,20,RL,78.0,9262,Reg,Somerst,1Fam,1Story,8,5,2008,2009,Gd,PConc,Gd,1573.0,Y,1578,2,3,Ex,1,Attchd,3.0,0,5,2009,292772
HOME-102336,20,FV,68.0,8736,IR1,Somerst,1Fam,1Story,7,5,2003,2004,Gd,PConc,Gd,1553.0,Y,1553,2,3,Gd,0,Attchd,2.0,192,8,2009,242492
HOME-102417,30,RL,67.0,5604,Reg,Edwards,1Fam,1Story,5,6,1925,1950,TA,CBlock,TA,864.0,N,864,1,2,TA,0,,0.0,0,4,2008,103189
HOME-101304,20,RL,,9200,IR1,CollgCr,1Fam,1Story,5,6,1975,1980,TA,CBlock,Gd,938.0,Y,938,1,3,TA,0,Detchd,1.0,145,7,2008,139583
HOME-100916,70,RM,50.0,8660,Reg,IDOTRR,1Fam,2Story,5,6,1900,1993,TA,BrkTil,TA,760.0,N,2168,2,5,Gd,0,Detchd,2.0,467,12,2009,126176
HOME-100203,60,RL,,9531,IR1,CollgCr,1Fam,2Story,6,5,1998,1998,TA,PConc,Gd,794.0,Y,1796,2,3,TA,0,Attchd,2.0,0,5,2007,224835
HOME-102760,30,C (all),120.0,18000,Reg,IDOTRR,1Fam,1Story,3,4,1935,1950,Fa,CBlock,TA,894.0,Y,894,1,2,TA,0,Detchd,3.0,0,8,2008,85986
HOME-100362,50,RL,60.0,7200,Reg,SWISU,1Fam,1.5Fin,5,7,1937,1950,TA,BrkTil,Gd,731.0,Y,1768,1,3,Gd,2,Detchd,1.0,0,6,2007,188796
HOME-101558,60,RL,72.0,13426,IR1,CollgCr,1Fam,2Story,7,5,1999,2000,Gd,PConc,Gd,951.0,Y,1779,2,3,Gd,1,Attchd,2.0,208,9,2006,236104
HOME-102409,190,RL,79.0,6221,IR1,Crawfor,2fmCon,1.5Fin,5,5,1941,1950,TA,CBlock,TA,728.0,Y,1355,2,3,TA,0,Detchd,2.0,0,10,2007,153712
HOME-100230,160,RM,24.0,1782,Reg,Blueste,Twnhs,2Story,6,6,1980,1980,TA,CBlock,Gd,516.0,Y,1045,1,2,TA,1,Detchd,2.0,180,12,2007,133945
HOME-102472,60,RL,56.0,20431,IR2,NridgHt,1Fam,2Story,9,5,2005,2006,Ex,PConc,Ex,1848.0,Y,2728,2,4,Ex,2,Attchd,3.0,0,4,2006,490217
HOME-100776,20,RL,70.0,9170,Reg,Edwards,1Fam,1Story,5,7,1965,1965,TA,CBlock,TA,1214.0,Y,1214,1,2,TA,0,Detchd,2.0,0,4,2007,152392
HOME-102218,50,RL,60.0,8400,Reg,SWISU,1Fam,1.5Fin,6,5,1940,2000,TA,CBlock,TA,940.0,Y,1595,1,2,TA,2,Attchd,1.0,0,6,2006,154594
HOME-101588,60,RM,57.0,8094,Reg,OldTown,2fmCon,2.5Unf,6,8,1910,1983,TA,PConc,TA,1242.0,Y,1984,2,5,TA,0,Detchd,1.0,64,9,2008,172624
HOME-101418,50,RM,50.0,7000,Reg,IDOTRR,1Fam,1.5Fin,6,7,1926,1950,TA,PConc,TA,861.0,Y,1285,1,3,TA,0,Detchd,2.0,96,5,2006,159058
HOME-101169,20,RL,65.0,8450,Reg,CollgCr,1Fam,1Story,7,5,2004,2004,Gd,PConc,Gd,1436.0,Y,1436,2,3,Gd,0,Attchd,2.0,139,4,2008,225790
HOME-102089,20,RL,75.0,13125,Reg,CollgCr,1Fam,1Story,6,5,1997,1998,TA,PConc,Gd,1478.0,Y,1493,2,3,Gd,1,Attchd,2.0,140,4,2008,216636
HOME-102420,120,RL,,3760,IR1,Greens,Twnhs,1Story,8,5,1980,1980,Gd,CBlock,Gd,1235.0,Y,1235,1,1,TA,3,Attchd,2.0,133,5,2006,234360
HOME-101843,60,RL,42.0,26178,IR1,Timber,1Fam,2Story,7,5,1989,1990,Gd,PConc,Gd,1210.0,Y,2519,2,4,Gd,2,Attchd,2.0,320,4,2006,365054
HOME-100599,20,RL,90.0,18261,IR1,StoneBr,1Fam,1Story,9,5,2005,2005,Ex,PConc,Ex,1910.0,Y,2000,2,3,Ex,2,Attchd,3.0,351,9,2006,522253
HOME-102160,80,RL,,7176,IR1,Sawyer,1Fam,SLvl,6,6,1978,1978,TA,CBlock,TA,960.0,Y,1040,1,3,TA,1,Detchd,2.0,131,7,2006,179315
HOME-102840,50,RL,53.0,5362,Reg,Crawfor,1Fam,1.5Fin,5,6,1910,2003,TA,PConc,TA,661.0,Y,1250,2,3,TA,1,Detchd,2.0,242,11,2007,150046
HOME-100214,60,RL,,9130,Reg,NWAmes,1Fam,2Story,6,8,1966,2000,TA,CBlock,TA,800.0,Y,1632,1,4,Gd,0,Attchd,2.0,0,7,2008,184326
HOME-100415,180,RM,21.0,1596,Reg,MeadowV,Twnhs,SLvl,4,6,1973,1973,TA,CBlock,Gd,462.0,Y,988,1,1,TA,1,BuiltIn,1.0,0,7,2008,98115
HOME-102242,160,RM,21.0,1680,Reg,BrDale,Twnhs,2Story,5,7,1972,1972,TA,CBlock,TA,630.0,Y,1302,2,3,TA,0,Detchd,1.0,185,2,2009,123412
HOME-101533,60,FV,84.0,10207,Reg,Somerst,1Fam,2Story,7,6,2007,2007,Gd,PConc,Gd,874.0,Y,1761,3,3,Gd,0,Attchd,2.0,144,8,2007,242679
HOME-101724,60,RL,62.0,7162,Reg,Edwards,1Fam,2Story,7,5,2003,2004,Gd,PConc,Gd,796.0,Y,1724,2,3,Gd,1,BuiltIn,2.0,168,5,2006,216239
HOME-102314,70,RM,51.0,6120,Reg,OldTown,1Fam,2Story,5,5,1923,1950,TA,BrkTil,TA,1100.0,Y,1902,2,4,TA,0,Detchd,2.0,0,10,2008,132835
HOME-101277,60,RL,94.0,13005,IR1,NWAmes,1Fam,2Story,7,7,1980,1980,Gd,CBlock,Gd,845.0,Y,2353,2,4,Ex,1,Attchd,2.0,288,8,2009,274903
HOME-100223,20,RL,80.0,7936,Reg,NAmes,1Fam,1Story,6,6,1963,1963,TA,CBlock,TA,1045.0,Y,1045,1,3,TA,1,Attchd,1.0,0,4,2009,129867
HOME-100099,50,RL,60.0,11100,Reg,Edwards,1Fam,1.5Fin,5,6,1951,1994,TA,PConc,TA,1080.0,N,1480,1,4,TA,1,Attchd,1.0,0,7,2007,146081
HOME-102195,60,RL,63.0,9084,IR1,Gilbert,1Fam,2Story,7,5,1998,1998,TA,PConc,Gd,935.0,Y,1632,2,3,TA,1,Attchd,2.0,0,6,2006,194883
HOME-100032,20,RL,79.0,11449,IR1,Timber,1Fam,1Story,8,5,2007,2007,Gd,PConc,Gd,1884.0,Y,1728,2,3,Gd,1,Attchd,2.0,0,1,2008,317373
HOME-101858,120,RL,41.0,4923,Reg,StoneBr,TwnhsE,1Story,8,5,2001,2002,Gd,PConc,Ex,1593.0,Y,1593,1,0,Ex,1,Attchd,2.0,0,8,2008,307763
HOME-102695,120,RL,34.0,5381,IR1,NridgHt,Twnhs,1Story,6,5,2005,2005,Gd,PConc,Gd,1306.0,Y,1306,2,1,Gd,1,Attchd,2.0,170,8,2009,203712
HOME-102184,30,RL,50.0,9340,Reg,Edwards,1Fam,1Story,4,6,1941,1950,TA,CBlock,TA,672.0,Y,672,1,2,TA,0,Attchd,1.0,0,8,2009,116516
HOME-101387,30,RL,,8854,Reg,BrkSide,1Fam,1.5Unf,6,6,1916,1950,TA,BrkTil,TA,952.0,N,952,1,2,Fa,1,Detchd,1.0,0,5,2009,126248
HOME-101379,50,RL,76.0,11388,Reg,Edwards,1Fam,1.5Fin,4,7,1910,1993,TA,BrkTil,TA,616.0,N,1273,1,3,Gd,0,Detchd,1.0,212,9,2006,132713
HOME-100385,20,RL,60.0,8172,Reg,Edwards,1Fam,1Story,5,7,1955,1990,TA,CBlock,TA,864.0,Y,864,1,2,TA,0,Detchd,2.0,0,4,2006,122704
HOME-102816,20,RL,70.0,12198,IR1,NAmes,1Fam,1Story,5,6,1955,1975,TA,CBlock,TA,1204.0,Y,1411,1,3,TA,1,Attchd,1.0,278,6,2007,142415
HOME-102284,60,RL,90.0,14670,Reg,NAmes,1Fam,2Story,6,7,1966,1999,Gd,CBlock,TA,1104.0,Y,1988,2,4,Gd,1,Attchd,2.0,0,8,2008,242435
HOME-102791,60,RL,66.0,16226,IR3,CollgCr,1Fam,2Story,8,5,1998,1999,Gd,PConc,Gd,1028.0,Y,2452,2,4,Gd,1,BuiltIn,2.0,208,5,2007,290826
HOME-100942,50,RL,,14100,IR1,Crawfor,1Fam,1.5Fin,8,9,1935,1997,TA,CBlock,TA,728.0,Y,3447,3,4,Gd,2,BuiltIn,3.0,314,5,2008,395778
HOME-101998,60,RL,80.0,8000,Reg,NWAmes,1Fam,2Story,6,6,1974,1974,TA,CBlock,TA,1084.0,Y,1877,2,4,TA,1,Attchd,2.0,0,11,2007,192403
HOME-101065,20,RL,94.0,13615,IR1,NridgHt,1Fam,1Story,9,5,2006,2006,Ex,PConc,Ex,1802.0,Y,1802,2,3,Ex,1,Attchd,3.0,158,6,2007,406442
HOME-100078,50,RM,75.0,9000,Reg,IDOTRR,1Fam,1.5Fin,5,5,1958,1958,TA,CBlock,TA,1151.0,Y,1955,2,4,TA,0,Attchd,1.0,0,1,2008,180812
HOME-101785,85,RL,64.0,12102,Reg,Edwards,1Fam,SFoyer,5,5,1976,1976,TA,CBlock,Gd,456.0,Y,1033,1,3,TA,0,BuiltIn,2.0,224,4,2008,174915
HOME-101807,60,RL,45.0,9468,IR2,CollgCr,1Fam,2Story,6,5,1999,1999,TA,PConc,Gd,840.0,Y,1755,2,3,TA,1,Attchd,2.0,176,8,2006,231034
HOME-102853,190,RL,60.0,10800,Reg,OldTown,2fmCon,2Story,4,7,1900,2000,TA,BrkTil,,0.0,N,1294,2,3,TA,0,,0.0,220,8,2008,112696
HOME-100999,50,RL,60.0,10818,Reg,OldTown,1Fam,1.5Fin,4,4,1910,1950,TA,BrkTil,Fa,1077.0,Y,1760,1,4,TA,1,Detchd,2.0,120,2,2006,89119
HOME-102414,20,RL,104.0,14418,IR1,NridgHt,1Fam,1Story,9,5,2007,2007,Ex,PConc,Ex,1950.0,Y,1950,2,2,Ex,1,Attchd,3.0,156,5,2008,395864
HOME-101569,50,RL,104.0,23920,Reg,SawyerW,1Fam,1.5Fin,6,5,1984,1984,TA,CBlock,TA,1105.0,Y,1822,2,4,Gd,1,Attchd,2.0,0,4,2007,245975
HOME-101985,60,RL,88.0,10179,IR1,Gilbert,1Fam,2Story,6,5,1997,1997,TA,PConc,Gd,945.0,Y,1608,2,3,TA,1,Attchd,2.0,252,7,2009,199175
HOME-100790,50,RM,60.0,5400,Reg,OldTown,1Fam,1.5Fin,6,6,1920,1950,Fa,BrkTil,TA,972.0,Y,1480,1,3,TA,0,Detchd,1.0,0,9,2009,123554
HOME-101911,50,RM,60.0,8520,Reg,OldTown,1Fam,1.5Fin,6,7,1916,1950,TA,BrkTil,TA,714.0,N,2526,2,5,Gd,1,Detchd,1.0,88,8,2007,147127
HOME-101454,20,RL,68.0,9571,Reg,Edwards,1Fam,1Story,5,5,1956,1956,TA,CBlock,TA,1073.0,Y,1073,1,2,TA,0,Attchd,1.0,0,2,2009,126568
HOME-102165,60,RL,,14541,IR1,NoRidge,1Fam,2Story,8,7,1993,1993,Gd,PConc,Gd,1338.0,Y,2520,2,5,Gd,1,Attchd,3.0,209,11,2006,345734
HOME-102025,20,RL,,12250,IR1,CollgCr,1Fam,1Story,5,6,1978,1978,TA,CBlock,Gd,864.0,Y,1174,1,3,TA,0,Attchd,2.0,211,5,2008,170078
HOME-101607,20,RL,60.0,6600,Reg,Mitchel,1Fam,1Story,5,6,1982,2005,TA,CBlock,TA,845.0,Y,845,1,3,Gd,0,Attchd,1.0,0,7,2008,145371
HOME-102907,70,RM,60.0,7200,Reg,OldTown,1Fam,2Story,7,7,1920,1950,TA,BrkTil,Fa,596.0,Y,1762,1,4,Gd,0,Detchd,2.0,36,10,2006,172446
HOME-102278,50,RM,63.0,11426,Reg,OldTown,1Fam,1.5Fin,7,5,2003,2003,TA,PConc,Gd,1362.0,Y,2082,2,3,Gd,0,Detchd,2.0,280,6,2008,214130
HOME-102586,20,RL,56.0,18559,IR1,NWAmes,1Fam,1Story,7,5,1978,1978,Gd,CBlock,Gd,2048.0,Y,2064,2,3,Gd,2,Attchd,2.0,200,8,2008,249464
HOME-100559,80,RL,78.0,11679,IR1,Edwards,1Fam,SLvl,5,5,1962,1962,TA,CBlock,TA,1776.0,Y,1560,2,3,TA,1,Attchd,2.0,453,5,2006,197331
HOME-101225,30,RL,98.0,8731,IR1,BrkSide,1Fam,1Story,5,5,1920,1950,TA,BrkTil,TA,915.0,Y,1167,1,3,TA,1,Detchd,2.0,0,5,2007,154479
HOME-101122,20,RL,,16196,IR3,SawyerW,1Fam,1Story,7,5,1998,1998,Gd,PConc,Gd,1482.0,Y,1494,2,3,Gd,1,Attchd,2.0,402,8,2007,226108
HOME-102687,20,RL,75.0,9750,Reg,CollgCr,1Fam,1Story,7,5,2004,2004,Gd,PConc,Gd,1445.0,Y,1445,2,3,Gd,0,Attchd,2.0,0,6,2008,197110
HOME-102392,50,RM,56.0,8398,Reg,OldTown,1Fam,1.5Fin,6,8,1910,1990,TA,CBlock,Gd,926.0,Y,1650,2,3,TA,0,Detchd,2.0,128,11,2007,156460
HOME-102126,120,FV,,3830,IR1,Somerst,TwnhsE,1Story,6,5,2008,2008,Gd,PConc,Gd,1726.0,Y,1726,2,2,Gd,1,Attchd,2.0,0,1,2009,230134
HOME-100073,20,RL,65.0,9750,Reg,CollgCr,1Fam,1Story,5,7,1994,1994,TA,PConc,Gd,990.0,Y,990,1,3,TA,0,Detchd,2.0,168,8,2008,167191
HOME-102243,70,RL,53.0,6720,Reg,Crawfor,1Fam,2Story,6,7,1921,1950,TA,BrkTil,TA,585.0,N,1436,1,3,TA,1,Detchd,1.0,184,4,2007,154575
HOME-100037,20,RL,90.0,14684,IR1,SawyerW,1Fam,1Story,7,7,1990,1991,Gd,CBlock,Gd,2158.0,Y,2196,2,3,Gd,1,Attchd,3.0,84,6,2009,276781
HOME-101354,20,RL,80.0,11900,IR1,NAmes,1Fam,1Story,6,5,1957,1957,TA,CBlock,TA,1392.0,Y,1392,1,3,TA,2,Attchd,2.0,0,6,2008,175584
HOME-102846,60,RL,67.0,12774,Reg,SawyerW,1Fam,2Story,7,5,2003,2004,Gd,PConc,Gd,835.0,Y,1663,2,3,Gd,0,Attchd,2.0,168,7,2008,206259
HOME-101883,20,RL,,9079,IR1,Sawyer,1Fam,1Story,5,5,1961,1961,TA,CBlock,TA,864.0,Y,864,1,2,TA,0,Attchd,1.0,158,7,2009,124753
HOME-101750,60,RL,75.0,9743,Reg,NWAmes,1Fam,2Story,5,6,1969,1969,TA,CBlock,TA,720.0,Y,1308,1,3,TA,0,Detchd,2.0,0,6,2008,154891
HOME-102741,60,RL,79.0,9462,Reg,NAmes,1Fam,2Story,5,6,1949,1973,TA,CBlock,TA,704.0,Y,1728,1,3,TA,1,Attchd,1.0,245,7,2006,152541
HOME-101286,20,RL,91.0,12274,IR1,Somerst,1Fam,1Story,7,5,2008,2008,Gd,PConc,Gd,1417.0,Y,1428,2,3,Ex,0,Attchd,2.0,0,7,2008,242584
HOME-102822,120,FV,,4217,IR1,Somerst,TwnhsE,1Story,6,5,2008,2008,Gd,PConc,Gd,1145.0,Y,1256,1,1,Gd,1,Attchd,2.0,0,3,2009,198198
HOME-101355,70,RL,80.0,16560,IR1,Crawfor,1Fam,2Story,6,8,1932,1950,TA,BrkTil,Gd,952.0,Y,2345,2,4,TA,1,Detchd,2.0,0,7,2006,259741
HOME-102304,20,RL,60.0,8172,Reg,Edwards,1Fam,1Story,4,5,1955,1955,TA,CBlock,TA,768.0,Y,768,1,2,TA,1,Detchd,1.0,0,7,2007,133801
HOME-102731,50,RL,60.0,12144,Reg,NAmes,1Fam,1.5Fin,4,6,1950,1950,TA,CBlock,TA,910.0,Y,1521,1,3,Gd,0,Detchd,1.0,199,9,2006,159594
HOME-100668,20,RL,,16381,IR1,Crawfor,1Fam,1Story,6,5,1969,1969,Gd,CBlock,TA,1844.0,Y,1844,2,3,Gd,1,Attchd,2.0,0,12,2006,245774
HOME-100455,20,RL,85.0,9965,Reg,Somerst,1Fam,1Story,7,5,2007,2007,Gd,PConc,Gd,1528.0,Y,1528,3,3,Gd,1,Attchd,2.0,0,9,2007,256873
HOME-102335,20,RL,,8076,IR1,Gilbert,1Fam,1Story,6,6,1993,1994,TA,PConc,Gd,1160.0,Y,1169,2,3,TA,1,Attchd,2.0,0,7,2006,207195
HOME-100570,50,RM,98.0,8820,Reg,OldTown,1Fam,1.5Fin,5,6,1890,1996,TA,BrkTil,TA,1088.0,Y,1869,1,2,TA,0,Detchd,2.0,48,9,2009,129063
HOME-100233,90,RL,76.0,10260,Reg,Mitchel,Duplex,2Story,5,4,1976,1976,TA,CBlock,,0.0,Y,1872,2,4,TA,0,Attchd,2.0,0,11,2008,107494
HOME-100093,50,RL,80.0,9600,Reg,NAmes,1Fam,1.5Fin,6,8,1950,2005,TA,CBlock,TA,856.0,Y,1668,1,3,TA,0,Attchd,1.0,0,9,2009,143159
HOME-102670,20,RL,85.0,11049,Reg,CollgCr,1Fam,1Story,8,5,2007,2007,Gd,PConc,Ex,1234.0,Y,1234,2,3,Gd,0,Attchd,2.0,0,1,2008,190463
HOME-102090,50,RM,60.0,9600,Reg,OldTown,1Fam,1.5Fin,5,6,1948,1950,TA,CBlock,TA,1212.0,Y,1668,1,3,TA,0,Detchd,1.0,0,5,2006,149487
HOME-100535,20,RL,74.0,7785,IR1,NAmes,1Fam,1Story,5,5,1956,1956,TA,Slab,,0.0,Y,1014,1,2,TA,0,Attchd,1.0,0,3,2008,102802
HOME-102859,60,FV,85.0,10625,Reg,Somerst,1Fam,2Story,6,5,2004,2004,Gd,PConc,Gd,1158.0,Y,2443,2,4,Gd,1,BuiltIn,3.0,193,6,2007,288547
HOME-100486,50,RL,50.0,7500,Reg,NAmes,1Fam,1.5Fin,6,6,1947,1950,TA,CBlock,TA,784.0,Y,1312,1,3,TA,0,Detchd,2.0,0,10,2006,139036
HOME-102757,20,RL,120.0,14780,IR1,NridgHt,1Fam,1Story,9,5,2005,2005,Ex,PConc,Ex,1868.0,Y,1868,2,2,Ex,1,Attchd,3.0,354,6,2006,449765
HOME-102921,50,RM,56.0,10134,Reg,OldTown,1Fam,1.5Fin,5,5,1910,1950,TA,BrkTil,Fa,801.0,N,1447,1,3,TA,0,,0.0,80,7,2009,107263
HOME-102625,120,RM,62.0,6710,IR1,Mitchel,TwnhsE,SFoyer,6,5,1996,1997,TA,PConc,Ex,920.0,Y,936,0,0,TA,0,Attchd,2.0,0,6,2007,151830
HOME-101959,20,RL,80.0,8480,Reg,Sawyer,1Fam,1Story,5,6,1963,1963,TA,CBlock,TA,970.0,Y,970,1,2,TA,0,Detchd,2.0,0,7,2007,145652
HOME-100353,50,RL,60.0,8400,Reg,SWISU,1Fam,1.5Fin,6,5,1925,1950,TA,PConc,TA,1181.0,Y,1694,2,4,TA,1,Detchd,2.0,342,6,2008,145224
HOME-102187,120,RL,,3136,IR1,NridgHt,TwnhsE,1Story,7,5,2003,2003,Gd,PConc,Gd,1405.0,Y,1405,2,2,Gd,1,Attchd,2.0,148,3,2006,190911
HOME-101117,60,RL,75.0,9473,Reg,CollgCr,1Fam,2Story,8,5,2002,2002,Gd,PConc,Gd,1128.0,Y,2031,2,3,Gd,1,Attchd,2.0,0,3,2008,245308
HOME-101146,120,RM,64.0,5587,IR1,Crawfor,TwnhsE,1Story,8,5,2008,2008,Ex,PConc,Ex,1600.0,Y,1652,2,2,Gd,1,Attchd,2.0,162,11,2008,414554
HOME-101462,90,RL,85.0,11475,Reg,NAmes,Duplex,1Story,5,5,1958,1958,TA,CBlock,TA,1584.0,Y,1776,2,4,TA,0,Detchd,3.0,0,7,2009,113428
HOME-100695,20,RL,108.0,13173,IR1,NridgHt,1Fam,1Story,9,5,2006,2007,Gd,PConc,Ex,1652.0,Y,1652,2,2,Ex,2,Attchd,2.0,404,11,2009,335139
HOME-101211,20,RL,,17871,IR2,Crawfor,1Fam,1Story,4,5,1995,1996,TA,PConc,Gd,1680.0,Y,1680,2,4,Gd,0,Attchd,2.0,152,6,2007,180707
HOME-101015,120,RL,48.0,6240,Reg,NridgHt,TwnhsE,1Story,8,5,2006,2006,Gd,PConc,Gd,1324.0,Y,1324,2,2,Gd,1,Attchd,2.0,0,9,2007,236878
HOME-101363,120,RM,44.0,4750,IR1,Crawfor,TwnhsE,1Story,8,5,2006,2007,Gd,PConc,Gd,1573.0,Y,1625,2,2,Gd,1,Attchd,2.0,123,12,2007,258174
HOME-102799,20,RL,,12546,IR1,NWAmes,1Fam,1Story,6,7,1981,1981,Gd,CBlock,Gd,1440.0,Y,1440,2,3,Gd,1,Attchd,2.0,0,4,2007,198027
HOME-102334,20,RL,93.0,12085,Reg,NridgHt,1Fam,1Story,8,5,2007,2007,Gd,PConc,Ex,1734.0,Y,1734,2,3,Ex,1,Attchd,3.0,0,11,2007,336566
HOME-101923,50,RM,52.0,6240,Reg,BrkSide,1Fam,1.5Fin,6,6,1931,1950,TA,BrkTil,TA,884.0,Y,1367,1,3,TA,1,Detchd,1.0,0,11,2007,136458
HOME-100354,50,RL,52.0,6292,Reg,SWISU,1Fam,1.5Fin,7,7,1928,1950,TA,BrkTil,TA,861.0,Y,1477,2,3,TA,1,Detchd,1.0,0,8,2009,151582
HOME-100574,60,RL,,12388,IR1,NWAmes,1Fam,2Story,7,7,1980,1991,TA,CBlock,Gd,1043.0,Y,2673,2,4,Gd,1,BuiltIn,2.0,178,8,2009,254587
HOME-100854,60,RL,,8963,IR1,NWAmes,1Fam,2Story,8,9,1976,1996,Ex,CBlock,TA,1142.0,Y,2715,3,4,Gd,2,BuiltIn,2.0,0,7,2008,321332
HOME-100332,20,RL,,11120,IR1,Veenker,1Fam,1Story,6,6,1984,1984,TA,PConc,Gd,1232.0,Y,1232,2,3,TA,0,Attchd,2.0,0,6,2008,172843
HOME-101898,50,RL,60.0,8064,Reg,NAmes,1Fam,1.5Fin,6,7,1948,1994,TA,CBlock,TA,864.0,Y,1495,1,3,TA,0,Detchd,2.0,180,8,2009,137473
HOME-100163,30,RM,50.0,7030,Reg,IDOTRR,1Fam,1Story,4,6,1925,1950,TA,BrkTil,TA,641.0,Y,641,1,2,Fa,0,Detchd,1.0,184,3,2006,92859
HOME-100477,30,RM,,6291,IR1,IDOTRR,1Fam,1Story,6,6,1930,1950,Gd,BrkTil,TA,768.0,Y,768,1,1,TA,0,Detchd,2.0,0,7,2008,98539
HOME-100469,120,RL,48.0,5911,Reg,NridgHt,TwnhsE,1Story,9,5,2005,2005,Ex,PConc,Ex,1560.0,Y,1565,2,2,Ex,1,Attchd,2.0,196,3,2006,309467
HOME-100612,50,RM,50.0,7288,Reg,IDOTRR,1Fam,1.5Fin,5,7,1925,2003,Gd,BrkTil,TA,936.0,Y,1601,2,3,TA,0,,0.0,0,9,2007,140388
HOME-100638,50,RM,60.0,5586,IR1,OldTown,1Fam,1.5Fin,6,7,1920,1998,TA,BrkTil,TA,901.0,Y,1198,1,4,TA,0,,0.0,0,9,2008,84868
HOME-102506,60,RL,,8658,IR1,Gilbert,1Fam,2Story,6,5,2000,2000,TA,PConc,Gd,982.0,Y,1889,2,3,TA,1,Attchd,2.0,0,4,2006,235061
HOME-100730,80,RL,,10970,IR1,CollgCr,1Fam,SLvl,6,6,1978,1978,TA,CBlock,Gd,940.0,Y,1026,1,3,TA,0,Detchd,2.0,0,10,2008,156213
HOME-100543,20,RL,70.0,9100,Reg,CollgCr,1Fam,1Story,7,5,2000,2000,Gd,PConc,Gd,1525.0,Y,1525,2,3,Gd,0,Attchd,2.0,219,9,2006,257276
HOME-101194,20,RL,80.0,10386,Reg,CollgCr,1Fam,1Story,8,5,2004,2005,Gd,PConc,Gd,2000.0,Y,2000,2,3,Gd,0,Attchd,3.0,168,7,2007,332581
HOME-101702,50,RL,60.0,10890,Reg,SWISU,1Fam,1.5Fin,5,5,1938,1950,TA,BrkTil,Fa,1058.0,Y,1551,2,3,Fa,0,Detchd,1.0,0,7,2006,150447
HOME-101594,85,RM,86.0,5160,Reg,IDOTRR,1Fam,SFoyer,4,6,1923,1950,TA,PConc,Gd,858.0,Y,892,1,1,Gd,0,,0.0,0,7,2009,71678
HOME-101326,20,RL,65.0,10816,IR1,CollgCr,1Fam,1Story,9,5,2008,2008,Ex,PConc,Ex,1720.0,Y,1720,2,3,Ex,1,Attchd,3.0,208,11,2009,348134
HOME-101859,20,RL,68.0,8814,Reg,CollgCr,1Fam,1Story,7,5,2005,2007,Gd,PConc,Gd,1274.0,Y,1274,2,3,Gd,0,Attchd,2.0,264,1,2007,219320
HOME-102248,75,RL,60.0,6204,Reg,SWISU,1Fam,2.5Fin,4,5,1912,1950,Gd,PConc,TA,795.0,N,2230,1,5,TA,0,Detchd,1.0,0,3,2006,130592
HOME-100784,60,RL,86.0,11065,IR1,NridgHt,1Fam,2Story,8,5,2006,2006,Gd,PConc,Gd,1085.0,Y,1970,2,3,Ex,1,BuiltIn,3.0,177,10,2006,310533
HOME-101069,190,RL,62.0,10106,Reg,Edwards,2fmCon,1.5Fin,5,7,1940,1999,TA,BrkTil,TA,644.0,Y,1355,2,4,TA,0,,0.0,140,9,2008,134607
HOME-100103,60,RL,89.0,10557,IR1,NoRidge,1Fam,2Story,9,5,1998,1998,Gd,PConc,Ex,1408.0,Y,3078,2,4,Gd,1,Attchd,3.0,108,7,2007,445386
HOME-102626,20,RL,60.0,9000,Reg,NAmes,1Fam,1Story,4,6,1971,1971,TA,PConc,TA,864.0,Y,864,1,3,TA,0,Detchd,2.0,0,5,2007,129690
HOME-102410,60,FV,85.0,10625,Reg,Somerst,1Fam,2Story,7,5,2005,2005,Gd,PConc,Gd,1026.0,Y,1958,2,3,Gd,1,Attchd,3.0,154,7,2008,261011
HOME-101236,20,RL,86.0,11650,Reg,NAmes,1Fam,1Story,7,5,1959,1959,TA,Slab,,0.0,Y,1472,2,2,Gd,1,Attchd,2.0,0,6,2006,175011
HOME-102538,120,RL,40.0,3876,IR1,Greens,Twnhs,1Story,8,5,1978,1978,Gd,CBlock,Gd,1226.0,Y,1226,1,1,Gd,1,Attchd,2.0,133,7,2006,187938
HOME-101125,20,RL,122.0,11923,IR1,CollgCr,1Fam,1Story,9,5,2007,2007,Gd,PConc,Ex,1800.0,Y,1800,2,2,Ex,0,Attchd,2.0,288,5,2009,245814
HOME-102612,20,RL,,8978,IR1,Sawyer,1Fam,1Story,5,5,1968,1968,TA,PConc,TA,948.0,Y,948,1,3,TA,0,Attchd,1.0,147,5,2007,117332
HOME-101518,20,RL,65.0,6768,IR1,Sawyer,1Fam,1Story,6,8,1961,1996,TA,CBlock,TA,912.0,Y,912,1,3,Gd,0,Detchd,1.0,168,5,2008,153386
HOME-100711,60,RL,71.0,7795,IR1,Gilbert,1Fam,2Story,7,5,2004,2005,Gd,PConc,Gd,716.0,Y,1432,2,3,Gd,1,Attchd,2.0,100,7,2009,193254
HOME-101765,190,RM,50.0,6000,Reg,OldTown,2fmCon,1.5Fin,5,4,1954,1954,TA,CBlock,TA,811.0,Y,1387,2,3,Gd,0,BuiltIn,1.0,0,11,2009,96294
HOME-100316,20,RL,,17199,Reg,NAmes,1Fam,1Story,4,7,1961,1961,TA,BrkTil,TA,914.0,Y,914,1,2,TA,0,Basment,1.0,140,7,2007,139618
HOME-100284,70,RL,60.0,7200,Reg,OldTown,1Fam,2Story,6,8,1915,1950,TA,CBlock,TA,663.0,Y,1595,2,3,TA,1,Detchd,2.0,49,4,2006,167945
HOME-102037,50,RL,,12513,IR1,NAmes,1Fam,1.5Fin,4,4,1920,2007,TA,BrkTil,TA,715.0,Y,1738,2,4,TA,1,Attchd,1.0,55,6,2009,109212
HOME-100489,20,RL,,7162,IR1,Sawyer,1Fam,1Story,5,7,1966,1966,TA,PConc,TA,876.0,Y,904,1,3,TA,0,Attchd,1.0,0,12,2008,114248
HOME-102208,20,FV,85.0,10625,Reg,Somerst,1Fam,1Story,8,5,2007,2007,Gd,PConc,Gd,1660.0,Y,1660,2,3,Gd,1,Attchd,3.0,133,6,2008,266151
HOME-101809,70,RM,59.0,5870,Reg,BrkSide,1Fam,2Story,6,9,1900,2000,TA,BrkTil,TA,554.0,Y,1290,1,3,TA,0,Detchd,1.0,38,4,2008,115816
HOME-100573,60,FV,79.0,10646,IR1,Somerst,1Fam,2Story,7,5,2001,2001,TA,PConc,TA,858.0,Y,1789,2,3,TA,1,Attchd,2.0,0,6,2008,236757
HOME-100386,20,RL,65.0,8529,IR1,SawyerW,1Fam,1Story,7,5,2001,2001,Gd,PConc,Gd,1454.0,Y,1434,2,3,Gd,1,Attchd,2.0,290,4,2009,196737
HOME-100235,20,RL,70.0,8400,Reg,NAmes,1Fam,1Story,5,5,1957,1957,TA,CBlock,Fa,1179.0,Y,1364,1,3,TA,1,Attchd,1.0,0,3,2006,145861
HOME-101398,80,RL,,16157,IR1,Veenker,1Fam,SLvl,5,7,1978,1978,TA,PConc,Gd,1360.0,Y,1432,1,2,Gd,1,Attchd,2.0,168,6,2007,209165
HOME-100453,80,RL,74.0,10778,IR1,SawyerW,1Fam,SLvl,7,6,1990,1991,Gd,PConc,Gd,1054.0,Y,1061,1,1,Gd,0,Attchd,2.0,114,7,2009,168127
HOME-101771,70,RM,65.0,11700,IR1,OldTown,1Fam,2Story,7,7,1880,2003,Gd,Stone,TA,1240.0,N,2640,1,4,Gd,1,Detchd,4.0,181,5,2009,276061
HOME-100072,20,RL,70.0,9658,IR1,NridgHt,1Fam,1Story,8,5,2006,2006,Gd,PConc,Gd,1598.0,Y,1606,2,3,Gd,1,Attchd,3.0,230,7,2009,259746
HOME-102680,60,RL,90.0,11250,IR1,CollgCr,1Fam,2Story,7,5,1998,1998,TA,PConc,Gd,1054.0,Y,1939,2,3,Gd,1,Attchd,3.0,128,5,2006,248338
HOME-102012,20,RL,80.0,9600,Reg,NAmes,1Fam,1Story,5,6,1961,1990,TA,CBlock,TA,1251.0,Y,1433,1,3,TA,1,Attchd,2.0,144,6,2006,176662
HOME-100915,120,RL,65.0,5950,IR1,StoneBr,TwnhsE,1Story,8,5,1989,1989,Gd,PConc,Gd,1337.0,Y,1337,2,2,Gd,1,Attchd,2.0,0,4,2008,201415
HOME-101943,50,RL,60.0,9600,Reg,Edwards,1Fam,1.5Fin,6,5,1924,1950,TA,BrkTil,TA,572.0,N,1096,1,2,TA,0,,0.0,0,4,2008,83829
HOME-102293,90,RL,113.0,8513,Reg,NAmes,Duplex,1Story,5,5,1961,1961,TA,CBlock,TA,1800.0,N,1800,2,6,TA,0,,0.0,0,11,2008,134671
HOME-101471,60,RL,,11000,Reg,NoRidge,1Fam,2Story,9,5,2000,2000,Gd,PConc,Ex,1519.0,Y,2172,2,4,Ex,1,BuiltIn,3.0,162,6,2008,305780
HOME-100296,20,RL,67.0,8777,Reg,Edwards,1Fam,1Story,4,5,1949,2003,TA,CBlock,,0.0,Y,1126,2,2,Gd,0,Detchd,2.0,0,5,2009,112070
HOME-101268,20,RL,80.0,9600,Reg,NWAmes,1Fam,1Story,5,5,1969,1969,TA,CBlock,Gd,1288.0,Y,1336,2,3,TA,1,Attchd,2.0,312,8,2009,168976
HOME-102686,90,RL,,7939,Reg,SawyerW,Duplex,2Story,7,5,2000,2000,TA,PConc,Ex,1168.0,Y,2787,4,6,TA,2,BuiltIn,4.0,312,10,2009,274569
HOME-100114,60,RL,58.0,14054,IR1,Gilbert,1Fam,2Story,7,5,2006,2006,Gd,PConc,Gd,879.0,Y,1863,2,4,Gd,1,BuiltIn,3.0,100,11,2006,247432
HOME-100527,20,RL,,8638,IR1,Sawyer,1Fam,1Story,5,6,1963,1963,TA,PConc,TA,925.0,Y,925,1,2,TA,0,Detchd,2.0,203,10,2006,146971
HOME-100958,80,RL,70.0,7910,Reg,NAmes,1Fam,SLvl,5,5,1960,1960,TA,CBlock,TA,1075.0,Y,1507,2,4,TA,0,Basment,1.0,0,8,2008,133915
HOME-101590,20,RL,,9450,IR1,NAmes,1Fam,1Story,4,5,1957,1957,TA,CBlock,TA,1040.0,Y,1362,1,3,TA,1,Attchd,3.0,0,5,2009,141092
HOME-100919,20,RL,,8685,IR1,CollgCr,1Fam,1Story,7,5,1998,1998,TA,PConc,Gd,1425.0,Y,1425,2,3,TA,0,Attchd,2.0,0,5,2006,209923
HOME-101909,60,RL,,11613,IR2,SawyerW,1Fam,2Story,6,5,1993,1997,Gd,PConc,Gd,864.0,Y,1820,2,3,Gd,0,Attchd,2.0,144,5,2007,206187
HOME-100421,20,RL,75.0,14587,IR1,Somerst,1Fam,1Story,9,5,2008,2008,Gd,PConc,Gd,1498.0,Y,1506,2,2,Ex,1,Attchd,2.0,0,8,2008,279831
HOME-102115,20,RL,85.0,12633,IR1,Timber,1Fam,1Story,10,5,2006,2007,Ex,PConc,Ex,1824.0,Y,1824,2,3,Ex,1,Attchd,3.0,160,9,2007,419176
HOME-101838,60,FV,,7050,Reg,Somerst,1Fam,2Story,7,5,2001,2001,Gd,PConc,Gd,1057.0,Y,1929,2,3,Gd,1,Attchd,2.0,0,5,2007,244834
HOME-102548,20,RL,60.0,8428,IR2,CollgCr,1Fam,1Story,5,7,1994,1994,TA,PConc,Gd,990.0,Y,990,1,3,TA,0,Detchd,1.0,256,7,2007,156909
HOME-102787,60,RL,,10382,IR1,NWAmes,1Fam,2Story,7,6,1973,1973,TA,CBlock,Gd,1107.0,Y,2090,2,3,TA,2,Attchd,2.0,235,11,2009,203630
HOME-102048,20,RL,75.0,8050,Reg,Edwards,1Fam,1Story,6,5,2002,2002,TA,PConc,Gd,914.0,Y,914,1,2,Gd,0,,0.0,32,4,2006,126320
HOME-101140,160,RM,21.0,1533,Reg,MeadowV,Twnhs,2Story,4,6,1970,2008,TA,CBlock,TA,546.0,Y,1344,1,3,TA,1,,0.0,0,5,2009,99332
HOME-102475,20,RL,68.0,9017,IR1,CollgCr,1Fam,1Story,7,5,1999,1999,Gd,PConc,Gd,1431.0,Y,1431,2,3,Gd,0,Attchd,2.0,0,9,2009,194929
HOME-101242,80,RL,,9947,IR1,Mitchel,1Fam,SLvl,7,5,1990,1991,TA,PConc,Gd,1188.0,Y,1217,2,3,Gd,0,Attchd,2.0,168,6,2009,179397
HOME-100926,50,RM,55.0,8674,Reg,BrkSide,1Fam,1.5Fin,5,6,1950,1950,TA,CBlock,Fa,910.0,Y,1435,1,3,TA,0,Detchd,1.0,0,3,2007,138596
HOME-102032,120,FV,59.0,4282,IR2,Somerst,TwnhsE,1Story,7,5,2004,2004,Gd,PConc,Gd,1391.0,Y,1391,2,2,Gd,0,Attchd,2.0,156,7,2008,209497
HOME-101477,60,FV,84.0,10603,Reg,Somerst,1Fam,2Story,8,5,2006,2006,Gd,PConc,Ex,900.0,Y,1795,2,3,Gd,1,Attchd,3.0,168,7,2009,279247
HOME-101991,50,RM,63.0,4347,Reg,OldTown,1Fam,1.5Fin,6,8,1910,1950,Gd,BrkTil,Gd,796.0,Y,1609,1,3,TA,0,Detchd,1.0,0,6,2008,133840
HOME-101637,20,RL,,12342,IR1,NAmes,1Fam,1Story,5,5,1960,1978,TA,CBlock,TA,978.0,Y,1422,1,3,TA,1,Attchd,1.0,0,8,2007,150599
HOME-100807,30,RL,50.0,5220,IR1,SWISU,1Fam,1Story,5,3,1936,1950,TA,BrkTil,TA,830.0,Y,879,1,2,TA,0,Detchd,1.0,0,1,2006,88188
HOME-101522,60,RL,62.0,10429,Reg,Mitchel,1Fam,2Story,5,5,1992,1992,TA,PConc,Gd,624.0,Y,1287,1,3,TA,0,Detchd,2.0,150,7,2009,135681
HOME-101463,60,RL,82.0,9942,IR1,NridgHt,1Fam,2Story,9,5,2005,2006,Ex,PConc,Ex,1606.0,Y,2091,2,3,Ex,1,Attchd,2.0,194,5,2006,367102
HOME-100867,20,RL,75.0,11957,IR1,Somerst,1Fam,1Story,8,5,2006,2006,Gd,PConc,Gd,1574.0,Y,1574,2,3,Gd,1,Attchd,3.0,144,7,2008,245303
HOME-101544,60,RL,71.0,8220,IR1,Gilbert,1Fam,2Story,7,5,2000,2001,Gd,PConc,Gd,982.0,Y,1892,2,3,TA,1,Attchd,2.0,108,7,2008,238788
HOME-100881,20,RL,67.0,16285,IR2,CollgCr,1Fam,1Story,7,5,2001,2002,Gd,PConc,Gd,1413.0,Y,1430,2,3,Gd,0,Attchd,2.0,0,6,2009,196758
HOME-100550,50,RM,57.0,9184,Reg,OldTown,1Fam,1.5Fin,5,7,1948,2005,TA,BrkTil,TA,780.0,Y,1323,1,3,TA,0,Detchd,2.0,0,7,2008,130601
HOME-100451,20,RL,88.0,11577,Reg,Timber,1Fam,1Story,9,5,2005,2006,Ex,PConc,Gd,1838.0,Y,1838,2,3,Ex,1,Attchd,3.0,161,9,2006,403033
HOME-102683,85,RL,60.0,7200,Reg,CollgCr,1Fam,SFoyer,5,8,1972,2003,TA,CBlock,Gd,768.0,Y,768,1,2,TA,0,Detchd,1.0,192,4,2009,140039
HOME-101348,20,RL,60.0,7626,Reg,NAmes,1Fam,1Story,5,8,1952,2005,Gd,CBlock,TA,1031.0,Y,1031,1,2,Gd,0,Attchd,1.0,0,3,2009,151487
HOME-100024,90,RL,55.0,12640,IR1,Mitchel,Duplex,1Story,6,5,1976,1976,TA,CBlock,TA,1728.0,Y,1728,2,4,TA,0,Attchd,2.0,40,7,2006,166638
HOME-101659,120,RL,39.0,3869,Reg,Edwards,TwnhsE,1Story,5,6,1984,1984,Gd,CBlock,TA,1038.0,Y,1038,2,2,TA,0,Attchd,1.0,0,7,2007,138567
HOME-102602,20,RL,78.0,10140,Reg,NWAmes,1Fam,1Story,6,6,1974,1974,TA,CBlock,TA,1116.0,Y,1116,2,3,TA,1,Attchd,2.0,0,4,2009,168598
HOME-100530,20,RL,80.0,13384,Reg,Mitchel,1Fam,1Story,5,5,1969,1979,TA,PConc,TA,1104.0,Y,1360,1,3,TA,1,Attchd,1.0,160,5,2006,155131
HOME-101154,60,RL,60.0,8238,IR1,Gilbert,1Fam,2Story,6,5,1997,1998,TA,PConc,TA,813.0,Y,1525,2,3,TA,1,Attchd,2.0,421,5,2006,199253
HOME-102108,70,C (all),50.0,8500,Reg,IDOTRR,1Fam,2Story,4,4,1920,1950,TA,BrkTil,TA,649.0,N,1317,1,3,TA,0,Detchd,1.0,0,7,2008,42531
HOME-101178,60,RL,74.0,10927,Reg,NridgHt,1Fam,2Story,8,5,2005,2005,Gd,PConc,Gd,1058.0,Y,1904,2,3,Ex,1,BuiltIn,2.0,179,6,2006,303288
HOME-102831,80,RL,102.0,10192,IR1,NWAmes,1Fam,SLvl,7,6,1968,1992,TA,CBlock,TA,570.0,Y,1920,3,4,Gd,1,Attchd,2.0,0,9,2006,184661
HOME-102059,50,RL,60.0,8064,Reg,NAmes,1Fam,1.5Fin,5,7,1949,2006,TA,CBlock,TA,672.0,Y,924,1,3,TA,1,Detchd,2.0,0,7,2007,130976
HOME-101691,85,RL,50.0,7689,IR1,Mitchel,1Fam,SFoyer,5,8,1972,1972,TA,CBlock,Gd,796.0,Y,796,1,2,TA,0,Detchd,1.0,138,7,2009,137201
HOME-100739,20,FV,73.0,7321,IR1,Somerst,1Fam,1Story,7,5,1999,2000,Gd,PConc,Gd,1339.0,Y,1358,2,3,Gd,0,Detchd,2.0,176,12,2007,218390
HOME-102136,60,RL,41.0,10905,IR2,CollgCr,1Fam,2Story,7,5,2003,2003,Gd,PConc,Gd,1129.0,Y,2327,2,4,Gd,1,BuiltIn,2.0,0,8,2008,254842
HOME-102031,60,RL,70.0,9370,IR2,SawyerW,1Fam,2Story,6,5,1992,1993,Gd,PConc,Gd,836.0,Y,1731,2,3,Gd,0,Attchd,2.0,307,10,2006,274514
HOME-102519,60,FV,,7500,Reg,Somerst,1Fam,2Story,8,5,2000,2001,Gd,PConc,Gd,1058.0,Y,1874,2,3,Gd,1,Attchd,2.0,0,3,2009,223591
HOME-100411,90,RL,64.0,7040,Reg,SawyerW,Duplex,SFoyer,5,5,1979,1979,TA,CBlock,Gd,1094.0,Y,1229,0,2,Gd,2,Detchd,2.0,120,6,2009,154519
HOME-102252,60,RL,80.0,10041,IR1,SawyerW,1Fam,2Story,8,5,1992,1992,Gd,PConc,Gd,908.0,Y,1915,2,3,Gd,1,Attchd,2.0,120,2,2006,247099
HOME-102481,60,RL,,8740,IR1,Gilbert,1Fam,2Story,7,5,2002,2002,Gd,PConc,Gd,854.0,Y,1995,2,4,Gd,1,BuiltIn,2.0,264,7,2007,235806
HOME-100600,160,RM,41.0,2665,Reg,MeadowV,TwnhsE,2Story,5,6,1977,1977,TA,PConc,Gd,264.0,Y,1304,1,3,TA,1,BuiltIn,1.0,141,5,2006,112781
HOME-101893,50,RL,60.0,10930,Reg,NAmes,1Fam,1.5Fin,5,6,1945,1950,TA,CBlock,TA,913.0,Y,1558,1,3,TA,1,Attchd,1.0,0,4,2008,148244
HOME-102606,50,RL,60.0,8850,Reg,BrkSide,1Fam,1.5Fin,6,7,1920,1950,TA,PConc,TA,768.0,Y,1376,1,3,Gd,0,Detchd,2.0,0,2,2007,180090
HOME-102467,85,RL,69.0,10205,IR1,NAmes,1Fam,SFoyer,5,5,1962,1962,TA,CBlock,TA,925.0,Y,999,1,3,TA,0,Attchd,1.0,150,5,2006,146448
HOME-100480,20,RL,,8169,Reg,Sawyer,1Fam,1Story,5,7,1966,1966,TA,CBlock,TA,912.0,Y,912,1,3,Gd,0,Detchd,1.0,204,7,2007,138801
HOME-102656,80,RL,124.0,11512,IR1,Edwards,1Fam,SLvl,6,7,1959,2006,TA,CBlock,TA,1019.0,Y,1357,1,2,Ex,1,Basment,1.0,0,5,2008,185929
HOME-102023,20,RL,53.0,14137,IR1,Gilbert,1Fam,1Story,5,5,1996,1997,Gd,PConc,Gd,1348.0,Y,1384,2,3,Gd,0,Attchd,2.0,0,11,2008,191357
HOME-101250,120,RL,61.0,3782,IR1,Greens,TwnhsE,1Story,8,5,1981,1981,Gd,CBlock,Gd,1226.0,Y,1226,1,1,Gd,2,Attchd,2.0,133,9,2009,220132
HOME-102651,190,RM,60.0,6780,Reg,IDOTRR,2fmCon,1.5Fin,6,8,1935,1982,TA,CBlock,TA,520.0,N,754,1,2,TA,0,,0.0,53,6,2006,92341
HOME-101826,60,RL,83.0,10790,Reg,NoRidge,1Fam,2Story,7,5,1998,1998,Gd,PConc,Gd,1066.0,Y,2385,2,4,Gd,1,BuiltIn,3.0,120,5,2007,274420
HOME-100414,20,RL,80.0,8000,Reg,NAmes,1Fam,1Story,5,5,1962,1962,TA,CBlock,TA,1027.0,Y,1027,1,3,TA,0,Attchd,1.0,0,11,2008,132405
HOME-100126,80,RL,,12095,IR1,NAmes,1Fam,SLvl,6,6,1964,1964,TA,CBlock,TA,1127.0,Y,1445,1,3,TA,1,Attchd,2.0,180,8,2009,166557
HOME-100445,20,RM,50.0,6000,Reg,OldTown,1Fam,1Story,5,5,1948,1950,TA,CBlock,TA,789.0,Y,789,1,2,TA,0,Detchd,1.0,0,4,2008,121889
HOME-102522,180,RM,21.0,1936,Reg,MeadowV,Twnhs,SFoyer,4,6,1970,1970,TA,CBlock,Gd,630.0,Y,630,1,1,TA,0,,0.0,0,12,2007,91686
HOME-101061,60,RL,86.0,11839,Reg,SawyerW,1Fam,2Story,7,5,1990,1990,TA,PConc,Gd,1475.0,Y,2329,2,4,Gd,1,Attchd,2.0,192,5,2008,280951
HOME-102347,160,RM,21.0,1504,Reg,MeadowV,Twnhs,2Story,4,4,1972,1972,TA,CBlock,TA,546.0,Y,1092,1,3,TA,0,Attchd,1.0,0,5,2007,90887
HOME-101068,160,RM,21.0,2205,Reg,BrDale,Twnhs,2Story,6,6,1973,1973,TA,CBlock,TA,525.0,Y,1092,1,3,TA,0,Detchd,1.0,144,2,2007,122716
HOME-102779,30,RM,60.0,7200,Reg,IDOTRR,1Fam,1Story,6,7,1925,1992,TA,CBlock,TA,1040.0,Y,1040,1,2,TA,0,Detchd,2.0,0,7,2008,136526
HOME-100098,20,RL,75.0,9000,Reg,NWAmes,1Fam,1Story,6,5,1969,1969,TA,CBlock,TA,1216.0,Y,1216,1,3,TA,0,Attchd,1.0,0,8,2009,116191
HOME-100504,20,RL,,12929,IR1,NAmes,1Fam,1Story,6,6,1960,1993,TA,CBlock,TA,1081.0,Y,1081,1,3,TA,0,CarPort,1.0,36,6,2008,158825
HOME-101835,50,RL,75.0,12508,IR1,Mitchel,1Fam,1.5Fin,6,7,1940,1985,TA,CBlock,Gd,983.0,Y,1750,2,4,TA,0,Attchd,1.0,245,7,2008,169606
HOME-100329,180,RM,35.0,3675,Reg,Edwards,TwnhsE,SLvl,5,5,2005,2005,TA,PConc,Gd,547.0,Y,1072,1,2,TA,0,Basment,2.0,0,5,2006,158797
HOME-101239,90,RL,73.0,9069,Reg,SawyerW,Duplex,SFoyer,6,8,1993,1993,Gd,PConc,Gd,1344.0,Y,1440,2,2,Gd,0,Attchd,4.0,288,4,2006,247556
HOME-102804,50,RM,69.0,9143,Reg,OldTown,1Fam,1.5Fin,5,7,1900,2003,TA,CBlock,TA,346.0,Y,1017,1,2,TA,0,Detchd,1.0,0,5,2008,119614
HOME-100396,20,RL,75.0,9825,Reg,Edwards,1Fam,1Story,5,5,1966,1966,TA,CBlock,TA,1092.0,Y,1092,1,3,TA,0,Attchd,1.0,259,4,2008,130067
HOME-102540,120,RL,43.0,3010,Reg,Blmngtn,TwnhsE,1Story,7,5,2005,2006,Gd,PConc,Gd,1142.0,Y,1142,2,2,Gd,0,Attchd,2.0,90,6,2006,173759
HOME-101810,85,RL,70.0,8445,Reg,CollgCr,1Fam,SFoyer,5,7,1972,2007,TA,CBlock,Gd,768.0,Y,768,1,2,TA,0,Detchd,2.0,58,3,2009,137120
HOME-101091,50,RL,60.0,10836,Reg,OldTown,1Fam,1.5Fin,5,5,1922,1950,TA,BrkTil,TA,892.0,Y,1436,1,3,TA,1,Detchd,4.0,0,6,2008,147144
HOME-101221,60,RL,,13006,IR1,Gilbert,1Fam,2Story,7,5,1997,1997,TA,PConc,Gd,964.0,Y,2236,2,4,Gd,1,BuiltIn,2.0,0,11,2006,244787
HOME-102189,70,RL,50.0,4882,IR1,BrkSide,1Fam,2Story,4,7,1937,1950,TA,PConc,TA,348.0,Y,906,1,2,TA,0,Basment,1.0,0,9,2008,92256
HOME-101228,20,RL,149.0,19958,Reg,Timber,1Fam,1Story,6,8,1958,1995,TA,CBlock,TA,585.0,Y,2279,2,4,Gd,1,Attchd,2.0,274,7,2007,280643
HOME-100156,90,RL,64.0,7018,Reg,SawyerW,Duplex,1Story,5,5,1979,1979,TA,Slab,,0.0,Y,1535,2,4,TA,0,Attchd,2.0,0,6,2009,120484
HOME-101096,90,RL,50.0,9350,Reg,Edwards,Duplex,SFoyer,5,5,1975,1975,TA,PConc,Gd,864.0,N,864,1,2,TA,0,,0.0,0,4,2008,103321
HOME-100096,160,RM,21.0,1680,Reg,BrDale,Twnhs,2Story,5,5,1972,1972,TA,CBlock,TA,630.0,Y,1302,2,3,TA,0,Detchd,1.0,0,12,2008,117672
HOME-101813,20,RL,,12925,IR1,NAmes,1Fam,1Story,6,7,1970,1970,TA,CBlock,TA,1205.0,Y,2117,2,4,TA,2,Attchd,2.0,0,5,2008,260433
HOME-100263,20,RL,68.0,10265,IR1,Sawyer,1Fam,1Story,5,7,1967,2005,TA,CBlock,TA,992.0,Y,992,1,3,Gd,0,Attchd,1.0,204,7,2008,152332
HOME-102159,20,RL,78.0,10335,IR1,Sawyer,1Fam,1Story,5,6,1968,1993,TA,CBlock,TA,1461.0,Y,1721,2,3,TA,1,Attchd,2.0,0,7,2006,196060
HOME-101008,20,RL,100.0,13350,IR1,Sawyer,1Fam,1Story,5,5,1974,1974,TA,CBlock,TA,864.0,Y,894,1,3,TA,1,Attchd,2.0,241,6,2006,158011
HOME-100162,50,RM,85.0,8500,Reg,IDOTRR,1Fam,1.5Fin,5,7,1919,2005,TA,CBlock,TA,793.0,N,1517,2,3,Fa,0,,0.0,0,8,2007,125314
HOME-101265,190,RM,63.0,11426,Reg,OldTown,2fmCon,1.5Fin,4,6,1910,1996,TA,Stone,TA,828.0,Y,1594,2,3,TA,0,,0.0,0,6,2008,126476
HOME-100471,20,RL,,8499,IR1,Sawyer,1Fam,1Story,5,6,1961,1961,TA,CBlock,TA,864.0,Y,864,1,3,TA,0,Detchd,2.0,0,6,2009,147792
HOME-100825,50,RL,57.0,7558,Reg,Crawfor,1Fam,1.5Fin,6,6,1928,1950,TA,BrkTil,TA,896.0,Y,1913,1,3,TA,1,Detchd,2.0,0,3,2009,181528
HOME-100399,30,RM,60.0,4800,Reg,OldTown,1Fam,1Story,5,4,1940,1950,TA,CBlock,Fa,672.0,Y,672,1,2,TA,0,Detchd,1.0,0,8,2008,65912
HOME-102026,90,RM,60.0,7200,Reg,OldTown,Duplex,SFoyer,5,5,1980,1980,TA,CBlock,Gd,936.0,Y,936,1,2,TA,0,Detchd,2.0,49,8,2007,151375
HOME-102181,80,RL,75.0,9750,Reg,NAmes,1Fam,SLvl,5,5,1967,1967,TA,PConc,TA,980.0,Y,980,2,3,TA,0,Attchd,1.0,68,10,2006,147247
HOME-101715,85,RL,72.0,9360,Reg,Mitchel,1Fam,SFoyer,6,7,1977,1977,TA,CBlock,Gd,957.0,Y,1287,1,2,TA,2,Attchd,2.0,302,11,2009,178961
HOME-101137,120,RL,61.0,7577,IR1,NridgHt,TwnhsE,1Story,6,5,2005,2006,Gd,PConc,Gd,1362.0,Y,1362,2,2,Gd,1,Attchd,2.0,192,6,2007,213458
HOME-102621,20,RL,128.0,12160,Reg,NAmes,1Fam,1Story,6,4,1953,1953,TA,CBlock,TA,1505.0,Y,1505,1,2,TA,1,Attchd,2.0,0,2,2009,153857
HOME-101429,120,RM,32.0,4500,Reg,Mitchel,TwnhsE,1Story,6,5,1998,1998,TA,PConc,Ex,1204.0,Y,1204,2,2,TA,0,Attchd,2.0,0,6,2009,165237
HOME-100633,60,RL,,18800,IR1,NWAmes,1Fam,2Story,6,5,1976,1976,TA,PConc,Gd,796.0,Y,1574,2,3,TA,1,Attchd,2.0,306,7,2006,207721
HOME-101131,20,RL,63.0,7500,Reg,SawyerW,1Fam,1Story,6,5,2004,2004,TA,PConc,Gd,1158.0,Y,1158,1,3,Gd,0,,0.0,0,8,2009,146219
HOME-101352,50,RM,60.0,6876,Reg,IDOTRR,1Fam,1.5Fin,6,6,1938,1958,TA,BrkTil,TA,1272.0,Y,1969,2,4,TA,1,Detchd,2.0,0,11,2008,148060
HOME-101960,120,RL,58.0,10110,IR1,NridgHt,TwnhsE,1Story,9,5,2008,2008,Ex,PConc,Gd,1858.0,Y,1866,2,2,Ex,1,Attchd,3.0,0,11,2008,362795
HOME-101671,20,RL,85.0,10655,IR1,NridgHt,1Fam,1Story,8,5,2003,2004,Gd,PConc,Gd,3206.0,Y,1629,2,3,Gd,1,Attchd,3.0,0,10,2009,288713
HOME-100512,80,RL,62.0,7706,Reg,Mitchel,1Fam,SLvl,6,5,1993,1996,TA,CBlock,Gd,384.0,Y,1091,1,2,TA,0,Attchd,1.0,280,8,2009,137226
HOME-101276,20,RL,80.0,14680,IR1,Crawfor,1Fam,1Story,5,4,1960,1960,TA,CBlock,TA,1273.0,Y,1273,1,2,TA,0,Attchd,1.0,483,6,2009,161481
HOME-102610,20,FV,60.0,7200,Reg,Somerst,1Fam,1Story,6,5,2006,2006,Gd,PConc,Gd,1262.0,Y,1262,2,2,Gd,0,Attchd,2.0,0,5,2006,202995
HOME-101307,120,RM,44.0,3843,IR1,Crawfor,TwnhsE,1Story,8,5,2007,2008,Ex,PConc,Ex,1596.0,Y,1648,2,2,Ex,1,Attchd,2.0,162,6,2009,237064
HOME-101708,60,RL,,10236,IR1,NoRidge,1Fam,2Story,8,5,1994,1995,Gd,PConc,Gd,1290.0,Y,2494,2,4,Gd,1,Attchd,3.0,200,6,2006,350300
HOME-100683,20,RL,85.0,11128,Reg,Somerst,1Fam,1Story,9,5,2005,2006,Ex,PConc,Ex,2458.0,Y,2490,2,2,Ex,2,Attchd,3.0,70,10,2009,484558
HOME-102033,90,RL,60.0,9000,Reg,NAmes,Duplex,2Story,5,5,1974,1974,TA,CBlock,Gd,896.0,Y,1792,2,4,TA,0,Detchd,2.0,0,6,2008,139626
HOME-102296,50,RM,50.0,6000,Reg,BrkSide,1Fam,1.5Fin,6,9,1937,2000,Gd,BrkTil,TA,698.0,Y,1176,1,2,TA,0,Detchd,2.0,210,7,2009,139207
HOME-100782,80,RM,120.0,13200,Reg,IDOTRR,1Fam,SLvl,6,6,1963,1963,TA,CBlock,TA,741.0,Y,2294,3,5,TA,1,Attchd,2.0,0,4,2007,217234
HOME-102122,120,RM,35.0,3907,IR1,Blueste,TwnhsE,1Story,8,5,1988,1988,TA,CBlock,Gd,1004.0,Y,1020,1,1,TA,0,Attchd,2.0,135,3,2007,218496
HOME-101415,20,RL,80.0,10400,Reg,NWAmes,1Fam,1Story,7,6,1970,1970,TA,PConc,TA,1304.0,Y,1682,2,3,TA,1,Attchd,2.0,98,5,2008,185385
HOME-102047,160,FV,36.0,3951,IR1,Somerst,TwnhsE,2Story,10,5,1998,1999,Ex,PConc,Gd,970.0,Y,2393,2,2,Ex,1,Attchd,2.0,0,2,2008,367128
HOME-100069,50,RM,50.0,5925,Reg,OldTown,1Fam,1.5Fin,3,6,1910,1950,TA,BrkTil,TA,600.0,N,968,1,2,TA,0,,0.0,0,5,2009,38876
HOME-102504,70,RL,54.0,7609,Reg,Crawfor,1Fam,2Story,8,9,1925,1997,Gd,PConc,Fa,798.0,Y,1512,2,3,Gd,1,Detchd,1.0,85,6,2008,249606
HOME-102274,60,RL,60.0,21930,IR3,Gilbert,1Fam,2Story,5,5,2005,2005,Gd,PConc,Gd,732.0,Y,1838,2,4,TA,1,BuiltIn,2.0,100,7,2006,210422
HOME-101310,60,RL,69.0,9337,IR1,CollgCr,1Fam,2Story,6,5,1997,1997,TA,PConc,Gd,824.0,Y,1786,2,3,Gd,0,Attchd,2.0,0,5,2007,224205
HOME-102381,90,RL,60.0,10800,Reg,Edwards,Duplex,1Story,5,5,1987,1988,TA,CBlock,Gd,1200.0,Y,1200,3,3,TA,0,,0.0,120,3,2009,182781
HOME-102708,20,RL,70.0,7931,Reg,NAmes,1Fam,1Story,5,5,1959,1959,TA,CBlock,TA,1148.0,Y,1148,1,3,TA,0,Attchd,1.0,0,7,2009,137722
HOME-101075,160,FV,35.0,4017,IR1,Somerst,TwnhsE,2Story,7,5,2006,2007,Gd,PConc,Gd,625.0,Y,1250,2,2,Gd,0,Detchd,2.0,0,3,2008,181596
HOME-100001,85,RL,,9101,IR1,Mitchel,1Fam,SFoyer,5,6,1978,1978,TA,PConc,Gd,1097.0,Y,1110,1,1,Gd,1,Attchd,2.0,303,7,2009,169157
HOME-101452,60,RL,93.0,11999,Reg,NridgHt,1Fam,2Story,8,5,2003,2004,Gd,PConc,Gd,1181.0,Y,2374,2,4,Ex,1,BuiltIn,3.0,104,5,2007,307181
HOME-101029,60,FV,75.0,8004,IR1,Somerst,1Fam,2Story,8,5,2009,2009,Gd,PConc,Gd,832.0,Y,1935,2,3,TA,0,BuiltIn,2.0,0,12,2009,270962
HOME-102163,20,RL,65.0,8125,Reg,SawyerW,1Fam,1Story,6,5,1994,1998,TA,PConc,Gd,1408.0,Y,1679,2,3,Gd,1,Attchd,2.0,224,10,2008,201951
HOME-101897,30,RL,50.0,11672,IR2,BrkSide,1Fam,1Story,5,5,1925,1950,TA,BrkTil,TA,816.0,Y,816,1,2,TA,0,Detchd,1.0,168,7,2006,120690
HOME-102738,60,RL,82.0,9044,IR1,NoRidge,1Fam,2Story,8,5,1996,1997,Gd,PConc,Gd,1325.0,Y,2538,2,4,Gd,1,Attchd,3.0,198,5,2007,352126
HOME-102452,190,RL,100.0,34650,Reg,Gilbert,2fmCon,1Story,5,5,1955,1955,TA,CBlock,TA,1056.0,N,1056,1,3,TA,0,Attchd,2.0,264,1,2006,162884
HOME-101309,160,FV,24.0,2544,Reg,Somerst,Twnhs,2Story,7,5,2005,2005,Gd,PConc,Gd,600.0,Y,1223,2,2,Gd,0,Detchd,2.0,0,7,2006,163357
HOME-101530,20,RL,70.0,8120,Reg,NAmes,1Fam,1Story,4,7,1970,1970,TA,CBlock,TA,864.0,Y,864,1,3,TA,0,Detchd,2.0,0,7,2009,126620
HOME-101240,60,RL,98.0,12328,IR1,StoneBr,1Fam,2Story,8,5,2005,2005,Gd,PConc,Ex,1149.0,Y,2541,3,4,Ex,1,BuiltIn,3.0,120,7,2007,379894
HOME-102676,50,RL,,13650,Reg,Sawyer,1Fam,1.5Fin,5,5,1958,1958,Gd,CBlock,TA,1052.0,Y,1920,2,4,Gd,1,Attchd,2.0,0,7,2006,185966
HOME-100567,120,RM,44.0,3842,IR1,Crawfor,TwnhsE,1Story,8,5,2004,2005,Gd,PConc,Ex,1594.0,Y,1646,2,2,Gd,1,Attchd,2.0,128,1,2008,291798
HOME-100988,60,RL,90.0,11700,Reg,NWAmes,1Fam,2Story,6,6,1968,1968,Gd,CBlock,TA,702.0,Y,1743,1,3,TA,1,Attchd,2.0,224,6,2007,188847
HOME-102847,160,RL,36.0,2448,Reg,NridgHt,Twnhs,2Story,7,5,2003,2004,Gd,PConc,Gd,764.0,Y,1626,2,2,Gd,0,BuiltIn,2.0,0,10,2008,165787
HOME-100011,50,RM,50.0,6000,Reg,BrkSide,1Fam,1.5Fin,6,5,1939,1950,TA,CBlock,TA,739.0,Y,1342,2,2,TA,1,Detchd,1.0,0,4,2008,111124
HOME-101344,20,RL,,13526,IR1,Sawyer,1Fam,1Story,5,6,1965,1965,TA,CBlock,TA,935.0,Y,935,1,3,TA,0,Attchd,1.0,180,11,2006,151468
HOME-100064,20,RL,,17600,IR1,NAmes,1Fam,1Story,6,5,1960,1960,TA,CBlock,TA,1478.0,Y,1478,2,3,TA,2,Attchd,2.0,0,12,2009,162095
HOME-101179,20,RL,60.0,7200,Reg,NAmes,1Fam,1Story,5,7,1952,1952,TA,CBlock,TA,732.0,Y,732,1,2,TA,0,Detchd,1.0,0,9,2009,122940
HOME-100094,60,RL,73.0,8760,Reg,CollgCr,1Fam,2Story,7,5,2006,2006,Gd,PConc,Gd,1391.0,Y,1962,2,3,Gd,0,Attchd,3.0,0,8,2006,261439
HOME-102125,120,RL,24.0,2280,Reg,NPkVill,Twnhs,1Story,7,7,1976,1976,TA,CBlock,TA,1055.0,Y,1055,2,2,TA,0,Attchd,1.0,0,4,2006,147551
HOME-100047,90,RL,70.0,7728,Reg,NAmes,Duplex,SLvl,5,6,1962,1962,TA,CBlock,TA,1106.0,Y,1190,1,3,TA,0,Attchd,2.0,0,5,2006,148035
HOME-101049,50,RM,60.0,6000,Reg,BrkSide,1Fam,1.5Fin,5,5,1924,1950,TA,BrkTil,TA,468.0,Y,1142,1,3,TA,0,Attchd,1.0,0,6,2009,95316
HOME-101735,160,RM,24.0,1879,Reg,Blueste,Twnhs,2Story,6,6,1980,1980,TA,CBlock,Gd,516.0,Y,1032,1,2,TA,1,Detchd,2.0,213,12,2008,124272
HOME-102016,80,RL,101.0,9150,IR1,NAmes,1Fam,SLvl,6,5,1962,1962,TA,CBlock,Gd,1099.0,Y,1431,1,3,TA,1,Basment,1.0,64,12,2008,174453
HOME-102642,60,FV,75.0,9375,Reg,Somerst,1Fam,2Story,7,5,2003,2004,Gd,PConc,Gd,912.0,Y,2094,2,4,Gd,1,BuiltIn,2.0,182,11,2009,268073
HOME-100171,20,RL,,9216,IR1,CollgCr,1Fam,1Story,5,6,1975,1975,TA,CBlock,TA,1076.0,Y,1076,1,3,TA,1,Detchd,2.0,0,9,2008,152566
HOME-100963,70,RM,60.0,6600,Reg,OldTown,1Fam,2Story,5,4,1892,1965,TA,Stone,TA,994.0,N,2372,2,4,TA,0,Attchd,1.0,0,12,2009,111784
HOME-101395,60,RL,50.0,9350,Reg,Edwards,1Fam,2Story,6,7,1946,1950,TA,CBlock,TA,747.0,Y,1639,1,3,Gd,1,Detchd,1.0,0,7,2009,161083
HOME-101665,75,RM,75.0,13500,Reg,OldTown,1Fam,2.5Unf,7,8,1879,1987,TA,PConc,TA,819.0,Y,2454,2,3,TA,1,Attchd,2.0,0,2,2007,202272
HOME-101473,50,RM,60.0,10440,Reg,OldTown,1Fam,2Story,5,6,1910,1981,TA,PConc,TA,440.0,Y,1230,1,2,TA,0,Detchd,2.0,74,5,2009,112232
HOME-100200,60,RL,46.0,20544,IR1,NWAmes,1Fam,2Story,7,6,1986,1991,TA,CBlock,Gd,791.0,Y,2093,2,3,TA,1,Attchd,2.0,364,11,2008,229461
HOME-101703,20,RL,95.0,11578,Reg,NridgHt,1Fam,1Story,9,5,2008,2008,Ex,PConc,Ex,1736.0,Y,1736,2,3,Ex,1,Attchd,3.0,319,7,2009,372199
HOME-101347,120,RL,48.0,3242,Reg,NridgHt,TwnhsE,1Story,7,5,2003,2003,Gd,PConc,Gd,1405.0,Y,1405,2,2,Gd,1,Attchd,2.0,136,3,2007,215719
HOME-102135,60,RL,,11214,IR1,Gilbert,1Fam,2Story,7,5,1998,1999,Gd,PConc,Gd,930.0,Y,1886,2,4,Gd,1,Attchd,2.0,89,7,2006,220358
HOME-102470,190,RH,,7082,Reg,SWISU,2fmCon,2Story,5,8,1916,1995,TA,PConc,TA,686.0,Y,1928,2,5,TA,0,,0.0,0,7,2006,177933
HOME-101939,60,FV,75.0,9000,Reg,Somerst,1Fam,2Story,8,5,2007,2007,Gd,PConc,Gd,1184.0,Y,2610,2,4,Ex,1,BuiltIn,2.0,208,8,2007,324816
HOME-100259,20,RL,67.0,13070,Reg,NAmes,1Fam,1Story,5,5,1951,1951,TA,CBlock,TA,631.0,Y,1112,1,2,TA,0,Basment,2.0,0,10,2009,129132
HOME-102209,190,RM,60.0,10320,Reg,IDOTRR,2fmCon,2Story,3,3,1915,1950,Fa,PConc,TA,536.0,N,1344,2,3,TA,0,,0.0,42,5,2008,85692
HOME-101704,20,RL,70.0,8176,Reg,NAmes,1Fam,1Story,5,6,1958,1992,TA,CBlock,TA,1056.0,Y,1056,1,3,TA,0,Attchd,1.0,0,8,2007,149010
HOME-101661,20,RL,73.0,17227,IR2,CollgCr,1Fam,1Story,8,5,1999,2000,Gd,PConc,Gd,1341.0,Y,1341,1,1,Gd,1,Attchd,2.0,240,1,2007,269957
HOME-101420,60,RL,59.0,23303,IR3,NridgHt,1Fam,2Story,8,5,2007,2007,Gd,PConc,Ex,1508.0,Y,2520,2,5,Ex,1,BuiltIn,3.0,192,6,2009,426361
HOME-102718,190,C (all),50.0,9000,Reg,IDOTRR,2fmCon,1.5Fin,5,6,1951,1951,Fa,CBlock,TA,660.0,N,1396,2,4,TA,0,,0.0,0,10,2006,125010
HOME-101925,120,RL,53.0,3922,Reg,Blmngtn,TwnhsE,1Story,7,5,2006,2007,Gd,PConc,Ex,1258.0,Y,1258,2,2,Gd,1,Attchd,3.0,144,6,2007,192158
HOME-100706,90,RL,74.0,6882,Reg,Edwards,Duplex,1Story,4,3,1955,1955,TA,PConc,,0.0,N,1152,2,2,Fa,0,,0.0,0,9,2007,65865
HOME-100812,120,RH,33.0,4113,IR1,NAmes,TwnhsE,1Story,6,5,2001,2001,Gd,PConc,Gd,1337.0,Y,1337,2,2,Gd,1,Attchd,2.0,136,7,2007,170404
HOME-101846,60,RL,57.0,8924,IR1,CollgCr,1Fam,2Story,7,5,1998,1999,TA,PConc,Gd,880.0,Y,1724,2,3,Gd,0,Attchd,2.0,120,7,2008,197891
HOME-101870,20,RL,85.0,14450,Reg,NWAmes,1Fam,1Story,7,5,1979,1979,Gd,CBlock,Gd,1782.0,Y,1782,2,3,Gd,1,Attchd,2.0,467,3,2008,233771
HOME-100590,20,RL,,14778,IR1,Crawfor,1Fam,1Story,6,7,1954,2006,Gd,CBlock,TA,1296.0,Y,1640,1,3,Gd,1,Detchd,2.0,108,11,2008,240712
HOME-100793,60,RL,65.0,10237,Reg,Gilbert,1Fam,2Story,6,5,2005,2006,Gd,PConc,Gd,728.0,Y,1456,2,3,Gd,1,Attchd,2.0,0,2,2006,186206
HOME-101406,90,RL,,9555,IR1,Edwards,Duplex,2Story,5,6,1979,1979,TA,Slab,,0.0,Y,2233,2,5,TA,0,Attchd,2.0,0,2,2007,154126
HOME-100497,50,RL,64.0,13053,Reg,BrkSide,1Fam,1.5Fin,6,7,1923,2000,TA,BrkTil,TA,833.0,Y,1848,1,4,Gd,1,Detchd,2.0,0,6,2008,215999
HOME-100000,20,RL,,8125,IR1,NAmes,1Fam,1Story,4,4,1971,1971,TA,CBlock,TA,858.0,Y,858,1,3,TA,0,,0.0,0,6,2006,97511
HOME-100940,120,RL,24.0,2304,Reg,NPkVill,Twnhs,1Story,7,7,1978,1978,TA,CBlock,Gd,1061.0,Y,1055,2,2,TA,0,Attchd,1.0,108,4,2007,154324
HOME-101107,50,RM,,7758,Reg,IDOTRR,1Fam,1.5Fin,7,4,1931,1950,TA,PConc,TA,1040.0,Y,1818,1,4,TA,2,Detchd,1.0,0,6,2007,182015
HOME-102579,190,RL,75.0,10382,Reg,NAmes,2fmCon,SLvl,6,5,1958,1958,TA,CBlock,TA,588.0,Y,1095,1,2,TA,0,Attchd,1.0,0,3,2006,154862
HOME-100152,120,RL,43.0,3182,Reg,Blmngtn,TwnhsE,1Story,7,5,2005,2006,Gd,PConc,Gd,1220.0,Y,1220,2,2,Gd,1,Attchd,2.0,100,8,2009,182496
HOME-101700,20,RL,60.0,10950,Reg,NAmes,1Fam,1Story,6,6,1952,1952,TA,CBlock,TA,948.0,Y,948,1,2,TA,0,Detchd,2.0,0,4,2007,134465
HOME-101405,20,RL,75.0,9750,Reg,NAmes,1Fam,1Story,6,6,1958,1958,TA,CBlock,TA,1442.0,Y,1442,1,4,TA,0,Attchd,1.0,0,4,2007,170217
HOME-100586,160,RM,21.0,1680,Reg,BrDale,Twnhs,2Story,6,5,1973,1973,TA,CBlock,TA,483.0,Y,987,1,2,TA,0,Detchd,1.0,0,7,2009,114228
HOME-100589,50,RL,65.0,6435,Reg,BrkSide,1Fam,1.5Fin,6,5,1939,1950,TA,BrkTil,TA,972.0,Y,1577,1,3,Fa,1,Detchd,1.0,0,10,2006,152496
HOME-101869,20,RL,78.0,10335,IR1,CollgCr,1Fam,1Story,7,5,1999,1999,Gd,PConc,Gd,1490.0,Y,1501,2,3,Gd,0,Attchd,2.0,144,6,2009,213206
HOME-100326,20,RL,42.0,10331,Reg,Timber,1Fam,1Story,7,7,1985,1985,TA,CBlock,Gd,1265.0,Y,1240,2,3,Gd,0,Attchd,2.0,232,7,2007,189879
HOME-101014,190,C (all),60.0,7200,Reg,OldTown,2fmCon,2.5Unf,6,6,1910,1998,TA,BrkTil,TA,1214.0,N,2291,2,4,TA,1,Detchd,2.0,0,11,2007,148857
HOME-102672,50,RM,60.0,9600,Reg,OldTown,1Fam,1.5Fin,6,8,1900,2004,TA,BrkTil,TA,780.0,Y,1416,1,3,Gd,0,Detchd,2.0,0,6,2006,174286
HOME-101302,50,RM,60.0,10320,Reg,IDOTRR,1Fam,1.5Fin,6,5,1915,1950,TA,CBlock,TA,1138.0,Y,2180,1,3,TA,1,Detchd,2.0,0,5,2007,174361
HOME-100772,60,RL,96.0,11690,IR1,CollgCr,1Fam,2Story,8,5,1999,2000,Gd,PConc,Gd,850.0,Y,1764,2,3,Gd,1,Attchd,2.0,120,6,2008,218227
HOME-100059,50,RM,50.0,6000,Reg,BrkSide,1Fam,1.5Fin,6,6,1939,1950,TA,CBlock,TA,780.0,Y,1412,1,4,TA,1,Detchd,1.0,45,5,2009,136979
HOME-102113,60,RL,60.0,15384,IR1,Gilbert,1Fam,2Story,7,5,2004,2005,Gd,PConc,Gd,788.0,Y,1490,2,3,Gd,1,Attchd,2.0,100,2,2008,190972
HOME-100184,20,RL,106.0,12720,Reg,NridgHt,1Fam,1Story,10,5,2003,2003,Ex,PConc,Ex,2535.0,Y,2470,1,1,Ex,2,Attchd,3.0,154,2,2008,665701
HOME-100981,80,RL,73.0,9802,Reg,Timber,1Fam,SLvl,5,5,2006,2007,TA,PConc,Gd,352.0,Y,1442,2,3,TA,0,BuiltIn,2.0,100,4,2008,185415
HOME-100948,45,RM,50.0,6000,Reg,BrkSide,1Fam,1.5Unf,6,7,1926,2004,Gd,PConc,TA,884.0,Y,904,1,2,TA,0,Detchd,1.0,0,1,2009,122549
HOME-101565,30,RL,60.0,10230,Reg,OldTown,1Fam,1Story,5,7,1925,1950,TA,BrkTil,TA,1054.0,Y,1078,1,3,Ex,0,Detchd,1.0,0,12,2009,128956
HOME-102104,60,RL,,19522,IR1,Veenker,1Fam,2Story,7,5,1990,1990,Gd,PConc,Gd,1223.0,Y,2503,2,3,Gd,1,Attchd,2.0,0,2,2007,327377
HOME-100796,160,RM,21.0,1533,Reg,MeadowV,Twnhs,2Story,4,5,1970,1970,TA,CBlock,TA,546.0,Y,1092,1,3,TA,0,CarPort,1.0,0,12,2006,96444
HOME-102723,20,RL,,21000,Reg,Crawfor,1Fam,1Story,6,5,1953,1953,TA,CBlock,Gd,1809.0,Y,2259,2,3,Gd,2,Basment,2.0,166,10,2007,235899
HOME-101197,80,RL,62.0,7692,Reg,Edwards,1Fam,SLvl,4,6,1954,1954,TA,CBlock,Ex,416.0,Y,1204,1,3,TA,0,Basment,1.0,0,11,2008,106822
HOME-100430,60,RL,90.0,9900,Reg,NoRidge,1Fam,2Story,7,5,1993,1993,Gd,PConc,Gd,1347.0,Y,2646,2,4,Gd,1,Attchd,3.0,340,4,2009,265152
HOME-102444,60,RL,60.0,8123,IR1,Gilbert,1Fam,2Story,6,5,2000,2000,TA,PConc,Gd,982.0,Y,1800,2,3,TA,1,Attchd,2.0,100,6,2009,187482
HOME-101502,190,RL,65.0,8450,Reg,Sawyer,2fmCon,1Story,5,5,1968,1968,TA,CBlock,TA,890.0,N,890,1,3,TA,0,Detchd,1.0,0,4,2008,121893
HOME-100135,60,RL,,10762,IR1,Gilbert,1Fam,2Story,7,5,1999,1999,Gd,PConc,Gd,978.0,Y,1983,2,3,Gd,1,Attchd,2.0,0,5,2009,231729
HOME-102459,20,RL,74.0,8892,Reg,NAmes,1Fam,1Story,5,7,1953,1996,Gd,Stone,TA,105.0,Y,910,1,3,Gd,0,Attchd,2.0,196,10,2008,124552
HOME-101628,20,RL,50.0,5175,Reg,BrkSide,1Fam,1Story,5,8,1958,2000,TA,CBlock,TA,808.0,Y,808,1,2,TA,0,Detchd,1.0,143,7,2007,122107
HOME-102155,90,RL,70.0,9842,Reg,NAmes,Duplex,1Story,4,5,1962,1962,TA,Slab,,0.0,Y,1224,2,2,TA,0,CarPort,2.0,0,3,2007,108856
HOME-102640,60,RL,66.0,13682,IR2,StoneBr,1Fam,2Story,10,5,2006,2006,Ex,PConc,Ex,1410.0,Y,2945,3,3,Gd,1,BuiltIn,3.0,192,10,2006,484106
HOME-102833,120,FV,42.0,4385,IR1,Somerst,TwnhsE,1Story,9,5,2001,2001,Gd,PConc,Ex,1419.0,Y,1419,1,2,Ex,1,Attchd,2.0,155,9,2008,307433
HOME-102748,20,RL,60.0,7038,Reg,NAmes,1Fam,1Story,4,6,1970,1970,TA,CBlock,TA,864.0,Y,864,1,3,TA,0,Detchd,2.0,210,9,2009,76606
HOME-101906,120,RL,48.0,7841,IR1,NridgHt,TwnhsE,1Story,9,5,2005,2005,Ex,PConc,Ex,1577.0,Y,1577,2,2,Ex,1,Attchd,2.0,203,5,2007,297916
HOME-100827,20,RL,136.0,11675,IR1,NoRidge,1Fam,1Story,8,5,1998,1998,Gd,PConc,Gd,1982.0,Y,2006,2,2,Gd,1,Attchd,3.0,144,7,2008,377318
HOME-101439,70,RM,35.0,4571,Reg,OldTown,1Fam,2Story,5,7,1910,1950,TA,BrkTil,TA,616.0,Y,1232,1,3,TA,0,Detchd,2.0,280,6,2007,123241
HOME-101904,70,RM,66.0,3960,Reg,OldTown,1Fam,2Story,7,8,1930,1950,TA,BrkTil,TA,502.0,N,1004,1,2,Gd,1,Detchd,1.0,280,7,2006,115386
HOME-101162,20,FV,84.0,10440,Reg,Somerst,1Fam,1Story,8,5,2007,2007,Ex,PConc,Gd,1574.0,Y,1584,2,2,Ex,1,Attchd,2.0,0,5,2007,282256
HOME-101164,60,RL,,9930,IR1,CollgCr,1Fam,2Story,7,5,2002,2002,Gd,PConc,Gd,826.0,Y,1762,2,3,Gd,0,Attchd,2.0,320,7,2006,244162
HOME-101153,50,RL,84.0,10164,Reg,SWISU,1Fam,1.5Fin,5,5,1939,1950,TA,CBlock,TA,992.0,Y,1465,2,3,TA,2,Detchd,1.0,0,7,2006,145501
HOME-101808,20,RL,,10960,IR1,NWAmes,1Fam,1Story,6,5,1984,1984,TA,CBlock,Gd,1284.0,Y,1284,2,3,TA,0,Attchd,2.0,0,4,2007,188692
HOME-100932,20,RL,80.0,9600,Reg,NAmes,1Fam,1Story,5,6,1955,1955,TA,CBlock,TA,1078.0,Y,1150,1,2,TA,0,Attchd,1.0,0,10,2007,155174
HOME-102770,85,RL,,16500,Reg,NWAmes,1Fam,SFoyer,6,5,1971,1971,TA,CBlock,Gd,1232.0,Y,1320,2,3,TA,1,Attchd,2.0,0,5,2009,173439
HOME-101734,190,RM,60.0,10120,IR1,OldTown,2fmCon,2.5Unf,7,4,1910,1950,Fa,CBlock,TA,925.0,N,1889,1,4,TA,1,Detchd,1.0,0,1,2007,131130
HOME-101653,160,RM,24.0,2522,Reg,Edwards,Twnhs,2Story,7,5,2004,2004,Gd,PConc,Gd,970.0,Y,1709,2,3,Gd,0,Detchd,2.0,0,5,2006,140880
HOME-101493,80,RL,125.0,14419,IR1,Timber,1Fam,SLvl,7,5,1987,1989,TA,PConc,Gd,1645.0,Y,1479,2,3,Gd,1,Attchd,2.0,224,7,2009,222515
HOME-100155,20,RL,82.0,20270,IR1,ClearCr,1Fam,1Story,7,6,1979,1979,TA,CBlock,Gd,1524.0,Y,1524,2,3,TA,2,Attchd,2.0,140,4,2008,258006
HOME-101784,60,FV,70.0,7000,Reg,Somerst,1Fam,2Story,7,5,2003,2003,Gd,PConc,Gd,926.0,Y,1884,2,3,Ex,1,Attchd,2.0,0,6,2009,252617
HOME-101903,80,RL,,19690,IR1,Edwards,1Fam,SLvl,6,7,1966,1966,Gd,CBlock,Gd,697.0,Y,2201,2,4,Gd,1,Attchd,2.0,586,8,2006,299565
HOME-102130,20,RL,69.0,7590,Reg,NAmes,1Fam,1Story,5,5,1963,1963,TA,CBlock,TA,1117.0,Y,1117,1,3,TA,0,Attchd,1.0,0,5,2008,146908
HOME-101591,60,RL,98.0,12203,IR1,NoRidge,1Fam,2Story,8,5,1998,1999,Gd,PConc,Gd,1225.0,Y,2612,2,4,Gd,1,Attchd,3.0,250,7,2009,344648
HOME-101618,60,FV,75.0,9512,IR1,Somerst,1Fam,2Story,7,5,2005,2006,Gd,PConc,Gd,960.0,Y,2318,2,3,Gd,1,BuiltIn,2.0,0,6,2006,321843
HOME-102596,60,RL,70.0,7703,Reg,SawyerW,1Fam,2Story,6,6,1992,1992,Gd,PConc,Gd,816.0,Y,1730,2,3,Gd,0,Attchd,2.0,0,11,2009,172927
HOME-100939,20,RL,60.0,9600,Reg,NAmes,1Fam,1Story,5,6,1950,1950,TA,CBlock,TA,1200.0,Y,1200,1,3,TA,0,Attchd,1.0,126,8,2009,134671
HOME-102607,20,RL,66.0,9240,IR1,NAmes,1Fam,1Story,6,8,1959,1998,Gd,CBlock,TA,988.0,Y,988,2,3,Gd,0,Attchd,1.0,156,6,2009,153541
HOME-101786,20,RL,113.0,13438,IR1,Timber,1Fam,1Story,9,5,2008,2008,Ex,CBlock,Ex,2190.0,Y,2036,2,3,Ex,1,Attchd,3.0,90,7,2009,422930
HOME-102405,80,RL,73.0,9590,IR1,Timber,1Fam,SLvl,7,5,2003,2003,Gd,PConc,Ex,868.0,Y,1146,2,3,Gd,1,Attchd,2.0,160,5,2007,203382
HOME-100514,90,RM,33.0,5976,Reg,OldTown,Duplex,2Story,5,7,1920,1950,TA,PConc,TA,624.0,N,1248,2,2,TA,0,,0.0,0,12,2006,101792
HOME-102480,20,RL,90.0,5400,Reg,OldTown,1Fam,1Story,5,7,1954,2000,TA,CBlock,TA,833.0,Y,833,1,2,Gd,0,Detchd,1.0,0,8,2006,128227
HOME-101759,20,RL,66.0,7920,Reg,NAmes,1Fam,1Story,5,5,1970,2002,TA,CBlock,TA,914.0,Y,914,1,3,Ex,0,Attchd,1.0,120,10,2007,143589
HOME-102010,60,RL,79.0,9245,IR1,CollgCr,1Fam,2Story,7,5,2006,2006,Gd,PConc,Gd,939.0,Y,1797,2,3,Gd,0,Attchd,2.0,144,4,2007,232921
HOME-100635,50,RM,60.0,10320,Reg,IDOTRR,1Fam,1.5Fin,4,1,1910,1950,Fa,CBlock,TA,771.0,Y,1484,2,3,TA,0,Detchd,1.0,14,9,2007,54283
HOME-100331,50,RM,50.0,6000,Reg,OldTown,1Fam,1.5Fin,3,7,1948,2002,TA,CBlock,TA,649.0,Y,1183,1,2,TA,0,Detchd,1.0,0,6,2007,128045
HOME-100478,20,RL,85.0,14082,IR1,StoneBr,1Fam,1Story,8,5,2006,2006,Gd,PConc,Ex,2220.0,Y,2234,1,1,Gd,1,Attchd,2.0,390,1,2007,479693
HOME-101501,20,FV,112.0,12606,IR1,Somerst,1Fam,1Story,9,5,2007,2008,Gd,PConc,Gd,1530.0,Y,1530,2,3,Gd,1,Attchd,3.0,212,5,2009,257488
HOME-102490,80,RL,,14115,Reg,NWAmes,1Fam,SLvl,7,5,1980,1980,TA,CBlock,Gd,1372.0,Y,1472,2,3,TA,2,Attchd,2.0,233,6,2009,195386
HOME-102689,20,RL,,11382,IR1,NAmes,1Fam,1Story,6,5,1964,1964,TA,CBlock,TA,1130.0,Y,1374,1,3,TA,1,Attchd,1.0,0,8,2007,159358
HOME-100724,20,RL,103.0,11175,IR1,CollgCr,1Fam,1Story,7,5,2007,2007,Gd,PConc,Gd,1316.0,Y,1316,2,3,Gd,1,Attchd,2.0,0,10,2007,216080
HOME-100581,60,RL,,28698,IR2,ClearCr,1Fam,2Story,5,5,1967,1967,TA,PConc,TA,1013.0,Y,2126,2,3,TA,0,Attchd,2.0,486,6,2009,192220
HOME-101975,30,RL,60.0,10800,Reg,OldTown,1Fam,1Story,3,5,1890,1998,TA,BrkTil,TA,630.0,Y,725,1,1,TA,0,Detchd,1.0,0,11,2009,82009
HOME-101431,120,RL,60.0,7313,Reg,NridgHt,TwnhsE,1Story,9,5,2005,2005,Ex,PConc,Ex,1561.0,Y,1561,2,2,Ex,1,Attchd,2.0,203,8,2007,302382
HOME-101024,20,RL,60.0,8250,Reg,NAmes,1Fam,1Story,5,7,1963,1963,TA,CBlock,TA,1053.0,Y,1053,1,3,Gd,0,2Types,2.0,240,7,2007,154402
HOME-102717,60,RL,58.0,10852,IR1,Gilbert,1Fam,2Story,6,5,2000,2000,TA,PConc,Gd,959.0,Y,1671,2,3,TA,1,Attchd,2.0,0,2,2006,190722
HOME-101243,20,RL,64.0,8712,IR1,NAmes,1Fam,1Story,5,7,1957,2000,TA,CBlock,TA,992.0,Y,1306,1,2,TA,0,Detchd,1.0,0,5,2009,157847
HOME-100436,20,RL,77.0,8335,Reg,Edwards,1Fam,1Story,5,5,1954,1954,TA,Slab,,0.0,Y,1124,1,3,TA,1,,0.0,0,4,2006,99507
HOME-101190,20,RL,85.0,10182,IR1,Somerst,1Fam,1Story,8,5,2006,2006,Gd,PConc,Ex,1660.0,Y,1660,2,3,Gd,1,Attchd,2.0,322,5,2006,318412
HOME-100273,20,RL,95.0,19508,Reg,Veenker,1Fam,1Story,6,5,1974,1974,TA,CBlock,TA,1430.0,Y,1430,2,3,TA,2,Attchd,2.0,117,7,2008,205046
HOME-101650,20,RL,,15387,IR1,NWAmes,1Fam,1Story,7,7,1967,1967,TA,CBlock,TA,1620.0,Y,1620,2,4,Gd,1,Attchd,2.0,0,8,2008,227602
HOME-101550,20,RL,80.0,9600,Reg,NAmes,1Fam,1Story,5,5,1968,1968,TA,CBlock,TA,1051.0,Y,1051,1,3,TA,0,Attchd,2.0,0,7,2006,156699
HOME-101498,20,RL,70.0,10500,Reg,NAmes,1Fam,1Story,4,6,1971,1971,TA,CBlock,TA,864.0,Y,864,1,2,TA,0,Detchd,2.0,216,3,2009,102075
HOME-101787,50,RM,51.0,6120,Reg,BrkSide,1Fam,1.5Fin,4,7,1935,1995,TA,BrkTil,TA,884.0,Y,1573,1,3,Gd,0,Detchd,1.0,0,7,2009,139916
HOME-101633,45,RM,55.0,4388,IR1,OldTown,1Fam,1.5Unf,5,7,1930,1950,TA,BrkTil,TA,672.0,Y,840,1,3,TA,1,,0.0,0,6,2007,94601
HOME-102273,20,RL,,13680,IR1,Edwards,1Fam,1Story,3,5,1955,1955,TA,Slab,,0.0,Y,1733,2,4,TA,1,Attchd,2.0,0,6,2009,143698
HOME-100740,70,RM,60.0,11340,Reg,OldTown,1Fam,2Story,2,1,1920,1950,Fa,BrkTil,Fa,723.0,N,1086,1,2,TA,0,Detchd,2.0,0,11,2008,58081
HOME-100781,60,RL,,12732,IR1,NWAmes,1Fam,2Story,7,6,1974,1974,TA,CBlock,TA,752.0,Y,2067,2,3,Gd,2,Attchd,2.0,297,6,2009,209526
HOME-102580,60,RL,65.0,15426,IR1,CollgCr,1Fam,2Story,6,5,1997,1997,TA,PConc,Gd,928.0,Y,1764,2,3,Gd,0,Attchd,2.0,276,8,2009,239531
HOME-102801,20,RL,63.0,13072,Reg,SawyerW,1Fam,1Story,5,5,2004,2004,TA,PConc,Gd,1114.0,Y,1114,1,3,Gd,0,,0.0,0,8,2009,149532
HOME-101990,20,RL,75.0,11235,Reg,Sawyer,1Fam,1Story,4,5,1963,1979,TA,CBlock,TA,1051.0,Y,1382,1,3,TA,1,Attchd,2.0,0,10,2006,163106
HOME-102873,20,RL,,9991,IR1,Sawyer,1Fam,1Story,4,4,1976,1993,TA,CBlock,TA,1281.0,Y,1620,2,3,TA,1,Attchd,2.0,120,6,2009,154583
HOME-102045,60,RL,313.0,63887,IR3,Edwards,1Fam,2Story,10,5,2008,2008,Ex,PConc,Ex,6110.0,Y,5642,2,3,Ex,3,Attchd,2.0,214,1,2008,168212
HOME-100938,20,RL,71.0,9178,Reg,CollgCr,1Fam,1Story,8,5,2008,2008,Gd,PConc,Gd,1468.0,Y,1468,2,3,Gd,1,Attchd,3.0,192,6,2009,244971
HOME-102861,20,RL,65.0,14753,IR2,CollgCr,1Fam,1Story,7,5,1998,1998,TA,PConc,Gd,1463.0,Y,1463,2,3,TA,0,Attchd,2.0,0,12,2009,212801
HOME-101634,30,RM,60.0,5400,Reg,OldTown,1Fam,1Story,7,6,1920,2006,Gd,CBlock,TA,931.0,Y,1027,1,2,Gd,1,,0.0,0,2,2008,129031
HOME-100257,20,RL,,10355,IR1,NAmes,1Fam,1Story,5,5,1967,1967,TA,CBlock,TA,1214.0,Y,1214,2,3,TA,1,Attchd,1.0,0,7,2007,152950
HOME-100834,60,RL,64.0,8320,Reg,CollgCr,1Fam,2Story,7,5,2004,2004,Gd,PConc,Gd,770.0,Y,1582,2,3,Gd,0,Attchd,2.0,0,9,2008,194607
HOME-100355,80,RL,,10246,IR1,Sawyer,1Fam,SLvl,4,9,1965,2001,TA,CBlock,TA,648.0,Y,960,0,0,TA,0,Attchd,1.0,88,5,2006,159026
HOME-102777,20,RM,100.0,12000,Reg,OldTown,1Fam,1Story,5,7,1948,2005,TA,CBlock,TA,924.0,Y,1122,1,2,Gd,0,Attchd,2.0,0,5,2008,156677
HOME-100437,70,RL,43.0,5707,Reg,SWISU,1Fam,2Story,6,6,1935,1950,TA,BrkTil,TA,583.0,Y,1242,1,3,TA,1,Detchd,1.0,329,3,2009,107433
HOME-100426,90,RL,60.0,8544,Reg,NAmes,Duplex,1Story,3,4,1950,1950,TA,Slab,,0.0,N,1040,2,2,TA,0,Detchd,2.0,0,6,2009,95320
HOME-102560,60,RL,72.0,8229,IR1,Gilbert,1Fam,2Story,6,5,2007,2007,Gd,PConc,Gd,752.0,Y,1504,2,3,Gd,0,Attchd,2.0,100,12,2007,181512
HOME-101217,60,RL,,15896,IR2,Gilbert,1Fam,2Story,7,5,1999,1999,Gd,PConc,Gd,1177.0,Y,2312,2,4,Gd,1,BuiltIn,3.0,298,5,2009,249159
HOME-102576,20,RL,73.0,8760,Reg,NAmes,1Fam,1Story,5,7,1956,1956,Gd,CBlock,TA,1169.0,Y,1144,1,3,TA,0,Attchd,1.0,257,6,2009,156271
HOME-102343,20,RL,64.0,7314,Reg,CollgCr,1Fam,1Story,7,5,2007,2007,Gd,PConc,Gd,1232.0,Y,1232,2,2,Gd,0,Attchd,2.0,132,2,2009,198041
HOME-102313,20,RL,70.0,7945,Reg,NAmes,1Fam,1Story,5,6,1959,1959,TA,CBlock,TA,1150.0,Y,1150,1,3,TA,0,Attchd,1.0,0,5,2006,156519
HOME-101108,60,RL,63.0,12292,IR1,StoneBr,1Fam,2Story,9,5,2006,2006,Gd,PConc,Ex,1094.0,Y,2473,2,4,Gd,1,BuiltIn,3.0,246,7,2006,398135
HOME-100636,20,RL,100.0,10004,Reg,NAmes,1Fam,1Story,6,6,1964,1964,TA,CBlock,TA,1516.0,Y,1516,1,3,TA,0,Attchd,2.0,0,2,2009,169966
HOME-102698,20,RL,70.0,7560,Reg,NAmes,1Fam,1Story,5,6,1958,1965,TA,CBlock,TA,1029.0,Y,1339,1,3,TA,0,Attchd,1.0,0,5,2009,144515
HOME-101364,180,RM,35.0,3675,Reg,Edwards,TwnhsE,SLvl,6,5,2005,2005,TA,PConc,Gd,547.0,Y,1072,1,2,TA,0,Basment,2.0,0,6,2008,155645
HOME-102685,160,RM,24.0,1300,Reg,Blueste,TwnhsE,2Story,6,6,1980,1980,TA,CBlock,Gd,561.0,Y,1229,1,2,TA,1,Attchd,2.0,150,5,2009,123883
HOME-100653,20,RL,80.0,12000,Reg,Veenker,1Fam,1Story,7,6,1980,1980,Gd,CBlock,Gd,2002.0,Y,2362,2,3,Gd,1,Attchd,2.0,180,3,2007,273121
HOME-100964,50,RM,52.0,6240,Reg,BrkSide,1Fam,1.5Fin,4,7,1929,1950,TA,PConc,TA,704.0,Y,1136,1,2,TA,0,Detchd,1.0,0,8,2008,131196
HOME-102098,90,RL,75.0,8512,Reg,NAmes,Duplex,1Story,5,5,1960,1960,TA,CBlock,TA,1556.0,Y,1556,2,4,TA,0,,0.0,0,9,2006,133685
HOME-100949,60,RL,63.0,7875,Reg,Gilbert,1Fam,2Story,7,5,2003,2003,Gd,PConc,Gd,847.0,Y,1948,2,4,Gd,1,BuiltIn,2.0,0,7,2007,225256
HOME-100144,20,RL,70.0,7000,Reg,NAmes,1Fam,1Story,5,4,1961,1961,TA,CBlock,TA,1150.0,Y,1150,1,3,TA,0,Attchd,1.0,0,7,2006,161450
HOME-101968,20,RL,83.0,10143,Reg,NAmes,1Fam,1Story,6,7,1963,1963,TA,CBlock,TA,1380.0,Y,1380,1,3,TA,0,Attchd,1.0,0,6,2009,160779
HOME-101483,20,RL,77.0,10872,IR1,NridgHt,1Fam,1Story,9,5,2006,2006,Gd,PConc,Ex,1504.0,Y,1531,2,2,Ex,1,Attchd,3.0,184,2,2009,308566
HOME-101063,80,RL,64.0,7848,IR1,Gilbert,1Fam,SLvl,7,6,1999,1999,TA,PConc,TA,384.0,Y,1430,2,3,TA,1,BuiltIn,2.0,0,6,2009,174091
HOME-101381,20,RL,85.0,10200,Reg,NAmes,1Fam,1Story,6,5,1974,1974,TA,CBlock,TA,1434.0,Y,1434,2,4,TA,1,Attchd,2.0,80,6,2009,161767
HOME-100350,80,RL,,21453,IR1,ClearCr,1Fam,SLvl,6,5,1969,1969,TA,CBlock,TA,938.0,Y,988,1,1,TA,2,Attchd,2.0,0,10,2006,194921
HOME-102498,20,RL,,17140,Reg,Edwards,1Fam,1Story,4,6,1956,1956,TA,CBlock,TA,1134.0,Y,1229,1,3,TA,0,Attchd,1.0,0,4,2009,139889
HOME-101327,50,RM,50.0,5925,Reg,OldTown,1Fam,1.5Fin,4,6,1900,1950,TA,BrkTil,Fa,570.0,N,1141,1,3,TA,0,Detchd,1.0,0,5,2007,92794
HOME-100082,80,RL,60.0,7134,Reg,NAmes,1Fam,SLvl,5,5,1955,1955,TA,CBlock,TA,384.0,Y,1360,1,3,TA,1,Detchd,2.0,0,2,2007,141435
HOME-102416,20,RL,80.0,13600,Reg,NAmes,1Fam,1Story,5,6,1955,1955,TA,CBlock,TA,1056.0,Y,1056,1,3,TA,0,Attchd,1.0,0,11,2006,135327
HOME-102813,20,RL,66.0,7742,Reg,Sawyer,1Fam,1Story,5,7,1966,1966,TA,CBlock,TA,955.0,Y,955,1,3,TA,0,Attchd,1.0,0,1,2007,136312
HOME-100276,90,RL,60.0,9000,Reg,NAmes,Duplex,2Story,5,5,1974,1974,TA,CBlock,Gd,896.0,Y,1792,2,4,TA,0,,0.0,32,9,2009,139975
HOME-102900,30,RL,67.0,5142,Reg,Edwards,1Fam,1.5Fin,4,7,1923,2008,TA,PConc,TA,949.0,Y,1292,1,3,Gd,0,Detchd,1.0,0,6,2008,116238
HOME-101952,80,RL,85.0,11475,Reg,NAmes,1Fam,SLvl,6,6,1961,1961,TA,CBlock,TA,1208.0,Y,1576,1,4,Gd,1,BuiltIn,2.0,85,9,2009,179958
HOME-102745,85,RL,50.0,6723,Reg,Mitchel,1Fam,SFoyer,5,7,1971,1971,TA,CBlock,Gd,796.0,Y,796,1,2,TA,0,,0.0,129,9,2007,150620
HOME-100443,160,RM,21.0,2058,Reg,BrDale,Twnhs,2Story,6,5,1973,1973,TA,CBlock,TA,672.0,Y,1218,1,4,Ex,0,Detchd,1.0,0,12,2007,121433
HOME-100370,60,RL,68.0,8935,IR1,CollgCr,1Fam,2Story,7,5,2002,2002,Gd,PConc,Gd,831.0,Y,1660,2,3,Gd,0,Attchd,2.0,144,7,2009,199772
HOME-100658,20,RL,,11838,Reg,CollgCr,1Fam,1Story,8,5,2001,2001,Gd,PConc,Gd,1753.0,Y,1788,2,3,Ex,1,Attchd,2.0,202,6,2009,239815
HOME-100090,75,RL,102.0,15863,Reg,SWISU,1Fam,2.5Fin,7,3,1920,1970,TA,BrkTil,TA,824.0,Y,3082,2,5,TA,2,Basment,2.0,136,8,2009,207380
HOME-100356,20,RL,60.0,6600,Reg,Mitchel,1Fam,1Story,5,8,1982,2003,TA,PConc,TA,816.0,Y,816,1,2,TA,0,Detchd,2.0,0,6,2008,145633
HOME-101732,20,RL,70.0,8750,Reg,NAmes,1Fam,1Story,5,5,1955,1955,TA,CBlock,TA,1382.0,Y,1382,1,3,Gd,0,Attchd,1.0,280,7,2009,156470
HOME-100547,190,RL,55.0,5687,Reg,SWISU,2fmCon,2Story,5,6,1912,2000,TA,PConc,TA,780.0,N,1716,2,6,Fa,0,,0.0,0,3,2008,142661
HOME-102164,60,RL,57.0,8918,IR1,Gilbert,1Fam,2Story,6,5,2005,2006,Gd,PConc,Gd,745.0,Y,1490,2,3,Gd,1,Attchd,2.0,36,7,2009,172992
HOME-100743,20,RL,91.0,14303,IR1,NoRidge,1Fam,1Story,8,5,1994,1994,Gd,PConc,Gd,1986.0,Y,1987,2,2,Gd,1,Attchd,2.0,262,8,2008,324344
HOME-102655,90,RL,78.0,10530,Reg,Mitchel,Duplex,SFoyer,6,5,1977,1977,TA,CBlock,Gd,975.0,Y,1004,1,2,TA,0,Attchd,2.0,0,5,2006,149548
HOME-100707,50,RL,70.0,11767,Reg,Edwards,1Fam,1.5Fin,5,6,1946,1995,TA,CBlock,TA,768.0,Y,1200,1,3,TA,0,Detchd,1.0,0,5,2008,137865
HOME-100318,120,RL,24.0,2280,Reg,NPkVill,Twnhs,1Story,7,5,1975,1975,TA,CBlock,Gd,1057.0,Y,1055,2,2,TA,1,Attchd,2.0,0,8,2009,127301
HOME-102675,60,FV,66.0,7399,IR1,Somerst,1Fam,2Story,7,5,1997,1998,Gd,PConc,Gd,975.0,Y,1950,2,3,Gd,1,Detchd,2.0,0,6,2007,255259
HOME-101246,60,RL,109.0,14154,Reg,NridgHt,1Fam,2Story,7,5,2006,2006,Gd,PConc,Ex,1063.0,Y,2172,2,3,Gd,1,Attchd,3.0,192,8,2007,303551
HOME-100165,90,RL,81.0,9671,Reg,NAmes,Duplex,2Story,6,5,1969,1969,TA,CBlock,TA,1248.0,Y,2544,2,6,TA,0,Attchd,3.0,0,8,2009,195816
HOME-102270,50,RL,60.0,6000,Reg,SWISU,1Fam,1.5Fin,5,5,1926,1950,TA,BrkTil,TA,1008.0,Y,1522,2,4,TA,0,,0.0,0,6,2006,114027
HOME-102433,70,RL,67.0,8777,Reg,Edwards,1Fam,2Story,4,6,1910,2000,TA,CBlock,Gd,676.0,Y,1436,2,3,TA,0,Attchd,2.0,147,10,2006,108889
HOME-102767,20,RL,88.0,10994,IR1,SawyerW,1Fam,1Story,8,5,2005,2006,Gd,PConc,Gd,1844.0,Y,1844,2,2,Gd,1,Attchd,2.0,165,9,2009,259149
HOME-102230,90,RL,64.0,7018,Reg,SawyerW,Duplex,1Story,5,5,1979,1979,TA,Slab,,0.0,Y,1535,2,4,TA,0,Attchd,2.0,0,6,2009,124363
HOME-101189,90,RM,78.0,7060,Reg,Mitchel,Duplex,SFoyer,7,5,1997,1998,TA,PConc,Gd,1344.0,Y,1344,2,2,TA,0,Attchd,4.0,0,11,2008,224966
HOME-100255,20,RL,92.0,10573,IR1,NAmes,1Fam,1Story,6,6,1961,1961,TA,CBlock,TA,1453.0,Y,1453,2,3,TA,1,Attchd,2.0,0,4,2009,189434
HOME-101254,20,RL,68.0,9520,Reg,Edwards,1Fam,1Story,4,5,1953,1953,TA,CBlock,Gd,911.0,Y,930,1,2,TA,0,Attchd,1.0,134,5,2008,107247
HOME-101474,60,FV,102.0,11143,IR1,Somerst,1Fam,2Story,8,5,2004,2005,Gd,PConc,Gd,1580.0,Y,2466,3,4,Gd,1,Attchd,2.0,159,12,2007,369182
HOME-101413,120,RL,80.0,10307,IR1,NridgHt,TwnhsE,1Story,7,5,2007,2008,Gd,PConc,Gd,1350.0,Y,1358,2,2,Gd,1,Attchd,2.0,192,5,2009,219429
HOME-100548,20,RL,60.0,7200,Reg,NAmes,1Fam,1Story,5,8,1950,2002,TA,CBlock,TA,864.0,Y,864,1,3,Gd,0,Detchd,2.0,194,7,2007,137634
HOME-100187,80,RL,70.0,8163,Reg,NAmes,1Fam,SLvl,5,6,1959,1959,TA,CBlock,TA,1144.0,Y,1144,1,3,TA,1,Attchd,1.0,86,3,2006,158654
HOME-100770,20,RL,75.0,9000,Reg,Sawyer,1Fam,1Story,5,6,1966,1966,TA,CBlock,TA,1059.0,Y,1059,1,3,TA,0,Attchd,1.0,0,6,2006,158002
HOME-102030,30,RM,60.0,10800,Reg,OldTown,1Fam,1Story,4,7,1885,1995,TA,BrkTil,Fa,641.0,Y,1047,1,2,TA,0,Detchd,1.0,0,8,2007,108727
HOME-101301,190,RH,58.0,6430,Reg,SWISU,2fmCon,1.5Fin,6,6,1945,1950,TA,CBlock,TA,780.0,N,1340,1,3,TA,0,Attchd,1.0,0,7,2006,142280
HOME-100417,50,RM,,10320,Reg,IDOTRR,1Fam,1.5Fin,5,6,1915,1978,TA,BrkTil,TA,880.0,Y,1308,2,2,TA,0,Detchd,2.0,0,4,2008,128880
HOME-102550,50,RL,75.0,9525,Reg,Edwards,1Fam,1.5Fin,6,5,1953,1953,TA,CBlock,TA,1000.0,Y,1609,1,5,TA,0,Attchd,1.0,0,7,2006,166552
HOME-101559,20,RL,70.0,9135,Reg,CollgCr,1Fam,1Story,7,5,2002,2003,Gd,PConc,Gd,1536.0,Y,1536,2,3,Gd,0,Attchd,2.0,192,12,2008,225487
HOME-100931,20,RL,,13052,IR1,Sawyer,1Fam,1Story,5,6,1965,1965,TA,CBlock,TA,1024.0,Y,1024,1,3,TA,0,Attchd,1.0,0,1,2006,132802
HOME-101292,30,RM,50.0,7288,Reg,IDOTRR,1Fam,1Story,5,6,1942,1950,TA,CBlock,TA,976.0,N,976,1,2,TA,0,Detchd,1.0,160,8,2006,112347
HOME-101823,20,RL,57.0,6420,IR1,Edwards,1Fam,1Story,5,7,1952,1952,TA,PConc,Ex,980.0,Y,1148,1,2,TA,0,Detchd,1.0,0,9,2006,135653
HOME-100767,50,RM,52.0,6240,Reg,BrkSide,1Fam,1.5Fin,5,6,1928,1950,TA,BrkTil,TA,1042.0,Y,1576,1,3,TA,1,Detchd,1.0,0,8,2006,163075
HOME-100046,60,RL,,16698,IR1,ClearCr,1Fam,2Story,7,5,1992,1993,Gd,PConc,Gd,1449.0,Y,1759,2,3,Gd,1,Attchd,2.0,150,6,2009,239830
HOME-102320,70,RM,,10337,IR1,OldTown,1Fam,2Story,8,9,1910,1999,Gd,BrkTil,TA,725.0,N,1772,2,3,Gd,0,Detchd,2.0,0,5,2007,201594
HOME-100518,190,RL,68.0,10880,Reg,Edwards,2fmCon,1Story,5,5,1950,1950,TA,CBlock,TA,1164.0,N,1164,1,3,TA,0,Detchd,1.0,0,8,2008,129104
HOME-101951,20,RL,67.0,10083,Reg,SawyerW,1Fam,1Story,7,5,2003,2003,Gd,PConc,Gd,1176.0,Y,1200,2,2,Gd,0,Attchd,2.0,0,8,2009,187852
HOME-100855,60,FV,64.0,8791,IR1,Somerst,1Fam,2Story,6,5,2003,2003,Gd,PConc,Gd,864.0,Y,1728,2,3,Gd,0,Attchd,2.0,216,5,2008,221294
HOME-101924,20,RL,65.0,6500,Reg,Edwards,1Fam,1Story,6,6,1976,1976,TA,CBlock,TA,1127.0,Y,1127,1,3,TA,1,Detchd,2.0,0,5,2008,146694
HOME-100930,50,RL,,12099,IR1,NAmes,1Fam,1.5Fin,5,6,1953,2004,TA,CBlock,TA,1216.0,Y,1728,1,3,TA,1,Attchd,1.0,200,6,2007,166261
HOME-100555,30,RL,51.0,5900,IR1,BrkSide,1Fam,1Story,4,7,1923,1958,TA,PConc,Gd,440.0,Y,869,1,2,Fa,0,,0.0,0,8,2006,93692
HOME-102042,60,RL,,7750,Reg,Gilbert,1Fam,2Story,7,5,2002,2002,Gd,PConc,Gd,707.0,Y,1414,2,3,Gd,1,Attchd,2.0,100,4,2008,182634
HOME-102111,60,RL,96.0,10542,Reg,NoRidge,1Fam,2Story,7,5,1993,1994,Gd,PConc,Gd,1311.0,Y,2418,2,3,Gd,1,Attchd,3.0,250,8,2008,365083
HOME-100803,30,RM,40.0,4800,Reg,IDOTRR,1Fam,1Story,4,7,1916,1990,TA,CBlock,TA,1196.0,Y,1196,1,2,TA,0,Detchd,2.0,0,7,2007,119195
HOME-102322,30,RM,60.0,9786,Reg,IDOTRR,1Fam,1Story,3,4,1922,1950,TA,BrkTil,TA,1007.0,N,1077,1,3,TA,1,Detchd,1.0,0,5,2006,100014
HOME-102020,50,RL,60.0,10410,Reg,OldTown,1Fam,1.5Fin,3,4,1915,1950,TA,PConc,TA,672.0,Y,1214,1,3,TA,0,Detchd,3.0,216,1,2006,116158
HOME-102004,50,RM,59.0,5310,Reg,OldTown,1Fam,1.5Fin,6,8,1910,2003,TA,CBlock,TA,485.0,Y,1635,1,2,Gd,0,Attchd,1.0,394,6,2006,128652
HOME-102565,20,RL,,9981,IR1,Sawyer,1Fam,1Story,5,5,1967,1967,TA,CBlock,TA,1073.0,Y,1073,1,3,TA,0,Attchd,1.0,0,3,2008,127809
HOME-101800,30,RM,50.0,6000,Reg,OldTown,1Fam,1Story,4,4,1920,1950,TA,PConc,TA,960.0,Y,960,1,2,Fa,0,Detchd,1.0,0,7,2007,117107
HOME-100800,75,RM,92.0,5520,Reg,OldTown,1Fam,2.5Fin,6,6,1912,1950,TA,CBlock,TA,755.0,Y,2229,1,5,TA,0,,0.0,0,7,2009,109477
HOME-101834,20,RL,64.0,7406,Reg,CollgCr,1Fam,1Story,7,5,2006,2006,Gd,PConc,Gd,1199.0,Y,1220,2,2,Gd,0,Attchd,2.0,105,7,2006,215007
HOME-101073,20,RL,,12692,IR1,NoRidge,1Fam,1Story,8,5,1992,1993,Gd,PConc,Gd,3200.0,Y,3228,3,4,Gd,1,Attchd,2.0,264,5,2007,465683
HOME-102362,85,RL,74.0,8740,IR1,Sawyer,1Fam,SFoyer,5,6,1982,1982,TA,CBlock,TA,840.0,Y,860,1,2,TA,0,Detchd,2.0,0,7,2009,140731
HOME-100339,20,RL,65.0,8450,Reg,SawyerW,1Fam,1Story,7,5,2000,2001,TA,PConc,Gd,1349.0,Y,1349,2,3,TA,0,Attchd,2.0,120,12,2007,194318
HOME-101725,20,RL,79.0,7801,IR1,Crawfor,1Fam,1Story,6,5,1951,1951,TA,PConc,TA,1091.0,N,1091,1,2,TA,1,Attchd,1.0,66,5,2008,108978
HOME-100689,85,RL,57.0,8846,IR1,CollgCr,1Fam,SFoyer,5,5,1996,1996,Gd,PConc,Gd,870.0,Y,914,1,2,TA,0,Detchd,2.0,0,7,2006,163685
HOME-100688,50,RM,90.0,33120,IR3,OldTown,1Fam,1.5Fin,6,5,1962,1962,TA,CBlock,TA,1595.0,Y,2486,2,5,TA,1,Detchd,2.0,0,10,2006,242174
HOME-101376,120,RM,44.0,4224,Reg,MeadowV,TwnhsE,1Story,5,5,1976,1976,TA,PConc,Gd,1142.0,Y,1142,1,3,TA,1,Attchd,2.0,536,8,2007,142735
HOME-102764,85,RL,,11235,Reg,Sawyer,1Fam,SFoyer,5,6,1963,1963,TA,CBlock,Gd,981.0,Y,1075,1,3,Gd,0,Detchd,2.0,64,5,2008,156757
HOME-101094,20,RL,63.0,8500,Reg,CollgCr,1Fam,1Story,7,5,2004,2004,Gd,PConc,Gd,1422.0,Y,1422,2,3,Gd,0,Attchd,2.0,192,11,2007,197890
HOME-100262,20,RL,,9240,IR1,Sawyer,1Fam,1Story,5,6,1962,2002,TA,CBlock,TA,864.0,Y,1211,1,2,TA,1,Detchd,2.0,161,3,2006,156937
HOME-101841,30,RM,56.0,4480,Reg,OldTown,1Fam,1Story,5,5,1922,1950,TA,PConc,Fa,1022.0,N,1022,1,2,Fa,1,Detchd,1.0,0,2,2007,99174
HOME-102532,60,RL,64.0,9045,IR1,CollgCr,1Fam,2Story,5,5,2005,2005,Gd,PConc,Gd,768.0,Y,1536,2,3,Gd,0,Attchd,2.0,0,6,2007,183566
HOME-100849,160,FV,34.0,3604,Reg,Somerst,TwnhsE,2Story,7,5,2007,2007,Gd,PConc,Gd,689.0,Y,1392,2,2,Gd,0,Detchd,2.0,0,2,2008,158047
HOME-101229,60,RL,69.0,7590,Reg,NAmes,1Fam,2Story,5,5,1962,1962,TA,CBlock,TA,864.0,Y,1812,2,4,TA,1,Attchd,1.0,0,7,2007,181276
HOME-102775,20,RL,66.0,12400,IR1,NAmes,1Fam,1Story,6,7,1958,1998,TA,CBlock,TA,1215.0,Y,1215,1,3,TA,0,Attchd,1.0,0,6,2009,158361
HOME-100588,75,RL,60.0,19800,Reg,Edwards,1Fam,2.5Unf,6,8,1935,1990,TA,BrkTil,TA,1836.0,Y,3672,3,5,Gd,2,Detchd,2.0,684,12,2006,451993
HOME-102258,20,RL,59.0,10936,IR1,Gilbert,1Fam,1Story,7,5,2006,2006,Gd,PConc,Gd,1510.0,Y,1525,2,3,Gd,1,Attchd,2.0,100,4,2007,224827
HOME-100994,50,RL,60.0,10284,Reg,OldTown,1Fam,1.5Fin,4,7,1925,1993,TA,CBlock,TA,1151.0,Y,1281,2,1,TA,0,Detchd,2.0,0,8,2007,138078
HOME-101782,160,RL,24.0,2308,Reg,NPkVill,TwnhsE,2Story,6,6,1976,1976,TA,CBlock,Gd,804.0,Y,1548,2,3,Gd,1,Detchd,2.0,48,7,2007,167347
HOME-102355,30,C (all),72.0,9392,Reg,IDOTRR,1Fam,1Story,3,3,1900,1950,TA,CBlock,Fa,245.0,N,797,1,2,TA,0,,0.0,0,9,2009,44771
HOME-100438,20,RL,103.0,16280,Reg,Veenker,1Fam,1Story,8,9,1976,2007,Ex,CBlock,Gd,1426.0,Y,1671,3,3,Ex,1,Attchd,2.0,280,5,2008,312974
HOME-102750,20,RL,71.0,8540,Reg,NAmes,1Fam,1Story,5,8,1956,2003,TA,CBlock,TA,925.0,Y,925,1,3,Gd,0,Detchd,1.0,152,6,2007,136938
HOME-101273,160,RM,21.0,1680,Reg,BrDale,Twnhs,2Story,6,5,1972,1972,TA,CBlock,TA,483.0,Y,987,1,2,TA,1,Attchd,1.0,0,6,2006,102761
HOME-102697,60,RL,59.0,9649,IR1,Gilbert,1Fam,2Story,6,5,1999,2000,TA,PConc,Gd,941.0,Y,1644,2,3,TA,1,Attchd,2.0,460,5,2007,195031
HOME-100507,80,RL,65.0,6285,Reg,Edwards,1Fam,SLvl,6,6,1976,1976,TA,CBlock,TA,960.0,Y,1044,1,3,TA,1,Detchd,2.0,228,4,2007,147225
HOME-102203,30,RM,52.0,7830,Reg,OldTown,1Fam,1Story,3,5,1921,1950,TA,BrkTil,Fa,492.0,Y,492,1,1,TA,0,Detchd,1.0,0,6,2006,67088
HOME-100697,50,RL,50.0,8405,Reg,Edwards,1Fam,1.5Fin,4,3,1945,1950,TA,Slab,,0.0,N,1529,2,4,TA,0,Detchd,1.0,92,4,2009,104208
HOME-101459,70,RM,60.0,7518,Reg,IDOTRR,1Fam,2Story,5,8,1910,2004,Fa,BrkTil,Fa,396.0,Y,1330,1,3,TA,0,Detchd,1.0,0,7,2006,131008
HOME-102838,60,RL,78.0,11419,Reg,NAmes,1Fam,2Story,7,7,1948,1999,TA,CBlock,TA,699.0,Y,1527,1,3,TA,1,Attchd,2.0,0,12,2009,157540
HOME-101949,50,RM,50.0,6000,Reg,OldTown,1Fam,1.5Fin,5,7,1924,1950,TA,PConc,TA,816.0,Y,1566,1,5,Gd,0,Detchd,2.0,24,8,2006,153992
HOME-101182,20,RL,79.0,9236,IR1,CollgCr,1Fam,1Story,6,5,1997,1997,TA,PConc,Gd,1479.0,Y,1494,2,3,Gd,0,Attchd,2.0,168,7,2006,245164
HOME-100863,60,RL,,8970,IR1,NAmes,1Fam,2Story,5,6,1965,1965,TA,CBlock,TA,744.0,Y,2140,2,4,TA,1,Attchd,2.0,0,6,2009,183498
HOME-102146,60,RL,75.0,9317,Reg,SawyerW,1Fam,2Story,7,5,1993,1993,Gd,PConc,Gd,740.0,Y,1775,2,3,Gd,1,Attchd,2.0,234,7,2009,219057
HOME-100718,60,RL,62.0,7984,IR1,Gilbert,1Fam,2Story,7,5,2004,2005,Gd,PConc,Gd,868.0,Y,1630,2,3,Gd,1,BuiltIn,2.0,120,9,2009,198904
HOME-101389,50,RL,77.0,9786,IR1,NAmes,1Fam,1.5Fin,6,7,1962,1981,TA,CBlock,TA,912.0,Y,1734,1,3,Gd,1,Attchd,2.0,0,6,2006,177716
HOME-101010,30,RM,62.0,7404,Reg,OldTown,1Fam,1Story,4,6,1920,1950,TA,BrkTil,Fa,861.0,Y,861,1,2,TA,0,Detchd,2.0,0,11,2009,82943
HOME-101235,50,RM,58.0,8155,Reg,IDOTRR,1Fam,1.5Fin,5,7,1930,1950,TA,CBlock,Gd,780.0,Y,1200,1,4,TA,0,,0.0,0,7,2008,125718
HOME-102709,80,RL,65.0,10482,Reg,NAmes,1Fam,SLvl,6,8,1958,1958,TA,CBlock,TA,588.0,Y,1138,1,3,TA,0,Attchd,1.0,224,6,2007,154632
HOME-100168,80,RL,78.0,12090,Reg,NWAmes,1Fam,SLvl,6,7,1984,2003,TA,CBlock,Gd,585.0,Y,1868,3,3,TA,1,BuiltIn,2.0,268,1,2007,193454
HOME-101150,50,RM,90.0,15660,Reg,OldTown,1Fam,1.5Fin,5,8,1910,2003,TA,CBlock,TA,240.0,Y,1306,1,3,Gd,0,Detchd,2.0,0,7,2009,131023
HOME-101716,60,RM,60.0,9780,Reg,IDOTRR,1Fam,2Story,7,9,1950,2005,TA,CBlock,TA,976.0,Y,1952,1,4,Gd,2,Detchd,1.0,285,4,2007,234566
HOME-102682,20,RL,,10710,Reg,NAmes,1Fam,1Story,5,7,1966,2004,Gd,PConc,TA,864.0,Y,1120,1,3,TA,1,Attchd,2.0,0,7,2009,151983
HOME-101086,20,RL,61.0,33983,IR1,Mitchel,1Fam,1Story,5,6,1977,1994,TA,PConc,TA,1160.0,Y,1676,1,3,Gd,2,Attchd,2.0,690,5,2007,205583
HOME-100520,20,RL,105.0,13693,Reg,NridgHt,1Fam,1Story,8,5,2007,2007,Gd,PConc,Ex,2418.0,Y,2464,2,4,Ex,1,Attchd,3.0,358,8,2008,434449
HOME-101967,90,RM,78.0,7020,Reg,Mitchel,Duplex,SFoyer,7,5,1997,1997,TA,PConc,Gd,1288.0,Y,1368,2,2,TA,0,Attchd,4.0,0,11,2006,237136
HOME-102756,120,RL,43.0,3182,Reg,Blmngtn,TwnhsE,1Story,7,5,2005,2006,Gd,PConc,Gd,1373.0,Y,1555,2,2,Gd,1,Attchd,2.0,143,5,2009,195882
HOME-101585,120,FV,37.0,3316,IR1,Somerst,TwnhsE,1Story,8,5,2005,2005,Gd,PConc,Gd,1247.0,Y,1247,1,1,Gd,1,Attchd,2.0,0,4,2006,217124
HOME-100217,90,RL,,7032,IR1,NAmes,Duplex,SFoyer,5,5,1979,1979,TA,CBlock,Gd,943.0,Y,943,1,2,TA,2,Detchd,2.0,42,12,2006,147261
HOME-101445,80,RL,37.0,7937,IR1,Mitchel,1Fam,SLvl,6,6,1984,1984,TA,CBlock,TA,1003.0,Y,1003,1,3,TA,0,Detchd,2.0,120,3,2006,153927
HOME-102207,75,RM,60.0,7200,Reg,IDOTRR,1Fam,2.5Unf,5,7,1920,1996,TA,BrkTil,TA,530.0,N,1111,1,3,Fa,0,Detchd,1.0,0,3,2007,109235
HOME-102280,60,RL,89.0,11645,IR1,CollgCr,1Fam,2Story,7,5,2004,2004,Gd,PConc,Gd,860.0,Y,1720,2,3,Gd,0,Attchd,2.0,0,8,2006,221550
HOME-102483,80,RL,,10448,IR1,NWAmes,1Fam,SLvl,6,6,1972,1972,TA,CBlock,TA,689.0,Y,2119,2,3,TA,1,Attchd,2.0,0,8,2009,160693
HOME-102206,20,RL,82.0,11070,Reg,Mitchel,1Fam,1Story,5,5,1991,1991,TA,PConc,Gd,1582.0,Y,1595,2,2,TA,0,Detchd,2.0,0,4,2009,155888
HOME-100202,80,RL,125.0,10000,Reg,NAmes,1Fam,SLvl,5,6,1956,1956,TA,CBlock,TA,1058.0,Y,1370,1,3,TA,1,Basment,1.0,191,2,2006,162717
HOME-101247,80,RL,59.0,9434,IR1,Gilbert,1Fam,SLvl,7,5,2004,2005,Gd,PConc,Gd,384.0,Y,1374,2,3,Gd,1,BuiltIn,2.0,100,8,2009,176718
HOME-102438,20,RL,71.0,9230,Reg,NAmes,1Fam,1Story,5,8,1965,1998,TA,CBlock,TA,864.0,Y,1200,1,1,Gd,0,Detchd,2.0,0,10,2006,160174
HOME-102407,20,RL,81.0,9260,Reg,SawyerW,1Fam,1Story,7,5,2007,2007,Gd,PConc,Gd,1162.0,Y,1162,2,3,Gd,0,Attchd,2.0,0,3,2008,180369
HOME-102315,20,RL,60.0,8430,Reg,CollgCr,1Fam,1Story,5,5,1978,1978,TA,CBlock,Gd,1040.0,Y,1040,2,3,TA,0,,0.0,0,8,2009,128394
HOME-102573,20,RL,60.0,9000,Reg,NAmes,1Fam,1Story,4,7,1971,2006,TA,CBlock,TA,864.0,Y,864,1,3,TA,0,Detchd,2.0,200,7,2009,133203
HOME-102487,20,C (all),65.0,6565,Reg,IDOTRR,1Fam,1Story,4,6,1957,1980,TA,CBlock,TA,1073.0,Y,1073,1,3,TA,0,Detchd,2.0,0,8,2007,152571
HOME-102650,30,RM,51.0,6120,Reg,BrkSide,1Fam,1Story,5,6,1925,1999,TA,BrkTil,TA,960.0,Y,995,1,2,TA,0,Detchd,1.0,0,3,2009,117174
HOME-100840,60,RL,,11170,IR2,Timber,1Fam,2Story,7,5,1990,1991,TA,Wood,Gd,1216.0,Y,2514,2,4,TA,0,Attchd,2.0,0,4,2006,276778
HOME-101803,20,RL,80.0,11088,Reg,NWAmes,1Fam,1Story,6,5,1978,1998,TA,PConc,TA,1140.0,Y,1707,2,3,TA,1,Attchd,2.0,0,5,2009,188973
HOME-101414,20,RL,63.0,8487,Reg,CollgCr,1Fam,1Story,7,5,2004,2004,Gd,PConc,Gd,1500.0,Y,1500,2,3,Gd,0,Attchd,2.0,192,8,2009,195560
HOME-101580,20,RL,70.0,8402,Reg,Mitchel,1Fam,1Story,5,5,2007,2007,TA,PConc,Gd,1120.0,Y,1120,1,3,TA,0,,0.0,0,12,2007,159636
HOME-102916,120,FV,30.0,5330,IR2,Somerst,TwnhsE,1Story,8,5,2006,2007,Gd,PConc,Gd,1550.0,Y,1550,2,2,Gd,0,Attchd,2.0,0,7,2007,221535
HOME-101792,90,RL,70.0,8393,Reg,NAmes,Duplex,1Story,5,5,1959,2005,TA,CBlock,TA,1626.0,Y,1712,2,4,TA,0,Attchd,2.0,272,6,2006,159396
HOME-102442,50,RL,85.0,10678,Reg,NoRidge,1Fam,1.5Fin,8,5,1992,2000,Gd,PConc,Gd,1683.0,Y,2872,2,4,Gd,1,Attchd,2.0,0,4,2007,311890
HOME-100153,80,RL,93.0,10090,IR1,NAmes,1Fam,SLvl,7,5,1963,1999,TA,CBlock,TA,725.0,Y,1651,2,4,TA,2,BuiltIn,1.0,460,10,2007,182359
HOME-100124,60,RL,80.0,9828,IR1,SawyerW,1Fam,2Story,8,5,1995,1995,Gd,PConc,Gd,1128.0,Y,2020,2,3,Gd,1,Attchd,2.0,0,6,2009,243457
HOME-102228,20,RL,95.0,13015,Reg,CollgCr,1Fam,1Story,5,6,1996,1996,TA,PConc,Gd,1100.0,Y,1100,1,3,TA,0,Attchd,2.0,0,6,2006,157221
HOME-100361,30,RM,50.0,6000,Reg,BrkSide,1Fam,1Story,5,7,1921,1950,TA,CBlock,TA,616.0,Y,616,1,2,TA,0,Detchd,1.0,0,6,2006,98959
HOME-101860,60,RL,80.0,9554,IR1,SawyerW,1Fam,2Story,8,5,1993,1994,Gd,PConc,Gd,777.0,Y,1911,2,3,Gd,1,Attchd,2.0,182,9,2006,235683
HOME-102282,60,RL,43.0,11492,IR1,SawyerW,1Fam,2Story,7,5,1996,1997,Gd,PConc,Gd,913.0,Y,2122,2,4,Gd,1,Attchd,2.0,0,4,2009,228637
HOME-102476,70,RL,61.0,7259,IR1,Crawfor,1Fam,2Story,6,8,1945,2002,TA,CBlock,TA,1028.0,Y,2320,2,3,Gd,1,Detchd,1.0,224,7,2007,278510
HOME-102394,50,RM,40.0,4400,Reg,OldTown,1Fam,1.5Fin,6,8,1920,1950,TA,BrkTil,Fa,648.0,Y,1118,1,2,TA,0,Detchd,2.0,0,10,2006,127806
HOME-100580,50,RL,85.0,14115,IR1,Mitchel,1Fam,1.5Fin,5,5,1993,1995,TA,Wood,Gd,796.0,Y,1362,1,1,TA,0,Attchd,2.0,40,10,2009,149690
HOME-102843,20,RL,120.0,10356,Reg,CollgCr,1Fam,1Story,5,6,1975,1975,TA,CBlock,TA,969.0,Y,969,1,3,TA,0,Attchd,2.0,0,1,2007,132834
HOME-102889,90,RM,68.0,8927,Reg,Sawyer,Duplex,1.5Fin,6,6,1977,1977,TA,CBlock,,0.0,Y,1654,2,4,TA,0,Attchd,2.0,0,8,2006,132841
HOME-102039,20,RL,62.0,7440,Reg,Edwards,1Fam,1Story,5,6,1954,1954,TA,CBlock,Gd,1089.0,Y,1089,1,3,TA,1,Detchd,1.0,328,9,2009,130468
HOME-102437,20,RL,82.0,11202,IR1,Timber,1Fam,1Story,8,5,2003,2003,Gd,PConc,Ex,1432.0,Y,1440,2,3,Gd,1,Attchd,2.0,185,6,2008,247051
HOME-100709,45,RL,59.0,7227,Reg,NAmes,1Fam,1.5Unf,6,6,1954,1954,TA,CBlock,TA,832.0,Y,832,1,2,Gd,0,Detchd,2.0,0,6,2008,111246
HOME-101402,20,RL,50.0,5500,Reg,SWISU,1Fam,1Story,7,5,2004,2004,TA,PConc,Gd,1073.0,Y,1073,2,2,TA,0,Detchd,1.0,0,5,2006,168558
HOME-102346,30,RL,50.0,5330,Reg,BrkSide,1Fam,1Story,4,7,1940,1950,Fa,CBlock,TA,420.0,Y,708,1,2,Fa,0,,0.0,164,12,2009,83435
HOME-102558,60,RL,80.0,11584,Reg,NWAmes,1Fam,SLvl,7,6,1979,1979,TA,CBlock,TA,539.0,Y,1725,2,3,TA,1,Attchd,2.0,0,11,2007,214583
HOME-101163,20,RL,65.0,8772,Reg,CollgCr,1Fam,1Story,7,5,2005,2006,Gd,PConc,Gd,1336.0,Y,1336,2,3,Gd,0,Attchd,2.0,136,9,2006,218820
HOME-101705,20,RL,65.0,8767,IR1,CollgCr,1Fam,1Story,7,5,2005,2005,Gd,PConc,Gd,1310.0,Y,1310,2,3,Gd,1,Attchd,2.0,0,7,2006,183826
HOME-101706,20,RL,128.0,13001,IR1,NWAmes,1Fam,1Story,6,5,1971,1971,TA,CBlock,TA,1625.0,Y,1220,2,2,TA,1,Attchd,2.0,0,9,2007,183667
HOME-100213,60,RL,103.0,12867,IR1,NridgHt,1Fam,2Story,8,5,2005,2006,Gd,PConc,Ex,1209.0,Y,2253,2,3,Ex,1,Attchd,2.0,243,7,2006,378198
HOME-101621,20,FV,62.0,7500,Reg,Somerst,1Fam,1Story,7,5,2004,2005,Gd,PConc,Gd,1221.0,Y,1221,2,2,Gd,0,Attchd,2.0,0,10,2009,186341
HOME-100765,20,RL,70.0,7763,Reg,NAmes,1Fam,1Story,5,7,1962,1980,TA,CBlock,TA,931.0,Y,1283,1,3,TA,0,Detchd,2.0,0,10,2008,149500
HOME-101401,90,RL,35.0,9400,IR1,Edwards,Duplex,SFoyer,6,5,1975,1975,TA,CBlock,Gd,945.0,Y,980,2,4,TA,0,,0.0,0,10,2006,141683
HOME-102668,20,RL,130.0,11700,Reg,NWAmes,1Fam,1Story,6,5,1968,1968,TA,PConc,Gd,1295.0,Y,1295,1,3,TA,0,Attchd,2.0,0,4,2007,177377
HOME-102084,20,RL,65.0,6993,Reg,Sawyer,1Fam,1Story,5,7,1961,1994,TA,CBlock,TA,912.0,Y,1236,1,3,TA,1,Attchd,1.0,0,6,2006,148741
HOME-100922,30,RL,60.0,5400,Reg,OldTown,1Fam,1Story,5,6,1921,1968,TA,BrkTil,TA,1073.0,Y,1073,1,2,TA,0,Detchd,1.0,0,12,2006,119890
HOME-102231,20,FV,62.0,7500,Reg,Somerst,1Fam,1Story,7,5,2007,2008,Gd,PConc,Gd,1218.0,Y,1218,2,2,Gd,0,Attchd,2.0,168,4,2008,247011
HOME-102793,60,RL,85.0,11924,IR1,NridgHt,1Fam,2Story,9,5,2005,2006,Ex,PConc,Ex,1175.0,Y,2324,3,4,Ex,2,BuiltIn,3.0,147,7,2006,379596
HOME-100030,120,FV,80.0,3523,IR1,Somerst,TwnhsE,1Story,8,5,2006,2007,Gd,PConc,Gd,1141.0,Y,1151,2,2,Gd,0,Attchd,2.0,0,2,2007,180504
HOME-102631,50,RL,138.0,18030,IR1,ClearCr,1Fam,1.5Fin,5,6,1946,1994,TA,CBlock,TA,1598.0,Y,3086,3,3,Ex,1,,0.0,122,3,2007,217859
HOME-101528,120,RL,53.0,3922,Reg,Blmngtn,TwnhsE,1Story,7,5,2006,2007,Gd,PConc,Ex,1258.0,Y,1402,0,2,Gd,1,Attchd,3.0,120,2,2007,210975
HOME-102505,50,RM,50.0,5000,Reg,BrkSide,1Fam,1.5Fin,5,7,1941,2006,TA,CBlock,TA,672.0,Y,1210,1,3,Gd,0,Detchd,1.0,0,5,2008,131154
HOME-102055,60,RL,65.0,9018,IR1,Gilbert,1Fam,2Story,7,5,2007,2007,Gd,PConc,Gd,728.0,Y,1456,2,3,Gd,1,Attchd,2.0,100,7,2007,193134
HOME-102571,160,RM,24.0,1733,Reg,Blueste,Twnhs,2Story,6,6,1980,1980,TA,CBlock,TA,516.0,Y,1032,1,2,TA,1,Detchd,2.0,279,5,2009,119809
HOME-101132,30,RM,60.0,8520,Reg,OldTown,1Fam,1Story,5,8,1923,1950,Gd,PConc,Fa,624.0,Y,792,1,2,TA,0,Detchd,1.0,0,2,2009,101346
HOME-101315,20,RL,,6718,IR1,Timber,1Fam,1Story,8,5,2001,2001,Gd,PConc,Ex,1267.0,Y,1312,2,2,Gd,0,Attchd,2.0,256,1,2007,195130
HOME-102901,30,RM,40.0,3880,Reg,OldTown,1Fam,1Story,5,9,1945,1997,TA,CBlock,TA,686.0,Y,866,1,2,Gd,0,,0.0,58,8,2007,119564
HOME-101270,60,RL,107.0,12852,IR1,Timber,1Fam,2Story,8,5,2007,2007,Gd,PConc,Gd,920.0,Y,1780,2,3,Gd,1,Attchd,2.0,0,1,2008,280930
HOME-101630,120,RM,37.0,4435,Reg,CollgCr,TwnhsE,1Story,6,5,2003,2003,Gd,PConc,Gd,848.0,Y,848,1,1,Gd,0,Attchd,2.0,140,4,2006,145918
HOME-100677,120,RL,,3940,Reg,Blmngtn,TwnhsE,1Story,7,5,2003,2003,Gd,PConc,Gd,1415.0,Y,1455,2,2,Gd,1,Attchd,3.0,156,8,2008,207624
HOME-100043,60,RL,,13700,IR1,NAmes,1Fam,2Story,7,6,1965,1988,TA,CBlock,TA,864.0,Y,1820,1,4,Gd,2,Attchd,2.0,60,5,2008,212462
HOME-102226,50,RM,81.0,7308,Reg,OldTown,1Fam,1.5Fin,5,5,1920,1950,Fa,BrkTil,TA,936.0,N,1740,1,2,Ex,1,Detchd,1.0,0,6,2008,129259
HOME-101475,20,RM,49.0,8235,IR1,OldTown,1Fam,1Story,5,7,1955,1995,TA,CBlock,TA,825.0,Y,825,1,2,TA,0,Detchd,2.0,140,6,2008,133431
HOME-101322,60,RL,,9375,Reg,CollgCr,1Fam,2Story,8,5,2002,2002,Gd,PConc,Gd,1284.0,Y,2169,2,3,Gd,1,Attchd,2.0,192,8,2007,246076
HOME-100010,20,RL,74.0,8856,Reg,NAmes,1Fam,1Story,5,4,1957,1957,TA,CBlock,TA,1176.0,Y,1176,1,3,TA,2,Attchd,1.0,0,5,2008,144053
HOME-101205,60,RL,,8063,Reg,Gilbert,1Fam,2Story,6,5,2000,2000,TA,PConc,Gd,924.0,Y,1690,2,3,TA,1,Attchd,2.0,100,11,2007,195772
HOME-100154,60,RL,,12568,Reg,NridgHt,1Fam,2Story,8,5,2007,2007,Gd,PConc,Ex,895.0,Y,1818,2,3,Ex,1,Attchd,3.0,196,8,2007,306283
HOME-100837,90,RL,75.0,8235,Reg,Sawyer,Duplex,1Story,5,4,1977,1977,TA,CBlock,TA,1949.0,Y,1949,2,6,TA,0,Attchd,2.0,32,5,2006,172214
HOME-101118,60,RL,70.0,8400,Reg,CollgCr,1Fam,2Story,7,5,2005,2005,Gd,PConc,Gd,784.0,Y,1611,2,3,Gd,0,Attchd,2.0,144,3,2006,208570
HOME-102807,20,RL,58.0,7250,Reg,Gilbert,1Fam,1Story,6,5,1993,1993,TA,PConc,Gd,1181.0,Y,1190,2,3,Gd,1,Attchd,2.0,0,11,2009,171965
HOME-102105,120,RL,34.0,4590,Reg,NridgHt,Twnhs,1Story,8,5,2006,2006,Gd,PConc,Gd,1554.0,Y,1554,2,2,Gd,1,Attchd,2.0,156,5,2007,226020
HOME-102009,120,RM,59.0,8198,Reg,NridgHt,TwnhsE,1Story,7,5,2004,2004,Gd,PConc,Gd,1358.0,Y,1358,2,2,Gd,1,Attchd,2.0,192,7,2008,216250
HOME-102145,20,RL,64.0,7242,Reg,CollgCr,1Fam,1Story,7,5,2005,2006,Gd,PConc,Gd,1270.0,Y,1270,2,2,Gd,0,Attchd,2.0,0,7,2007,193288
HOME-101488,20,RL,85.0,14536,Reg,Timber,1Fam,1Story,8,5,2002,2003,Gd,PConc,Gd,1616.0,Y,1629,2,3,Gd,1,Attchd,3.0,0,11,2007,288639
HOME-102342,20,RL,,13500,Reg,ClearCr,1Fam,1Story,6,7,1960,1975,TA,CBlock,Gd,1602.0,Y,1252,1,1,TA,1,Attchd,2.0,409,3,2008,248381
HOME-102593,60,RL,50.0,8480,IR1,SawyerW,1Fam,2Story,6,5,1993,1994,Gd,PConc,Gd,886.0,Y,1680,2,3,Gd,0,Attchd,2.0,144,10,2008,169330
HOME-101520,20,RL,,21695,IR1,Crawfor,1Fam,1Story,6,9,1988,2007,Gd,CBlock,Gd,880.0,Y,1680,2,3,Gd,1,Attchd,2.0,292,12,2009,229164
HOME-100308,20,RL,60.0,10434,Reg,NAmes,1Fam,1Story,4,5,1955,1955,TA,CBlock,TA,1005.0,Y,1005,1,2,Fa,1,Detchd,2.0,0,11,2009,117330
HOME-102917,20,RL,80.0,10400,Reg,NWAmes,1Fam,1Story,6,5,1976,1976,TA,CBlock,TA,1444.0,Y,1444,2,2,TA,1,Attchd,2.0,0,4,2008,168769
HOME-102624,120,RL,61.0,7380,IR1,StoneBr,1Fam,1Story,8,5,1998,1998,TA,PConc,Gd,1418.0,Y,1478,2,2,TA,0,Attchd,2.0,168,7,2009,246244
HOME-100449,30,RM,51.0,6120,Reg,BrkSide,1Fam,1Story,2,3,1936,1950,Fa,BrkTil,TA,264.0,N,800,1,1,Fa,1,,0.0,0,1,2009,62001
HOME-101851,160,FV,,2651,Reg,Somerst,Twnhs,2Story,7,5,2000,2000,Gd,PConc,Gd,673.0,Y,1382,2,3,Gd,0,Detchd,2.0,153,4,2006,181660
HOME-102364,60,RL,75.0,9750,Reg,CollgCr,1Fam,2Story,7,6,1998,1998,TA,PConc,Gd,1108.0,Y,2097,2,3,Gd,1,Detchd,2.0,253,6,2006,299073
HOME-101293,160,RL,44.0,5306,IR1,StoneBr,TwnhsE,2Story,7,7,1987,1987,Gd,PConc,Gd,1064.0,Y,1767,2,2,Gd,1,Attchd,2.0,441,6,2006,264689
HOME-101196,85,RL,,9180,IR1,SawyerW,1Fam,SFoyer,5,7,1983,1983,TA,CBlock,Gd,840.0,Y,884,1,2,Gd,0,Attchd,2.0,240,12,2007,154946
HOME-100778,60,RL,69.0,9588,IR1,CollgCr,1Fam,2Story,8,5,2007,2007,Gd,PConc,Ex,1482.0,Y,2574,2,3,Ex,1,BuiltIn,3.0,0,11,2007,298577
HOME-101523,50,RL,60.0,9900,Reg,SWISU,1Fam,1.5Fin,6,7,1940,1950,TA,BrkTil,TA,778.0,Y,1489,2,3,TA,1,Detchd,1.0,335,7,2009,145525
HOME-100352,60,RL,110.0,14257,Reg,NridgHt,1Fam,2Story,9,5,2007,2007,Ex,PConc,Ex,1776.0,Y,2772,3,4,Ex,3,BuiltIn,3.0,135,6,2009,484832
HOME-102688,20,RL,63.0,13072,Reg,SawyerW,1Fam,1Story,6,5,2005,2006,TA,PConc,Gd,1175.0,Y,1175,1,3,Gd,0,,0.0,0,6,2008,156241
HOME-102597,160,RL,24.0,2179,Reg,NPkVill,Twnhs,2Story,6,5,1976,1976,TA,CBlock,Gd,855.0,Y,1456,2,3,TA,1,Attchd,2.0,0,7,2006,156741
HOME-102502,20,RL,131.0,14828,IR1,NridgHt,1Fam,1Story,9,5,2004,2005,Ex,PConc,Ex,1780.0,Y,1780,2,2,Ex,1,Attchd,3.0,144,8,2006,420113
HOME-102751,20,RL,93.0,12299,Reg,NWAmes,1Fam,1Story,7,6,1978,1985,TA,CBlock,Gd,1529.0,Y,1664,2,3,Gd,1,Attchd,2.0,0,9,2007,230155
HOME-102497,60,RL,,8883,IR1,SawyerW,1Fam,2Story,7,5,1988,1988,Gd,PConc,Gd,929.0,Y,1873,2,3,Gd,1,Attchd,2.0,108,5,2007,225556
HOME-101597,20,RL,89.0,10680,Reg,NAmes,1Fam,1Story,5,3,1951,1951,TA,CBlock,TA,2136.0,N,2136,2,4,TA,0,Detchd,2.0,0,10,2006,150824
HOME-102179,20,RL,95.0,15865,IR1,NAmes,1Fam,1Story,8,6,1970,1970,Gd,PConc,TA,2217.0,Y,2217,2,4,Gd,1,Attchd,2.0,81,10,2007,289419
HOME-100896,20,RL,60.0,7200,Reg,NAmes,1Fam,1Story,5,7,1951,1951,TA,CBlock,Fa,876.0,Y,876,1,2,TA,1,Detchd,2.0,0,2,2008,97565
HOME-100788,160,RM,24.0,2016,Reg,BrDale,TwnhsE,2Story,5,5,1970,1970,TA,CBlock,TA,630.0,Y,1302,2,3,TA,0,Detchd,2.0,0,4,2007,114951
HOME-102149,60,FV,,8010,IR1,Somerst,1Fam,2Story,8,5,2003,2004,Gd,PConc,Ex,1054.0,Y,2048,2,3,Gd,2,Detchd,2.0,0,8,2007,325160
HOME-102884,20,RL,84.0,12615,Reg,Edwards,1Fam,1Story,6,7,1950,2001,TA,CBlock,TA,1202.0,Y,2158,2,4,Gd,1,Attchd,2.0,0,6,2007,259100
HOME-100601,75,RL,174.0,25419,Reg,NAmes,1Fam,2Story,8,4,1918,1990,Gd,PConc,TA,1360.0,Y,3112,2,4,Gd,1,Detchd,2.0,0,3,2006,260342
HOME-102119,20,RL,90.0,12378,IR1,NridgHt,1Fam,1Story,9,5,2003,2004,Gd,PConc,Ex,1896.0,Y,1944,2,3,Ex,3,Attchd,3.0,208,11,2006,401999
HOME-100869,50,RL,60.0,8172,Reg,Edwards,1Fam,1.5Fin,4,6,1954,1972,TA,PConc,TA,941.0,Y,1470,2,4,TA,0,Detchd,1.0,0,5,2008,140868
HOME-101717,20,RL,75.0,7875,Reg,NAmes,1Fam,1Story,5,6,1961,1961,TA,CBlock,TA,1144.0,Y,1144,1,3,TA,0,Attchd,2.0,0,9,2008,146886
HOME-102507,20,RL,90.0,15750,Reg,CollgCr,1Fam,1Story,8,5,1999,2000,Gd,PConc,Gd,1462.0,Y,1513,2,2,Gd,1,Attchd,2.0,135,6,2009,226580
HOME-101736,190,RM,60.0,10800,Reg,OldTown,2fmCon,1.5Fin,6,7,1905,2000,TA,BrkTil,Fa,482.0,N,1912,2,3,TA,1,Detchd,2.0,0,4,2008,169692
HOME-102780,30,RL,54.0,7223,Reg,Crawfor,1Fam,1Story,5,5,1926,1950,TA,PConc,TA,1290.0,Y,1422,1,3,TA,0,Detchd,1.0,0,4,2007,148609
HOME-102185,190,RM,65.0,7800,Reg,OldTown,2fmCon,1.5Fin,5,7,1939,1950,TA,CBlock,Gd,793.0,Y,1118,1,3,TA,1,Detchd,2.0,0,5,2006,132710
HOME-101046,20,FV,90.0,7993,IR1,Somerst,1Fam,1Story,7,5,2008,2009,Gd,PConc,Ex,1436.0,Y,1436,2,3,Gd,0,Attchd,2.0,0,10,2009,234032
HOME-102220,50,RL,,15660,IR1,Crawfor,1Fam,1.5Fin,7,9,1939,2006,Gd,CBlock,TA,798.0,Y,1954,1,3,Gd,2,Attchd,2.0,0,5,2008,325879
HOME-101545,85,RL,75.0,9825,Reg,Edwards,1Fam,SFoyer,5,5,1967,1967,TA,CBlock,Gd,936.0,Y,936,1,2,TA,1,Attchd,1.0,405,8,2007,126883
HOME-102116,20,RL,,12735,IR1,NAmes,1Fam,1Story,4,5,1972,1972,TA,CBlock,TA,864.0,Y,864,1,3,TA,0,Detchd,2.0,216,4,2008,116777
HOME-101388,160,RM,21.0,1477,Reg,MeadowV,Twnhs,2Story,6,9,1970,2007,TA,CBlock,TA,546.0,Y,1092,2,3,TA,0,,0.0,187,3,2008,101672
HOME-100031,50,RL,57.0,8050,Reg,Edwards,1Fam,1.5Fin,5,8,1947,1993,TA,Slab,,0.0,Y,1137,1,4,TA,0,,0.0,0,4,2008,100479
HOME-102465,20,RL,70.0,13300,Reg,NAmes,1Fam,1Story,5,5,1956,2001,TA,CBlock,TA,1015.0,Y,1384,1,2,TA,0,Attchd,2.0,75,6,2006,175923
HOME-102514,60,RL,88.0,12128,IR1,SawyerW,1Fam,2Story,6,4,1989,1989,Gd,CBlock,Gd,868.0,Y,2559,2,4,Ex,1,Attchd,2.0,0,11,2006,233216
HOME-100060,50,RM,50.0,6000,Reg,OldTown,1Fam,1.5Fin,5,7,1950,1970,TA,CBlock,TA,768.0,Y,1328,1,3,TA,0,Detchd,1.0,0,3,2009,135357
HOME-102374,20,RL,120.0,9560,IR1,CollgCr,1Fam,1Story,5,7,1972,1972,TA,CBlock,TA,864.0,Y,864,1,3,TA,0,Attchd,1.0,0,6,2006,139218
HOME-102740,180,RM,21.0,1596,Reg,MeadowV,Twnhs,SLvl,4,5,1973,1973,TA,CBlock,Gd,462.0,Y,988,1,2,TA,0,BuiltIn,1.0,120,11,2009,93763
HOME-101867,20,RL,,11500,IR1,Edwards,1Fam,1Story,4,3,1957,1957,TA,Slab,,0.0,N,845,1,3,TA,0,Detchd,1.0,186,1,2009,86264
HOME-101018,60,RL,99.0,16779,Reg,Sawyer,1Fam,2Story,5,4,1920,1996,TA,CBlock,Gd,671.0,Y,2654,3,4,TA,1,Attchd,2.0,128,5,2007,169554
HOME-101440,70,RL,69.0,4899,Reg,SWISU,1Fam,2Story,6,8,1920,1950,TA,PConc,TA,755.0,Y,1510,1,3,TA,0,Detchd,1.0,0,6,2006,161795
HOME-100872,20,RL,65.0,7150,Reg,NAmes,1Fam,1Story,5,5,1967,1967,TA,CBlock,TA,892.0,Y,892,1,3,TA,0,Attchd,1.0,0,7,2009,103299
HOME-102340,80,RL,85.0,9350,Reg,NAmes,1Fam,SLvl,5,8,1965,1999,TA,PConc,TA,1219.0,Y,1265,2,3,Gd,1,Attchd,2.0,0,10,2008,189398
HOME-100108,60,RL,134.0,19378,IR1,Gilbert,1Fam,2Story,7,5,2005,2006,Gd,PConc,Gd,1392.0,Y,2462,2,4,Gd,1,Attchd,2.0,239,3,2006,348441
HOME-101791,120,RM,,3072,Reg,Blmngtn,TwnhsE,1Story,7,5,2004,2004,Gd,PConc,Gd,1365.0,Y,1548,2,2,Gd,1,Attchd,2.0,143,9,2006,245272
HOME-100660,20,RL,71.0,9178,Reg,CollgCr,1Fam,1Story,8,5,2007,2007,Gd,PConc,Gd,1643.0,Y,1651,2,3,Gd,1,Attchd,3.0,204,9,2007,270150
HOME-100856,60,RL,,29959,IR2,NoRidge,1Fam,2Story,7,6,1994,1994,Gd,PConc,Gd,973.0,Y,1850,2,3,Gd,1,BuiltIn,2.0,168,1,2009,252579
HOME-101007,20,RL,62.0,70761,IR1,ClearCr,1Fam,1Story,7,5,1975,1975,TA,CBlock,Gd,1533.0,Y,1533,2,2,Gd,2,Attchd,2.0,200,12,2006,311787
HOME-102095,20,RL,80.0,11305,Reg,Timber,1Fam,1Story,8,5,2002,2002,Gd,PConc,Gd,1922.0,Y,1922,2,2,Gd,1,Attchd,3.0,201,4,2007,302032
HOME-100961,20,C (all),50.0,9000,Reg,IDOTRR,1Fam,1Story,2,3,1949,1950,TA,CBlock,TA,480.0,N,480,0,1,TA,0,Detchd,1.0,0,10,2006,38838
HOME-101106,120,RL,62.0,12677,IR1,NridgHt,TwnhsE,1Story,8,5,2003,2004,Ex,PConc,Ex,1518.0,Y,1518,1,1,Ex,1,Attchd,2.0,185,4,2008,291986
HOME-102088,85,RL,54.0,7244,Reg,Mitchel,1Fam,SFoyer,5,7,1970,1970,TA,CBlock,Gd,768.0,Y,768,1,2,TA,0,Detchd,2.0,104,4,2007,137144
HOME-100337,60,RL,78.0,11700,Reg,NWAmes,1Fam,2Story,6,6,1968,1968,TA,CBlock,TA,727.0,Y,1556,1,4,TA,0,Attchd,2.0,0,5,2009,161937
HOME-100632,160,RM,42.0,3964,Reg,MeadowV,TwnhsE,2Story,6,4,1973,1973,TA,CBlock,Gd,942.0,Y,2521,2,5,TA,1,Attchd,2.0,728,6,2006,167499
HOME-101680,60,RL,,11050,Reg,Mitchel,1Fam,2Story,7,5,1996,1997,TA,PConc,Gd,910.0,Y,1820,2,3,Gd,1,Attchd,3.0,318,9,2008,224618
HOME-101865,70,RL,79.0,9480,Reg,NAmes,1Fam,2Story,5,7,1942,1995,TA,CBlock,TA,728.0,Y,1644,1,3,Gd,2,Attchd,1.0,168,6,2007,157262
HOME-101130,30,RM,153.0,4118,IR1,OldTown,1Fam,1Story,4,4,1941,1950,TA,CBlock,TA,693.0,N,693,1,2,Fa,0,,0.0,0,3,2006,58928
HOME-100406,20,RL,129.0,16770,Reg,NridgHt,1Fam,1Story,8,5,2002,2003,Gd,PConc,Ex,1712.0,Y,1712,2,3,Gd,1,Attchd,3.0,218,9,2009,292275
HOME-102871,60,RL,76.0,7570,Reg,NAmes,1Fam,2Story,6,5,1964,1964,TA,CBlock,TA,780.0,Y,1806,1,4,TA,0,Attchd,2.0,0,3,2009,147710
HOME-102478,20,RL,114.0,14803,Reg,NridgHt,1Fam,1Story,10,5,2007,2008,Ex,PConc,Ex,2078.0,Y,2084,2,2,Ex,1,Attchd,3.0,188,6,2008,408791
HOME-102794,60,RL,81.0,12018,IR1,Timber,1Fam,2Story,7,5,2008,2008,Gd,PConc,Gd,796.0,Y,1612,2,3,Gd,0,Attchd,3.0,0,10,2008,230275
HOME-102085,30,C (all),60.0,6060,Reg,IDOTRR,1Fam,1Story,5,9,1930,2007,Gd,BrkTil,TA,837.0,Y,1001,1,2,Gd,0,Detchd,1.0,154,11,2007,135408
HOME-102445,120,RL,50.0,9466,IR2,Veenker,TwnhsE,1Story,8,5,1994,1995,Gd,PConc,Gd,1494.0,Y,1494,1,1,Gd,1,Attchd,2.0,0,5,2007,304636
HOME-101797,20,RL,74.0,8847,Reg,Somerst,1Fam,1Story,8,5,2005,2005,Gd,PConc,Gd,1538.0,Y,1538,2,3,Gd,0,Attchd,2.0,146,12,2007,281420
HOME-100659,50,RL,58.0,8410,Reg,Edwards,1Fam,1.5Fin,5,3,1910,1996,TA,PConc,TA,658.0,Y,1184,1,5,TA,0,,0.0,0,5,2006,90460
HOME-101804,20,RL,70.0,7000,Reg,NAmes,1Fam,1Story,5,6,1961,1961,TA,Slab,,0.0,Y,925,1,3,TA,0,Attchd,1.0,0,7,2007,106969
HOME-102303,50,RL,60.0,9144,Reg,BrkSide,1Fam,1.5Fin,6,4,1915,2004,TA,BrkTil,TA,810.0,Y,1716,2,4,Gd,0,Detchd,2.0,0,3,2008,173854
HOME-102299,180,RM,21.0,1890,Reg,MeadowV,Twnhs,SFoyer,4,7,1972,1972,TA,CBlock,Gd,630.0,Y,630,1,1,TA,0,,0.0,88,6,2008,85764
HOME-102468,60,RL,47.0,10820,IR2,CollgCr,1Fam,2Story,7,5,1999,1999,Gd,PConc,Gd,988.0,Y,1873,2,3,Gd,1,Attchd,2.0,202,3,2007,253310
HOME-100304,20,RL,60.0,5400,Reg,SWISU,1Fam,1Story,5,5,1958,1958,TA,CBlock,TA,864.0,Y,864,1,3,TA,0,Attchd,1.0,0,5,2007,125935
HOME-101944,20,RL,108.0,11358,IR1,NWAmes,1Fam,1Story,7,7,1972,1987,TA,CBlock,TA,1124.0,Y,1610,2,3,Gd,1,Attchd,2.0,202,5,2007,199270
HOME-100402,20,RL,60.0,6600,Reg,NAmes,1Fam,1Story,5,5,1962,1962,TA,CBlock,TA,894.0,N,894,1,2,TA,0,Detchd,1.0,0,8,2009,113798
HOME-101317,50,RL,51.0,6171,Reg,SWISU,1Fam,1.5Fin,6,6,1925,1990,TA,BrkTil,TA,976.0,Y,1608,2,3,Gd,1,Detchd,1.0,147,10,2009,141708
HOME-100373,60,RL,79.0,10208,IR1,NoRidge,1Fam,2Story,7,5,1996,1997,Gd,PConc,Gd,1264.0,Y,2344,2,3,Gd,1,Attchd,3.0,220,7,2009,267926
HOME-100127,60,RL,90.0,11060,IR1,Edwards,1Fam,2Story,7,5,2003,2005,Gd,PConc,Ex,1150.0,Y,2314,2,3,Gd,1,BuiltIn,2.0,0,2,2006,253903
HOME-101457,60,RL,,8000,Reg,Gilbert,1Fam,2Story,6,5,1995,1996,TA,PConc,Gd,773.0,Y,1658,2,3,TA,1,Attchd,2.0,224,6,2008,205355
HOME-102058,50,RL,72.0,7822,Reg,Edwards,1Fam,1.5Fin,6,3,1915,1950,TA,BrkTil,Fa,832.0,Y,1338,2,3,TA,0,Detchd,2.0,0,5,2006,100736
HOME-102585,20,RL,109.0,8724,Reg,Sawyer,1Fam,1Story,5,5,1968,1968,TA,CBlock,Gd,894.0,Y,894,1,3,TA,1,Attchd,2.0,0,5,2007,138596
HOME-101996,20,RL,57.0,7677,Reg,NAmes,1Fam,1Story,5,5,1953,1953,TA,CBlock,TA,773.0,Y,773,1,2,TA,0,Attchd,1.0,0,4,2008,116571
HOME-102412,20,RL,87.0,13050,Reg,ClearCr,1Fam,1Story,5,6,1963,1963,TA,CBlock,Gd,1000.0,Y,1000,1,1,TA,2,Attchd,2.0,238,4,2006,183210
HOME-101744,20,RL,64.0,6762,Reg,CollgCr,1Fam,1Story,7,5,2007,2007,Gd,PConc,Gd,1282.0,Y,1290,2,2,Gd,1,Attchd,2.0,168,5,2009,212641
HOME-102162,20,RL,88.0,13125,Reg,Sawyer,1Fam,1Story,5,4,1957,2000,TA,CBlock,TA,1134.0,Y,1803,2,3,TA,1,Attchd,2.0,0,1,2006,169635
HOME-102844,20,RL,40.0,14330,IR1,CollgCr,1Fam,1Story,5,6,1975,2001,TA,CBlock,TA,864.0,Y,1558,2,2,TA,0,Attchd,2.0,140,8,2008,172056
HOME-102891,20,RL,60.0,7200,Reg,CollgCr,1Fam,1Story,5,8,1972,1972,TA,CBlock,TA,864.0,Y,864,1,3,TA,0,Detchd,1.0,0,3,2006,129868
HOME-102457,20,RL,,13265,IR1,Mitchel,1Fam,1Story,8,5,2002,2002,Gd,PConc,Gd,1568.0,Y,1689,2,3,Gd,2,Attchd,3.0,150,7,2008,288811
HOME-102892,30,C (all),60.0,7879,Reg,IDOTRR,1Fam,1Story,4,5,1920,1950,TA,CBlock,TA,720.0,N,720,1,2,TA,0,,0.0,0,11,2009,35812
HOME-101811,20,RL,82.0,11880,IR1,NWAmes,1Fam,1Story,7,5,1978,1978,TA,CBlock,Gd,1271.0,Y,1601,2,3,TA,1,Attchd,2.0,0,4,2009,160372
HOME-101934,60,RL,,13142,IR1,CollgCr,1Fam,2Story,6,5,1997,1997,TA,PConc,Gd,864.0,Y,1771,2,3,Gd,0,Attchd,2.0,0,7,2008,227561
HOME-100582,85,RL,70.0,8400,Reg,Sawyer,1Fam,SFoyer,6,5,1966,1966,TA,CBlock,TA,814.0,Y,913,1,3,TA,0,Detchd,1.0,0,5,2007,141749
HOME-101324,50,RL,62.0,6488,Reg,Edwards,1Fam,1.5Fin,5,5,1942,1950,TA,BrkTil,TA,799.0,N,1150,1,3,TA,2,BuiltIn,1.0,264,3,2006,141035
HOME-101801,70,RM,60.0,10266,Reg,IDOTRR,1Fam,2Story,6,6,1952,1952,TA,CBlock,TA,768.0,Y,1536,1,4,TA,0,Detchd,1.0,0,5,2008,144562
HOME-101104,50,RL,45.0,8248,Reg,Edwards,1Fam,1.5Fin,5,7,1918,1950,TA,BrkTil,TA,686.0,Y,1250,1,3,Fa,0,Detchd,1.0,207,7,2006,127193
HOME-101071,20,RL,92.0,11932,Reg,Somerst,1Fam,1Story,8,5,2007,2008,Gd,PConc,Gd,1580.0,Y,1580,2,3,Gd,0,Attchd,3.0,0,6,2008,248174
HOME-100541,50,RL,80.0,12400,Reg,Crawfor,1Fam,1.5Fin,5,6,1940,1950,TA,CBlock,Gd,901.0,Y,1717,1,2,TA,1,Attchd,1.0,0,2,2006,212039
HOME-102339,85,RL,90.0,10012,Reg,Edwards,1Fam,SFoyer,4,5,1972,1972,TA,CBlock,Gd,1138.0,Y,1181,2,3,TA,0,Detchd,2.0,0,4,2008,145943
HOME-102354,60,RL,,8826,Reg,CollgCr,1Fam,2Story,7,5,2000,2000,Gd,PConc,Gd,985.0,Y,1842,2,3,Gd,1,Attchd,2.0,193,7,2007,237729
HOME-102349,20,RL,,9248,IR1,Gilbert,1Fam,1Story,6,6,1992,1992,TA,PConc,Gd,1158.0,Y,1167,2,3,Gd,0,Attchd,2.0,120,7,2009,179343
HOME-102134,20,RM,60.0,7200,Reg,OldTown,1Fam,1Story,4,5,1950,1950,TA,CBlock,TA,576.0,Y,864,1,2,TA,0,Detchd,1.0,0,8,2006,114454
HOME-101497,80,RL,140.0,11080,Reg,Mitchel,1Fam,SLvl,6,6,1975,1975,TA,CBlock,TA,1128.0,Y,1210,2,3,TA,0,Attchd,2.0,0,5,2006,162883
HOME-100857,20,RL,65.0,8125,Reg,NAmes,1Fam,1Story,5,7,1959,1959,TA,CBlock,TA,864.0,Y,864,1,3,TA,0,Detchd,1.0,0,9,2009,120552
HOME-100655,70,RL,107.0,12888,Reg,Sawyer,1Fam,2Story,7,8,1937,1980,TA,CBlock,TA,1005.0,Y,2267,1,3,TA,2,Attchd,2.0,521,4,2007,229785
HOME-102225,60,RL,67.0,14948,IR1,NridgHt,1Fam,2Story,9,5,2008,2008,Ex,PConc,Ex,1452.0,Y,2713,2,3,Ex,1,Attchd,3.0,126,11,2008,472562
HOME-100206,50,RM,60.0,10320,Reg,IDOTRR,1Fam,1.5Fin,4,5,1924,1950,TA,BrkTil,TA,596.0,Y,1430,2,3,Fa,0,Detchd,2.0,218,10,2006,117560
HOME-101181,70,RL,75.0,12000,Reg,Crawfor,1Fam,2Story,7,7,1941,1950,TA,CBlock,TA,704.0,Y,1564,1,3,Fa,1,Attchd,1.0,0,7,2009,176673
HOME-100008,60,RL,,13774,IR1,NWAmes,1Fam,2Story,7,7,1977,1992,TA,PConc,Gd,908.0,Y,2288,1,4,Gd,2,Attchd,2.0,321,11,2009,231319
HOME-101582,30,RM,50.0,8765,Reg,IDOTRR,1Fam,1Story,4,6,1936,1950,TA,BrkTil,TA,951.0,N,951,1,2,TA,0,Detchd,1.0,0,4,2006,117221
HOME-101350,20,RL,76.0,10612,Reg,Somerst,1Fam,1Story,8,5,2006,2006,Gd,PConc,Gd,1524.0,Y,1534,2,3,Gd,1,Attchd,2.0,168,1,2007,233294
HOME-101269,190,RL,94.0,22136,Reg,OldTown,2fmCon,1.5Fin,5,5,1925,1975,TA,CBlock,TA,2171.0,Y,2640,2,5,TA,1,Attchd,3.0,631,7,2006,195987
HOME-101331,60,RL,59.0,9171,IR1,Gilbert,1Fam,2Story,7,5,2004,2005,Gd,PConc,Gd,848.0,Y,1598,2,3,Gd,1,Attchd,2.0,100,7,2006,220478
HOME-102305,20,RL,,10708,IR1,ClearCr,1Fam,1Story,5,5,1955,1993,Gd,CBlock,TA,1617.0,Y,1867,1,2,TA,3,Attchd,1.0,476,11,2009,196792
HOME-101819,85,RL,70.0,7669,Reg,Mitchel,1Fam,SFoyer,5,6,1992,1993,TA,PConc,Gd,828.0,Y,883,1,2,TA,1,Detchd,2.0,100,6,2009,153190
HOME-100013,60,RL,70.0,11606,IR1,NAmes,1Fam,2Story,5,5,1969,1969,TA,PConc,Gd,1040.0,Y,2080,1,5,Fa,2,Attchd,2.0,335,9,2007,146315
HOME-101793,20,RL,78.0,12090,IR1,NWAmes,1Fam,1Story,6,6,1981,1981,TA,CBlock,Gd,1422.0,Y,1422,2,3,Gd,1,Attchd,2.0,276,6,2008,181840
HOME-100626,120,RL,43.0,3182,Reg,Blmngtn,TwnhsE,1Story,7,5,2005,2006,Gd,PConc,Gd,1346.0,Y,1504,2,2,Gd,1,Attchd,2.0,156,5,2008,201090
HOME-101989,20,RL,80.0,9600,Reg,NWAmes,1Fam,1Story,8,5,1981,1981,Gd,PConc,Gd,2524.0,Y,2524,2,4,Gd,1,Attchd,2.0,474,7,2009,288885
HOME-102484,80,RL,59.0,8660,IR1,CollgCr,1Fam,SLvl,5,5,1976,1976,TA,CBlock,Gd,1015.0,Y,1025,2,3,TA,1,Detchd,2.0,127,7,2007,168204
HOME-102124,85,RL,72.0,9129,Reg,Mitchel,1Fam,SFoyer,5,5,1977,1977,TA,PConc,Gd,923.0,Y,1008,1,1,Gd,1,Attchd,2.0,201,7,2007,165887
HOME-101427,30,RL,45.0,8248,Reg,Edwards,1Fam,1Story,3,3,1914,1950,TA,BrkTil,TA,864.0,N,864,1,2,TA,0,,0.0,0,9,2008,72141
HOME-102595,20,RL,76.0,9139,IR1,Somerst,1Fam,1Story,8,5,2006,2006,Gd,PConc,Ex,1422.0,Y,1432,2,3,Gd,1,Attchd,2.0,297,9,2009,251821
HOME-102771,160,FV,35.0,3735,Reg,Somerst,TwnhsE,2Story,7,5,1999,1999,Gd,PConc,Gd,691.0,Y,1452,2,3,Gd,0,Detchd,2.0,0,3,2006,203006
HOME-100241,60,RL,80.0,10240,Reg,NridgHt,1Fam,2Story,8,5,2005,2005,Gd,PConc,Gd,1030.0,Y,2098,2,3,Ex,1,Attchd,3.0,192,3,2006,298996
HOME-100876,60,RL,82.0,9430,Reg,NoRidge,1Fam,2Story,8,5,1999,1999,Gd,PConc,Gd,1252.0,Y,2365,2,3,Gd,1,Attchd,3.0,0,7,2009,342374
HOME-102786,80,RL,65.0,16219,IR2,Gilbert,1Fam,SLvl,7,5,2004,2005,Gd,PConc,Gd,835.0,Y,1119,2,2,Gd,0,Attchd,2.0,100,4,2007,201568
HOME-102614,50,RL,65.0,7804,Reg,SWISU,1Fam,1.5Fin,4,3,1928,1950,TA,BrkTil,TA,1122.0,Y,1981,2,4,Gd,2,Detchd,2.0,431,12,2009,138935
HOME-101386,85,RL,,9927,IR1,NWAmes,1Fam,SFoyer,7,5,1976,1976,Gd,CBlock,Ex,1047.0,Y,1083,1,2,TA,1,Attchd,2.0,444,7,2006,190947
HOME-100173,20,RL,70.0,9100,Reg,NAmes,1Fam,1Story,5,5,1958,1958,TA,CBlock,TA,864.0,Y,864,1,3,TA,0,Detchd,2.0,0,7,2006,143187
HOME-101827,20,RL,118.0,13704,IR1,CollgCr,1Fam,1Story,7,5,2001,2002,Gd,PConc,Gd,1541.0,Y,1541,2,3,Gd,1,Attchd,3.0,468,1,2006,226647
HOME-101447,20,RL,86.0,14157,IR1,StoneBr,1Fam,1Story,9,5,2005,2006,Gd,PConc,Ex,1922.0,Y,1922,2,3,Gd,1,Attchd,3.0,178,7,2007,415647
HOME-101953,190,RL,60.0,12900,Reg,Sawyer,2fmCon,1Story,5,4,1920,1950,TA,PConc,TA,1300.0,Y,1140,1,3,TA,0,CarPort,2.0,0,1,2008,100388
HOME-100753,20,RL,47.0,16321,IR1,NAmes,1Fam,1Story,5,6,1957,1997,TA,CBlock,TA,1484.0,Y,1600,1,2,TA,2,Attchd,1.0,288,12,2006,233100
HOME-100799,70,RM,70.0,8400,Reg,OldTown,1Fam,2Story,6,7,1900,1950,TA,BrkTil,Fa,917.0,Y,2007,2,3,Ex,0,Detchd,1.0,0,6,2009,166233
HOME-102245,60,RL,66.0,8738,IR1,Gilbert,1Fam,2Story,7,5,1999,1999,Gd,PConc,Gd,975.0,Y,2291,2,4,Gd,1,BuiltIn,2.0,192,2,2006,257412
HOME-101244,60,RL,,12511,IR1,NWAmes,1Fam,2Story,7,7,1978,1978,Gd,PConc,Gd,1420.0,Y,2840,2,4,Gd,2,Attchd,4.0,0,12,2008,306996
HOME-102253,20,RL,,15635,IR1,Edwards,1Fam,1Story,4,5,1954,1954,TA,CBlock,,0.0,Y,1383,1,2,TA,0,Attchd,2.0,0,10,2009,127802
HOME-102845,45,RH,60.0,9000,Reg,SawyerW,1Fam,1.5Unf,6,3,1928,1950,TA,BrkTil,Fa,784.0,N,784,1,2,TA,0,Detchd,2.0,0,10,2009,78367
HOME-100490,90,RL,60.0,10890,Reg,SWISU,Duplex,2Story,5,6,1923,1950,TA,PConc,TA,1296.0,N,2592,2,6,TA,0,,0.0,0,1,2007,161118
HOME-101993,120,RL,135.0,12304,IR3,NridgHt,TwnhsE,1Story,7,5,2005,2005,Gd,PConc,Gd,1367.0,Y,1367,2,2,Gd,1,Attchd,2.0,0,6,2008,203444
HOME-101581,160,RM,21.0,1680,Reg,BrDale,Twnhs,2Story,6,5,1971,1971,TA,CBlock,TA,672.0,Y,1218,1,3,TA,0,,0.0,201,4,2006,101553
HOME-101850,20,RL,,53227,IR1,ClearCr,1Fam,1Story,4,6,1954,1994,TA,CBlock,Gd,1364.0,Y,1663,1,2,Gd,2,Attchd,2.0,224,3,2008,271615
HOME-101769,50,RM,81.0,12150,Reg,OldTown,1Fam,1.5Fin,5,5,1954,1954,TA,BrkTil,TA,1050.0,N,1795,2,4,TA,0,Attchd,1.0,0,11,2008,136104
HOME-101774,80,RL,80.0,9600,Reg,Veenker,1Fam,SLvl,6,7,1976,1994,Gd,CBlock,TA,528.0,Y,1855,2,3,TA,1,Attchd,2.0,113,8,2007,202063
HOME-102636,50,RM,44.0,5914,Reg,OldTown,1Fam,1.5Fin,5,9,1890,1996,TA,BrkTil,Fa,684.0,Y,1080,1,3,Gd,0,,0.0,0,9,2008,103148
HOME-100464,20,RL,88.0,14175,Reg,Sawyer,1Fam,1Story,6,8,1956,1956,TA,CBlock,TA,988.0,Y,1188,1,1,TA,1,Attchd,2.0,102,6,2008,196025
HOME-101272,80,RL,,11454,IR2,SawyerW,1Fam,SLvl,8,5,1995,1995,Gd,PConc,Gd,1401.0,Y,1511,2,3,Gd,1,Attchd,3.0,168,2,2008,238574
HOME-101003,30,RL,,7446,Reg,BrkSide,1Fam,1Story,4,5,1941,1950,TA,CBlock,TA,788.0,Y,788,1,2,TA,2,,0.0,0,4,2006,108195
HOME-100725,20,RL,112.0,10859,Reg,CollgCr,1Fam,1Story,5,5,1994,1995,TA,PConc,Gd,1097.0,Y,1097,1,3,TA,0,Attchd,2.0,392,6,2009,149977
HOME-101192,60,RL,116.0,13474,Reg,SawyerW,1Fam,2Story,7,5,1990,1991,Gd,CBlock,Gd,700.0,Y,2243,2,4,Gd,1,Attchd,3.0,127,6,2007,240969
HOME-100951,20,FV,75.0,7500,Reg,Somerst,1Fam,1Story,8,5,2006,2007,Gd,PConc,Gd,1372.0,Y,1448,2,2,Gd,1,Attchd,2.0,0,6,2009,248608
HOME-100403,50,RL,51.0,6821,Reg,Crawfor,1Fam,1.5Fin,6,7,1921,2005,TA,BrkTil,TA,651.0,Y,1298,2,2,TA,1,Detchd,1.0,216,8,2007,162186
HOME-100119,80,RL,88.0,8471,IR1,Sawyer,1Fam,SLvl,6,7,1977,1995,TA,CBlock,Gd,506.0,Y,1212,1,3,TA,1,Attchd,2.0,292,7,2006,167481
HOME-102629,50,RL,60.0,10410,Reg,OldTown,1Fam,1.5Fin,5,7,1916,1987,TA,CBlock,Fa,660.0,Y,1656,2,3,TA,0,Detchd,1.0,0,8,2009,137797
HOME-102309,70,RM,50.0,9000,Reg,OldTown,1Fam,2Story,5,6,1880,1991,TA,BrkTil,Fa,636.0,Y,1750,1,3,Ex,0,Detchd,1.0,0,6,2006,136712
HOME-100021,120,RL,48.0,6240,Reg,NridgHt,TwnhsE,1Story,8,5,2006,2006,Gd,PConc,Gd,1324.0,Y,1324,2,2,Gd,1,Attchd,2.0,192,12,2009,261364
HOME-102365,20,RL,60.0,9060,Reg,Edwards,1Fam,1Story,5,6,1957,2006,TA,PConc,,0.0,Y,1340,1,3,TA,1,Attchd,1.0,116,6,2007,127370
HOME-102034,120,RM,,8239,IR1,GrnHill,TwnhsE,1Story,7,5,1986,1986,Gd,CBlock,,0.0,Y,1295,2,2,Gd,0,Attchd,1.0,0,11,2006,248451
HOME-101589,60,RL,75.0,9073,IR1,Gilbert,1Fam,2Story,7,5,2006,2006,Gd,PConc,Gd,738.0,Y,1492,2,3,Gd,0,Attchd,2.0,100,10,2006,205993
HOME-100894,40,RM,40.0,5400,Reg,OldTown,1Fam,1Story,6,7,1926,2004,TA,BrkTil,TA,1149.0,Y,1616,2,3,Gd,0,Detchd,1.0,0,10,2007,165975
HOME-100292,120,RL,41.0,6289,IR1,NridgHt,TwnhsE,1Story,6,5,2005,2006,Gd,PConc,Gd,1362.0,Y,1362,2,2,Gd,1,Attchd,2.0,192,6,2007,224752
HOME-102852,20,FV,72.0,8640,Reg,Somerst,1Fam,1Story,8,5,2007,2007,Gd,PConc,Gd,1338.0,Y,1338,2,3,Gd,0,Attchd,2.0,0,11,2007,228106
HOME-101161,70,C (all),60.0,9000,Reg,IDOTRR,1Fam,2Story,4,6,1920,1950,TA,Stone,Fa,592.0,Y,864,1,3,Fa,0,Detchd,1.0,0,6,2008,69408
HOME-100705,20,RL,73.0,8760,Reg,NAmes,1Fam,1Story,6,7,1957,1999,TA,CBlock,TA,936.0,Y,936,1,2,Gd,0,Attchd,1.0,0,9,2007,148657
HOME-101794,20,RL,68.0,9571,Reg,Edwards,1Fam,1Story,5,3,1958,1958,TA,CBlock,TA,1276.0,Y,1276,1,3,TA,0,Attchd,1.0,0,6,2009,63288
HOME-101366,60,RL,70.0,11184,Reg,Sawyer,1Fam,2Story,6,5,1978,1978,TA,CBlock,TA,918.0,Y,1683,2,3,TA,1,Attchd,2.0,243,7,2009,176432
HOME-100282,60,RL,84.0,9660,IR1,NoRidge,1Fam,2Story,8,5,1998,1998,Gd,PConc,Gd,1044.0,Y,1976,2,3,Gd,1,Attchd,3.0,210,2,2006,312976
HOME-100509,20,RL,80.0,9250,Reg,NAmes,1Fam,1Story,5,7,1954,2005,TA,CBlock,TA,1056.0,Y,1056,1,3,TA,0,Attchd,1.0,390,7,2007,150648
HOME-100413,80,RL,85.0,10541,IR1,SawyerW,1Fam,SLvl,7,5,1996,1996,Gd,PConc,Gd,672.0,Y,2037,2,3,Gd,1,Attchd,2.0,100,2,2008,244451
HOME-102040,180,RM,21.0,1533,Reg,MeadowV,Twnhs,SFoyer,5,7,1970,1970,TA,CBlock,Gd,630.0,Y,630,1,1,Ex,0,,0.0,0,8,2006,102758
HOME-100136,70,RM,60.0,10440,Reg,OldTown,1Fam,2Story,5,8,1904,2002,TA,PConc,TA,650.0,Y,1539,2,3,Gd,1,Detchd,2.0,70,6,2008,165736
HOME-102380,20,RL,60.0,7200,Reg,NAmes,1Fam,1Story,5,7,1950,1950,TA,CBlock,,0.0,Y,1040,1,2,TA,0,Detchd,2.0,0,6,2006,120479
HOME-101294,20,RL,,7500,Reg,NAmes,1Fam,1Story,5,7,1959,2003,TA,CBlock,TA,1040.0,Y,1040,1,3,Gd,0,Attchd,1.0,0,7,2007,162993
HOME-101237,20,RL,96.0,12444,Reg,NridgHt,1Fam,1Story,8,5,2008,2008,Ex,PConc,Ex,1932.0,Y,1932,2,2,Ex,1,Attchd,3.0,0,11,2008,427495
HOME-102823,50,RM,,5700,Reg,OldTown,1Fam,1.5Fin,7,7,1926,1950,TA,PConc,TA,572.0,Y,1111,1,2,TA,1,Detchd,1.0,0,8,2008,123667
HOME-101230,80,RL,73.0,9735,Reg,Timber,1Fam,SLvl,5,5,2006,2007,TA,PConc,Gd,384.0,Y,1394,2,3,Gd,0,BuiltIn,2.0,100,5,2008,174926
HOME-101758,60,RL,80.0,10400,Reg,NWAmes,1Fam,2Story,6,7,1967,1997,TA,PConc,TA,932.0,Y,2640,2,5,Gd,1,Attchd,2.0,0,5,2009,268497
HOME-101937,190,RM,63.0,7627,Reg,OldTown,2fmCon,2Story,4,6,1920,1950,Fa,BrkTil,Fa,600.0,N,1701,2,4,Fa,0,,0.0,0,10,2009,96898
HOME-100955,60,RL,,10316,IR1,CollgCr,1Fam,2Story,7,5,2000,2000,Gd,PConc,Gd,992.0,Y,1865,2,3,Gd,1,Attchd,3.0,0,6,2008,253641
HOME-102138,20,RL,,9500,IR1,NAmes,1Fam,1Story,6,5,1963,1963,TA,CBlock,Gd,1394.0,Y,1394,1,3,TA,2,Attchd,2.0,0,7,2009,166537
HOME-101681,20,RL,63.0,7560,Reg,NAmes,1Fam,1Story,5,5,1971,1971,TA,CBlock,Gd,864.0,Y,864,1,3,TA,0,Detchd,2.0,0,5,2008,129137
HOME-101409,120,RL,,2938,Reg,Blmngtn,TwnhsE,1Story,7,5,2002,2002,Gd,PConc,Gd,1368.0,Y,1511,2,2,Gd,1,Attchd,2.0,130,5,2006,268404
HOME-101884,190,RM,52.0,4330,Reg,IDOTRR,2fmCon,1.5Fin,4,6,1958,1958,TA,BrkTil,Fa,808.0,Y,1315,2,3,TA,0,Detchd,2.0,0,2,2007,108051
HOME-101314,20,RL,70.0,8251,Reg,Somerst,1Fam,1Story,7,5,2005,2006,Gd,PConc,Gd,1494.0,Y,1506,2,3,Gd,1,Attchd,2.0,192,4,2007,265796
HOME-100267,20,RL,95.0,13618,Reg,Timber,1Fam,1Story,8,5,2005,2006,Gd,PConc,Ex,1728.0,Y,1960,2,3,Gd,2,Attchd,3.0,172,11,2006,353943
HOME-102229,70,RL,60.0,13515,Reg,BrkSide,1Fam,2Story,6,6,1919,1950,TA,PConc,TA,764.0,Y,1824,1,3,TA,1,Detchd,2.0,0,7,2007,195907
HOME-102914,20,RL,79.0,9541,IR1,NridgHt,1Fam,1Story,7,5,2009,2009,Gd,PConc,Gd,1502.0,Y,1502,2,3,Gd,0,Attchd,2.0,0,9,2009,240116
HOME-101204,60,RL,,13031,IR2,Gilbert,1Fam,2Story,6,5,1995,1996,TA,PConc,Gd,691.0,Y,1498,2,3,TA,1,Attchd,2.0,315,7,2006,209065
HOME-101291,60,RL,107.0,13641,Reg,NridgHt,1Fam,2Story,9,5,2007,2007,Ex,PConc,Ex,1934.0,Y,2656,2,3,Ex,1,Attchd,3.0,268,12,2007,540913
HOME-100193,190,RL,50.0,7420,Reg,BrkSide,2fmCon,1.5Unf,5,6,1939,1950,TA,BrkTil,TA,991.0,Y,1077,1,2,TA,2,Attchd,1.0,0,1,2008,126651
HOME-100446,20,RL,85.0,10936,Reg,Somerst,1Fam,1Story,8,5,2006,2006,Gd,PConc,Gd,1504.0,Y,1504,2,3,Gd,0,Attchd,2.0,144,9,2006,217722
HOME-100525,50,RL,51.0,3500,Reg,BrkSide,1Fam,1.5Fin,3,5,1945,1950,TA,CBlock,TA,370.0,N,670,1,2,Fa,0,,0.0,0,7,2007,69862
HOME-101687,190,RL,70.0,7000,Reg,Edwards,2fmCon,2Story,5,7,1910,1991,TA,CBlock,Gd,1117.0,Y,1347,1,3,TA,0,,0.0,85,1,2008,113133
HOME-102761,20,RL,73.0,8688,Reg,Somerst,1Fam,1Story,7,5,2005,2005,Gd,PConc,Gd,1616.0,Y,1616,2,3,Gd,0,Attchd,3.0,208,4,2006,256400
HOME-102103,60,RL,85.0,10625,Reg,NridgHt,1Fam,2Story,7,5,2003,2004,Gd,PConc,Gd,998.0,Y,2046,2,3,Gd,1,BuiltIn,3.0,320,8,2008,300092
HOME-101666,30,RM,48.0,5747,Reg,OldTown,1Fam,1Story,3,4,1920,1950,TA,PConc,TA,798.0,Y,840,1,2,Fa,0,Detchd,1.0,112,6,2006,70024
HOME-100128,20,RL,70.0,7535,IR1,NAmes,1Fam,1Story,5,7,1958,1985,TA,CBlock,TA,912.0,Y,912,1,2,TA,0,Attchd,1.0,12,6,2007,132255
HOME-100391,190,RL,70.0,7000,Reg,NAmes,2fmCon,SFoyer,5,5,1962,1962,TA,CBlock,TA,1025.0,Y,1025,1,3,TA,0,,0.0,96,3,2006,133225
HOME-101713,85,RL,,7400,IR1,Sawyer,1Fam,SFoyer,5,5,1984,1984,TA,PConc,Gd,1060.0,Y,1126,1,2,TA,0,Attchd,2.0,178,3,2008,159348
HOME-101423,20,RL,80.0,10400,Reg,NWAmes,1Fam,1Story,6,5,1979,1999,TA,CBlock,Gd,1259.0,Y,1353,2,2,TA,1,Attchd,2.0,240,8,2007,209896
HOME-100686,20,RL,,8696,IR1,CollgCr,1Fam,1Story,7,5,1997,1998,TA,PConc,Gd,1418.0,Y,1418,2,3,Gd,1,Attchd,2.0,208,5,2008,243070
HOME-100990,20,A (agr),125.0,31250,Reg,Mitchel,1Fam,1Story,1,3,1951,1951,TA,CBlock,,0.0,Y,1600,1,3,TA,0,Attchd,1.0,0,5,2006,90830
HOME-100470,60,RL,58.0,13204,IR1,Gilbert,1Fam,2Story,7,5,2006,2007,TA,PConc,Gd,608.0,Y,1458,2,3,Gd,0,BuiltIn,2.0,100,5,2007,184814
HOME-102257,20,RL,60.0,6600,Reg,NAmes,1Fam,1Story,5,5,1962,1962,TA,CBlock,TA,864.0,Y,864,1,2,TA,0,Detchd,1.0,58,12,2007,134746
HOME-102534,20,RL,94.0,9239,Reg,Sawyer,1Fam,1Story,5,8,1963,2003,TA,CBlock,TA,960.0,Y,960,1,3,Gd,0,Attchd,1.0,168,5,2008,149876
HOME-101143,60,RL,105.0,11025,Reg,NoRidge,1Fam,1.5Fin,9,5,1993,1994,Gd,PConc,Gd,1848.0,Y,2786,2,4,Gd,1,Attchd,2.0,294,6,2008,395662
HOME-101176,30,RL,60.0,8088,Reg,Edwards,1Fam,1Story,2,3,1922,1955,TA,BrkTil,TA,498.0,N,498,1,1,TA,0,Detchd,1.0,0,2,2006,38868
HOME-101935,20,RL,60.0,8190,Reg,Edwards,1Fam,1Story,4,6,1954,1954,TA,CBlock,TA,948.0,Y,948,1,3,TA,1,Detchd,1.0,0,10,2007,131535
HOME-100130,70,RM,57.0,6876,Reg,IDOTRR,1Fam,2Story,6,5,1927,1950,TA,CBlock,TA,720.0,Y,1930,2,4,TA,0,Attchd,1.0,0,8,2009,154386
HOME-101620,20,RL,,11717,IR1,NWAmes,1Fam,1Story,6,6,1970,1970,TA,CBlock,TA,1442.0,Y,1442,2,2,TA,1,Attchd,2.0,371,2,2009,190802
HOME-101845,50,RL,,11700,IR1,Crawfor,1Fam,1.5Fin,5,6,1937,1995,TA,CBlock,TA,942.0,Y,1938,2,4,Gd,1,Detchd,1.0,0,7,2008,211367
HOME-100057,60,RL,,13215,IR1,NridgHt,1Fam,2Story,8,5,2004,2004,Gd,PConc,Gd,1420.0,Y,1914,2,3,Gd,1,BuiltIn,3.0,168,2,2006,307860
HOME-100797,30,RM,50.0,5784,Reg,OldTown,1Fam,1Story,5,8,1938,1996,TA,BrkTil,Fa,190.0,Y,886,1,2,TA,0,Attchd,1.0,144,12,2009,95062
HOME-100197,50,RM,50.0,7000,Reg,IDOTRR,1Fam,1.5Fin,6,7,1940,1950,TA,BrkTil,TA,720.0,Y,1215,1,3,Gd,0,Detchd,2.0,0,5,2007,149876
HOME-100713,20,RL,50.0,9405,Reg,Edwards,1Fam,1Story,5,9,1947,2008,TA,CBlock,TA,698.0,Y,698,1,2,TA,0,,0.0,0,6,2009,122365
HOME-101570,20,RL,,6173,IR1,Sawyer,1Fam,1Story,5,6,1967,1967,TA,CBlock,TA,876.0,Y,902,1,3,TA,0,Attchd,1.0,0,8,2007,135196
HOME-101931,120,RL,43.0,3010,Reg,Blmngtn,TwnhsE,1Story,7,5,2005,2006,Gd,PConc,Gd,1248.0,Y,1248,2,2,Gd,0,Attchd,2.0,108,3,2006,185081
HOME-102922,60,RL,82.0,9452,Reg,NoRidge,1Fam,2Story,8,5,1997,1998,Gd,PConc,Gd,1396.0,Y,2392,2,3,Gd,1,Attchd,3.0,0,6,2006,387880
HOME-100946,30,RM,60.0,10320,Reg,IDOTRR,1Fam,1Story,5,8,1912,1991,TA,BrkTil,Fa,451.0,Y,759,1,1,TA,0,Detchd,2.0,40,8,2008,90155
HOME-100749,90,RL,,11836,IR1,Mitchel,Duplex,1Story,5,5,1970,1970,TA,CBlock,TA,1652.0,Y,1652,2,4,TA,0,2Types,3.0,0,3,2006,158208
HOME-100207,20,RL,100.0,21370,Reg,Sawyer,1Fam,1Story,5,5,1950,1950,TA,Slab,,0.0,Y,1640,1,3,TA,1,Attchd,2.0,0,6,2006,143036
HOME-102473,30,RL,64.0,8574,Reg,Crawfor,1Fam,1Story,6,8,1916,2000,Gd,BrkTil,TA,816.0,Y,1232,1,3,Gd,1,Detchd,2.0,0,10,2009,150327
HOME-101084,20,RL,90.0,11727,Reg,NAmes,1Fam,1Story,7,6,1969,1969,TA,CBlock,TA,1851.0,Y,1851,2,3,TA,1,Attchd,2.0,0,3,2006,206891
HOME-100112,20,RL,80.0,11040,Reg,NWAmes,1Fam,1Story,6,7,1971,2004,Gd,CBlock,TA,1258.0,Y,1258,2,3,Gd,0,Attchd,2.0,55,10,2008,152435
HOME-101016,50,RL,63.0,15564,Reg,Crawfor,1Fam,1.5Fin,6,6,1914,1995,TA,BrkTil,Gd,676.0,Y,1264,1,3,TA,0,Detchd,2.0,424,1,2008,156985
HOME-100908,50,RL,60.0,8064,Reg,NAmes,1Fam,1.5Fin,6,6,1948,1950,TA,CBlock,TA,768.0,Y,1320,2,3,TA,0,Detchd,2.0,108,9,2008,145115
HOME-102783,20,RL,,9556,IR1,Gilbert,1Fam,1Story,7,5,1992,1993,TA,PConc,Gd,1168.0,Y,1187,2,3,Gd,0,Attchd,2.0,0,8,2007,171957
HOME-100242,20,RL,100.0,14836,IR1,NridgHt,1Fam,1Story,10,5,2004,2005,Ex,PConc,Ex,2492.0,Y,2492,2,2,Ex,1,Attchd,3.0,226,2,2009,575174
HOME-101058,20,RM,70.0,12702,Reg,OldTown,1Fam,1Story,5,5,1956,1956,TA,PConc,,0.0,Y,882,1,2,TA,0,Detchd,1.0,0,12,2008,103462
HOME-102166,70,RL,63.0,4000,Reg,Crawfor,1Fam,2Story,7,8,1930,1995,TA,BrkTil,Gd,531.0,Y,1098,1,2,TA,1,Detchd,1.0,0,6,2007,159397
HOME-102071,40,RM,50.0,9100,Reg,BrkSide,1Fam,1Story,5,6,1930,1960,TA,BrkTil,TA,742.0,Y,935,1,2,TA,0,Detchd,1.0,0,8,2008,84033
HOME-100190,20,RL,96.0,12456,Reg,NridgHt,1Fam,1Story,10,5,2006,2007,Ex,PConc,Ex,1700.0,Y,1718,2,3,Ex,1,Attchd,3.0,216,7,2009,336740
HOME-100192,20,RL,75.0,9937,Reg,Edwards,1Fam,1Story,5,6,1965,1965,Gd,CBlock,TA,1256.0,Y,1256,1,3,TA,0,Attchd,1.0,736,6,2008,157972
HOME-101694,120,RL,24.0,2104,Reg,NPkVill,TwnhsE,1Story,7,6,1976,1976,TA,CBlock,TA,836.0,Y,836,1,2,TA,0,Attchd,1.0,150,10,2009,133224
HOME-101349,20,RL,,115149,IR2,ClearCr,1Fam,1Story,7,5,1971,2002,TA,CBlock,Gd,1643.0,Y,1824,2,2,Gd,2,Attchd,2.0,380,6,2007,327939
HOME-101754,20,RL,75.0,10215,Reg,Edwards,1Fam,1Story,4,5,1954,1954,TA,PConc,TA,864.0,Y,948,1,3,TA,0,Attchd,1.0,0,2,2007,118875
HOME-102002,160,RL,50.0,8012,Reg,SawyerW,TwnhsE,2Story,6,5,1980,1980,TA,CBlock,TA,630.0,Y,1266,1,2,TA,2,Attchd,1.0,340,7,2007,135954
HOME-100236,80,RL,57.0,8923,IR1,Gilbert,1Fam,SLvl,7,5,1998,1998,Gd,PConc,Gd,384.0,Y,1382,2,3,TA,1,BuiltIn,2.0,256,2,2009,183623
HOME-100219,20,RL,63.0,13072,Reg,SawyerW,1Fam,1Story,6,5,2005,2005,Gd,PConc,Gd,1141.0,Y,1141,1,3,TA,0,Detchd,2.0,0,3,2006,156250
HOME-101370,20,RL,75.0,9937,Reg,Edwards,1Fam,1Story,5,7,1964,1999,TA,PConc,TA,1486.0,Y,1486,1,3,TA,0,Detchd,2.0,0,3,2009,175368
HOME-102673,20,RL,63.0,7875,Reg,Gilbert,1Fam,1Story,7,5,1995,1996,TA,PConc,Gd,1237.0,Y,1253,2,3,TA,1,Attchd,2.0,220,6,2007,187872
HOME-102332,60,FV,84.0,10728,Reg,Somerst,1Fam,2Story,8,5,2006,2006,Gd,PConc,Gd,1095.0,Y,1939,2,3,Gd,1,Attchd,3.0,192,8,2006,291770
HOME-102324,90,RM,50.0,3000,Reg,OldTown,Duplex,2Story,5,1,1922,1950,TA,BrkTil,TA,1040.0,N,2128,2,4,TA,0,,0.0,0,9,2009,63451
HOME-100419,20,RL,75.0,9910,Reg,Somerst,1Fam,1Story,7,6,2007,2007,Gd,PConc,Gd,1369.0,Y,1369,2,3,Gd,0,Attchd,2.0,0,9,2007,232027
HOME-100843,90,RL,81.0,11841,Reg,Edwards,Duplex,SFoyer,6,5,1990,1990,TA,CBlock,Gd,816.0,Y,816,1,3,TA,0,,0.0,0,5,2007,127656
HOME-102895,50,RL,74.0,16287,Reg,Edwards,1Fam,1.5Fin,5,6,1925,1950,TA,CBlock,TA,901.0,Y,1351,1,3,TA,1,Detchd,2.0,0,7,2007,131960
HOME-101730,60,RL,65.0,8200,Reg,CollgCr,1Fam,2Story,7,5,2003,2004,Gd,PConc,Gd,847.0,Y,1928,2,4,Gd,1,BuiltIn,2.0,100,7,2007,240462
HOME-102210,60,RL,,12384,Reg,NWAmes,1Fam,2Story,7,7,1976,1976,TA,CBlock,Gd,793.0,Y,1935,2,3,TA,1,Attchd,2.0,0,11,2007,212331
HOME-100864,160,FV,40.0,3951,Reg,Somerst,TwnhsE,2Story,6,5,2009,2009,Gd,PConc,Gd,612.0,Y,1224,2,2,Gd,0,Detchd,2.0,0,6,2009,169717
HOME-100375,20,RL,80.0,8000,Reg,NAmes,1Fam,1Story,5,5,1960,1960,TA,CBlock,TA,1377.0,Y,1377,1,3,TA,2,Attchd,1.0,0,11,2007,169519
HOME-101279,60,RL,,8010,IR1,Gilbert,1Fam,2Story,7,5,2002,2003,Gd,PConc,Gd,840.0,Y,1720,2,3,Gd,1,BuiltIn,2.0,138,7,2008,199913
HOME-101288,80,RL,70.0,10500,Reg,NAmes,1Fam,SLvl,5,7,1971,2005,TA,CBlock,TA,372.0,Y,1109,1,3,TA,0,BuiltIn,1.0,35,12,2007,150125
HOME-101755,50,RL,45.0,7506,Reg,OldTown,1Fam,1.5Fin,5,8,1925,1950,TA,PConc,TA,747.0,Y,1159,1,3,TA,0,Detchd,1.0,84,5,2008,121432
HOME-101134,20,RL,115.0,10500,IR1,NAmes,1Fam,1Story,5,5,1964,1964,TA,CBlock,TA,1292.0,Y,1292,1,3,TA,2,Detchd,2.0,0,7,2009,150187
HOME-100536,20,RL,107.0,14450,Reg,NridgHt,1Fam,1Story,9,5,2006,2007,Ex,PConc,Ex,2121.0,Y,2121,2,3,Ex,1,Attchd,3.0,124,5,2007,449472
HOME-101123,75,RM,90.0,8100,Reg,OldTown,1Fam,2.5Unf,5,5,1898,1965,TA,PConc,TA,849.0,N,2138,2,2,TA,0,Detchd,2.0,40,11,2009,111242
HOME-102888,20,RL,73.0,11883,Reg,CollgCr,1Fam,1Story,7,5,1996,1996,Gd,PConc,Gd,1504.0,Y,1504,2,3,Gd,1,Attchd,2.0,115,6,2009,208488
HOME-100384,20,RL,110.0,15274,IR1,NridgHt,1Fam,1Story,9,5,2003,2003,Gd,PConc,Ex,2452.0,Y,2452,2,3,Ex,1,Attchd,3.0,0,7,2009,455682
HOME-100830,120,RL,42.0,4084,IR1,Timber,TwnhsE,1Story,7,6,1986,1986,Gd,CBlock,Gd,1277.0,Y,1501,2,2,Gd,1,Attchd,2.0,240,7,2008,259530
HOME-100892,120,RL,34.0,5063,Reg,NridgHt,Twnhs,1Story,7,5,2007,2008,Gd,PConc,Gd,1314.0,Y,1314,2,2,Gd,1,Attchd,2.0,172,4,2009,211471
HOME-100817,30,RL,60.0,5400,Reg,OldTown,1Fam,1Story,5,6,1920,1950,TA,BrkTil,Fa,691.0,Y,691,1,2,Ex,0,Detchd,1.0,0,1,2007,94032
HOME-102269,160,FV,24.0,2117,Reg,Somerst,Twnhs,2Story,6,5,2000,2000,Gd,PConc,Gd,756.0,Y,1573,2,3,Gd,0,Detchd,2.0,0,9,2007,192054
HOME-100748,120,RM,,4435,Reg,CollgCr,TwnhsE,1Story,6,5,2003,2004,Gd,PConc,Gd,848.0,Y,848,1,1,Gd,0,Attchd,2.0,140,6,2009,147118
HOME-101151,30,RM,56.0,3153,Reg,OldTown,1Fam,1Story,5,6,1920,1990,TA,BrkTil,TA,967.0,Y,967,1,2,TA,1,Detchd,1.0,0,7,2007,107649
HOME-101343,160,RM,21.0,1869,Reg,BrDale,Twnhs,2Story,6,6,1970,1970,TA,CBlock,TA,483.0,Y,987,1,2,TA,0,Detchd,1.0,0,9,2008,113533
HOME-102386,60,RL,70.0,8726,Reg,CollgCr,1Fam,2Story,7,5,2002,2002,Gd,PConc,Gd,872.0,Y,1909,2,4,Gd,0,BuiltIn,2.0,0,9,2006,214421
HOME-101180,60,RL,85.0,9350,Reg,NAmes,1Fam,2Story,5,6,1964,1964,TA,CBlock,TA,720.0,Y,1440,1,4,TA,1,Attchd,2.0,0,7,2006,173048
HOME-101393,20,RL,78.0,11645,Reg,CollgCr,1Fam,1Story,7,5,2005,2005,Gd,PConc,Gd,1734.0,Y,1734,2,3,Gd,0,Attchd,2.0,160,1,2006,288841
HOME-102215,20,RL,80.0,8000,Reg,NAmes,1Fam,1Story,5,6,1959,1959,TA,PConc,TA,1256.0,Y,1256,1,3,Gd,0,Attchd,1.0,0,5,2008,168527
HOME-101669,20,RL,71.0,9254,IR1,NridgHt,1Fam,1Story,8,5,2005,2005,Gd,PConc,Gd,1721.0,Y,1721,2,3,Gd,0,Attchd,2.0,168,1,2007,251455
HOME-101854,60,RL,96.0,11631,IR1,Gilbert,1Fam,2Story,8,5,2004,2005,Gd,PConc,Gd,1052.0,Y,2373,2,4,Gd,1,BuiltIn,3.0,120,6,2006,282211
HOME-102310,60,RL,,9765,IR2,Gilbert,1Fam,2Story,6,8,1993,1993,Ex,PConc,Gd,680.0,Y,1470,2,3,TA,1,BuiltIn,2.0,232,4,2009,190599
HOME-100454,120,RM,44.0,4224,Reg,MeadowV,TwnhsE,1Story,5,7,1976,1976,TA,PConc,Gd,1040.0,Y,1060,1,3,TA,1,Attchd,2.0,100,6,2007,141431
HOME-102603,160,RM,21.0,1680,Reg,BrDale,Twnhs,2Story,6,5,1971,1971,TA,CBlock,TA,483.0,Y,987,1,2,TA,0,Detchd,1.0,0,7,2008,92142
HOME-102633,30,RL,55.0,7111,IR1,BrkSide,1Fam,1Story,5,7,1928,1983,Gd,BrkTil,TA,1008.0,Y,1143,1,2,TA,1,Detchd,1.0,265,7,2008,146493
HOME-101872,120,RH,34.0,4058,Reg,NAmes,TwnhsE,SFoyer,7,5,1998,1998,TA,PConc,Gd,723.0,Y,767,1,1,TA,0,Attchd,1.0,120,6,2007,144550
HOME-100227,120,RL,,3196,Reg,Blmngtn,TwnhsE,1Story,7,5,2003,2004,Gd,PConc,Gd,1374.0,Y,1557,2,2,Gd,1,Attchd,2.0,143,10,2006,260846
HOME-100670,20,RM,52.0,8626,Reg,OldTown,1Fam,1Story,4,6,1956,1956,TA,CBlock,,0.0,Y,968,1,2,TA,0,Attchd,1.0,0,5,2007,111622
HOME-102078,160,FV,34.0,3230,Reg,Somerst,TwnhsE,2Story,6,5,1999,1999,TA,PConc,Gd,729.0,Y,1458,2,2,TA,1,Detchd,2.0,0,6,2007,186579
HOME-101974,20,RL,121.0,13758,IR1,NridgHt,1Fam,1Story,9,5,2005,2006,Ex,PConc,Ex,1792.0,Y,1792,2,2,Gd,1,Attchd,3.0,204,3,2006,411916
HOME-101768,70,RM,50.0,2500,Reg,OldTown,1Fam,2Story,7,8,1915,2005,Gd,PConc,TA,910.0,Y,1826,1,4,Ex,1,Attchd,1.0,0,6,2009,159624
HOME-100246,60,RL,65.0,8125,Reg,Gilbert,1Fam,2Story,6,5,1994,1995,TA,PConc,Gd,702.0,Y,1481,2,3,TA,1,Attchd,2.0,0,3,2009,178979
HOME-102815,60,RL,41.0,12460,IR1,Gilbert,1Fam,2Story,7,5,1999,2000,Gd,PConc,Gd,1037.0,Y,2322,2,4,TA,1,BuiltIn,2.0,144,5,2008,233216
HOME-101223,160,RM,21.0,1495,Reg,MeadowV,TwnhsE,2Story,4,6,1970,1970,TA,CBlock,TA,546.0,Y,1092,1,3,TA,0,,0.0,0,5,2007,102214
HOME-100177,20,RL,102.0,17920,Reg,Sawyer,1Fam,1Story,5,4,1955,1974,TA,CBlock,TA,1763.0,Y,1779,1,3,TA,1,Attchd,2.0,0,7,2006,187287
HOME-101333,60,RL,,11250,Reg,CollgCr,1Fam,2Story,7,5,2001,2001,Gd,PConc,Gd,944.0,Y,1870,2,3,Gd,0,Attchd,2.0,256,5,2009,218840
HOME-100906,20,RL,74.0,8532,Reg,NAmes,1Fam,1Story,5,6,1954,1990,TA,CBlock,TA,1297.0,Y,1297,1,3,TA,1,Attchd,2.0,0,10,2009,155265
HOME-102702,180,RM,35.0,3675,Reg,Edwards,TwnhsE,SFoyer,6,5,2005,2005,TA,PConc,Gd,547.0,Y,1072,1,2,Gd,0,Basment,2.0,0,5,2007,154616
HOME-101821,20,RM,50.0,6000,Reg,OldTown,1Fam,1Story,5,6,1957,1957,TA,CBlock,TA,928.0,Y,928,1,3,TA,0,Attchd,1.0,0,6,2008,121613
HOME-102450,20,RL,110.0,14333,Reg,NridgHt,1Fam,1Story,8,5,2007,2007,Gd,PConc,Gd,2108.0,Y,2122,2,2,Gd,1,Attchd,3.0,130,11,2007,373802
HOME-102552,20,RL,75.0,9464,Reg,NAmes,1Fam,1Story,6,7,1958,1958,TA,CBlock,TA,1080.0,Y,1080,1,3,TA,0,Attchd,1.0,0,6,2008,146464
HOME-100142,50,RL,79.0,9490,Reg,NAmes,1Fam,1.5Fin,6,7,1941,1950,TA,CBlock,TA,806.0,Y,1578,1,3,Fa,2,Attchd,1.0,0,8,2006,145492
HOME-101599,60,RL,95.0,12350,Reg,NridgHt,1Fam,2Story,9,5,2009,2009,Gd,PConc,Ex,1365.0,Y,2690,2,3,Ex,1,Attchd,3.0,0,7,2009,406353
HOME-100602,60,RL,120.0,13975,IR1,NridgHt,1Fam,2Story,9,5,2005,2006,Gd,PConc,Gd,1090.0,Y,2206,2,4,Ex,1,BuiltIn,3.0,148,8,2006,332810
HOME-101114,30,RM,84.0,11340,Reg,OldTown,1Fam,1Story,6,5,1923,1950,TA,BrkTil,TA,1200.0,Y,1200,1,4,TA,0,Detchd,1.0,0,3,2006,135619
HOME-101234,80,RL,,12700,IR1,NAmes,1Fam,SLvl,6,5,1964,1964,TA,CBlock,TA,1246.0,Y,1246,1,3,TA,2,Attchd,2.0,0,11,2006,193782
HOME-102915,80,RL,96.0,11777,IR1,Sawyer,1Fam,SLvl,5,6,1966,1966,TA,CBlock,TA,1164.0,Y,1320,1,3,TA,2,Attchd,2.0,160,5,2006,180186
HOME-101601,60,RL,,15038,IR2,Gilbert,1Fam,2Story,6,5,1996,1996,TA,PConc,Gd,916.0,Y,1636,2,3,TA,1,Attchd,2.0,168,11,2008,179766
HOME-100376,20,RL,73.0,39104,IR1,ClearCr,1Fam,1Story,7,7,1954,2005,TA,CBlock,Gd,1385.0,Y,1363,1,2,TA,2,Attchd,2.0,81,4,2008,254393
HOME-101878,120,RM,36.0,4435,Reg,CollgCr,TwnhsE,1Story,6,5,2003,2003,Gd,PConc,Gd,848.0,Y,848,1,1,Gd,0,Attchd,2.0,140,11,2007,142259
HOME-101748,60,RL,,12046,IR1,NWAmes,1Fam,2Story,6,6,1976,1976,TA,CBlock,TA,848.0,Y,2030,2,4,Gd,1,Attchd,2.0,0,6,2007,210473
HOME-100245,160,FV,,2117,Reg,Somerst,Twnhs,2Story,6,5,2000,2000,Gd,PConc,Gd,756.0,Y,1525,2,3,Gd,1,Detchd,2.0,0,6,2007,191055
HOME-100557,60,RL,63.0,7875,Reg,Gilbert,1Fam,2Story,7,5,2003,2003,Gd,PConc,Gd,783.0,Y,1509,2,3,Gd,1,Attchd,2.0,0,7,2006,198514
HOME-101987,80,RL,85.0,13825,Reg,Sawyer,1Fam,SLvl,5,6,1958,1987,TA,CBlock,TA,533.0,Y,1601,1,3,TA,0,BuiltIn,1.0,280,12,2008,145210
HOME-100795,30,RL,118.0,21299,Reg,NAmes,1Fam,1Story,7,5,1941,1963,Gd,CBlock,TA,929.0,Y,2039,1,3,TA,3,2Types,3.0,0,12,2006,184765
HOME-102711,120,RL,,6563,IR1,StoneBr,1Fam,1Story,8,5,1985,1985,Gd,PConc,Gd,1742.0,Y,1742,2,2,Gd,1,Attchd,2.0,114,12,2006,300818
HOME-100873,20,RL,64.0,9037,IR1,Timber,1Fam,1Story,8,5,2006,2006,Gd,PConc,Gd,1476.0,Y,1484,2,2,Ex,1,Attchd,2.0,120,12,2007,288450
HOME-101377,90,RL,60.0,8544,Reg,NAmes,Duplex,1Story,3,4,1950,1950,TA,CBlock,,0.0,N,1040,2,2,TA,0,Detchd,2.0,0,7,2006,104020
HOME-102549,90,RL,74.0,6845,Reg,Edwards,Duplex,1Story,4,5,1955,1955,TA,Slab,,0.0,N,1152,2,2,TA,0,,0.0,0,7,2008,87675
HOME-100603,50,RL,78.0,11344,Reg,NAmes,1Fam,1.5Fin,5,5,1958,1958,TA,CBlock,TA,874.0,Y,1524,1,3,TA,0,Attchd,1.0,0,7,2007,157740
HOME-101290,60,RL,72.0,8702,IR1,Gilbert,1Fam,2Story,6,5,1997,1998,TA,PConc,TA,926.0,Y,1604,2,3,TA,1,Attchd,2.0,0,4,2008,196403
HOME-102141,30,RL,60.0,8550,Reg,NAmes,1Fam,1Story,6,8,1934,1950,TA,CBlock,TA,816.0,Y,816,1,2,TA,1,Attchd,1.0,228,7,2006,140604
HOME-102574,120,RM,32.0,4500,Reg,Mitchel,TwnhsE,1Story,6,5,1998,1998,TA,PConc,Ex,1237.0,Y,1337,2,2,TA,0,Attchd,2.0,0,3,2006,166145
HOME-100698,190,RM,69.0,9142,Reg,OldTown,2fmCon,2Story,6,8,1910,1950,TA,Stone,Fa,1020.0,N,1928,2,4,Fa,0,Detchd,1.0,0,4,2006,151023
HOME-102701,20,RL,,12968,IR2,Sawyer,1Fam,1Story,5,6,1962,1962,TA,CBlock,TA,912.0,Y,912,1,2,TA,0,Detchd,1.0,140,9,2008,149814
HOME-102806,20,RL,79.0,10637,Reg,CollgCr,1Fam,1Story,8,5,2007,2008,Gd,PConc,Ex,1705.0,Y,1718,2,3,Gd,1,Attchd,3.0,208,9,2009,301449
HOME-101763,160,RL,24.0,2308,Reg,NPkVill,TwnhsE,2Story,6,5,1976,1976,TA,CBlock,Gd,804.0,Y,1548,2,3,TA,1,Detchd,2.0,108,9,2009,148626
HOME-102172,20,RL,66.0,13695,Reg,SawyerW,1Fam,1Story,6,5,2003,2004,TA,PConc,Gd,1114.0,Y,1114,1,3,Gd,0,Detchd,2.0,0,7,2008,165103
HOME-101862,20,RL,,32668,IR1,Crawfor,1Fam,1Story,6,3,1957,1975,Gd,PConc,TA,2035.0,Y,2515,3,4,TA,2,Attchd,2.0,0,3,2007,211366
HOME-101478,160,RM,21.0,1680,Reg,BrDale,Twnhs,2Story,6,7,1972,1972,TA,CBlock,TA,672.0,Y,1218,1,3,TA,0,Detchd,1.0,0,5,2006,131292
HOME-102692,20,RL,80.0,8240,Reg,Edwards,1Fam,1Story,6,6,1960,1960,TA,CBlock,TA,1179.0,Y,1179,1,2,TA,0,Attchd,2.0,0,6,2007,117125
HOME-102081,20,RL,73.0,8990,IR1,CollgCr,1Fam,1Story,7,5,2006,2006,Gd,PConc,Gd,1498.0,Y,1498,2,2,Gd,0,Attchd,2.0,351,4,2006,224824
HOME-100888,20,RL,75.0,9742,Reg,CollgCr,1Fam,1Story,8,5,2002,2002,Gd,PConc,Gd,1777.0,Y,1795,2,3,Gd,1,Attchd,2.0,171,9,2008,241656
HOME-102107,20,RL,69.0,23580,IR1,Mitchel,1Fam,1Story,6,6,1979,1979,TA,CBlock,Gd,1625.0,Y,1625,2,3,Fa,1,Attchd,2.0,136,9,2006,265770
HOME-100249,60,RL,59.0,11796,IR1,Gilbert,1Fam,2Story,7,5,2004,2005,Gd,PConc,Gd,847.0,Y,1959,2,4,Gd,1,BuiltIn,2.0,100,7,2007,227652
HOME-101526,20,RL,72.0,10011,IR1,NAmes,1Fam,1Story,5,6,1957,1996,TA,CBlock,TA,1070.0,Y,1236,1,2,Gd,1,Attchd,1.0,0,5,2006,148695
HOME-101382,20,RL,66.0,13695,Reg,SawyerW,1Fam,1Story,5,5,2004,2004,TA,PConc,TA,1114.0,Y,1114,1,3,Gd,0,Detchd,2.0,0,6,2008,167469
HOME-102443,80,RL,,13607,IR1,Crawfor,1Fam,SLvl,6,6,1986,1986,TA,CBlock,TA,572.0,Y,1982,2,3,TA,1,BuiltIn,2.0,400,4,2009,217096
HOME-101089,20,RL,65.0,11050,Reg,NAmes,1Fam,1Story,5,5,1956,1956,TA,CBlock,TA,1005.0,Y,1005,1,2,TA,1,Attchd,1.0,0,7,2006,145559
HOME-101651,20,RL,43.0,12118,IR1,Mitchel,1Fam,1Story,7,5,2004,2005,Gd,PConc,Ex,1710.0,Y,1710,2,3,Gd,1,Attchd,2.0,100,4,2009,252294
HOME-100532,60,RL,65.0,10237,Reg,Gilbert,1Fam,2Story,7,5,2006,2006,Gd,PConc,Gd,738.0,Y,1492,2,3,Gd,0,Attchd,2.0,0,9,2006,187273
HOME-100762,20,RL,70.0,9100,Reg,NAmes,1Fam,1Story,5,6,1965,1965,TA,CBlock,TA,925.0,Y,925,1,2,TA,0,Detchd,1.0,0,7,2009,120082
HOME-102276,50,RH,70.0,6300,Reg,SWISU,1Fam,1.5Fin,5,4,1938,1950,TA,PConc,TA,832.0,Y,1268,1,3,TA,2,Basment,1.0,0,7,2009,162373
HOME-102351,20,RL,70.0,7931,Reg,NAmes,1Fam,1Story,5,6,1960,1960,TA,CBlock,TA,1269.0,Y,1269,1,3,TA,1,Detchd,1.0,0,6,2008,163059
HOME-101710,50,RL,50.0,8405,Reg,Edwards,1Fam,1.5Fin,5,8,1900,1950,TA,BrkTil,TA,861.0,Y,1367,1,4,TA,0,Detchd,1.0,0,4,2008,127089
HOME-100669,60,RL,85.0,11069,Reg,CollgCr,1Fam,2Story,6,5,2007,2007,Gd,PConc,Gd,608.0,Y,1396,2,3,Gd,1,BuiltIn,2.0,100,7,2009,179334
HOME-101895,20,RL,60.0,7436,Reg,NAmes,1Fam,1Story,4,7,1960,1960,TA,CBlock,TA,894.0,Y,894,1,2,TA,1,Detchd,2.0,0,8,2009,148088
HOME-100746,50,RL,60.0,12180,Reg,Edwards,1Fam,1.5Fin,5,7,1938,2007,TA,PConc,TA,585.0,Y,1053,1,2,Ex,0,,0.0,42,1,2008,124272
HOME-101731,70,RM,57.0,9906,Reg,OldTown,1Fam,2Story,4,4,1925,1950,TA,CBlock,TA,686.0,N,1328,1,3,TA,0,Detchd,1.0,0,9,2006,117309
HOME-101672,60,RL,92.0,9920,IR1,NoRidge,1Fam,2Story,7,5,1996,1997,Gd,PConc,Gd,1117.0,Y,2013,2,3,TA,1,Attchd,2.0,180,6,2007,290256
HOME-101688,190,RL,75.0,11235,Reg,Sawyer,2fmCon,SFoyer,5,5,1963,1963,TA,CBlock,Gd,925.0,Y,999,1,3,TA,0,Detchd,1.0,40,3,2007,138987
HOME-101798,20,RL,75.0,11750,IR1,CollgCr,1Fam,1Story,7,5,2005,2006,Gd,PConc,Gd,1546.0,Y,1546,2,3,Gd,0,Attchd,3.0,144,6,2007,231811
HOME-101549,20,RL,74.0,8536,Reg,Edwards,1Fam,1Story,5,5,2006,2007,TA,PConc,Gd,1125.0,Y,1125,1,2,TA,0,Attchd,2.0,80,4,2007,168379
HOME-102796,20,RL,70.0,10519,Reg,Edwards,1Fam,1Story,5,8,1955,1999,TA,CBlock,TA,1057.0,Y,1057,1,3,Gd,0,Attchd,1.0,0,3,2006,152466
HOME-101833,60,RL,86.0,10380,IR1,SawyerW,1Fam,2Story,7,5,1986,1987,Gd,CBlock,TA,1502.0,Y,2730,2,4,Gd,1,Attchd,2.0,201,8,2007,321999
HOME-102819,80,RL,,10395,IR1,NWAmes,1Fam,SLvl,6,6,1978,1978,TA,CBlock,Gd,1032.0,Y,1032,2,3,TA,1,Attchd,2.0,0,7,2007,158984
HOME-101002,20,FV,100.0,11824,IR1,Somerst,1Fam,1Story,8,5,2006,2006,Gd,PConc,Gd,1685.0,Y,1685,2,2,Gd,1,Attchd,3.0,112,4,2007,275180
HOME-100503,160,FV,24.0,2160,Reg,Somerst,Twnhs,2Story,7,5,1999,2000,Gd,PConc,Gd,600.0,Y,1252,2,2,Gd,0,Detchd,2.0,0,3,2008,169925
HOME-101416,60,RL,,14762,IR2,Gilbert,1Fam,2Story,5,6,1948,1950,TA,Slab,,0.0,Y,2320,2,2,TA,1,Attchd,2.0,120,5,2006,187794
HOME-100610,60,RL,,12104,IR1,Gilbert,1Fam,2Story,7,5,2006,2006,Gd,PConc,Gd,1035.0,Y,2322,3,4,Gd,0,Attchd,3.0,400,8,2006,319456
HOME-100975,20,RL,90.0,14115,IR1,Crawfor,1Fam,1Story,6,7,1956,2004,TA,PConc,TA,1073.0,Y,1811,1,2,Ex,1,Attchd,2.0,0,7,2006,247639
HOME-101927,50,RL,75.0,45600,IR2,ClearCr,1Fam,1.5Fin,6,8,1908,1997,TA,BrkTil,TA,907.0,Y,2358,3,5,TA,1,Detchd,2.0,486,9,2008,259631
HOME-100750,70,RL,113.0,21281,Reg,NAmes,1Fam,2Story,5,4,1935,2007,TA,BrkTil,TA,666.0,Y,3086,3,4,Gd,0,BuiltIn,3.0,0,11,2007,319626
HOME-100775,20,RL,,7791,IR1,Sawyer,1Fam,1Story,5,8,1963,1995,Gd,CBlock,TA,912.0,Y,912,1,3,Gd,0,Attchd,1.0,0,10,2009,136245
HOME-102367,20,RL,70.0,7000,Reg,NAmes,1Fam,1Story,5,6,1962,1962,TA,CBlock,TA,864.0,Y,864,1,3,TA,0,Attchd,1.0,0,2,2006,116191
HOME-100783,60,RL,99.0,13069,IR1,NridgHt,1Fam,2Story,8,5,2004,2004,Gd,PConc,Gd,1706.0,Y,2956,2,5,Ex,1,BuiltIn,3.0,194,8,2007,374088
HOME-100998,60,RL,108.0,13418,Reg,NridgHt,1Fam,2Story,9,5,2006,2006,Gd,PConc,Ex,1850.0,Y,2748,2,4,Ex,1,BuiltIn,3.0,212,10,2008,412288
HOME-102061,20,RL,61.0,9758,IR1,NAmes,1Fam,1Story,5,5,1971,1971,TA,CBlock,TA,950.0,Y,950,1,3,TA,0,Detchd,1.0,0,7,2007,127760
HOME-100846,30,RM,,5890,Reg,IDOTRR,1Fam,1Story,6,8,1930,2007,Gd,BrkTil,TA,816.0,Y,816,1,2,TA,0,Detchd,1.0,0,6,2008,128668
HOME-102637,50,RM,,6240,Reg,BrkSide,1Fam,1.5Fin,5,4,1936,1950,TA,BrkTil,Gd,896.0,Y,1344,1,3,TA,0,Detchd,1.0,200,4,2006,126331
HOME-100448,60,FV,,8470,Reg,Somerst,1Fam,2Story,8,5,2002,2002,Gd,PConc,Gd,972.0,Y,1811,2,3,Gd,1,Attchd,2.0,225,10,2009,242271
HOME-100593,20,FV,72.0,8640,Reg,Somerst,1Fam,1Story,8,5,2009,2009,Gd,PConc,Gd,1300.0,Y,1314,2,3,Gd,0,Attchd,2.0,135,9,2009,237005
HOME-101593,85,RL,,7703,IR1,Sawyer,1Fam,SFoyer,6,8,1978,1978,TA,CBlock,Gd,450.0,Y,1034,1,3,TA,1,Basment,2.0,311,5,2008,160221
HOME-100758,20,RL,73.0,16133,Reg,Edwards,1Fam,1Story,5,4,1969,1969,TA,CBlock,Gd,1176.0,Y,1176,1,2,TA,0,Attchd,1.0,0,12,2006,129891
HOME-100035,90,RL,80.0,8000,Reg,NAmes,Duplex,1Story,5,4,1961,1961,TA,CBlock,TA,1800.0,N,1800,2,6,TA,0,,0.0,0,7,2007,149957
HOME-101098,120,RL,,4928,IR1,NPkVill,TwnhsE,1Story,6,5,1976,1976,TA,CBlock,Gd,1078.0,Y,958,2,2,TA,1,Attchd,2.0,0,2,2007,139666
HOME-100564,70,RL,,11435,IR1,Crawfor,1Fam,2Story,8,7,1929,1950,TA,PConc,Gd,792.0,Y,1517,1,3,Gd,2,Detchd,2.0,0,6,2006,253509
HOME-100561,70,RL,43.0,7000,Reg,SWISU,1Fam,2Story,7,8,1926,1997,TA,BrkTil,TA,624.0,Y,1479,1,3,Gd,2,Detchd,1.0,530,5,2006,176952
HOME-101783,45,RL,55.0,10594,Reg,Crawfor,1Fam,1.5Unf,5,5,1926,1950,TA,BrkTil,TA,768.0,N,789,1,2,TA,0,Detchd,1.0,0,6,2007,102664
HOME-102520,160,RM,24.0,2160,Reg,BrDale,TwnhsE,2Story,5,6,1973,1973,TA,CBlock,TA,765.0,Y,1365,1,3,Gd,1,Attchd,2.0,0,6,2006,138266
HOME-101056,160,RM,21.0,1680,Reg,BrDale,TwnhsE,2Story,6,3,1971,1971,TA,CBlock,TA,483.0,Y,987,1,2,TA,0,Detchd,1.0,0,8,2008,92683
HOME-101224,120,RL,45.0,6264,IR1,StoneBr,1Fam,1Story,8,5,1997,1997,Gd,PConc,Ex,1664.0,Y,1682,1,1,Gd,1,Attchd,2.0,0,7,2008,257263
HOME-100891,60,RL,59.0,9042,IR1,Gilbert,1Fam,2Story,6,5,1998,1998,TA,PConc,Gd,943.0,Y,1638,2,3,TA,2,Attchd,2.0,100,7,2008,204570
HOME-100412,20,RL,48.0,17043,IR1,NWAmes,1Fam,1Story,6,5,1979,1998,TA,CBlock,Gd,1362.0,Y,1586,2,3,TA,1,Attchd,2.0,192,1,2009,187207
HOME-102005,20,RL,,17979,IR1,Mitchel,1Fam,1Story,5,6,1968,1968,TA,CBlock,TA,1113.0,Y,1160,1,3,Gd,0,Attchd,1.0,81,2,2008,162488
HOME-101604,20,RL,66.0,8923,Reg,NAmes,1Fam,1Story,5,7,1953,2006,TA,CBlock,TA,1008.0,Y,1008,1,2,Gd,0,Attchd,1.0,0,5,2007,144176
HOME-101210,20,RL,66.0,7800,IR1,NAmes,1Fam,1Story,5,5,1964,1964,TA,CBlock,TA,912.0,Y,912,1,2,TA,0,Attchd,1.0,0,11,2006,126068
HOME-102049,60,RL,78.0,12090,Reg,NWAmes,1Fam,2Story,7,7,1981,2003,Gd,CBlock,Gd,725.0,Y,1479,2,3,Gd,1,Attchd,2.0,167,3,2007,190119
HOME-100444,80,RL,,12800,Reg,SawyerW,1Fam,SLvl,7,5,1989,1989,Gd,PConc,Gd,1518.0,Y,1644,2,2,Gd,1,Attchd,2.0,80,8,2009,289130
HOME-101495,50,RL,60.0,9738,Reg,Edwards,1Fam,1.5Fin,5,7,1924,1950,TA,BrkTil,TA,784.0,Y,1221,1,4,TA,0,Attchd,1.0,0,3,2006,117031
HOME-101933,20,RL,65.0,8125,Reg,NAmes,1Fam,1Story,5,7,1965,2005,Gd,CBlock,TA,912.0,Y,925,1,3,TA,0,Detchd,2.0,233,7,2008,143731
HOME-101266,60,RL,82.0,10672,IR1,NridgHt,1Fam,2Story,8,5,2006,2006,Gd,PConc,Ex,1054.0,Y,2389,2,4,Gd,1,BuiltIn,3.0,176,11,2006,327241
HOME-100335,20,RL,60.0,8089,Reg,StoneBr,1Fam,1Story,8,6,2007,2007,Gd,PConc,Gd,1419.0,Y,1419,2,2,Gd,1,Attchd,2.0,140,10,2007,421038
HOME-101030,120,RL,,2887,Reg,ClearCr,1Fam,1Story,6,5,1996,1997,TA,PConc,Gd,1291.0,Y,1291,1,2,Gd,1,Attchd,2.0,307,11,2008,184143
HOME-101958,20,RL,84.0,8658,Reg,NAmes,1Fam,1Story,6,5,1965,1965,TA,CBlock,TA,1088.0,Y,1324,2,3,TA,1,Attchd,2.0,0,12,2006,175230
HOME-102382,60,RL,80.0,9760,Reg,NAmes,1Fam,2Story,6,8,1964,1993,TA,CBlock,TA,822.0,Y,1851,2,3,Gd,1,Attchd,2.0,239,7,2007,201537
HOME-100992,20,FV,62.0,7500,Reg,Somerst,1Fam,1Story,7,5,2005,2005,Gd,PConc,Gd,1257.0,Y,1266,2,3,Gd,1,Attchd,2.0,38,4,2006,187662
HOME-101275,20,RL,80.0,9600,Reg,NWAmes,1Fam,1Story,7,6,1973,1973,TA,CBlock,TA,1242.0,Y,1242,1,3,TA,1,Attchd,2.0,0,9,2007,188832
HOME-101312,60,FV,65.0,8125,Reg,Somerst,1Fam,2Story,7,5,2005,2006,Gd,PConc,Gd,756.0,Y,1553,2,3,Gd,0,Attchd,2.0,0,3,2006,203520
HOME-102287,20,RL,75.0,7388,Reg,NAmes,1Fam,1Story,5,6,1959,2002,TA,CBlock,TA,1063.0,Y,1327,1,3,Gd,0,Detchd,2.0,0,7,2007,162317
HOME-100528,20,RL,84.0,10933,Reg,CollgCr,1Fam,1Story,9,5,2009,2009,Ex,PConc,Ex,1555.0,Y,1680,1,1,Ex,1,Attchd,3.0,185,7,2009,332606
HOME-102393,50,RL,70.0,6960,Reg,Sawyer,1Fam,1.5Fin,7,8,1940,1998,TA,BrkTil,TA,680.0,Y,1302,1,2,Gd,2,Attchd,1.0,0,7,2007,176737
HOME-101603,30,RL,80.0,13360,IR1,Crawfor,1Fam,1Story,5,7,1921,2006,TA,BrkTil,Gd,876.0,Y,964,1,2,TA,0,Detchd,2.0,0,8,2009,168564
HOME-102391,60,RL,,11075,IR1,Mitchel,1Fam,2Story,5,4,1969,1969,TA,CBlock,TA,784.0,Y,1968,2,4,TA,1,Attchd,2.0,305,9,2008,180421
HOME-101660,120,RL,60.0,8147,Reg,StoneBr,TwnhsE,1Story,9,5,2005,2005,Gd,PConc,Ex,1714.0,Y,1714,2,2,Gd,1,Attchd,2.0,156,8,2006,346541
HOME-102223,80,RL,,8750,IR1,Mitchel,1Fam,SLvl,7,6,1975,1975,TA,CBlock,TA,852.0,Y,918,1,3,TA,0,Attchd,1.0,192,3,2007,159493
HOME-101677,80,RL,82.0,9020,Reg,NAmes,1Fam,SLvl,6,5,1964,1964,TA,CBlock,TA,1248.0,Y,1350,1,3,TA,0,Attchd,2.0,176,6,2008,177052
HOME-100941,160,FV,35.0,4251,IR1,Somerst,TwnhsE,2Story,7,5,2006,2007,Gd,PConc,Gd,625.0,Y,1250,2,2,Gd,0,Detchd,2.0,0,6,2007,179033
HOME-101468,70,RM,57.0,8094,Reg,OldTown,1Fam,2Story,6,6,1915,1950,TA,PConc,TA,1048.0,Y,1768,2,3,TA,0,Detchd,2.0,0,6,2009,157419
HOME-101111,60,FV,65.0,8125,Reg,Somerst,1Fam,2Story,7,5,2006,2006,Gd,PConc,Gd,770.0,Y,1576,2,3,Gd,0,Attchd,2.0,0,8,2006,218350
HOME-100883,90,RL,,7976,Reg,SawyerW,Duplex,2Story,7,5,2000,2000,TA,PConc,Ex,1168.0,Y,2787,4,6,TA,2,BuiltIn,4.0,312,10,2009,276288
HOME-101642,60,RL,75.0,12192,IR1,CollgCr,1Fam,2Story,7,5,2000,2001,Gd,PConc,Gd,928.0,Y,1823,2,3,Gd,0,Attchd,2.0,192,5,2008,249521
HOME-100773,120,RL,63.0,8849,IR1,NridgHt,TwnhsE,1Story,9,5,2005,2005,Ex,PConc,Ex,1684.0,Y,1684,2,2,Ex,1,Attchd,2.0,495,7,2008,282754
HOME-101679,160,FV,24.0,2645,Reg,Somerst,Twnhs,2Story,8,5,1999,2000,Gd,PConc,Gd,776.0,Y,1441,2,2,Gd,0,Detchd,2.0,206,11,2007,188617
HOME-102674,70,RL,70.0,10570,Reg,Crawfor,1Fam,2Story,8,8,1932,1994,Gd,CBlock,Gd,853.0,Y,2727,2,3,Gd,2,Detchd,2.0,0,12,2007,338499
HOME-100312,190,RM,60.0,9600,Reg,OldTown,2fmCon,2Story,5,5,1920,1960,TA,BrkTil,TA,973.0,Y,2350,2,4,TA,0,2Types,2.0,0,4,2008,138035
HOME-101973,60,RL,,17542,IR1,Veenker,1Fam,2Story,7,7,1974,2003,Gd,CBlock,TA,1192.0,Y,2167,2,3,Gd,2,Attchd,2.0,220,7,2007,315529
HOME-101873,70,RM,60.0,10800,Reg,OldTown,1Fam,2Story,7,8,1890,1998,TA,BrkTil,TA,718.0,Y,2554,1,3,TA,0,Detchd,2.0,0,7,2007,170022
HOME-101954,60,RL,,21533,IR2,CollgCr,1Fam,2Story,7,5,1996,1997,Gd,PConc,Gd,1065.0,Y,2049,2,4,Gd,1,Attchd,2.0,120,8,2006,227410
HOME-102011,20,RL,78.0,10140,Reg,NWAmes,1Fam,1Story,7,5,1998,1999,Gd,PConc,Ex,1650.0,Y,1680,2,3,Gd,1,Attchd,2.0,78,6,2009,221071
HOME-102555,45,RL,55.0,5500,Reg,OldTown,1Fam,1.5Unf,4,6,1956,1956,TA,CBlock,TA,882.0,Y,882,1,1,TA,0,,0.0,0,4,2007,108348
HOME-100081,50,C (all),60.0,8520,Reg,IDOTRR,1Fam,1.5Fin,3,5,1916,1950,TA,PConc,Fa,216.0,N,936,1,2,TA,0,,0.0,0,4,2006,85379
HOME-101643,60,RL,,8795,IR1,Gilbert,1Fam,2Story,7,5,2000,2000,Gd,PConc,Gd,952.0,Y,2256,2,4,Gd,1,BuiltIn,2.0,224,4,2009,244103
HOME-101396,20,RL,68.0,8814,Reg,CollgCr,1Fam,1Story,7,5,2006,2006,Gd,PConc,Gd,1604.0,Y,1604,2,3,Gd,1,Attchd,2.0,123,3,2009,227014
HOME-101777,75,RM,60.0,6000,Reg,OldTown,1Fam,2.5Unf,6,7,1915,2005,Gd,BrkTil,TA,728.0,Y,1456,1,4,Gd,0,Detchd,1.0,0,6,2008,150216
HOME-102839,20,RL,,9316,IR1,Sawyer,1Fam,1Story,5,5,1965,1965,TA,CBlock,TA,1024.0,Y,1020,2,3,TA,0,Attchd,1.0,171,5,2009,129888
HOME-100529,60,RL,63.0,7875,Reg,Gilbert,1Fam,2Story,7,5,1996,1996,Gd,PConc,Gd,691.0,Y,1553,2,3,Gd,0,Attchd,2.0,0,8,2007,193663
HOME-101446,120,RL,41.0,5330,Reg,StoneBr,TwnhsE,1Story,8,5,2000,2000,Gd,PConc,Gd,1494.0,Y,1652,2,2,Ex,0,Attchd,2.0,96,8,2007,271445
HOME-100394,20,RL,60.0,11664,Reg,NAmes,1Fam,1Story,6,5,1948,1950,TA,CBlock,TA,1082.0,Y,1082,1,2,TA,1,Detchd,1.0,0,11,2007,131570
HOME-100116,120,RL,43.0,3087,Reg,Blmngtn,TwnhsE,1Story,7,5,2006,2006,Gd,PConc,Gd,1220.0,Y,1364,2,2,Gd,1,Attchd,2.0,100,11,2006,232509
HOME-102809,60,RL,,9771,IR3,SawyerW,1Fam,2Story,6,5,1995,2002,Gd,PConc,Gd,1077.0,Y,2814,2,4,Gd,1,BuiltIn,2.0,48,6,2008,276472
HOME-100382,20,RL,93.0,9382,IR1,CollgCr,1Fam,1Story,7,5,1999,2000,Gd,PConc,Gd,1468.0,Y,1479,2,3,Gd,0,Attchd,2.0,120,7,2008,202113
HOME-100596,50,RL,80.0,17120,Reg,ClearCr,1Fam,1.5Fin,4,4,1959,1959,TA,CBlock,,0.0,Y,1588,2,4,TA,1,Detchd,2.0,0,7,2008,141541
HOME-100079,70,RM,60.0,9720,Reg,OldTown,1Fam,2Story,6,7,1910,2002,TA,PConc,TA,741.0,Y,1521,1,4,Gd,0,Detchd,3.0,0,9,2009,150544
HOME-102622,70,RM,90.0,9900,Reg,OldTown,1Fam,2Story,6,4,1880,1950,TA,BrkTil,TA,1008.0,Y,2210,2,5,Fa,0,Detchd,1.0,0,5,2007,125997
HOME-101876,60,RL,80.0,9200,Reg,NoRidge,1Fam,2Story,8,5,1998,1998,Gd,PConc,Gd,1470.0,Y,2630,2,4,Gd,1,Attchd,3.0,0,6,2008,335713
HOME-100225,20,RL,74.0,10206,Reg,Edwards,1Fam,1Story,3,3,1952,1952,TA,Slab,,0.0,N,944,1,2,Fa,0,Detchd,2.0,0,7,2009,83391
HOME-102758,70,RL,54.0,9399,Reg,Crawfor,1Fam,2.5Unf,7,8,1919,1950,TA,BrkTil,TA,818.0,Y,1636,1,4,Gd,1,Detchd,1.0,0,9,2006,184293
HOME-102291,120,FV,,4538,IR1,Somerst,TwnhsE,1Story,9,5,2001,2001,Gd,PConc,Ex,1310.0,Y,1310,1,1,Gd,1,Attchd,2.0,277,7,2008,304935
HOME-102726,90,RL,76.0,12436,Reg,NAmes,Duplex,1Story,5,5,1957,1957,TA,CBlock,TA,1824.0,Y,1824,2,5,TA,0,Detchd,2.0,0,1,2008,155879
HOME-102869,160,FV,30.0,3180,Reg,Somerst,TwnhsE,2Story,7,5,2005,2005,Gd,PConc,Gd,600.0,Y,1200,2,2,Gd,0,Detchd,2.0,0,4,2006,158890
HOME-102785,160,RM,21.0,2217,Reg,MeadowV,TwnhsE,2Story,4,4,1970,1970,TA,CBlock,TA,546.0,Y,1092,1,3,TA,0,Attchd,1.0,238,8,2009,92033
HOME-100719,120,RH,34.0,4060,Reg,NAmes,TwnhsE,1Story,6,5,1998,1999,Gd,PConc,Gd,1405.0,Y,1337,2,2,Gd,0,Attchd,2.0,144,8,2008,194517
HOME-102424,120,RL,43.0,3182,Reg,Blmngtn,TwnhsE,1Story,7,5,2005,2006,Gd,PConc,Gd,1346.0,Y,1504,2,1,Gd,1,Attchd,2.0,156,5,2009,185396
HOME-101699,50,RM,50.0,6000,Reg,BrkSide,1Fam,1.5Fin,6,7,1929,1950,TA,BrkTil,TA,862.0,Y,1158,1,3,TA,1,BuiltIn,1.0,0,7,2008,126144
HOME-102829,75,RL,53.0,7128,Reg,Crawfor,1Fam,2.5Unf,7,5,1941,1950,TA,CBlock,TA,918.0,Y,1646,2,4,TA,2,Detchd,1.0,0,8,2007,174835
HOME-102015,80,RL,88.0,15400,Reg,Sawyer,1Fam,SLvl,5,5,1961,1961,TA,CBlock,TA,552.0,Y,1774,2,4,TA,1,Attchd,1.0,290,7,2009,170145
HOME-100954,20,RL,85.0,14601,Reg,Timber,1Fam,1Story,9,5,2006,2006,Ex,PConc,Ex,1838.0,Y,1838,2,2,Ex,1,Attchd,3.0,270,3,2009,325907
HOME-100269,50,RL,56.0,6956,Reg,Edwards,1Fam,1.5Fin,4,7,1948,1950,TA,CBlock,Fa,624.0,Y,936,1,3,TA,0,Attchd,1.0,0,4,2006,107531
HOME-100229,70,RM,60.0,6000,Reg,OldTown,1Fam,2Story,5,9,1905,2005,Gd,BrkTil,Fa,572.0,Y,1540,1,3,Gd,0,,0.0,240,2,2008,137545
HOME-101584,50,RM,50.0,6000,Reg,BrkSide,1Fam,1.5Fin,5,8,1925,1997,TA,BrkTil,TA,884.0,Y,1348,1,3,TA,1,Detchd,1.0,0,5,2009,121605
HOME-100508,90,RL,60.0,12900,Reg,Sawyer,Duplex,SFoyer,4,4,1969,1969,TA,CBlock,Gd,1198.0,Y,1258,0,0,TA,0,CarPort,2.0,120,1,2008,118660
HOME-100924,20,RL,60.0,6360,Reg,Sawyer,1Fam,1Story,5,5,1963,1963,TA,CBlock,Gd,864.0,Y,864,1,3,TA,0,Attchd,1.0,0,1,2008,126749
HOME-100802,120,FV,40.0,3606,Reg,Somerst,TwnhsE,1Story,7,5,2006,2007,Gd,PConc,Ex,1352.0,Y,1352,2,2,Gd,1,Attchd,2.0,0,8,2007,210600
HOME-101113,20,RL,68.0,9768,Reg,NAmes,1Fam,1Story,5,5,1955,1955,TA,CBlock,TA,960.0,Y,960,1,2,TA,0,Attchd,1.0,0,2,2009,125630
HOME-101673,20,RL,80.0,12048,Reg,Edwards,1Fam,1Story,5,6,1952,2002,TA,Slab,,0.0,Y,1488,1,3,TA,1,Attchd,2.0,0,4,2006,147765
HOME-101564,30,RL,55.0,10267,Reg,BrkSide,1Fam,1Story,6,7,1918,2000,TA,BrkTil,TA,816.0,Y,838,1,2,Fa,0,Detchd,1.0,0,5,2008,137585
HOME-100995,60,RL,71.0,12209,IR1,Mitchel,1Fam,2Story,6,5,2001,2002,TA,PConc,Ex,804.0,Y,1961,2,3,Gd,1,BuiltIn,2.0,125,6,2009,219775
HOME-100121,160,FV,24.0,2280,Reg,Somerst,Twnhs,2Story,7,5,1999,1999,TA,PConc,Gd,744.0,Y,1501,2,3,TA,0,Detchd,2.0,0,8,2008,192556
HOME-101260,90,RH,82.0,6270,Reg,Crawfor,Duplex,2Story,5,6,1949,1950,TA,CBlock,TA,1001.0,N,2002,2,4,TA,0,2Types,3.0,0,8,2007,157432
HOME-101481,20,RL,,9286,IR1,CollgCr,1Fam,1Story,5,7,1977,1989,TA,CBlock,Gd,1268.0,Y,1268,1,3,Gd,0,Detchd,1.0,173,10,2009,143443
HOME-101534,20,RL,60.0,7200,Reg,NAmes,1Fam,1Story,5,5,1950,1950,TA,CBlock,,0.0,Y,1048,1,3,TA,0,Detchd,2.0,0,7,2008,102304
HOME-100569,60,RL,80.0,10400,Reg,NWAmes,1Fam,2Story,7,6,1980,1988,TA,CBlock,Gd,738.0,Y,2044,2,3,TA,1,Attchd,2.0,28,3,2008,200267
HOME-102131,60,RL,83.0,9545,Reg,NoRidge,1Fam,2Story,8,5,2000,2000,Gd,PConc,Gd,1160.0,Y,2234,2,3,Gd,1,BuiltIn,3.0,0,6,2006,333206
HOME-100111,60,RL,,9019,IR1,SawyerW,1Fam,2Story,6,5,1994,1994,TA,PConc,Gd,636.0,Y,1320,2,3,Gd,0,Attchd,2.0,0,7,2006,167294
HOME-100673,120,RL,51.0,3635,Reg,Blmngtn,TwnhsE,1Story,7,5,2007,2007,Gd,PConc,Gd,1386.0,Y,1569,2,1,Gd,1,Attchd,3.0,143,5,2009,183866
HOME-100947,50,RM,51.0,6120,Reg,BrkSide,1Fam,1.5Fin,5,7,1930,1984,TA,BrkTil,TA,741.0,Y,1324,1,3,Gd,0,Detchd,1.0,0,2,2006,120738
HOME-102201,20,RL,77.0,11500,IR1,NAmes,1Fam,1Story,6,4,1967,1967,Fa,CBlock,TA,1040.0,Y,1040,1,3,TA,1,Attchd,2.0,0,5,2009,166569
HOME-101788,20,RM,60.0,6000,Reg,OldTown,2fmCon,1Story,4,4,1953,1953,Fa,CBlock,Fa,936.0,N,936,1,2,TA,0,Detchd,2.0,0,2,2009,95305
HOME-101362,50,RM,50.0,6000,Reg,BrkSide,1Fam,1.5Fin,4,6,1936,1950,TA,BrkTil,TA,672.0,Y,1324,1,3,TA,0,Detchd,1.0,0,7,2009,132550
HOME-100717,20,RL,124.0,16158,IR1,StoneBr,1Fam,1Story,7,5,2005,2005,Gd,PConc,Ex,1530.0,Y,1530,2,3,Gd,1,Attchd,2.0,168,6,2009,269221
HOME-102535,20,RL,108.0,12228,Reg,NridgHt,1Fam,1Story,7,5,2006,2006,Gd,PConc,Ex,1721.0,Y,1740,2,4,Gd,0,Attchd,3.0,0,9,2006,319906
HOME-101600,60,RL,75.0,9157,IR1,Timber,1Fam,2Story,7,5,2003,2003,Gd,PConc,Gd,912.0,Y,2014,2,3,Gd,0,Attchd,2.0,124,2,2009,174451
HOME-100324,60,RL,,11250,Reg,CollgCr,1Fam,2Story,8,5,2002,2002,Gd,PConc,Gd,1128.0,Y,2290,2,4,Gd,1,Attchd,2.0,0,5,2008,272836
HOME-100100,160,RL,24.0,2280,Reg,NPkVill,Twnhs,2Story,6,6,1976,1976,TA,CBlock,Gd,855.0,Y,1456,2,3,TA,1,Attchd,2.0,87,7,2009,154623
HOME-100973,80,RL,85.0,10200,Reg,Timber,1Fam,SLvl,6,5,1988,1989,Gd,CBlock,Gd,1461.0,Y,1509,2,3,Gd,1,Attchd,2.0,224,8,2008,187944
HOME-100910,20,RL,,8544,IR1,Sawyer,1Fam,1Story,5,6,1966,2006,TA,CBlock,TA,1228.0,Y,1228,1,3,Gd,0,Attchd,1.0,0,6,2008,157557
HOME-102735,20,RL,44.0,10751,IR1,Sawyer,1Fam,1Story,5,5,1974,1974,TA,CBlock,Fa,1037.0,Y,1037,1,2,TA,0,Attchd,2.0,136,8,2007,136944
HOME-100018,60,RL,60.0,18062,IR1,StoneBr,1Fam,2Story,10,5,2006,2006,Ex,PConc,Ex,1528.0,Y,3390,3,5,Ex,1,BuiltIn,3.0,204,9,2006,603559
HOME-101532,30,RM,60.0,8520,Reg,OldTown,1Fam,1Story,5,6,1923,2006,Gd,CBlock,TA,968.0,Y,968,1,2,TA,0,Detchd,2.0,0,7,2007,109677
HOME-101955,60,RL,76.0,9291,IR1,SawyerW,1Fam,2Story,6,5,1993,1993,Gd,PConc,Gd,832.0,Y,1710,2,3,Gd,0,Attchd,2.0,144,6,2008,196826
HOME-101640,50,RL,60.0,11409,Reg,Edwards,1Fam,1.5Fin,5,4,1949,2008,TA,CBlock,TA,768.0,Y,1716,1,3,TA,1,Attchd,1.0,0,1,2009,137673
HOME-100620,70,RL,78.0,12168,Reg,Crawfor,1Fam,2Story,8,6,1934,1998,TA,PConc,Gd,965.0,Y,3194,2,4,TA,2,Basment,2.0,0,9,2007,390704
HOME-101531,30,RM,60.0,8967,Reg,IDOTRR,1Fam,1Story,5,2,1920,1950,TA,BrkTil,Fa,961.0,Y,1077,1,2,TA,0,Detchd,1.0,0,11,2007,72291
HOME-101864,60,RL,85.0,16056,IR1,StoneBr,1Fam,2Story,9,5,2005,2006,Gd,PConc,Ex,1992.0,Y,2868,3,4,Ex,1,BuiltIn,3.0,214,7,2006,614123
HOME-101964,70,RM,50.0,9060,Reg,IDOTRR,1Fam,2Story,5,6,1923,1999,TA,BrkTil,Gd,859.0,Y,1828,2,3,Gd,0,Detchd,,174,3,2007,166780
HOME-102589,50,RM,68.0,4080,Reg,OldTown,1Fam,1.5Fin,6,8,1935,1998,TA,PConc,TA,901.0,Y,1378,1,3,Gd,0,Detchd,1.0,54,6,2009,134056
HOME-101743,120,RL,,3621,Reg,Blmngtn,TwnhsE,1Story,8,5,2003,2003,Gd,PConc,Gd,1406.0,Y,1589,2,2,Gd,1,Attchd,3.0,143,11,2007,244700
HOME-102214,20,RL,150.0,215245,IR3,Timber,1Fam,1Story,7,5,1965,1965,TA,CBlock,Gd,2136.0,Y,2036,2,3,TA,2,Attchd,2.0,0,6,2009,386247
HOME-101464,20,RL,98.0,12704,Reg,NridgHt,1Fam,1Story,8,5,2008,2009,Ex,PConc,Ex,2042.0,Y,2042,2,3,Ex,1,Attchd,3.0,0,8,2009,264027
HOME-100777,60,RL,85.0,12244,Reg,Timber,1Fam,2Story,8,5,2003,2003,Gd,PConc,Gd,1482.0,Y,2262,2,4,Gd,2,Attchd,3.0,168,8,2008,314213
HOME-102358,60,FV,85.0,11003,Reg,Somerst,1Fam,2Story,10,5,2008,2008,Ex,PConc,Ex,1017.0,Y,2007,2,3,Ex,1,Attchd,3.0,168,4,2009,319430
HOME-102240,90,RL,65.0,6012,Reg,Edwards,Duplex,1Story,4,5,1955,1955,TA,PConc,,0.0,N,1152,2,2,TA,0,,0.0,0,6,2008,86893
HOME-100209,50,RM,52.0,9439,Reg,OldTown,1Fam,1.5Fin,5,5,1930,1950,TA,CBlock,TA,912.0,Y,1248,1,2,TA,0,Detchd,1.0,0,3,2007,93455
HOME-102152,50,RL,67.0,12354,Reg,Edwards,1Fam,1.5Fin,6,8,1920,2000,TA,BrkTil,TA,684.0,Y,1196,1,3,Gd,0,Detchd,2.0,0,8,2009,113236
HOME-100971,60,RL,,53107,IR2,ClearCr,1Fam,2Story,6,5,1992,1992,Gd,PConc,Gd,1580.0,Y,1953,2,3,Gd,2,Attchd,2.0,216,6,2007,264946
HOME-100651,60,RL,80.0,9428,Reg,Somerst,1Fam,2Story,8,5,2007,2008,Gd,PConc,Gd,955.0,Y,1874,2,3,Gd,1,Attchd,3.0,168,2,2008,315419
HOME-102564,20,RL,65.0,7514,Reg,NAmes,1Fam,1Story,5,7,1967,1975,TA,CBlock,TA,943.0,Y,1387,1,3,TA,1,Attchd,1.0,0,9,2006,159186
HOME-101683,20,RL,95.0,12350,Reg,NridgHt,1Fam,1Story,9,5,2008,2008,Ex,PConc,Ex,2020.0,Y,2020,2,3,Ex,1,Attchd,3.0,192,5,2009,412454
HOME-101684,40,RL,55.0,6854,Reg,BrkSide,1Fam,1Story,5,7,1925,1994,TA,PConc,TA,756.0,N,1060,1,1,TA,1,Detchd,1.0,0,8,2007,145573
HOME-101521,30,RL,,10020,IR1,Edwards,1Fam,1Story,1,1,1922,1950,Fa,BrkTil,Fa,683.0,N,904,0,1,Fa,0,,0.0,0,3,2009,62481
HOME-102238,20,RL,60.0,12450,Reg,SawyerW,1Fam,1Story,5,5,2003,2004,Gd,PConc,Gd,1094.0,Y,1094,1,3,Gd,0,Detchd,2.0,0,5,2007,159876
HOME-100662,160,FV,24.0,2160,Reg,Somerst,Twnhs,SLvl,7,5,1999,2000,Gd,PConc,Gd,672.0,Y,1404,2,3,Gd,0,Detchd,2.0,20,6,2008,183283
HOME-100965,45,RM,50.0,6130,Reg,BrkSide,1Fam,1.5Unf,5,6,1924,1950,TA,BrkTil,TA,784.0,Y,784,1,2,Gd,0,,0.0,0,5,2008,117101
HOME-100500,160,RM,,2665,Reg,MeadowV,TwnhsE,2Story,5,6,1976,1976,TA,PConc,Gd,264.0,Y,1304,1,3,TA,1,BuiltIn,1.0,141,6,2008,122047
HOME-101027,160,RM,24.0,2522,Reg,Edwards,Twnhs,2Story,7,5,2004,2004,Gd,PConc,Gd,970.0,Y,1709,2,3,Gd,0,Detchd,2.0,0,4,2006,155230
HOME-100694,120,RL,42.0,4235,Reg,Edwards,TwnhsE,1Story,5,5,1984,1984,Gd,CBlock,Gd,1049.0,Y,1049,2,2,Gd,0,Attchd,1.0,0,2,2009,140551
HOME-101258,20,RL,,8926,IR1,Edwards,1Fam,1Story,4,3,1956,1956,TA,CBlock,TA,672.0,Y,960,1,3,TA,0,Basment,1.0,64,10,2009,115582
HOME-102553,70,RM,57.0,6406,Reg,OldTown,1Fam,2Story,5,6,1939,1950,TA,BrkTil,TA,690.0,Y,1558,1,3,TA,1,Detchd,2.0,0,10,2009,154696
HOME-102510,60,RL,130.0,16900,Reg,NridgHt,1Fam,2Story,8,5,2001,2002,Gd,PConc,Ex,1479.0,Y,2649,2,4,Gd,1,Attchd,3.0,0,1,2008,456381
HOME-101945,120,RL,44.0,7390,IR1,NridgHt,TwnhsE,1Story,9,5,2008,2009,Ex,PConc,Ex,1884.0,Y,1884,2,2,Ex,1,Attchd,2.0,231,5,2009,326203
HOME-101982,190,RM,60.0,10800,Reg,OldTown,2fmCon,1.5Fin,6,6,1940,1950,TA,CBlock,TA,884.0,Y,1436,2,3,TA,2,Detchd,2.0,0,5,2008,164636
HOME-102817,50,RL,70.0,10759,Reg,Sawyer,1Fam,1.5Fin,5,4,1972,1972,TA,CBlock,Gd,1001.0,Y,1641,2,4,TA,1,Detchd,2.0,0,7,2008,148607
HOME-102067,20,RL,66.0,8300,IR1,NAmes,1Fam,1Story,6,6,1968,1968,TA,CBlock,TA,952.0,Y,952,1,3,TA,0,Attchd,1.0,0,8,2007,137472
HOME-101257,190,RM,41.0,5852,IR3,OldTown,2fmCon,2.5Unf,7,5,1902,2000,TA,BrkTil,TA,1020.0,N,1864,2,6,TA,0,,0.0,0,5,2009,99214
HOME-101631,50,RL,70.0,10512,Reg,Edwards,1Fam,1.5Fin,6,6,1954,1954,TA,CBlock,TA,988.0,Y,1626,1,3,Gd,0,Attchd,1.0,366,5,2007,169403
HOME-101573,40,RL,60.0,12144,Reg,NAmes,1Fam,1Story,5,7,1949,1950,Gd,CBlock,TA,832.0,Y,1268,1,3,TA,1,Attchd,1.0,0,9,2009,135253
HOME-100460,120,FV,32.0,3784,IR1,Somerst,TwnhsE,1Story,8,5,2006,2007,Gd,PConc,Gd,1511.0,Y,1565,2,2,Gd,0,Attchd,2.0,0,2,2007,207019
HOME-101300,20,RL,78.0,9360,Reg,NAmes,1Fam,1Story,6,7,1968,2004,TA,CBlock,TA,976.0,Y,976,1,2,Gd,1,Attchd,2.0,94,8,2006,174568
HOME-100188,60,RL,101.0,14215,IR1,NridgHt,1Fam,2Story,8,5,2005,2006,Gd,PConc,Ex,1158.0,Y,2376,3,4,Gd,1,BuiltIn,3.0,240,11,2006,355444
HOME-100106,20,RL,67.0,8877,Reg,Edwards,1Fam,1Story,4,5,1951,1951,TA,CBlock,Fa,836.0,Y,1220,1,2,TA,0,Detchd,2.0,0,4,2006,112388
HOME-101560,20,RL,94.0,17778,IR1,Veenker,1Fam,1Story,8,5,1981,1981,Gd,CBlock,Gd,2461.0,Y,2497,2,2,Gd,2,Attchd,2.0,266,3,2007,402973
HOME-100309,20,FV,81.0,11216,Reg,Somerst,1Fam,1Story,8,5,2006,2006,Gd,PConc,Gd,1489.0,Y,1489,2,3,Gd,1,Attchd,2.0,0,6,2006,257839
HOME-100927,30,RM,50.0,9000,Reg,IDOTRR,1Fam,1Story,5,4,1919,1950,TA,BrkTil,TA,610.0,N,819,1,2,Gd,0,,0.0,0,9,2006,78473
HOME-100731,50,RL,80.0,9600,Reg,NAmes,1Fam,1.5Fin,6,5,1950,1950,TA,CBlock,TA,1032.0,Y,1252,1,3,TA,0,Attchd,1.0,0,4,2008,127083
HOME-100435,20,RL,75.0,9375,Reg,Edwards,1Fam,1Story,4,5,1954,1954,TA,CBlock,TA,967.0,Y,1350,1,3,TA,1,Attchd,2.0,237,6,2006,160312
HOME-101144,20,RL,70.0,13300,Reg,NAmes,1Fam,1Story,5,7,1956,2000,TA,CBlock,Gd,928.0,Y,928,1,2,TA,0,Attchd,1.0,261,6,2007,143134
HOME-100759,60,RL,,8174,IR1,Gilbert,1Fam,2Story,7,5,2003,2003,Gd,PConc,Gd,698.0,Y,1342,2,3,Gd,1,Attchd,2.0,100,5,2009,178692
HOME-101654,80,RL,55.0,10780,IR1,CollgCr,1Fam,SLvl,5,5,1976,1976,TA,CBlock,TA,911.0,Y,954,1,3,TA,0,Detchd,2.0,0,7,2006,146968
HOME-100341,20,RL,66.0,10235,IR1,CollgCr,1Fam,1Story,8,5,2007,2007,Gd,PConc,Gd,1643.0,Y,1651,2,3,Gd,1,Attchd,3.0,192,9,2007,267090
HOME-102617,60,RL,149.0,12589,IR2,Gilbert,1Fam,2Story,6,5,2005,2005,Gd,PConc,Gd,742.0,Y,1484,2,3,Gd,1,Attchd,2.0,36,6,2009,177517
HOME-101159,20,RL,74.0,9627,Reg,CollgCr,1Fam,1Story,7,5,2007,2007,Gd,PConc,Gd,1351.0,Y,1361,2,3,Gd,0,Attchd,2.0,0,6,2008,201573
HOME-101067,190,RL,107.0,10615,IR1,OldTown,2fmCon,2Story,3,5,1900,1970,TA,CBlock,Fa,978.0,Y,1699,2,3,TA,0,CarPort,2.0,0,8,2009,99204
HOME-101450,80,RM,75.0,6000,Reg,IDOTRR,1Fam,SLvl,5,5,1967,1967,Fa,CBlock,Gd,624.0,Y,1656,1,3,TA,1,Attchd,1.0,0,7,2008,134494
HOME-101752,20,RL,65.0,8775,Reg,CollgCr,1Fam,1Story,5,5,1994,1994,TA,PConc,Gd,990.0,Y,990,1,3,TA,0,Attchd,1.0,0,4,2007,137605
HOME-100752,50,C (all),60.0,11040,Reg,IDOTRR,1Fam,1.5Fin,4,6,1920,1950,TA,CBlock,TA,637.0,Y,1336,1,3,TA,0,CarPort,1.0,0,9,2006,121491
HOME-100377,60,RL,,9572,IR1,NoRidge,1Fam,2Story,8,5,1990,1990,Gd,PConc,Ex,1453.0,Y,2810,2,4,Gd,1,Attchd,2.0,500,6,2007,328253
HOME-102509,60,RL,60.0,7023,Reg,Edwards,1Fam,2Story,5,5,2005,2006,TA,PConc,Gd,734.0,Y,1408,2,3,TA,0,BuiltIn,2.0,0,5,2007,186126
HOME-100760,30,RL,60.0,10800,Reg,OldTown,1Fam,1Story,4,6,1927,2007,TA,BrkTil,TA,656.0,Y,968,2,4,TA,0,Detchd,1.0,0,8,2007,68239
HOME-101397,180,RM,35.0,3675,Reg,Edwards,TwnhsE,SFoyer,6,5,2005,2006,TA,PConc,Gd,547.0,Y,1072,2,2,TA,0,Basment,2.0,0,6,2006,155836
HOME-102120,120,RL,39.0,5070,IR1,StoneBr,TwnhsE,1Story,8,5,1992,1992,Gd,PConc,Gd,1280.0,Y,1280,2,2,Gd,0,Attchd,2.0,0,8,2008,190099
HOME-101052,20,RL,134.0,17755,Reg,Edwards,1Fam,1Story,5,4,1959,1959,TA,CBlock,TA,1466.0,Y,1466,1,3,Fa,2,Attchd,2.0,0,11,2006,165547
HOME-100721,20,RL,,10825,IR1,NWAmes,1Fam,1Story,7,7,1983,1983,Gd,CBlock,Gd,1260.0,Y,1260,2,3,TA,0,Attchd,2.0,152,7,2008,193842
HOME-100221,190,RL,60.0,9873,Reg,BrkSide,2fmCon,1Story,4,5,1970,1970,TA,CBlock,TA,960.0,N,960,1,3,TA,0,Detchd,2.0,0,5,2006,140258
HOME-101825,60,RL,65.0,8461,Reg,CollgCr,1Fam,2Story,6,5,2005,2006,Gd,PConc,Gd,728.0,Y,1456,2,3,Gd,1,Attchd,2.0,0,7,2006,178757
HOME-102800,50,RL,60.0,9780,Reg,Edwards,1Fam,1.5Fin,5,3,1934,1950,TA,PConc,TA,585.0,N,1112,2,4,TA,0,Detchd,1.0,0,3,2009,64530
HOME-101460,20,RL,80.0,10800,Reg,NWAmes,1Fam,1Story,6,5,1963,1963,TA,CBlock,TA,1052.0,Y,1052,1,3,TA,0,Attchd,1.0,0,2,2007,136440
HOME-100181,20,RL,80.0,8800,Reg,NAmes,1Fam,1Story,7,6,1966,1966,TA,CBlock,TA,1174.0,Y,1200,2,3,TA,1,Attchd,2.0,0,10,2007,174740
HOME-100771,80,RL,56.0,8872,IR1,Gilbert,1Fam,SLvl,6,5,1997,1997,TA,PConc,Gd,384.0,Y,1384,2,3,TA,1,BuiltIn,2.0,0,3,2007,171704
HOME-100652,20,RL,60.0,7200,Reg,CollgCr,1Fam,1Story,4,8,1972,2006,TA,CBlock,TA,385.0,Y,875,1,3,Gd,0,Detchd,2.0,352,10,2007,128096
HOME-100228,90,RL,92.0,12108,Reg,Edwards,Duplex,1Story,4,4,1955,1955,TA,CBlock,TA,1440.0,N,1440,2,4,Fa,0,,0.0,0,9,2008,124459
HOME-100523,20,FV,84.0,11096,Reg,Somerst,1Fam,1Story,8,5,2006,2006,Gd,PConc,Gd,1656.0,Y,1656,2,3,Gd,0,Attchd,3.0,0,7,2007,269940
HOME-102568,20,RL,65.0,10237,Reg,Gilbert,1Fam,1Story,6,5,2005,2006,Gd,PConc,Gd,1316.0,Y,1316,2,3,Gd,1,Attchd,2.0,100,10,2006,186931
HOME-102592,20,RL,80.0,9600,Reg,NAmes,1Fam,1Story,5,5,1967,1967,TA,CBlock,TA,1568.0,Y,1568,1,3,TA,0,Attchd,2.0,160,3,2009,147803
HOME-100404,120,RL,53.0,4045,Reg,Blmngtn,TwnhsE,1Story,7,5,2006,2006,Gd,PConc,Gd,1356.0,Y,1500,2,2,Gd,1,Attchd,3.0,161,10,2006,271628
HOME-100440,20,RL,57.0,8280,IR1,NAmes,1Fam,1Story,6,5,1950,1950,TA,CBlock,TA,932.0,Y,932,1,2,Gd,1,Attchd,1.0,0,11,2007,134997
HOME-101908,60,RL,72.0,7226,IR1,CollgCr,1Fam,2Story,7,5,2003,2003,Gd,PConc,Gd,798.0,Y,1640,2,3,Gd,0,Attchd,2.0,0,6,2008,196957
HOME-100328,50,RL,60.0,8064,Reg,NAmes,1Fam,1.5Fin,6,5,1950,1950,TA,CBlock,TA,795.0,N,1133,1,3,TA,0,Detchd,2.0,0,12,2009,133368
HOME-102824,85,RL,66.0,6760,Reg,NAmes,1Fam,SFoyer,5,5,1962,1962,TA,CBlock,TA,896.0,Y,936,1,3,TA,1,Attchd,1.0,24,10,2007,140749
HOME-102441,60,RL,100.0,9500,Reg,NAmes,1Fam,2Story,6,6,1964,1978,TA,CBlock,TA,816.0,Y,1977,1,4,TA,1,Attchd,2.0,0,6,2007,177135
HOME-102317,60,RL,73.0,9066,IR1,CollgCr,1Fam,2Story,8,5,1999,2000,Gd,PConc,Gd,1004.0,Y,1852,2,3,Gd,2,Attchd,3.0,224,12,2008,247353
HOME-101479,20,RL,91.0,11825,Reg,NridgHt,1Fam,1Story,8,5,2006,2007,Gd,PConc,Ex,1694.0,Y,1694,2,3,Gd,1,Attchd,3.0,0,6,2007,348973
HOME-101682,60,RL,59.0,11228,IR2,SawyerW,1Fam,2Story,7,5,1993,1993,Gd,PConc,Gd,1080.0,Y,2097,2,3,Gd,1,Attchd,3.0,196,12,2008,240247
HOME-102736,20,RL,88.0,11443,Reg,Timber,1Fam,1Story,8,5,2005,2006,Gd,PConc,Ex,1868.0,Y,2028,2,2,Gd,2,Attchd,3.0,326,3,2006,402157
HOME-101997,120,RL,,3196,Reg,Blmngtn,TwnhsE,1Story,8,5,2003,2003,Gd,PConc,Gd,1273.0,Y,1456,2,2,Gd,1,Attchd,2.0,143,5,2006,242293
HOME-101453,50,RL,45.0,8248,Reg,Edwards,1Fam,1.5Fin,4,4,1922,1950,TA,BrkTil,TA,864.0,N,1414,1,3,TA,1,,0.0,0,9,2006,91502
HOME-100210,190,RM,60.0,10320,Reg,IDOTRR,2fmCon,2Story,6,7,1915,1965,TA,CBlock,TA,698.0,Y,1403,1,3,TA,0,Detchd,1.0,0,2,2009,118661
HOME-102173,50,RM,50.0,8600,Reg,IDOTRR,1Fam,1.5Fin,6,6,1937,1950,TA,BrkTil,TA,780.0,Y,1376,2,3,TA,1,Detchd,1.0,0,6,2006,128745
HOME-102700,90,RL,82.0,11070,Reg,Mitchel,Duplex,1Story,7,5,1988,1989,TA,CBlock,TA,1907.0,Y,1959,3,5,TA,0,2Types,3.0,0,7,2006,187137
HOME-100968,20,RL,,12774,Reg,NAmes,1Fam,1Story,5,5,1953,1953,TA,PConc,TA,984.0,N,950,1,2,TA,0,Detchd,2.0,0,7,2008,136169
HOME-101251,160,RM,24.0,2522,Reg,Edwards,Twnhs,2Story,7,5,2004,2004,Gd,PConc,Gd,970.0,Y,1709,2,3,Gd,0,Detchd,2.0,0,5,2006,150776
HOME-100320,45,RL,85.0,12172,Reg,NAmes,1Fam,1.5Unf,5,7,1940,1996,TA,PConc,TA,822.0,Y,908,1,2,TA,0,Attchd,2.0,284,10,2007,152202
HOME-100083,20,RL,85.0,10628,Reg,NAmes,1Fam,1Story,7,5,1970,1970,TA,CBlock,TA,1277.0,Y,1277,1,2,TA,1,Attchd,2.0,0,4,2007,179513
HOME-102294,60,RL,65.0,7153,Reg,SawyerW,1Fam,2Story,6,5,1992,1992,Gd,PConc,Gd,761.0,Y,1603,2,3,Gd,0,Attchd,2.0,0,7,2006,197037
HOME-100870,60,RL,80.0,10000,Reg,CollgCr,1Fam,2Story,8,5,1995,1996,Gd,PConc,Gd,1220.0,Y,2090,2,3,Gd,1,Attchd,2.0,0,12,2007,259062
HOME-101042,160,RM,21.0,1890,Reg,BrDale,Twnhs,2Story,6,5,1973,1973,TA,CBlock,TA,672.0,Y,1218,1,3,TA,0,Detchd,1.0,144,5,2007,118324
HOME-101102,20,RL,85.0,10667,Reg,NAmes,1Fam,1Story,6,6,1971,1971,TA,CBlock,TA,1587.0,Y,1587,2,3,TA,1,Attchd,2.0,0,3,2007,180595
HOME-101062,60,RL,59.0,7837,IR1,Gilbert,1Fam,2Story,6,7,1993,1994,Gd,PConc,Gd,799.0,Y,1571,2,3,TA,1,Attchd,2.0,0,5,2009,181686
HOME-101648,20,RL,45.0,8982,IR1,CollgCr,1Fam,1Story,5,5,1977,1977,TA,CBlock,Gd,1040.0,Y,1040,1,3,TA,0,Detchd,2.0,0,1,2007,143502
HOME-100416,20,RL,64.0,6410,Reg,Edwards,1Fam,1Story,4,5,1959,1959,TA,CBlock,TA,876.0,Y,876,1,3,TA,0,Detchd,1.0,0,3,2009,88981
HOME-101606,160,RM,21.0,1484,Reg,MeadowV,TwnhsE,2Story,4,4,1972,1972,TA,CBlock,TA,546.0,Y,1092,1,3,TA,0,Attchd,1.0,0,5,2006,86961
HOME-100877,75,RL,60.0,8400,Reg,SWISU,1Fam,2.5Fin,5,8,1939,1997,TA,PConc,TA,720.0,Y,2192,2,4,Gd,1,Detchd,1.0,262,7,2008,191394
HOME-101095,50,RL,,11275,IR1,Crawfor,1Fam,1.5Fin,6,7,1932,1950,TA,CBlock,TA,854.0,Y,1991,1,3,TA,1,Detchd,2.0,0,3,2007,235279
HOME-101028,20,RL,36.0,15523,IR1,CollgCr,1Fam,1Story,5,6,1972,1972,TA,CBlock,TA,864.0,Y,864,1,3,TA,1,Attchd,1.0,0,8,2009,138096
HOME-102857,60,RL,65.0,8158,Reg,CollgCr,1Fam,2Story,7,5,2003,2003,Gd,PConc,Gd,884.0,Y,1768,2,3,Gd,0,Attchd,2.0,0,7,2008,242001
HOME-101072,70,RM,51.0,6120,Reg,BrkSide,1Fam,2Story,5,8,1920,2004,TA,BrkTil,TA,939.0,Y,1513,1,4,TA,0,Detchd,1.0,24,5,2007,149661
HOME-101148,20,RL,78.0,10180,IR1,NAmes,1Fam,1Story,5,6,1968,1968,TA,CBlock,TA,912.0,Y,1044,1,3,TA,1,Attchd,2.0,200,6,2008,148682
HOME-102605,20,RL,,14375,IR1,Timber,1Fam,SLvl,6,6,1958,1958,TA,CBlock,TA,819.0,Y,1344,1,3,Gd,1,Basment,2.0,0,1,2009,141800
HOME-102325,20,RL,62.0,8010,Reg,NAmes,1Fam,1Story,6,9,1958,2007,Gd,CBlock,TA,951.0,Y,951,1,2,Gd,0,Detchd,2.0,0,9,2009,148131
HOME-101499,70,RL,60.0,7200,Reg,SWISU,1Fam,2Story,7,9,1936,2007,Gd,PConc,Gd,560.0,Y,1135,1,3,Gd,0,Detchd,2.0,256,4,2009,158596
HOME-101218,60,RL,96.0,12539,Reg,NridgHt,1Fam,2Story,10,5,2005,2006,Ex,PConc,Ex,1620.0,Y,2790,2,4,Ex,1,BuiltIn,4.0,30,6,2008,493168
HOME-101252,50,RL,44.0,13758,IR1,Timber,1Fam,1.5Fin,7,5,1990,1991,Gd,CBlock,Gd,1156.0,Y,1717,2,3,Gd,1,Attchd,2.0,168,4,2007,205501
HOME-101019,60,RL,100.0,10839,IR1,Gilbert,1Fam,2Story,6,5,1997,1998,TA,PConc,Gd,926.0,Y,1604,2,3,TA,1,Attchd,2.0,0,7,2008,192280
HOME-101186,60,RL,77.0,11198,IR1,StoneBr,1Fam,2Story,9,5,2005,2007,Gd,PConc,Gd,1122.0,Y,2504,2,4,Ex,1,BuiltIn,3.0,144,6,2008,349527
HOME-100726,20,RL,,36500,IR1,ClearCr,1Fam,1Story,5,5,1964,1964,TA,CBlock,TA,1624.0,Y,1582,2,4,TA,0,Attchd,2.0,168,6,2006,212181
HOME-100310,80,RL,72.0,7200,Reg,Edwards,1Fam,SLvl,6,6,1976,1976,TA,CBlock,TA,1041.0,Y,1125,1,3,TA,1,Detchd,1.0,296,10,2009,128181
HOME-100667,20,RL,90.0,13339,IR1,Crawfor,1Fam,1Story,6,6,1960,1960,TA,CBlock,TA,1561.0,Y,1561,2,3,TA,1,Attchd,2.0,0,5,2009,198026
HOME-101516,50,RM,63.0,5000,Reg,OldTown,1Fam,1.5Fin,5,4,1900,1950,TA,BrkTil,TA,540.0,N,1440,1,3,TA,0,Attchd,1.0,0,4,2006,87644
HOME-100044,20,RL,52.0,51974,IR1,StoneBr,1Fam,1Story,9,5,2006,2007,Ex,PConc,Ex,2660.0,Y,2338,2,4,Gd,2,Attchd,3.0,0,6,2007,633145
HOME-102903,20,RL,89.0,10991,IR1,Timber,1Fam,1Story,8,5,2007,2007,Gd,PConc,Gd,1571.0,Y,1571,2,3,Gd,1,Attchd,3.0,100,12,2007,258760
HOME-100882,50,RM,50.0,8635,Reg,BrkSide,1Fam,1.5Fin,5,5,1948,2001,TA,CBlock,TA,672.0,Y,1285,1,2,TA,0,Detchd,1.0,0,1,2008,136323
HOME-102298,85,RL,,12150,IR1,Mitchel,1Fam,SFoyer,6,6,1979,1979,TA,CBlock,Gd,1001.0,Y,1299,2,2,Gd,1,BuiltIn,2.0,84,1,2007,195765
HOME-101141,70,RL,60.0,11414,IR1,BrkSide,1Fam,2Story,7,8,1910,1993,TA,BrkTil,Gd,728.0,N,2019,1,3,Gd,0,Detchd,2.0,509,10,2009,173780
HOME-101614,20,RL,70.0,8050,Reg,NAmes,1Fam,1Story,5,6,1967,1993,TA,CBlock,TA,949.0,Y,1107,1,3,Gd,0,Attchd,1.0,88,3,2007,138340
HOME-100572,30,RM,60.0,6911,Reg,BrkSide,1Fam,1Story,5,5,1924,1950,TA,PConc,TA,1145.0,Y,1301,1,2,Fa,0,Detchd,2.0,0,10,2009,103217
HOME-102918,20,RL,86.0,8665,IR1,Sawyer,1Fam,1Story,5,5,1968,1968,TA,CBlock,TA,876.0,Y,897,1,3,TA,0,Attchd,1.0,0,1,2007,125113
HOME-100656,20,RL,,14357,IR1,NAmes,1Fam,1Story,5,5,1961,1961,TA,CBlock,TA,864.0,Y,1187,1,2,TA,1,Attchd,2.0,128,8,2007,150711
HOME-102908,60,RL,86.0,10562,Reg,NridgHt,1Fam,2Story,8,5,2007,2007,Gd,PConc,Ex,1582.0,Y,2161,1,3,Ex,1,Attchd,3.0,178,11,2007,353513
HOME-102094,20,RL,44.0,12864,IR1,Mitchel,1Fam,1Story,7,5,2002,2002,Gd,PConc,Gd,1409.0,Y,1409,1,1,Gd,1,Attchd,2.0,0,7,2007,263328
HOME-100139,160,FV,34.0,2998,Reg,Somerst,TwnhsE,2Story,6,5,2000,2000,Gd,PConc,Gd,756.0,Y,1512,2,2,Gd,0,Detchd,2.0,0,8,2009,186562
HOME-102904,60,RL,88.0,12665,IR1,Timber,1Fam,2Story,8,5,2005,2006,Gd,PConc,Gd,1094.0,Y,2482,2,4,Gd,1,BuiltIn,3.0,144,2,2007,298808
HOME-100423,160,RM,24.0,2522,Reg,Edwards,Twnhs,2Story,6,5,2004,2006,Gd,PConc,Gd,970.0,Y,1709,2,3,Gd,0,Detchd,2.0,0,4,2006,144126
HOME-102385,20,RL,99.0,7094,IR1,Sawyer,1Fam,1Story,5,5,1966,1966,TA,CBlock,TA,894.0,Y,894,1,3,TA,0,Detchd,1.0,0,5,2007,133208
HOME-101596,120,RM,,3072,Reg,Blmngtn,TwnhsE,1Story,7,5,2004,2004,Gd,PConc,Gd,1375.0,Y,1414,2,2,Gd,1,Attchd,2.0,144,5,2006,196276
HOME-102289,20,RL,80.0,10197,IR1,NAmes,1Fam,1Story,6,5,1961,1961,TA,CBlock,TA,1362.0,Y,1362,1,3,TA,1,Attchd,2.0,0,6,2008,172154
HOME-102401,60,RL,,8068,IR1,Gilbert,1Fam,2Story,6,5,2002,2002,Gd,PConc,Gd,1010.0,Y,2267,2,4,Gd,1,BuiltIn,2.0,120,12,2009,203961
HOME-100048,20,RL,73.0,8993,IR1,Gilbert,1Fam,1Story,7,5,2007,2007,Gd,PConc,Gd,1302.0,Y,1302,2,3,Gd,0,Attchd,2.0,0,8,2007,190929
HOME-102463,120,RL,53.0,3684,Reg,Blmngtn,TwnhsE,1Story,7,5,2007,2007,Gd,PConc,Gd,1373.0,Y,1555,2,2,Gd,1,Attchd,3.0,143,6,2009,181088
HOME-101470,20,RL,100.0,21750,Reg,Mitchel,1Fam,1Story,5,5,1954,1954,TA,CBlock,TA,988.0,Y,988,1,2,TA,0,Attchd,2.0,0,2,2008,118629
HOME-101776,20,RL,63.0,7500,Reg,SawyerW,1Fam,1Story,7,5,2006,2006,Gd,PConc,Gd,1141.0,Y,1141,1,3,Gd,0,Detchd,2.0,182,6,2009,156580
HOME-101950,90,RL,,8145,IR1,Crawfor,Duplex,2.5Unf,7,6,1940,1950,TA,BrkTil,TA,920.0,Y,2480,2,5,TA,2,Detchd,2.0,0,7,2009,213773
HOME-102663,20,FV,85.0,10625,Reg,Somerst,1Fam,1Story,7,5,2006,2007,Gd,PConc,Gd,1652.0,Y,1662,2,3,Ex,1,Attchd,3.0,168,3,2009,298533
HOME-102186,85,RL,62.0,10441,Reg,Mitchel,1Fam,SFoyer,5,5,1992,1992,TA,PConc,Gd,912.0,Y,970,1,3,TA,0,,0.0,80,7,2006,145157
HOME-100841,20,RH,,8900,Reg,SawyerW,1Fam,1Story,4,4,1966,1966,TA,CBlock,TA,1056.0,Y,1056,1,2,TA,0,Detchd,1.0,0,11,2006,122222
HOME-101213,20,RL,,7830,IR1,NAmes,1Fam,1Story,5,5,1970,1970,TA,CBlock,TA,1180.0,Y,1180,1,2,TA,0,Attchd,2.0,0,3,2009,129022
HOME-101332,50,RM,60.0,7200,Reg,IDOTRR,1Fam,1.5Fin,5,6,1938,1995,TA,CBlock,TA,803.0,Y,1360,1,2,Gd,0,Detchd,1.0,0,7,2006,138132
HOME-100204,60,RL,,11792,IR1,Gilbert,1Fam,2Story,8,5,2003,2003,Gd,PConc,Gd,1008.0,Y,2283,2,4,Gd,1,BuiltIn,3.0,120,8,2009,270942
HOME-101412,20,RL,63.0,7500,Reg,SawyerW,1Fam,1Story,7,5,2006,2006,Gd,PConc,Gd,1143.0,Y,1143,1,3,Gd,0,,0.0,0,10,2007,161836
HOME-100131,20,RM,52.0,8516,Reg,OldTown,1Fam,1Story,4,6,1958,2006,TA,CBlock,TA,869.0,Y,1093,1,2,TA,0,Detchd,1.0,0,5,2008,121803
HOME-102188,60,RL,60.0,7500,Reg,Gilbert,1Fam,2Story,6,5,1998,1999,Gd,PConc,Gd,952.0,Y,1636,2,3,TA,1,Attchd,2.0,0,10,2009,192911
HOME-100196,190,RM,69.0,9142,Reg,OldTown,2fmCon,2Story,5,5,1900,2006,TA,BrkTil,Fa,797.0,N,1627,2,4,TA,0,Detchd,2.0,192,2,2008,145476
HOME-100388,20,RM,49.0,5820,Reg,OldTown,1Fam,1Story,3,8,1955,2005,TA,CBlock,TA,1162.0,Y,1163,1,3,TA,0,Attchd,1.0,142,7,2006,136621
HOME-101467,20,RL,93.0,10481,IR1,CollgCr,1Fam,1Story,8,5,2006,2007,Gd,PConc,Gd,2140.0,Y,2140,2,3,Gd,0,Attchd,3.0,136,6,2007,394396
HOME-101359,60,RL,65.0,8366,IR1,SawyerW,1Fam,2Story,6,5,2004,2004,Gd,PConc,Gd,798.0,Y,1640,2,3,Gd,0,Attchd,2.0,138,12,2008,185359
HOME-102725,50,RL,60.0,7008,Reg,OldTown,1Fam,1.5Fin,4,8,1900,1998,TA,BrkTil,Fa,448.0,Y,720,1,1,Fa,0,Attchd,1.0,0,3,2006,94533
HOME-102678,60,RL,96.0,13262,IR1,NridgHt,1Fam,2Story,8,5,2003,2004,Gd,PConc,Gd,1082.0,Y,2400,3,4,Gd,1,BuiltIn,3.0,114,6,2009,297776
HOME-100178,20,RL,70.0,18044,IR1,Crawfor,1Fam,1Story,8,5,1986,1986,Gd,CBlock,Gd,279.0,Y,2726,2,2,Gd,1,Attchd,2.0,216,8,2007,342776
HOME-102318,60,RL,50.0,8340,IR1,CollgCr,1Fam,2Story,6,6,1977,1977,TA,CBlock,Gd,675.0,Y,1388,1,3,TA,0,Attchd,1.0,406,12,2006,170326
HOME-101038,20,RL,50.0,5000,Reg,BrkSide,1Fam,1Story,3,3,1946,1950,Fa,CBlock,Fa,666.0,N,666,1,2,Gd,0,,0.0,0,4,2007,70474
HOME-100298,20,RL,70.0,8750,Reg,NAmes,1Fam,1Story,5,5,1956,1956,TA,CBlock,TA,1202.0,Y,1202,1,3,TA,0,Attchd,1.0,0,11,2009,127955
HOME-102176,60,RL,43.0,10667,IR2,CollgCr,1Fam,2Story,7,6,1996,1996,Gd,PConc,Gd,799.0,Y,1661,2,3,Gd,1,Attchd,2.0,158,4,2009,218017
HOME-102406,60,RL,,9636,IR1,Gilbert,1Fam,2Story,6,5,1992,1993,TA,PConc,Gd,808.0,Y,1593,2,3,TA,1,BuiltIn,2.0,342,12,2009,185774
HOME-102866,60,RL,65.0,12438,IR1,CollgCr,1Fam,2Story,6,5,1995,1995,Gd,PConc,Gd,781.0,Y,1499,2,3,Gd,1,Attchd,2.0,413,8,2006,206949
HOME-101074,160,RL,36.0,2448,Reg,NridgHt,Twnhs,2Story,7,5,2003,2004,Gd,PConc,Gd,764.0,Y,1626,2,2,Gd,0,BuiltIn,2.0,0,10,2008,162303
HOME-102194,60,RL,70.0,9109,Reg,SawyerW,1Fam,2Story,7,5,1994,1994,Gd,PConc,Gd,754.0,Y,1540,2,3,Gd,0,Attchd,2.0,140,10,2009,192133
HOME-100045,20,RL,,6853,IR1,Timber,1Fam,1Story,8,5,2001,2002,Gd,PConc,Ex,1267.0,Y,1296,2,2,Gd,0,Attchd,2.0,192,6,2009,224261
HOME-101612,160,RM,21.0,1890,Reg,BrDale,Twnhs,2Story,6,6,1972,1972,TA,CBlock,TA,483.0,Y,987,1,2,TA,0,Detchd,1.0,411,4,2008,105601
HOME-100933,20,RL,,9945,IR1,Sawyer,1Fam,1Story,5,5,1961,1961,TA,CBlock,TA,988.0,Y,988,1,3,TA,0,Detchd,2.0,0,10,2007,137882
HOME-101880,30,RM,46.0,3672,Reg,IDOTRR,1Fam,1Story,5,7,1922,1950,TA,BrkTil,TA,816.0,Y,816,1,2,TA,0,Detchd,1.0,0,9,2007,83007
HOME-100360,20,RL,55.0,8250,Reg,Sawyer,1Fam,1Story,5,5,1968,1968,TA,CBlock,TA,952.0,Y,1211,1,3,TA,1,Attchd,1.0,0,8,2008,143676
HOME-100645,20,RL,79.0,10289,Reg,NAmes,1Fam,1Story,5,7,1965,1965,TA,CBlock,TA,1073.0,Y,1073,1,3,TA,0,Attchd,2.0,0,6,2007,170573
HOME-101425,60,RL,64.0,8333,Reg,CollgCr,1Fam,2Story,7,5,2006,2006,Gd,PConc,Gd,738.0,Y,1491,2,3,Gd,1,Attchd,2.0,100,5,2007,181478
HOME-101283,50,RM,51.0,6120,Reg,OldTown,1Fam,1.5Fin,7,5,1931,1950,TA,BrkTil,TA,952.0,Y,1774,2,2,TA,2,Detchd,2.0,90,4,2008,135054
HOME-100340,50,RM,52.0,6240,Reg,BrkSide,1Fam,1.5Fin,5,7,1930,1992,TA,PConc,TA,1078.0,Y,1573,2,3,TA,1,Detchd,2.0,0,6,2008,170740
HOME-102820,60,RL,75.0,10125,Reg,Mitchel,1Fam,2Story,8,5,2000,2001,Gd,PConc,Gd,1107.0,Y,2052,2,3,Gd,1,BuiltIn,3.0,210,5,2009,259116
HOME-102679,70,RM,68.0,9928,Reg,OldTown,1Fam,2Story,7,8,1915,1994,TA,BrkTil,TA,672.0,Y,1944,2,3,TA,0,Detchd,1.0,24,6,2009,187898
HOME-100957,20,FV,75.0,7862,IR1,Somerst,1Fam,1Story,6,5,2009,2009,Gd,PConc,Gd,1218.0,Y,1218,2,2,Gd,0,Attchd,2.0,0,9,2009,217704
HOME-100468,60,RL,104.0,13518,Reg,NridgHt,1Fam,2Story,9,5,2008,2009,Ex,PConc,Ex,1926.0,Y,3140,3,4,Ex,2,BuiltIn,3.0,144,7,2009,492613
HOME-102373,50,RM,50.0,6125,Reg,BrkSide,1Fam,1.5Fin,5,7,1939,1998,TA,CBlock,TA,728.0,Y,1274,2,3,TA,0,Detchd,1.0,0,3,2007,144569
HOME-101383,60,RM,60.0,3378,Reg,OldTown,1Fam,2Story,7,8,1946,1992,TA,CBlock,TA,651.0,Y,1389,1,3,TA,2,Detchd,1.0,0,9,2009,139207
HOME-102479,20,RL,,20355,Reg,ClearCr,1Fam,1Story,7,6,1967,1967,TA,CBlock,Gd,1865.0,Y,1830,1,2,TA,2,Attchd,2.0,0,6,2006,303821
HOME-100585,20,RL,65.0,11625,IR1,Mitchel,1Fam,1Story,5,7,1983,1983,TA,CBlock,Gd,816.0,Y,816,1,2,TA,0,Attchd,1.0,330,5,2007,147207
HOME-101216,60,RL,43.0,14565,IR2,SawyerW,1Fam,2Story,7,5,1994,1995,Gd,PConc,Gd,832.0,Y,1657,2,3,Gd,0,Attchd,2.0,144,11,2008,196991
HOME-100472,60,RL,73.0,8814,Reg,NAmes,1Fam,2Story,5,6,1968,1968,TA,CBlock,TA,732.0,Y,1464,1,4,TA,0,Attchd,2.0,0,6,2008,151635
HOME-102737,20,RL,80.0,12984,Reg,Crawfor,1Fam,1Story,5,6,1977,1977,TA,CBlock,Gd,1430.0,Y,1647,2,3,Gd,1,Attchd,2.0,0,3,2006,241113
HOME-101795,20,RL,60.0,7200,Reg,NAmes,1Fam,1Story,5,7,1950,1950,TA,CBlock,TA,876.0,Y,988,1,3,TA,0,Attchd,1.0,0,5,2007,127044
HOME-102834,80,RL,,11333,IR1,Mitchel,1Fam,SLvl,6,5,1976,1976,TA,PConc,Gd,1029.0,Y,1062,1,3,TA,2,Attchd,2.0,120,5,2007,155845
HOME-102013,20,FV,95.0,11639,Reg,Somerst,1Fam,1Story,7,5,2007,2008,Gd,PConc,Gd,1428.0,Y,1428,2,3,Gd,0,Attchd,2.0,0,12,2008,193299
HOME-100237,20,FV,85.0,9187,Reg,Somerst,1Fam,1Story,9,5,2009,2009,Ex,PConc,Ex,1766.0,Y,1766,2,2,Ex,1,Attchd,3.0,195,10,2009,379996
HOME-101970,90,RL,52.0,8741,Reg,Edwards,Duplex,1Story,5,6,1946,1950,TA,CBlock,TA,1195.0,N,1195,2,4,TA,0,,0.0,118,7,2007,106306
HOME-101563,20,RL,72.0,10152,Reg,NAmes,1Fam,1Story,5,5,1956,1956,TA,CBlock,TA,1048.0,Y,1048,1,3,TA,0,Attchd,1.0,0,6,2007,146654
HOME-100696,20,RL,60.0,8281,IR1,Sawyer,1Fam,1Story,5,5,1965,1965,TA,CBlock,TA,864.0,Y,864,1,3,TA,1,Detchd,1.0,0,12,2009,64973
HOME-101022,70,RM,60.0,9600,Reg,OldTown,1Fam,2Story,4,4,1910,1950,Gd,BrkTil,Fa,677.0,Y,1510,2,3,Gd,0,Detchd,2.0,0,6,2009,89255
HOME-101718,20,RL,,15870,IR1,NAmes,1Fam,1Story,5,5,1969,1969,TA,CBlock,TA,1096.0,Y,1096,1,3,TA,0,Attchd,1.0,240,3,2006,150975
HOME-101050,60,RL,65.0,10237,Reg,Gilbert,1Fam,2Story,6,5,2005,2007,Gd,PConc,Gd,783.0,Y,1484,2,3,Gd,1,Attchd,2.0,0,7,2007,193057
HOME-100562,20,RL,,8750,IR1,NAmes,1Fam,1Story,5,6,1970,1970,TA,CBlock,TA,1002.0,Y,1002,1,3,TA,0,Detchd,2.0,0,8,2009,155404
HOME-102328,20,RL,89.0,12898,IR1,Timber,1Fam,1Story,9,5,2007,2008,Gd,PConc,Ex,1620.0,Y,1620,2,2,Ex,1,Attchd,3.0,228,9,2009,320578
HOME-102027,60,RL,93.0,12090,Reg,NoRidge,1Fam,2Story,8,5,1998,1998,Gd,PConc,Gd,1141.0,Y,2263,2,4,Gd,1,BuiltIn,2.0,144,7,2006,291992
HOME-102627,20,RL,,8020,IR1,Sawyer,1Fam,1Story,5,6,1964,1964,TA,CBlock,TA,912.0,N,912,1,3,TA,0,,0.0,0,4,2006,138272
HOME-102051,20,RL,50.0,5000,Reg,BrkSide,1Fam,1Story,1,3,1946,1950,Fa,Slab,,0.0,N,334,1,1,Fa,0,,0.0,0,1,2007,42978
HOME-102733,50,RL,60.0,13680,Reg,Crawfor,1Fam,1.5Fin,5,6,1940,1950,TA,CBlock,TA,840.0,Y,1567,1,2,TA,2,Detchd,2.0,0,2,2009,210721
HOME-102929,20,RL,75.0,10425,Reg,NAmes,1Fam,1Story,5,5,1956,1958,TA,CBlock,TA,1104.0,Y,1104,1,3,TA,0,Attchd,1.0,0,4,2008,138851
HOME-101543,60,RL,,11800,IR1,Timber,1Fam,2Story,7,5,2003,2004,Gd,PConc,Gd,1122.0,Y,2486,3,5,Gd,1,BuiltIn,2.0,143,7,2007,307539
HOME-102139,60,RL,79.0,11646,IR1,CollgCr,1Fam,2Story,6,5,2005,2006,Gd,PConc,Gd,704.0,Y,1422,2,3,Gd,1,Attchd,2.0,36,7,2009,173801
HOME-101078,30,RL,56.0,4130,IR1,BrkSide,1Fam,1Story,3,6,1935,2003,Gd,CBlock,TA,270.0,Y,729,1,2,TA,0,,0.0,0,7,2008,54096
HOME-101632,20,RL,97.0,11800,IR1,CollgCr,1Fam,1Story,5,5,1974,1974,TA,CBlock,Gd,864.0,Y,894,1,3,TA,0,Attchd,2.0,0,8,2007,140904
HOME-101761,20,RL,88.0,12803,IR1,CollgCr,1Fam,1Story,7,5,2002,2002,Gd,PConc,Gd,1494.0,Y,1494,2,3,Gd,1,Attchd,2.0,192,9,2008,233712
HOME-102639,70,RM,60.0,9600,Reg,OldTown,1Fam,2Story,7,7,1925,1990,TA,BrkTil,TA,728.0,Y,1641,1,3,Ex,1,Detchd,2.0,0,8,2006,194337
HOME-102526,120,RL,40.0,4671,IR1,StoneBr,TwnhsE,1Story,8,5,1988,1989,Gd,PConc,Gd,1228.0,Y,1228,2,2,Gd,1,Attchd,2.0,168,10,2008,199549
HOME-102212,160,RM,24.0,1488,Reg,Blueste,TwnhsE,2Story,6,6,1980,1992,TA,CBlock,Gd,561.0,Y,1229,1,2,Gd,1,Attchd,2.0,176,10,2009,141638
HOME-100865,80,RL,120.0,19296,Reg,NAmes,1Fam,SLvl,6,5,1962,1962,TA,CBlock,TA,1362.0,Y,1382,1,3,TA,1,Attchd,2.0,0,5,2009,182003
HOME-100962,20,RL,,9156,IR1,NWAmes,1Fam,1Story,6,7,1968,1968,TA,CBlock,TA,1489.0,Y,1489,2,3,Gd,1,Attchd,2.0,0,8,2009,193097
HOME-100058,30,C (all),,3300,Reg,OldTown,1Fam,1Story,4,3,1910,1950,TA,BrkTil,TA,624.0,Y,816,1,2,TA,1,,0.0,0,6,2009,60824
HOME-100186,20,RL,,7758,IR1,Sawyer,1Fam,1Story,5,7,1962,2001,TA,CBlock,TA,999.0,Y,999,1,3,Gd,0,Detchd,1.0,0,3,2007,145190
HOME-102906,20,RL,70.0,8414,Reg,Sawyer,1Fam,1Story,6,8,1963,2003,TA,CBlock,TA,1059.0,Y,1068,1,3,TA,0,Attchd,1.0,192,2,2006,170888
HOME-100023,60,RL,78.0,9316,Reg,CollgCr,1Fam,2Story,7,5,2005,2006,Gd,PConc,Gd,879.0,Y,1795,2,3,Gd,0,Attchd,2.0,164,10,2007,206459
HOME-101365,20,RL,60.0,8172,Reg,Edwards,1Fam,1Story,4,5,1955,1955,TA,CBlock,TA,864.0,Y,864,1,3,TA,0,Detchd,2.0,196,10,2007,86293
HOME-101492,70,RM,57.0,9639,Reg,OldTown,1Fam,2Story,4,8,1900,1950,TA,PConc,TA,1075.0,Y,1798,2,4,TA,0,Detchd,2.0,0,5,2007,148172
HOME-101093,20,RL,80.0,12000,Reg,ClearCr,1Fam,1Story,6,5,1968,1968,TA,CBlock,Gd,1388.0,Y,1388,2,3,TA,1,Attchd,2.0,0,7,2006,175270
HOME-101709,20,RL,110.0,16163,Reg,NridgHt,1Fam,1Story,8,5,2004,2004,Gd,PConc,Gd,1618.0,Y,1618,2,2,Gd,1,Attchd,3.0,0,7,2006,281727
HOME-100343,20,RL,61.0,10226,IR1,CollgCr,1Fam,1Story,8,5,2008,2008,Gd,PConc,Ex,1622.0,Y,1630,2,3,Ex,1,Attchd,3.0,172,1,2009,304641
HOME-100482,20,RL,90.0,9900,Reg,NAmes,1Fam,1Story,6,5,1967,1967,Gd,CBlock,TA,1680.0,Y,1691,1,2,TA,0,Attchd,2.0,0,4,2009,177679
HOME-102784,160,RL,36.0,2268,Reg,NridgHt,Twnhs,2Story,7,5,2003,2004,Gd,PConc,Gd,764.0,Y,1626,2,2,Gd,0,BuiltIn,2.0,0,7,2009,178371
HOME-101613,20,RL,,7340,IR1,NAmes,1Fam,1Story,4,6,1971,1971,TA,CBlock,TA,858.0,Y,858,1,2,TA,0,Detchd,1.0,0,6,2007,119381
HOME-101646,50,RL,51.0,6191,Reg,SWISU,1Fam,1.5Fin,5,4,1941,1950,TA,CBlock,Fa,824.0,N,1288,1,4,TA,0,Detchd,1.0,0,11,2006,125967
HOME-101963,80,RL,42.0,10385,IR1,CollgCr,1Fam,SLvl,6,6,1978,1978,TA,CBlock,TA,995.0,Y,1282,2,3,TA,0,Detchd,3.0,386,4,2006,192998
HOME-100895,20,RL,65.0,9757,Reg,CollgCr,1Fam,1Story,5,7,1994,1994,TA,PConc,TA,990.0,Y,990,1,3,TA,0,Attchd,1.0,66,10,2009,149586
HOME-101337,60,RL,76.0,9120,Reg,NWAmes,1Fam,2Story,6,6,1974,1974,Gd,CBlock,TA,901.0,Y,1876,2,4,Gd,1,Attchd,2.0,0,7,2008,196513
HOME-101375,80,RL,61.0,9734,IR1,Gilbert,1Fam,SLvl,7,5,2004,2004,Gd,PConc,Gd,384.0,Y,1374,2,3,Gd,0,BuiltIn,2.0,0,5,2009,171319
HOME-100808,60,RL,70.0,8304,IR1,SawyerW,1Fam,2Story,6,5,1997,1998,TA,PConc,Gd,941.0,Y,1837,2,3,TA,0,Attchd,2.0,150,7,2006,207072
HOME-100794,80,RL,,7750,Reg,Gilbert,1Fam,SLvl,8,5,2002,2002,Gd,PConc,Gd,408.0,Y,1419,2,3,Gd,1,BuiltIn,2.0,120,3,2009,191297
HOME-101036,160,FV,30.0,3180,Reg,Somerst,TwnhsE,2Story,7,5,2007,2007,Gd,PConc,Gd,689.0,Y,1392,2,2,Gd,0,Detchd,2.0,0,3,2008,153099
HOME-102743,30,RM,50.0,5925,Reg,OldTown,1Fam,1Story,4,7,1937,2000,TA,BrkTil,Fa,907.0,Y,1131,1,2,TA,0,Detchd,2.0,0,3,2007,98454
HOME-100533,120,RL,50.0,7175,Reg,SawyerW,TwnhsE,1Story,6,5,1990,1991,Gd,PConc,Gd,1332.0,Y,1332,2,2,Gd,0,Attchd,2.0,0,2,2009,149443
HOME-100754,60,RL,92.0,15922,IR1,StoneBr,1Fam,2Story,9,5,2005,2006,Gd,PConc,Ex,1390.0,Y,2795,3,4,Ex,1,BuiltIn,3.0,272,1,2006,452301
HOME-101116,160,RL,24.0,2364,Reg,NPkVill,TwnhsE,2Story,6,5,1978,1978,Gd,CBlock,Gd,855.0,Y,1456,2,3,TA,1,Attchd,2.0,147,4,2009,140753
HOME-100164,20,RL,85.0,9350,Reg,NAmes,1Fam,1Story,5,6,1961,1995,TA,CBlock,TA,1313.0,Y,1313,1,3,Gd,1,Attchd,2.0,172,2,2009,160124
HOME-102587,20,RL,91.0,11830,Reg,Somerst,1Fam,1Story,8,5,2007,2007,Gd,PConc,Gd,1542.0,Y,1542,2,3,Gd,1,Attchd,3.0,168,7,2007,275384
HOME-101077,20,RL,,17541,IR1,Edwards,1Fam,1Story,5,7,1948,2005,TA,CBlock,TA,409.0,Y,1325,2,3,Gd,1,Detchd,2.0,0,7,2007,235988
HOME-100918,70,RL,60.0,10800,Reg,OldTown,1Fam,2Story,5,9,1895,1999,TA,CBlock,Gd,736.0,Y,1534,1,3,Gd,0,,0.0,0,7,2007,160510
HOME-101329,20,RL,78.0,10206,Reg,Somerst,1Fam,1Story,8,5,2008,2008,Gd,PConc,Gd,1614.0,Y,1658,2,3,Gd,1,Attchd,3.0,144,9,2009,260913
HOME-102264,30,RM,50.0,6000,Reg,OldTown,1Fam,1Story,6,6,1925,1980,TA,BrkTil,TA,1103.0,Y,1103,1,2,Gd,1,Detchd,2.0,166,7,2006,120583
HOME-101739,190,RH,60.0,10896,Reg,SWISU,2fmCon,2.5Fin,6,7,1914,1995,Fa,CBlock,TA,1440.0,Y,3395,2,8,Fa,0,,0.0,0,3,2007,211862
HOME-102599,60,RL,74.0,9627,Reg,Mitchel,1Fam,2Story,7,5,1993,1994,TA,PConc,Gd,996.0,Y,2000,2,3,TA,1,Attchd,3.0,190,11,2006,212469
HOME-100238,20,RL,79.0,14463,IR1,Timber,1Fam,1Story,9,5,2008,2008,Ex,PConc,Ex,1641.0,Y,1641,2,3,Ex,0,Attchd,3.0,0,1,2009,323806
HOME-100860,85,RL,,8723,IR1,NWAmes,1Fam,SFoyer,6,6,1969,1969,TA,PConc,Gd,973.0,Y,1082,1,3,TA,0,Attchd,2.0,160,1,2007,172446
HOME-101079,70,RL,86.0,22420,IR1,Crawfor,1Fam,2Story,6,6,1918,1950,TA,BrkTil,Gd,1370.0,N,2624,2,4,TA,1,Detchd,3.0,0,11,2007,255441
HOME-100347,120,RL,50.0,7175,Reg,SawyerW,TwnhsE,1Story,6,5,1990,1991,Gd,PConc,Gd,1398.0,Y,1398,2,2,Gd,0,Attchd,2.0,0,7,2006,192076
HOME-102018,20,RL,75.0,11625,Reg,Sawyer,1Fam,1Story,5,6,1967,1967,TA,CBlock,TA,1052.0,Y,1052,1,3,TA,1,Attchd,1.0,0,4,2009,119467
HOME-102211,70,RH,54.0,6629,Reg,Edwards,1Fam,2Story,6,6,1925,1950,TA,BrkTil,TA,672.0,N,1369,2,3,TA,0,Detchd,1.0,147,7,2009,108157
HOME-100300,60,RL,,9233,IR1,NoRidge,1Fam,2Story,9,5,2000,2000,Gd,PConc,Ex,1540.0,Y,2855,2,4,Ex,1,Attchd,3.0,247,3,2006,445779
HOME-100398,50,RL,60.0,10800,Reg,NAmes,1Fam,1.5Fin,4,4,1949,1950,TA,CBlock,TA,720.0,N,1192,1,4,TA,0,,0.0,0,12,2006,147597
HOME-100643,50,RL,50.0,7550,Reg,Edwards,1Fam,1.5Fin,4,5,1920,1950,Fa,BrkTil,TA,951.0,N,1362,2,4,TA,0,Detchd,1.0,0,3,2007,102812
HOME-100549,70,RM,60.0,9600,Reg,OldTown,1Fam,2Story,5,7,1910,2002,TA,BrkTil,Fa,264.0,Y,1432,2,2,TA,0,Detchd,2.0,270,5,2007,143478
HOME-102523,50,RL,70.0,11767,Reg,Edwards,1Fam,2Story,4,7,1910,2000,TA,CBlock,Fa,560.0,N,1346,1,2,TA,0,Detchd,1.0,168,5,2007,118965
HOME-100823,90,RL,65.0,10926,Reg,Edwards,Duplex,1Story,5,5,1959,1959,TA,CBlock,TA,1678.0,Y,1678,2,6,TA,0,,0.0,0,8,2009,123262
HOME-102460,20,RL,155.0,20064,IR1,ClearCr,1Fam,1Story,8,6,1976,1976,Gd,CBlock,Gd,966.0,Y,1743,0,0,Gd,2,Attchd,2.0,646,5,2007,300885
HOME-100278,20,RL,80.0,8400,Reg,NAmes,1Fam,1Story,6,9,1962,2005,Gd,CBlock,TA,1319.0,Y,1537,1,3,Gd,1,Attchd,2.0,0,7,2008,180636
HOME-101720,75,RM,70.0,6300,Reg,OldTown,1Fam,2.5Unf,7,6,1910,2005,TA,BrkTil,TA,1226.0,Y,2104,2,5,TA,0,Detchd,2.0,0,7,2006,167952
HOME-100684,20,RL,53.0,5470,Reg,OldTown,1Fam,1Story,3,5,1958,1958,TA,CBlock,TA,792.0,Y,792,1,2,TA,0,Attchd,1.0,0,8,2009,100798
HOME-101698,160,RM,21.0,1890,Reg,MeadowV,Twnhs,2Story,4,3,1976,1976,TA,CBlock,TA,546.0,Y,1092,1,3,TA,0,Attchd,1.0,0,4,2007,80883
HOME-102144,60,RL,75.0,9675,Reg,Somerst,1Fam,2Story,7,5,2005,2005,Gd,PConc,Gd,1113.0,Y,1971,2,3,Gd,1,Attchd,2.0,0,2,2009,263351
HOME-102905,120,RL,57.0,8013,IR1,StoneBr,TwnhsE,1Story,8,5,1995,1996,Gd,PConc,Gd,1587.0,Y,1734,2,2,Gd,0,Attchd,2.0,52,9,2009,249938
HOME-102647,190,RL,70.0,8425,Reg,Sawyer,2fmCon,1Story,5,6,1971,1990,TA,CBlock,Gd,768.0,Y,868,1,2,TA,0,Detchd,2.0,138,5,2007,126577
HOME-102728,180,RM,35.0,3675,Reg,Edwards,TwnhsE,SFoyer,6,5,2005,2006,TA,Wood,Gd,547.0,Y,1072,1,2,TA,0,Basment,2.0,0,4,2009,151419
HOME-100327,20,RL,71.0,9204,Reg,NAmes,1Fam,1Story,5,5,1963,1963,TA,CBlock,TA,1144.0,Y,1144,1,3,TA,0,Detchd,1.0,0,8,2008,132387
HOME-102178,70,RL,120.0,13728,Reg,Edwards,1Fam,2Story,6,7,1935,1986,TA,CBlock,TA,1127.0,Y,2108,2,4,Gd,2,Basment,2.0,0,7,2008,248282
HOME-102175,75,RL,,11888,IR1,BrkSide,1Fam,2.5Unf,6,6,1916,1994,TA,BrkTil,TA,844.0,N,2134,2,5,Gd,0,Detchd,2.0,0,7,2009,220960
HOME-100275,90,RH,60.0,8400,Reg,SawyerW,Duplex,1Story,5,5,1977,1977,TA,Slab,,0.0,Y,2020,2,4,TA,2,Detchd,2.0,0,10,2007,152479
HOME-102053,50,RL,59.0,16466,IR1,Edwards,1Fam,1.5Fin,5,7,1955,1955,TA,PConc,TA,816.0,Y,1393,1,3,TA,0,Attchd,1.0,121,4,2008,143902
HOME-100461,160,FV,,4447,IR1,Somerst,TwnhsE,2Story,7,5,2003,2003,Gd,PConc,Gd,530.0,Y,1080,2,2,Gd,0,Attchd,2.0,0,7,2006,153994
HOME-100905,120,RL,,3696,Reg,StoneBr,TwnhsE,1Story,8,5,1986,1986,Gd,CBlock,Gd,1074.0,Y,1088,1,2,Gd,0,Attchd,2.0,0,10,2007,184419
HOME-102643,70,RM,121.0,17671,Reg,OldTown,1Fam,2Story,8,9,1882,1986,Gd,BrkTil,TA,916.0,Y,1742,1,4,Gd,1,Attchd,2.0,0,11,2009,173011
HOME-100138,50,RL,115.0,21286,Reg,Sawyer,1Fam,1.5Fin,5,5,1948,1950,TA,CBlock,TA,720.0,Y,1271,2,4,TA,1,Attchd,1.0,0,8,2008,142698
HOME-102302,190,RL,56.0,6931,Reg,Edwards,2fmCon,1Story,4,5,1955,1955,TA,CBlock,TA,784.0,N,784,1,2,TA,0,,0.0,112,5,2008,98151
HOME-100248,80,RL,80.0,9600,Reg,NAmes,1Fam,SLvl,6,6,1955,1996,TA,CBlock,TA,992.0,Y,1661,1,3,Gd,1,BuiltIn,1.0,0,10,2008,174547
HOME-100447,160,RM,21.0,1680,Reg,BrDale,Twnhs,2Story,6,5,1973,1973,TA,CBlock,TA,483.0,Y,987,1,2,TA,0,Detchd,1.0,0,11,2008,108144
HOME-102112,20,RL,70.0,9100,Reg,Sawyer,1Fam,1Story,5,4,1962,1962,TA,CBlock,TA,988.0,Y,988,1,3,TA,0,Detchd,2.0,0,7,2006,140236
HOME-102044,60,RL,114.0,17242,IR1,NoRidge,1Fam,2Story,9,5,1993,1994,Gd,PConc,Ex,1733.0,Y,3500,3,4,Ex,1,Attchd,3.0,870,5,2006,643641
HOME-101126,50,RL,,7015,IR1,BrkSide,1Fam,1.5Fin,5,4,1950,1950,TA,CBlock,TA,709.0,Y,1203,1,3,Gd,1,Detchd,1.0,0,7,2009,114348
HOME-102233,20,RL,67.0,8368,IR1,Timber,1Fam,1Story,7,5,2006,2007,Gd,PConc,Gd,1689.0,Y,1689,2,3,Gd,0,Attchd,2.0,100,4,2007,255143
HOME-101652,120,RL,44.0,6442,IR1,NridgHt,TwnhsE,1Story,8,5,2006,2006,Gd,PConc,Gd,1370.0,Y,1370,2,2,Gd,1,Attchd,2.0,120,10,2007,221608
HOME-102292,20,RL,,11332,IR1,NAmes,1Fam,1Story,5,7,1960,2000,TA,CBlock,TA,1118.0,Y,1118,1,3,Gd,0,Attchd,1.0,290,8,2008,160755
HOME-100565,70,RL,53.0,7155,Reg,Crawfor,1Fam,2Story,6,8,1926,1991,TA,BrkTil,TA,686.0,Y,1461,1,3,TA,1,Detchd,1.0,0,7,2007,146370
HOME-101818,85,RL,,10050,IR1,NAmes,1Fam,SFoyer,5,6,1966,1966,TA,CBlock,TA,793.0,Y,1280,2,3,TA,1,Basment,2.0,140,6,2007,189973
HOME-102537,50,RL,,7010,Reg,BrkSide,1Fam,1.5Fin,5,5,1935,1950,TA,BrkTil,TA,1024.0,Y,1738,2,3,TA,1,Detchd,1.0,0,7,2008,159373
HOME-100887,70,RL,79.0,11526,IR1,Crawfor,1Fam,2.5Fin,6,7,1922,1994,TA,BrkTil,Ex,588.0,Y,2555,2,3,TA,1,Detchd,2.0,431,9,2008,204127
HOME-101449,20,RL,64.0,8334,Reg,CollgCr,1Fam,1Story,6,5,2006,2007,Gd,PConc,Gd,1330.0,Y,1330,2,3,Gd,1,Attchd,2.0,0,7,2007,178136
HOME-102068,20,RL,80.0,9736,Reg,NAmes,1Fam,1Story,6,6,1957,1969,TA,CBlock,TA,1331.0,Y,1721,1,4,TA,3,Attchd,2.0,0,4,2007,188589
HOME-102249,120,RL,36.0,3640,IR1,Greens,Twnhs,1Story,8,5,1980,1980,Gd,CBlock,Gd,1036.0,Y,1036,1,1,Gd,1,Detchd,2.0,133,9,2006,208451
HOME-100189,20,RL,,11553,IR1,Sawyer,1Fam,1Story,5,5,1968,1968,TA,CBlock,TA,1051.0,Y,1159,1,3,TA,1,Attchd,1.0,466,7,2006,173377
HOME-100016,20,RL,70.0,9100,Reg,Crawfor,1Fam,1Story,5,6,1954,1954,TA,BrkTil,TA,1112.0,Y,1112,1,2,TA,1,Attchd,1.0,0,10,2009,150297
HOME-100977,60,RL,,9205,IR1,NoRidge,1Fam,2Story,6,5,1990,1991,Gd,PConc,Gd,930.0,Y,2683,2,4,Gd,2,Attchd,2.0,237,6,2008,308441
HOME-101070,20,RL,109.0,9723,IR1,NAmes,1Fam,1Story,6,7,1963,1963,TA,CBlock,TA,1008.0,Y,1008,1,2,TA,0,Attchd,2.0,0,10,2006,147759
HOME-101574,120,RM,,9763,IR1,GrnHill,TwnhsE,1Story,7,5,1998,1998,Gd,PConc,Gd,1502.0,Y,1502,1,1,Gd,1,Attchd,1.0,0,9,2007,352504
HOME-100085,20,RL,75.0,9750,Reg,CollgCr,1Fam,1Story,7,5,2000,2001,Gd,PConc,Gd,1630.0,Y,1630,2,3,Gd,1,Attchd,2.0,74,10,2009,222787
HOME-102458,20,RL,,20781,IR2,NWAmes,1Fam,1Story,7,7,1968,2003,TA,CBlock,TA,1568.0,Y,2156,2,3,TA,1,Attchd,2.0,0,6,2006,293745
HOME-101145,85,RL,64.0,7301,Reg,Edwards,1Fam,SFoyer,7,5,2003,2003,Gd,Slab,,0.0,Y,1922,3,4,Gd,1,BuiltIn,2.0,0,7,2009,202248
HOME-100838,70,RL,144.0,21384,Reg,BrkSide,1Fam,2Story,5,6,1923,2004,TA,CBlock,TA,1324.0,Y,1576,1,3,Gd,1,Attchd,2.0,0,5,2009,235398
HOME-101638,50,RL,,9260,IR1,Crawfor,1Fam,1.5Fin,5,4,1938,1950,TA,BrkTil,TA,884.0,Y,1374,1,3,TA,0,Detchd,1.0,64,3,2008,116258
HOME-101592,20,RL,85.0,10452,IR1,Edwards,1Fam,1Story,6,5,1953,1953,TA,CBlock,TA,1094.0,Y,1094,1,3,TA,2,Attchd,2.0,0,6,2008,168622
HOME-102461,20,RL,,9503,Reg,NAmes,1Fam,1Story,5,5,1958,1983,TA,CBlock,TA,1024.0,Y,1344,1,2,TA,1,Detchd,1.0,316,6,2007,156687
HOME-100036,120,RL,40.0,3840,IR1,Greens,TwnhsE,1Story,8,6,1978,1998,Gd,CBlock,Gd,1057.0,Y,1295,1,1,Gd,2,Attchd,2.0,133,7,2007,232884
HOME-102919,90,RL,60.0,8544,Reg,NAmes,Duplex,1Story,3,4,1950,1950,TA,Slab,,0.0,N,1040,2,2,TA,0,Detchd,2.0,0,12,2006,89051
HOME-101411,120,FV,35.0,4109,IR1,Somerst,TwnhsE,1Story,9,5,1999,2000,Gd,PConc,Gd,1557.0,Y,1557,2,2,Ex,1,Attchd,2.0,124,6,2008,325303
HOME-101567,60,RL,118.0,35760,IR1,NoRidge,1Fam,2Story,10,5,1995,1996,Gd,PConc,Ex,1930.0,Y,3627,3,4,Gd,1,Attchd,3.0,361,7,2006,689638
HOME-102765,70,RL,60.0,9550,IR1,Crawfor,1Fam,2Story,7,5,1915,1970,TA,BrkTil,TA,756.0,Y,1717,1,3,Gd,1,Detchd,3.0,0,2,2006,154793
HOME-102827,160,FV,24.0,2645,Reg,Somerst,Twnhs,2Story,8,5,1999,2000,Gd,PConc,Gd,960.0,Y,1607,2,3,Gd,0,Detchd,2.0,169,12,2008,214626
HOME-102511,20,RL,80.0,10721,IR1,NAmes,1Fam,1Story,6,6,1959,1959,Gd,CBlock,TA,1252.0,Y,1252,1,3,Gd,0,Detchd,2.0,0,10,2008,152781
HOME-102356,50,RM,63.0,7628,Reg,OldTown,1Fam,1.5Fin,4,6,1940,1985,TA,BrkTil,TA,801.0,Y,1656,2,2,TA,0,Detchd,2.0,187,5,2008,126136
HOME-101506,20,RL,,50102,IR1,Timber,1Fam,1Story,6,5,1958,1958,TA,CBlock,Gd,1632.0,Y,1650,1,2,TA,2,Attchd,2.0,0,3,2006,271397
HOME-102065,60,RL,72.0,7200,Reg,Edwards,1Fam,2Story,6,7,1976,2001,TA,CBlock,TA,684.0,Y,1398,1,3,TA,1,Attchd,2.0,0,2,2008,166545
HOME-101824,50,RL,70.0,8737,IR1,BrkSide,1Fam,1.5Fin,6,7,1923,1950,TA,BrkTil,Gd,1065.0,Y,1635,1,3,TA,1,Detchd,2.0,0,5,2007,228466
HOME-100510,60,RL,,7861,IR1,Gilbert,1Fam,2Story,6,5,2002,2003,Gd,PConc,Gd,783.0,Y,1509,2,3,Gd,1,Attchd,2.0,100,6,2006,198966
HOME-101662,60,RL,,12891,IR1,Gilbert,1Fam,2Story,8,5,2002,2002,Gd,PConc,Ex,870.0,Y,2004,2,4,Gd,1,BuiltIn,3.0,0,7,2009,271469
HOME-102379,90,RL,64.0,7804,Reg,SWISU,Duplex,2.5Unf,6,7,1930,1950,TA,BrkTil,TA,960.0,Y,1920,2,4,TA,2,Detchd,2.0,248,7,2008,172731
HOME-101316,20,RL,,11354,Reg,CollgCr,1Fam,1Story,7,5,2000,2000,Gd,PConc,TA,1673.0,Y,1673,2,3,Gd,1,Attchd,2.0,306,1,2007,291791
HOME-102768,70,RM,60.0,10800,Reg,OldTown,1Fam,2Story,7,7,1890,1999,TA,BrkTil,TA,1313.0,Y,2495,2,5,TA,1,Detchd,2.0,0,12,2008,193340
HOME-102671,50,RM,64.0,11067,Reg,IDOTRR,1Fam,1.5Fin,2,4,1939,1950,TA,BrkTil,,0.0,Y,845,1,1,TA,0,Detchd,1.0,48,3,2007,72407
HOME-101048,120,FV,34.0,3628,Reg,Somerst,TwnhsE,1Story,7,5,2004,2004,Gd,PConc,Gd,1143.0,Y,1143,1,1,Gd,1,Attchd,2.0,0,5,2006,194392
HOME-102247,20,RL,85.0,10130,Reg,Somerst,1Fam,1Story,8,5,2007,2007,Gd,PConc,Gd,1702.0,Y,1702,2,3,Gd,1,Attchd,3.0,0,3,2009,281001
HOME-102657,20,RL,80.0,11600,Reg,NAmes,1Fam,1Story,6,5,1960,1960,TA,CBlock,TA,1383.0,Y,1383,1,3,TA,0,Attchd,1.0,0,4,2006,158773
HOME-101871,160,FV,24.0,2544,Reg,Somerst,Twnhs,2Story,7,5,2005,2005,Gd,PConc,Gd,600.0,Y,1223,2,2,Gd,0,Detchd,2.0,0,7,2006,166112
HOME-102357,60,RL,91.0,10010,Reg,NoRidge,1Fam,2Story,7,5,1993,1994,Gd,PConc,Gd,1080.0,Y,2197,2,4,Gd,1,Attchd,3.0,385,7,2008,310541
HOME-102151,20,RL,60.0,11556,Reg,NAmes,1Fam,1Story,5,6,1952,1952,TA,CBlock,TA,720.0,Y,882,1,2,Gd,0,Attchd,1.0,0,5,2008,121390
HOME-100787,60,RL,73.0,9801,Reg,Somerst,1Fam,2Story,8,5,2007,2007,Gd,PConc,Gd,1341.0,Y,1861,3,3,Gd,1,BuiltIn,3.0,144,7,2008,270672
HOME-102601,60,RL,42.0,8433,IR1,Gilbert,1Fam,2Story,6,5,2000,2000,TA,PConc,Gd,794.0,Y,1514,2,3,TA,1,Attchd,2.0,0,6,2009,192728
HOME-100814,50,RL,130.0,9600,IR1,Crawfor,1Fam,1.5Fin,5,7,1940,1950,Gd,BrkTil,TA,728.0,Y,1308,1,2,TA,2,Detchd,1.0,0,6,2009,161458
HOME-101977,60,RL,,11949,Reg,NoRidge,1Fam,2Story,7,8,1991,2008,Gd,PConc,Gd,975.0,Y,1755,2,3,Gd,1,Attchd,2.0,502,7,2009,243758
HOME-102714,20,RL,65.0,7800,Reg,Sawyer,1Fam,1Story,5,7,1967,2004,TA,PConc,TA,864.0,Y,899,1,3,Gd,0,Attchd,1.0,64,6,2009,134339
HOME-100452,20,RL,80.0,10000,Reg,NWAmes,1Fam,1Story,6,6,1974,1974,TA,CBlock,TA,1103.0,Y,1103,2,3,TA,0,Attchd,2.0,295,6,2006,165680
HOME-100344,120,RL,50.0,8012,Reg,SawyerW,TwnhsE,1Story,6,5,1992,1992,Gd,PConc,Gd,1575.0,Y,1575,2,2,Gd,0,Attchd,2.0,0,7,2007,195012
HOME-100065,20,RL,,9790,Reg,NWAmes,1Fam,1Story,6,5,1967,1967,TA,CBlock,TA,1372.0,Y,1342,2,3,TA,1,Attchd,2.0,0,9,2009,163349
HOME-102578,60,RL,70.0,11207,IR1,Gilbert,1Fam,2Story,6,5,1997,1997,TA,PConc,Gd,802.0,Y,1511,2,3,TA,1,Attchd,2.0,95,6,2006,206181
HOME-102494,70,RM,53.0,9863,Reg,OldTown,1Fam,2Story,6,6,1927,1950,TA,BrkTil,TA,728.0,Y,1642,1,4,TA,1,Detchd,1.0,0,3,2007,156031
HOME-101026,70,RL,69.0,11737,IR1,BrkSide,1Fam,2Story,6,7,1924,1996,TA,BrkTil,TA,848.0,N,1827,1,2,TA,1,Detchd,1.0,27,5,2006,225434
HOME-101060,80,RL,80.0,13014,Reg,Sawyer,1Fam,SLvl,6,5,1978,1978,TA,CBlock,TA,1008.0,Y,1096,1,3,TA,1,Attchd,2.0,168,12,2008,167248
HOME-101999,80,RL,75.0,13860,Reg,NAmes,1Fam,SLvl,8,7,1972,1995,Gd,CBlock,Gd,1952.0,Y,2704,2,4,Ex,3,Attchd,2.0,269,7,2009,354382
HOME-100492,30,RM,,6120,Reg,BrkSide,1Fam,1Story,5,6,1945,1995,TA,CBlock,,0.0,N,808,1,1,TA,0,Attchd,1.0,0,6,2008,86972
HOME-101139,120,RL,48.0,6955,IR1,NridgHt,TwnhsE,1Story,7,5,2005,2006,Gd,PConc,Gd,1368.0,Y,1368,2,2,Gd,1,Attchd,2.0,132,9,2006,223346
HOME-101847,120,RL,48.0,6472,Reg,NridgHt,TwnhsE,1Story,9,5,2008,2008,Ex,PConc,Ex,1451.0,Y,1456,2,2,Ex,1,Attchd,2.0,192,4,2009,256932
HOME-101214,60,RL,68.0,8846,Reg,CollgCr,1Fam,2Story,6,5,2005,2006,TA,PConc,Gd,750.0,Y,1500,2,3,Gd,0,Attchd,2.0,0,8,2006,192615
HOME-100020,60,RL,80.0,16692,IR1,NWAmes,1Fam,2Story,7,5,1978,1978,TA,CBlock,Gd,1392.0,Y,2784,3,5,Gd,2,Attchd,2.0,0,7,2006,271544
HOME-101921,20,RL,70.0,8400,Reg,NAmes,1Fam,1Story,5,5,1968,1968,TA,CBlock,TA,1052.0,Y,1052,1,3,TA,0,Attchd,1.0,356,11,2006,151187
HOME-102271,60,RL,101.0,13543,IR1,StoneBr,1Fam,2Story,8,5,2005,2005,Gd,PConc,Ex,1168.0,Y,2500,3,5,Ex,1,BuiltIn,3.0,192,7,2008,377415
HOME-101701,20,RL,78.0,10140,Reg,NWAmes,1Fam,1Story,5,6,1975,1975,TA,CBlock,Gd,1056.0,Y,1074,1,3,TA,0,Attchd,2.0,0,7,2006,170320
HOME-100929,20,RL,50.0,35133,Reg,Timber,1Fam,1Story,5,4,1963,1963,TA,CBlock,TA,1572.0,Y,1572,1,3,TA,2,2Types,3.0,0,5,2007,197662
HOME-101391,60,RL,,9303,IR1,Timber,1Fam,2Story,6,5,1996,1997,Gd,PConc,Ex,872.0,Y,1756,2,3,TA,0,Attchd,2.0,144,7,2007,221926
HOME-100431,20,RL,80.0,9605,Reg,SawyerW,1Fam,1Story,7,6,2007,2007,Gd,PConc,Gd,1218.0,Y,1218,1,3,Gd,0,Detchd,2.0,0,4,2009,161920
HOME-101839,85,RL,,7540,IR1,Mitchel,1Fam,SFoyer,6,6,1978,1978,TA,CBlock,Gd,888.0,Y,912,1,2,TA,1,Attchd,2.0,0,6,2007,168109
HOME-102448,120,RL,34.0,3903,Reg,NridgHt,Twnhs,1Story,6,5,2005,2006,Gd,PConc,Gd,1302.0,Y,1302,1,1,Gd,1,Attchd,2.0,110,5,2007,212745
HOME-100832,60,RL,58.0,17104,IR1,Gilbert,1Fam,2Story,7,5,2006,2006,Gd,PConc,Gd,654.0,Y,1496,2,3,Gd,1,Attchd,2.0,100,9,2006,196220
HOME-100648,30,RL,55.0,8250,Reg,Edwards,1Fam,1Story,5,7,1935,1950,TA,Slab,,0.0,N,1032,1,2,TA,1,Detchd,1.0,0,6,2006,136109
HOME-100613,20,RL,,15498,IR1,Timber,1Fam,1Story,8,6,1976,1976,Gd,CBlock,Gd,1565.0,Y,2898,2,2,Gd,1,Attchd,2.0,0,5,2008,310253
HOME-101930,120,RL,43.0,7052,IR1,NridgHt,TwnhsE,1Story,7,5,2005,2005,Gd,PConc,Gd,1364.0,Y,1364,2,2,Gd,1,Attchd,2.0,192,6,2006,203935
HOME-100003,60,RL,,18275,IR1,NAmes,1Fam,2Story,7,8,1962,1998,TA,CBlock,TA,1438.0,Y,2448,3,3,TA,2,Attchd,2.0,520,9,2006,303125
HOME-101815,20,RL,70.0,7420,Reg,Sawyer,1Fam,1Story,5,5,1962,1962,TA,CBlock,TA,1057.0,Y,1057,1,3,TA,0,Detchd,2.0,0,4,2007,142285
HOME-100009,120,RL,43.0,3013,Reg,Blmngtn,TwnhsE,1Story,7,5,2005,2005,Gd,PConc,Gd,1362.0,Y,1506,2,2,Gd,1,Attchd,2.0,142,4,2006,234176
HOME-102802,160,RM,24.0,2760,Reg,BrDale,TwnhsE,2Story,6,5,1973,1973,TA,CBlock,TA,525.0,Y,1092,1,3,TA,0,Detchd,2.0,0,12,2006,114437
HOME-101191,30,RM,60.0,7200,Reg,OldTown,1Fam,1Story,5,8,1940,1950,TA,CBlock,TA,808.0,Y,1072,1,2,TA,2,Detchd,2.0,0,5,2007,139341
HOME-101295,20,RL,58.0,10172,IR1,Mitchel,1Fam,1Story,5,7,1968,2003,TA,CBlock,TA,864.0,Y,874,1,3,TA,0,Attchd,1.0,0,10,2006,135856
HOME-101066,60,RL,80.0,8800,Reg,NAmes,1Fam,2Story,6,7,1964,1997,TA,CBlock,TA,845.0,Y,2154,2,5,TA,1,Attchd,2.0,0,7,2007,243885
HOME-100853,120,RL,48.0,6373,Reg,NridgHt,TwnhsE,1Story,9,5,2006,2006,Ex,PConc,Ex,1666.0,Y,1666,2,2,Gd,1,Attchd,2.0,228,6,2006,343186
HOME-101422,80,RL,100.0,9600,IR1,NAmes,1Fam,SLvl,6,5,1961,1961,TA,CBlock,TA,1218.0,Y,1254,1,3,TA,1,Attchd,2.0,0,5,2007,171681
HOME-102255,90,RM,60.0,7596,Reg,OldTown,Duplex,2Story,5,5,1952,1952,TA,CBlock,TA,960.0,Y,1960,2,4,TA,0,Detchd,2.0,0,7,2009,126603
HOME-100371,20,RL,73.0,8760,Reg,CollgCr,1Fam,1Story,8,5,2006,2006,Gd,PConc,Gd,1489.0,Y,1500,2,3,Gd,1,Attchd,2.0,144,6,2007,234853
HOME-100646,20,RL,60.0,7180,IR1,CollgCr,1Fam,1Story,5,7,1972,1972,TA,CBlock,TA,864.0,Y,864,1,3,TA,0,Detchd,1.0,0,5,2008,132585
HOME-101305,20,RL,76.0,9591,Reg,NridgHt,1Fam,1Story,8,5,2004,2005,Gd,PConc,Ex,1713.0,Y,1713,2,3,Ex,1,Attchd,3.0,0,1,2009,282119
HOME-100576,60,RL,78.0,15600,Reg,Crawfor,1Fam,2Story,5,7,1950,1963,TA,CBlock,Gd,1168.0,Y,2315,2,4,TA,3,Attchd,1.0,0,7,2006,282151
HOME-101780,20,RL,43.0,12712,IR1,Sawyer,1Fam,1Story,6,7,1973,2006,TA,CBlock,Gd,1044.0,Y,1055,1,2,Gd,1,Attchd,2.0,455,1,2007,157744
HOME-102277,45,RM,51.0,6120,Reg,BrkSide,1Fam,1.5Unf,7,8,1929,2001,TA,BrkTil,TA,832.0,Y,854,1,2,TA,0,Detchd,2.0,48,7,2007,141918
HOME-102360,60,RL,,14067,Reg,Gilbert,1Fam,2Story,6,5,1991,1991,TA,PConc,Gd,836.0,Y,1709,2,3,Gd,0,Attchd,2.0,0,9,2008,196102
HOME-100716,60,RL,65.0,12257,IR1,NoRidge,1Fam,2Story,8,5,1995,1995,Gd,PConc,Gd,1318.0,Y,2531,2,4,Gd,1,Attchd,3.0,222,11,2007,304032
HOME-100025,50,C (all),105.0,8470,IR1,IDOTRR,1Fam,1.5Fin,3,2,1915,1982,Fa,CBlock,TA,1013.0,N,1526,1,2,Fa,0,,0.0,0,10,2009,88332
HOME-101751,120,FV,37.0,3435,IR1,Somerst,TwnhsE,1Story,7,5,2004,2005,Gd,PConc,Gd,1235.0,Y,1245,2,1,Gd,0,Attchd,2.0,0,6,2008,187701
HOME-100277,20,RL,78.0,10140,Reg,NWAmes,1Fam,1Story,7,6,1967,1967,TA,CBlock,TA,1334.0,Y,1334,2,3,TA,0,Attchd,2.0,0,4,2006,183100
HOME-100756,120,FV,47.0,4230,Reg,Somerst,TwnhsE,1Story,7,5,2006,2007,Gd,PConc,Ex,1352.0,Y,1352,2,2,Gd,1,Attchd,2.0,0,4,2007,226313
HOME-101554,20,RL,,13284,Reg,Sawyer,1Fam,1Story,5,5,1954,1954,TA,PConc,Gd,1383.0,Y,1383,1,3,TA,1,Attchd,1.0,511,6,2008,174621
HOME-100474,60,RL,82.0,11643,IR1,NridgHt,1Fam,2Story,8,5,2005,2006,Gd,PConc,Ex,1524.0,Y,2358,2,4,Ex,1,BuiltIn,3.0,120,8,2006,358914
HOME-101105,20,RL,105.0,15431,Reg,NridgHt,1Fam,1Story,10,5,2008,2008,Ex,PConc,Ex,3094.0,Y,2402,2,2,Ex,2,Attchd,3.0,0,4,2009,578196
HOME-102148,30,RL,58.0,9098,IR1,Edwards,1Fam,1Story,4,7,1920,2002,TA,BrkTil,TA,528.0,Y,605,1,2,TA,0,,0.0,0,7,2007,91182
HOME-101817,80,RL,,11950,IR1,Gilbert,1Fam,SLvl,7,5,2003,2003,Gd,PConc,Gd,384.0,Y,1394,2,3,Gd,1,BuiltIn,2.0,100,10,2007,176243
HOME-102400,60,RL,42.0,13751,IR1,Gilbert,1Fam,2Story,7,5,2005,2006,Gd,PConc,Gd,1700.0,Y,2212,2,3,Gd,1,Attchd,3.0,237,5,2006,331840
HOME-100289,20,RL,,15611,IR1,NWAmes,1Fam,1Story,5,6,1977,1977,TA,PConc,Gd,1126.0,Y,1126,2,3,Ex,0,Attchd,2.0,180,3,2008,182166
HOME-102862,20,RL,,15783,Reg,OldTown,1Fam,1Story,5,5,1952,1952,TA,CBlock,TA,924.0,Y,924,1,2,TA,0,Detchd,1.0,0,6,2007,120692
HOME-102681,60,RL,82.0,9950,IR1,NoRidge,1Fam,2Story,7,5,1995,1995,Gd,PConc,Gd,1203.0,Y,2520,2,4,Gd,1,Attchd,3.0,224,6,2007,317025
HOME-101281,60,RL,108.0,13418,Reg,NridgHt,1Fam,2Story,8,5,2004,2005,Gd,PConc,Ex,1117.0,Y,2452,3,4,Gd,1,BuiltIn,3.0,113,9,2006,345043
HOME-101822,60,FV,106.0,8413,IR1,Somerst,1Fam,2Story,8,5,1998,1998,Gd,PConc,Ex,1220.0,Y,2362,2,3,Gd,2,Attchd,2.0,147,6,2007,336202
HOME-102710,50,RL,60.0,8550,Reg,BrkSide,1Fam,1.5Fin,5,5,1926,1950,TA,PConc,Fa,750.0,Y,1316,1,4,TA,0,Detchd,2.0,0,10,2007,95892
HOME-100967,50,RM,60.0,9600,Reg,OldTown,1Fam,1.5Fin,5,8,1925,1994,TA,PConc,TA,702.0,Y,1472,1,3,Gd,0,Detchd,1.0,0,7,2007,134977
HOME-100969,20,RL,60.0,7200,Reg,CollgCr,1Fam,1Story,5,7,1972,1972,TA,CBlock,TA,780.0,Y,780,1,2,TA,0,Detchd,1.0,196,1,2008,129401
HOME-100682,20,RL,60.0,7200,Reg,NAmes,1Fam,1Story,5,7,1954,1954,TA,CBlock,TA,825.0,Y,825,1,2,TA,0,Attchd,1.0,0,7,2008,116280
HOME-100907,50,RM,100.0,12665,IR1,OldTown,1Fam,1.5Fin,5,8,1915,1950,TA,BrkTil,TA,876.0,Y,1416,1,4,TA,1,Detchd,3.0,418,6,2008,162967
HOME-100313,30,RM,61.0,8534,Reg,IDOTRR,1Fam,1Story,4,4,1925,1950,TA,BrkTil,Fa,432.0,N,672,1,2,TA,0,,0.0,0,6,2006,78148
HOME-101852,20,RL,89.0,12461,Reg,NoRidge,1Fam,1Story,8,5,1994,1995,Gd,PConc,Gd,1624.0,Y,1624,2,2,Gd,1,Attchd,3.0,0,7,2006,284659
HOME-100900,60,RL,,10400,Reg,CollgCr,1Fam,2Story,7,5,2001,2001,Gd,PConc,Gd,1257.0,Y,2161,2,3,Gd,1,Attchd,2.0,0,6,2008,243927
HOME-101914,60,RL,,7685,IR1,Gilbert,1Fam,2Story,6,5,1993,1994,TA,PConc,Gd,697.0,Y,1501,2,3,Gd,1,Attchd,2.0,190,5,2006,181671
HOME-102431,160,FV,32.0,2880,Reg,Somerst,Twnhs,2Story,7,5,2004,2005,Gd,PConc,Gd,1376.0,Y,3005,2,3,Gd,1,BuiltIn,3.0,0,7,2009,285498
HOME-102265,60,RL,85.0,11103,IR1,CollgCr,1Fam,2Story,7,5,2006,2006,Gd,PConc,Gd,728.0,Y,1456,2,3,Gd,1,Attchd,2.0,0,7,2007,172391
HOME-100722,20,RL,65.0,7441,IR1,SawyerW,1Fam,1Story,7,5,2006,2006,Gd,PConc,Gd,1461.0,Y,1486,2,3,Gd,0,Attchd,2.0,0,6,2007,197905
HOME-102427,20,RL,60.0,6600,Reg,Mitchel,1Fam,1Story,5,9,1982,2008,Gd,CBlock,TA,816.0,Y,816,1,3,Gd,1,Attchd,1.0,0,10,2008,139267
HOME-100441,20,RL,,11400,Reg,NoRidge,1Fam,1Story,10,5,2001,2002,Ex,PConc,Ex,2633.0,Y,2633,2,2,Ex,2,Attchd,3.0,314,3,2007,503795
HOME-102556,50,RL,60.0,10998,Reg,Edwards,1Fam,1.5Fin,5,5,1941,1960,TA,CBlock,TA,984.0,Y,1604,2,3,TA,0,Detchd,2.0,0,7,2009,120093
HOME-100212,30,RL,85.0,19550,Reg,Edwards,1Fam,1Story,5,7,1940,2007,TA,PConc,TA,1580.0,Y,1518,1,2,Fa,2,,0.0,0,1,2008,272574
HOME-100991,85,RL,,16647,IR1,Sawyer,1Fam,SFoyer,5,5,1975,1981,TA,CBlock,Gd,1390.0,Y,1701,2,3,TA,2,Basment,2.0,0,1,2007,184072
HOME-101658,90,RL,64.0,7018,Reg,SawyerW,Duplex,2Story,5,5,1979,1979,TA,Slab,,0.0,Y,2240,2,6,TA,0,Detchd,2.0,154,6,2009,144498
HOME-102434,20,RL,66.0,12778,Reg,NAmes,1Fam,1Story,5,6,1952,2003,TA,CBlock,TA,1008.0,Y,1008,1,2,TA,0,Attchd,1.0,0,1,2006,152387
HOME-102563,50,RM,60.0,5520,IR1,BrkSide,1Fam,1.5Fin,5,7,1920,1997,TA,BrkTil,TA,565.0,Y,1216,1,3,TA,1,BuiltIn,1.0,0,4,2008,124855
HOME-102106,50,RM,52.0,6240,Reg,BrkSide,1Fam,1.5Fin,7,5,1939,1950,TA,BrkTil,TA,989.0,Y,2009,2,4,TA,1,Detchd,2.0,0,1,2008,159105
HOME-101006,50,RL,79.0,12327,IR1,SawyerW,1Fam,1.5Fin,8,8,1983,2009,Gd,CBlock,Gd,1496.0,Y,2132,1,1,Gd,1,BuiltIn,2.0,349,9,2009,321547
HOME-101285,50,C (all),52.0,5150,Reg,IDOTRR,1Fam,1.5Fin,4,7,1910,2000,TA,PConc,Po,356.0,N,1049,1,2,TA,0,Detchd,1.0,0,5,2008,87621
HOME-100925,60,RL,,14171,IR2,SawyerW,1Fam,2Story,7,5,1993,1994,Gd,PConc,Gd,812.0,Y,2200,2,4,Gd,1,Attchd,2.0,168,12,2008,238295
HOME-100845,20,RL,102.0,11660,IR1,Gilbert,1Fam,1Story,6,5,2006,2006,Gd,PConc,Gd,1326.0,Y,1326,2,3,Gd,0,Attchd,2.0,100,7,2006,194699
HOME-101868,20,RL,37.0,6951,IR1,Mitchel,1Fam,1Story,5,5,1984,1985,TA,CBlock,TA,876.0,Y,923,1,3,TA,0,Attchd,1.0,362,10,2008,125385
HOME-101753,20,RL,85.0,6970,Reg,Sawyer,1Fam,1Story,4,5,1961,1961,TA,CBlock,TA,1040.0,Y,1120,1,3,Fa,0,Attchd,2.0,168,5,2007,140239
HOME-100609,50,RM,60.0,5160,Reg,IDOTRR,1Fam,1.5Fin,6,6,1927,1950,TA,BrkTil,TA,1204.0,Y,1666,1,3,TA,0,Detchd,1.0,0,8,2009,136349
HOME-101764,30,RL,60.0,8400,Reg,SWISU,1Fam,1Story,2,5,1920,1950,TA,CBlock,TA,290.0,N,438,1,1,Fa,0,Detchd,1.0,0,1,2009,62229
HOME-102677,40,RL,62.0,10042,Reg,Edwards,1Fam,1.5Fin,6,8,1920,1995,TA,BrkTil,TA,660.0,Y,865,1,2,TA,1,Detchd,1.0,0,8,2007,119354
HOME-102132,85,RL,,12122,IR1,NAmes,1Fam,SFoyer,7,9,1961,2007,Ex,CBlock,TA,944.0,Y,999,1,3,Ex,0,Attchd,2.0,144,7,2008,190942
HOME-101980,20,RL,,9477,Reg,NAmes,1Fam,1Story,5,5,1966,1966,TA,CBlock,TA,864.0,Y,892,1,3,TA,0,Attchd,1.0,0,10,2008,116617
HOME-102864,20,RL,120.0,13560,Reg,NAmes,1Fam,1Story,6,3,1968,1968,TA,CBlock,Fa,1392.0,Y,1392,1,2,TA,2,Attchd,2.0,0,7,2009,114542
HOME-102893,160,RM,21.0,1680,Reg,BrDale,Twnhs,2Story,6,6,1972,1972,TA,CBlock,TA,483.0,Y,987,1,2,TA,0,Detchd,1.0,0,7,2009,100779
HOME-100387,20,RL,85.0,11050,IR1,NWAmes,1Fam,1Story,7,5,1975,1975,TA,CBlock,TA,1176.0,Y,1193,2,3,TA,1,Attchd,2.0,40,8,2009,163885
HOME-100820,20,RL,,11765,IR1,NAmes,1Fam,1Story,5,5,1957,1957,TA,CBlock,TA,1617.0,Y,1797,1,3,TA,1,Attchd,3.0,0,6,2006,182556
HOME-100505,30,RM,60.0,7392,Reg,IDOTRR,1Fam,1Story,5,7,1930,1995,TA,BrkTil,TA,520.0,Y,912,1,2,TA,0,Detchd,1.0,0,5,2008,106472
HOME-101188,80,RL,,9638,IR1,Edwards,1Fam,SLvl,6,6,1977,1977,TA,CBlock,TA,1029.0,Y,1117,1,3,TA,1,Attchd,2.0,292,11,2008,153636
HOME-100260,20,RL,85.0,13770,Reg,Sawyer,1Fam,1Story,5,6,1958,1998,TA,CBlock,TA,1158.0,Y,1176,1,3,TA,2,Attchd,1.0,0,10,2007,147209
HOME-100629,20,RL,65.0,10739,IR1,CollgCr,1Fam,1Story,7,5,2002,2001,Gd,PConc,Gd,1431.0,Y,1444,2,3,Gd,0,Attchd,2.0,144,4,2009,209105
HOME-100050,20,RL,50.0,8049,IR1,Timber,1Fam,1Story,7,5,1990,1990,TA,CBlock,Gd,1309.0,Y,1339,2,2,TA,1,Attchd,2.0,0,7,2006,196077
HOME-100815,20,RL,70.0,8400,Reg,NAmes,1Fam,1Story,6,3,1957,1957,TA,CBlock,TA,1478.0,Y,1478,1,3,TA,2,Attchd,2.0,114,6,2009,163334
HOME-102041,20,RL,68.0,10295,Reg,NAmes,1Fam,1Story,4,6,1969,1969,TA,CBlock,Gd,936.0,Y,936,1,2,TA,0,Attchd,1.0,16,9,2008,117229
HOME-100540,80,RL,80.0,9200,Reg,NAmes,1Fam,SLvl,6,5,1965,1965,TA,CBlock,TA,1042.0,Y,1042,2,3,TA,0,Attchd,2.0,192,5,2007,172259
HOME-101616,120,RM,44.0,3842,IR1,Crawfor,TwnhsE,1Story,8,5,2004,2005,Gd,PConc,Ex,1594.0,Y,1646,2,2,Gd,1,Attchd,2.0,128,12,2006,332156
HOME-101124,80,RL,,10200,Reg,Sawyer,1Fam,SLvl,5,8,1970,1970,TA,PConc,Gd,864.0,Y,904,1,3,Gd,0,2Types,3.0,143,6,2008,151940
HOME-102279,20,RL,91.0,11778,Reg,CollgCr,1Fam,1Story,9,5,2008,2008,Ex,PConc,Ex,1751.0,Y,1766,2,3,Ex,2,Attchd,3.0,216,12,2008,408316
HOME-101527,20,RL,61.0,7930,Reg,NAmes,1Fam,1Story,6,8,1969,2005,TA,CBlock,TA,1026.0,Y,1026,1,3,Gd,0,Detchd,2.0,171,7,2009,160947
HOME-101508,20,RL,60.0,7350,Reg,NAmes,1Fam,1Story,5,7,1951,1951,TA,CBlock,TA,952.0,Y,952,1,2,TA,0,Detchd,2.0,0,6,2008,146241
HOME-101598,20,RL,,11677,IR1,Sawyer,1Fam,1Story,5,4,1966,1966,TA,CBlock,TA,1040.0,Y,1040,1,3,TA,0,Attchd,1.0,0,2,2007,133015
HOME-102542,20,RL,65.0,6860,IR1,NAmes,1Fam,1Story,5,6,1956,1956,TA,CBlock,TA,1008.0,Y,1008,1,3,Fa,0,Detchd,1.0,0,12,2007,142966
HOME-102604,60,RL,59.0,15810,IR1,Gilbert,1Fam,2Story,6,5,2007,2007,Gd,CBlock,Gd,768.0,Y,1496,3,3,Gd,0,Attchd,2.0,100,5,2007,197402
HOME-102830,30,RM,60.0,6978,Reg,OldTown,1Fam,1Story,5,7,1926,1980,Gd,BrkTil,TA,850.0,Y,960,1,2,TA,0,Detchd,2.0,0,4,2007,110181
HOME-100231,20,RL,90.0,11248,IR1,CollgCr,1Fam,1Story,9,5,2002,2002,Gd,PConc,Gd,1626.0,Y,1668,2,3,Gd,1,Attchd,3.0,257,7,2007,306433
HOME-100006,70,RL,70.0,12320,IR1,Crawfor,1Fam,2Story,7,7,1932,1990,TA,BrkTil,TA,637.0,Y,1609,1,3,Gd,2,2Types,3.0,0,5,2006,218360
HOME-101840,60,RL,80.0,10400,Reg,NWAmes,1Fam,2Story,6,5,1972,1972,TA,CBlock,TA,732.0,Y,1790,1,4,TA,1,Attchd,2.0,148,11,2006,182649
HOME-101472,60,RL,70.0,9247,IR1,NAmes,1Fam,2Story,6,6,1962,1962,TA,CBlock,TA,858.0,Y,1716,1,4,TA,1,Attchd,2.0,0,3,2008,177730
HOME-101820,20,RL,114.0,10357,IR1,SawyerW,1Fam,1Story,7,5,1990,1991,Gd,PConc,Gd,910.0,Y,1442,2,3,Gd,1,Attchd,2.0,0,5,2007,197961
HOME-100661,20,RL,85.0,8500,Reg,NAmes,1Fam,1Story,5,3,1961,1961,TA,CBlock,TA,1235.0,Y,1235,1,2,TA,0,Attchd,2.0,0,12,2006,107862
HOME-101557,30,RL,80.0,8480,Reg,NAmes,1Fam,1Story,5,6,1945,1950,TA,CBlock,TA,793.0,Y,793,1,2,Fa,0,Detchd,1.0,0,8,2009,116765
HOME-102500,90,RM,57.0,10307,Reg,OldTown,Duplex,2Story,6,5,1910,1950,TA,CBlock,TA,972.0,N,1944,2,4,TA,0,Detchd,2.0,0,6,2009,108560
HOME-102161,60,FV,65.0,8125,Reg,Somerst,1Fam,2Story,7,6,2007,2007,Gd,PConc,Gd,813.0,Y,1665,2,3,Gd,0,Attchd,2.0,0,5,2008,220937
HOME-100089,50,RL,79.0,9492,Reg,NAmes,1Fam,1.5Fin,5,5,1941,1950,TA,CBlock,TA,768.0,Y,1376,1,3,TA,1,Attchd,1.0,0,4,2007,112862
HOME-102924,90,RL,,10899,IR1,NAmes,Duplex,1Story,4,5,1964,1964,TA,Slab,,0.0,N,1224,2,2,TA,0,CarPort,3.0,0,4,2007,111549
HOME-102778,50,RL,75.0,9525,Reg,Edwards,1Fam,1.5Fin,6,4,1954,1972,TA,CBlock,TA,994.0,Y,1855,2,4,TA,0,Attchd,1.0,182,10,2006,149757
HOME-101129,70,RM,34.0,4571,Reg,OldTown,1Fam,2Story,5,5,1916,1950,TA,BrkTil,TA,624.0,N,1344,1,4,TA,0,Detchd,3.0,0,5,2008,104228
HOME-102620,80,RL,80.0,9600,Reg,NAmes,1Fam,SLvl,5,7,1967,1967,TA,PConc,TA,1141.0,Y,1141,1,3,TA,0,Attchd,1.0,0,7,2006,173780
HOME-102204,120,RM,,4438,Reg,CollgCr,TwnhsE,1Story,6,5,2004,2004,Gd,PConc,Gd,848.0,Y,848,1,1,Gd,1,Attchd,2.0,149,1,2008,157877
HOME-101009,160,RM,24.0,2368,Reg,BrDale,TwnhsE,2Story,5,6,1970,1970,TA,CBlock,TA,765.0,Y,1365,1,3,TA,0,Attchd,2.0,0,5,2009,129749
HOME-101392,70,RL,60.0,7200,Reg,Crawfor,1Fam,2Story,7,6,1931,2000,TA,BrkTil,Gd,776.0,Y,1502,1,3,TA,1,Attchd,1.0,0,2,2008,160881
HOME-102436,120,RM,37.0,4435,Reg,CollgCr,TwnhsE,1Story,6,5,2004,2004,Gd,PConc,Gd,848.0,Y,848,1,1,Gd,1,Attchd,2.0,140,5,2006,168208
HOME-100723,60,RL,65.0,9313,IR1,CollgCr,1Fam,2Story,7,5,2004,2004,Gd,PConc,Gd,864.0,Y,1728,2,3,Gd,0,Attchd,2.0,187,4,2009,198041
HOME-102652,20,RL,93.0,18265,Reg,Timber,1Fam,1Story,6,5,1986,1986,Gd,CBlock,Gd,1256.0,Y,1256,2,3,Gd,1,Attchd,2.0,282,3,2008,189369
HOME-100418,70,RM,59.0,10690,Reg,IDOTRR,1Fam,2Story,5,7,1920,1997,TA,CBlock,TA,672.0,Y,1344,1,3,TA,0,Detchd,1.0,0,7,2009,152914
HOME-102235,30,RM,50.0,6000,Reg,BrkSide,1Fam,1Story,5,7,1924,2003,TA,BrkTil,TA,949.0,Y,949,1,2,TA,1,Detchd,2.0,0,7,2008,124172
HOME-102087,60,RL,70.0,8750,Reg,CollgCr,1Fam,2Story,7,5,1994,1995,Gd,PConc,Gd,915.0,Y,1908,2,4,Gd,1,Attchd,2.0,144,7,2008,224392
HOME-102581,50,RM,60.0,10440,Reg,OldTown,1Fam,1.5Fin,6,7,1920,1950,Gd,BrkTil,Gd,1510.0,Y,2792,2,5,TA,2,Detchd,2.0,0,6,2008,274443
HOME-101814,120,RL,68.0,7820,IR1,NridgHt,TwnhsE,1Story,9,5,2007,2007,Ex,PConc,Ex,1869.0,Y,1869,2,2,Ex,1,Attchd,2.0,210,12,2007,338341
HOME-100889,20,RL,53.0,8128,IR1,NAmes,1Fam,1Story,6,7,1954,1954,TA,CBlock,TA,1062.0,Y,1062,1,3,TA,0,Attchd,1.0,0,2,2009,134091
HOME-100005,20,RH,60.0,7800,Reg,SawyerW,1Fam,1Story,5,5,1965,1965,TA,CBlock,TA,828.0,Y,965,1,3,TA,0,Detchd,1.0,421,7,2006,131064
HOME-102330,60,RL,,9839,IR1,Timber,1Fam,2Story,6,8,1980,2006,TA,PConc,Gd,712.0,Y,2237,2,3,Gd,1,BuiltIn,2.0,305,2,2009,210382
HOME-100970,160,RM,24.0,1920,Reg,BrDale,TwnhsE,2Story,5,5,1971,1971,TA,CBlock,TA,765.0,Y,1365,1,2,TA,0,Detchd,2.0,240,8,2007,133118
HOME-101081,20,RL,80.0,9600,Reg,NAmes,1Fam,1Story,5,8,1950,2006,TA,CBlock,TA,572.0,Y,1337,1,3,Gd,1,Attchd,1.0,0,9,2008,149834
HOME-101723,20,RL,,8510,IR1,NAmes,1Fam,1Story,5,7,1971,1971,TA,CBlock,Gd,1043.0,Y,1050,1,3,TA,0,Attchd,1.0,0,7,2009,149144
HOME-102699,90,RL,65.0,8944,Reg,NAmes,Duplex,1Story,5,5,1967,1967,TA,CBlock,TA,1584.0,Y,1584,2,4,TA,0,Detchd,3.0,0,4,2009,125694
HOME-100551,30,RM,30.0,5232,IR3,OldTown,1Fam,1Story,5,5,1925,2004,TA,BrkTil,Fa,680.0,N,764,1,2,TA,0,Detchd,2.0,0,6,2008,77405
HOME-100102,180,RM,21.0,1974,Reg,MeadowV,Twnhs,SFoyer,4,7,1973,2006,TA,CBlock,Gd,526.0,Y,988,1,2,TA,0,BuiltIn,1.0,120,6,2008,109374
HOME-102190,20,RL,,9373,IR1,NWAmes,1Fam,1Story,5,7,1975,1975,TA,CBlock,Gd,1621.0,Y,1621,2,3,TA,2,Attchd,2.0,0,6,2009,220486
HOME-100627,190,RL,79.0,13110,IR1,NWAmes,2fmCon,1Story,5,6,1972,1972,TA,CBlock,Gd,1153.0,Y,1193,2,2,TA,0,Attchd,2.0,140,7,2006,164104
HOME-101400,30,RM,60.0,6324,IR1,BrkSide,1Fam,1Story,4,6,1927,1950,TA,BrkTil,TA,520.0,N,520,1,1,Fa,0,Detchd,1.0,49,5,2008,74117
HOME-100594,90,RL,74.0,13101,IR1,NAmes,Duplex,1Story,5,5,1965,1965,TA,CBlock,TA,1728.0,Y,1728,2,6,TA,0,Detchd,2.0,0,11,2008,149361
HOME-100369,20,RL,75.0,9000,Reg,NAmes,1Fam,1Story,5,5,1954,1954,TA,CBlock,TA,936.0,Y,1128,1,2,TA,0,Attchd,1.0,0,6,2006,132606
HOME-101057,20,RL,76.0,8314,Reg,Mitchel,1Fam,1Story,5,7,1982,1982,TA,CBlock,TA,816.0,Y,816,1,2,TA,0,Attchd,1.0,168,6,2007,134278
HOME-102896,50,RL,50.0,7585,Reg,Edwards,1Fam,1.5Fin,5,3,1948,1950,TA,CBlock,Fa,810.0,Y,1456,1,4,TA,1,Detchd,1.0,0,8,2006,100867
HOME-102706,70,RM,60.0,3600,Reg,OldTown,1Fam,2Story,6,7,1917,2007,TA,BrkTil,TA,624.0,Y,1288,1,3,Ex,1,Attchd,1.0,0,5,2009,121375
HOME-101494,120,RL,48.0,6240,Reg,NridgHt,TwnhsE,1Story,8,5,2006,2007,Gd,PConc,Gd,1342.0,Y,1342,2,2,Gd,1,Attchd,2.0,0,2,2008,230866
HOME-100247,20,RL,70.0,7700,Reg,CollgCr,1Fam,1Story,5,5,1972,1972,TA,CBlock,TA,882.0,Y,882,1,3,TA,0,Detchd,2.0,96,3,2007,120725
HOME-102316,60,RL,100.0,12191,IR1,NoRidge,1Fam,2Story,8,5,1997,1998,Gd,PConc,Gd,1779.0,Y,2551,2,4,Gd,2,Attchd,3.0,76,6,2007,423213
HOME-101342,20,RL,,11088,Reg,CollgCr,1Fam,1Story,8,5,2002,2002,Gd,PConc,Gd,1348.0,Y,1358,1,1,Gd,1,Attchd,2.0,68,6,2006,243883
HOME-100033,60,RL,118.0,13654,IR1,NridgHt,1Fam,2Story,9,5,2005,2006,Gd,PConc,Ex,1704.0,Y,2758,2,4,Ex,1,BuiltIn,3.0,282,5,2007,459566
HOME-100936,60,RL,50.0,9360,Reg,Edwards,1Fam,2Story,6,8,1962,2001,Gd,CBlock,TA,621.0,Y,1269,1,3,TA,0,Detchd,1.0,0,11,2008,143667
HOME-101888,60,RL,96.0,12474,Reg,NridgHt,1Fam,2Story,10,5,2007,2008,Ex,PConc,Ex,1682.0,Y,2332,2,3,Ex,1,BuiltIn,3.0,196,8,2008,447763
HOME-101407,50,RM,120.0,9000,Reg,OldTown,1Fam,1.5Fin,5,8,1900,2006,TA,BrkTil,TA,680.0,Y,1174,1,2,Gd,1,Detchd,2.0,116,6,2007,146642
HOME-100097,20,RL,88.0,7990,IR1,CollgCr,1Fam,1Story,5,6,1975,1975,TA,CBlock,Gd,924.0,Y,924,1,3,TA,0,Detchd,1.0,0,4,2008,115183
HOME-100611,60,FV,100.0,13162,Reg,Somerst,1Fam,2Story,9,5,2006,2006,Gd,PConc,Ex,2036.0,Y,2640,3,3,Ex,1,Attchd,3.0,0,11,2006,452486
HOME-100704,90,RL,72.0,11072,IR1,NAmes,Duplex,1Story,5,5,1965,1965,TA,CBlock,TA,1728.0,Y,1728,2,6,TA,0,Detchd,2.0,0,11,2008,154689
HOME-100737,60,RL,63.0,10928,Reg,Gilbert,1Fam,2Story,7,5,2005,2005,Gd,PConc,Gd,728.0,Y,1456,2,3,Gd,1,Attchd,2.0,100,6,2009,193116
HOME-102140,60,RL,68.0,8998,IR1,CollgCr,1Fam,2Story,7,5,2000,2000,Gd,PConc,Gd,782.0,Y,1652,2,3,Gd,0,Attchd,2.0,0,6,2008,218727
HOME-101080,90,RM,83.0,10126,Reg,CollgCr,Duplex,SFoyer,6,5,1997,1998,TA,PConc,Gd,1838.0,Y,1838,2,2,TA,0,Attchd,3.0,160,7,2008,198072
HOME-102083,60,RL,78.0,10530,Reg,NWAmes,1Fam,2Story,7,6,1993,1993,Gd,PConc,Gd,1148.0,Y,2075,2,3,Gd,1,Attchd,2.0,235,8,2007,273940
HOME-101896,20,RL,102.0,12671,IR1,ClearCr,1Fam,1Story,6,7,1954,1994,TA,CBlock,Gd,1288.0,Y,2422,3,4,Gd,2,Attchd,2.0,0,7,2007,277511
HOME-102653,20,RL,,9000,Reg,Sawyer,1Fam,1Story,2,2,1947,1950,TA,Slab,,0.0,N,660,1,2,Fa,0,,0.0,0,6,2009,65703
HOME-100647,20,RL,70.0,8680,Reg,NAmes,1Fam,1Story,5,7,1960,1960,TA,CBlock,TA,894.0,Y,894,1,3,TA,0,Detchd,1.0,0,1,2007,127253
HOME-102646,60,RL,,18450,IR1,NAmes,1Fam,2Story,6,5,1965,1979,TA,CBlock,Gd,1021.0,Y,2380,2,3,TA,1,CarPort,2.0,0,8,2007,138521
HOME-101128,60,RL,97.0,13478,IR1,NridgHt,1Fam,2Story,10,5,2008,2008,Ex,PConc,Ex,1722.0,Y,2296,2,3,Ex,1,BuiltIn,3.0,382,6,2009,457729
HOME-101547,60,RL,,8803,IR1,Gilbert,1Fam,2Story,6,5,1994,1995,TA,PConc,Gd,707.0,Y,1516,2,3,Gd,1,Attchd,2.0,0,7,2009,189582
HOME-101053,60,RL,65.0,10237,Reg,Gilbert,1Fam,2Story,6,5,2005,2006,Gd,PConc,Gd,768.0,Y,1536,2,3,Gd,1,Attchd,2.0,100,6,2007,186024
HOME-100624,120,RH,26.0,10943,IR2,NAmes,TwnhsE,1Story,6,5,1997,1998,Gd,PConc,Gd,1405.0,Y,1337,2,2,Gd,1,Attchd,2.0,0,10,2007,192459
HOME-100125,20,RL,85.0,14331,Reg,Timber,1Fam,1Story,8,5,2002,2002,Gd,PConc,Ex,1800.0,Y,1800,2,3,Gd,1,Attchd,3.0,270,5,2006,346509
HOME-100904,20,RL,75.0,10170,Reg,NAmes,1Fam,1Story,6,6,1951,1951,TA,CBlock,TA,216.0,Y,1575,1,2,Gd,1,Attchd,2.0,0,6,2006,167024
HOME-100110,60,RL,130.0,40094,IR1,Edwards,1Fam,2Story,10,5,2007,2008,Ex,PConc,Ex,3138.0,Y,4676,3,3,Ex,1,BuiltIn,3.0,208,10,2007,200186
HOME-101644,60,RL,,12227,IR1,NWAmes,1Fam,2Story,6,7,1977,1995,TA,CBlock,Gd,1330.0,Y,2872,2,4,TA,1,Attchd,2.0,550,7,2008,284282
HOME-102368,70,RM,42.0,7614,Reg,OldTown,1Fam,2Story,3,5,1905,1950,TA,BrkTil,TA,738.0,Y,1376,1,2,TA,0,Detchd,1.0,0,3,2006,106659
HOME-100702,20,RL,78.0,10140,Reg,NWAmes,1Fam,1Story,6,6,1974,1999,TA,CBlock,TA,1040.0,Y,1309,1,3,Gd,1,Attchd,2.0,265,1,2006,201955
HOME-101512,20,RL,74.0,7733,IR1,SawyerW,1Fam,1Story,6,5,2005,2005,TA,PConc,TA,1142.0,Y,1142,1,3,Gd,0,,0.0,4,1,2006,156577
HOME-101444,20,RL,60.0,7024,Reg,Edwards,1Fam,1Story,4,5,2005,2005,TA,PConc,Gd,1132.0,Y,1132,1,2,Gd,0,Attchd,2.0,252,6,2008,184856
HOME-101334,80,RL,,10784,IR1,Gilbert,1Fam,SLvl,7,5,1991,1992,Gd,PConc,Gd,384.0,Y,1472,2,3,Gd,1,Attchd,2.0,164,5,2007,173786
HOME-102662,70,RL,80.0,8146,Reg,OldTown,1Fam,2Story,4,8,1900,2003,Gd,BrkTil,Fa,405.0,Y,1039,1,2,TA,0,Detchd,1.0,0,5,2009,118953
HOME-100792,20,RL,90.0,10768,IR1,Veenker,1Fam,1Story,5,8,1976,2004,Gd,CBlock,Gd,1437.0,Y,1437,2,3,Gd,1,Attchd,2.0,0,7,2007,239495
HOME-101435,20,RL,65.0,8450,Reg,CollgCr,1Fam,1Story,7,5,2003,2003,Gd,PConc,Gd,1337.0,Y,1337,2,3,Gd,0,Attchd,2.0,0,10,2007,197587
HOME-102378,30,RL,50.0,6305,Reg,Crawfor,1Fam,1Story,5,7,1938,1950,TA,PConc,Fa,920.0,Y,954,1,2,Fa,1,Basment,1.0,0,6,2007,133161
HOME-102512,30,RM,40.0,3636,Reg,IDOTRR,1Fam,1Story,4,4,1922,1950,TA,BrkTil,TA,796.0,N,796,1,2,TA,0,,0.0,0,1,2008,60339
HOME-102561,20,RL,74.0,8556,Reg,CollgCr,1Fam,1Story,7,5,2006,2006,Gd,PConc,Gd,1240.0,Y,1240,2,2,Gd,0,Attchd,3.0,140,5,2007,209304
HOME-100745,20,RL,70.0,12243,IR1,NWAmes,1Fam,1Story,5,6,1971,1971,TA,CBlock,Gd,1484.0,Y,1484,2,3,TA,1,Attchd,2.0,224,2,2007,192621
HOME-101175,20,RL,64.0,7697,Reg,Gilbert,1Fam,1Story,7,6,2007,2007,Gd,PConc,Gd,1246.0,Y,1258,2,3,Gd,0,Attchd,2.0,0,8,2007,184377
HOME-102029,60,RL,,9240,Reg,CollgCr,1Fam,2Story,8,5,2001,2002,Gd,PConc,Gd,1055.0,Y,2263,2,3,Gd,1,BuiltIn,2.0,0,9,2008,305378
HOME-100692,20,RL,60.0,8072,Reg,CollgCr,1Fam,1Story,5,5,1994,1995,TA,PConc,Gd,990.0,Y,990,1,3,TA,0,Detchd,2.0,0,5,2009,141912
HOME-101482,120,RL,24.0,2529,Reg,NPkVill,Twnhs,1Story,7,6,1977,1977,TA,CBlock,Gd,1055.0,Y,1055,2,2,TA,0,Attchd,2.0,0,9,2008,157129
HOME-102076,60,RL,105.0,11025,Reg,NoRidge,1Fam,2Story,8,5,1992,1993,Gd,PConc,Ex,1334.0,Y,2826,2,3,Gd,3,Attchd,3.0,177,10,2006,367120
HOME-100605,20,RL,103.0,13472,Reg,NridgHt,1Fam,1Story,10,5,2003,2003,Ex,PConc,Ex,2392.0,Y,2392,2,3,Ex,1,Attchd,3.0,248,6,2009,399023
HOME-102885,20,RL,59.0,17169,IR2,NridgHt,1Fam,1Story,10,5,2007,2007,Ex,PConc,Ex,2320.0,Y,2290,2,2,Ex,1,Attchd,3.0,192,8,2007,543852
HOME-100829,120,RL,38.0,14963,IR2,Veenker,TwnhsE,1Story,8,5,1996,1996,Gd,PConc,Gd,1260.0,Y,1288,1,1,Ex,2,Attchd,2.0,120,12,2008,260419
HOME-100374,60,RL,90.0,10800,Reg,NWAmes,1Fam,2Story,6,7,1974,1997,TA,CBlock,TA,1522.0,Y,2614,2,4,TA,1,Attchd,2.0,38,6,2008,255882
HOME-101421,20,RL,,21579,IR1,Crawfor,1Fam,1Story,6,6,1968,1968,TA,PConc,Gd,1488.0,Y,1488,2,3,TA,2,Attchd,2.0,0,9,2007,228220
HOME-100491,20,RL,182.0,14572,IR3,Gilbert,1Fam,1Story,7,5,2004,2004,Gd,PConc,Gd,1530.0,Y,1530,2,3,Gd,1,Attchd,3.0,144,11,2007,279351
HOME-100345,20,RL,73.0,7100,IR1,NAmes,1Fam,1Story,5,7,1957,1957,TA,CBlock,TA,816.0,Y,816,1,2,TA,0,Detchd,1.0,0,7,2006,145773
HOME-102803,160,RM,21.0,1936,Reg,MeadowV,Twnhs,2Story,4,7,1970,1970,TA,CBlock,TA,546.0,Y,1092,1,3,TA,0,,0.0,0,6,2006,100947
HOME-100485,60,RL,104.0,21535,IR1,NoRidge,1Fam,2Story,10,6,1994,1995,Ex,PConc,Ex,2444.0,Y,4316,3,4,Ex,2,Attchd,3.0,382,1,2007,820635
HOME-101844,20,RL,74.0,7400,Reg,NAmes,1Fam,1Story,7,6,1962,1962,TA,CBlock,TA,1045.0,Y,1045,1,3,TA,0,Detchd,2.0,0,3,2006,132363
HOME-102559,60,RL,,13355,IR1,NWAmes,1Fam,2Story,7,6,1971,1971,TA,CBlock,Gd,825.0,Y,1670,1,4,TA,0,Attchd,2.0,0,5,2008,185261
HOME-100034,60,RL,75.0,12447,IR1,Somerst,1Fam,2Story,8,5,2005,2006,Gd,PConc,Gd,1100.0,Y,1964,2,3,Gd,1,BuiltIn,2.0,200,1,2006,276792
HOME-102880,20,RL,95.0,10324,IR1,CollgCr,1Fam,1Story,8,5,2008,2008,Gd,PConc,Gd,1254.0,Y,1254,2,2,Gd,0,Attchd,3.0,168,3,2009,226690
HOME-100002,160,RM,41.0,2665,Reg,MeadowV,TwnhsE,2Story,5,6,1977,1977,TA,PConc,TA,757.0,Y,1475,2,4,TA,1,Attchd,1.0,104,7,2006,139922
HOME-102353,80,RL,83.0,10184,Reg,NAmes,1Fam,SLvl,6,5,1963,1963,TA,CBlock,TA,1083.0,Y,1146,1,3,TA,1,Attchd,1.0,345,6,2006,182760
HOME-102174,20,RL,70.0,8294,Reg,NAmes,1Fam,1Story,4,5,1971,1971,TA,CBlock,TA,858.0,Y,872,1,3,TA,0,Detchd,4.0,0,6,2007,131687
HOME-102224,60,RL,59.0,16023,IR1,StoneBr,1Fam,2Story,9,5,2005,2006,Gd,PConc,Ex,1398.0,Y,2798,3,3,Ex,1,BuiltIn,3.0,182,3,2006,495316
HOME-100022,50,RL,,9144,Reg,BrkSide,1Fam,1.5Fin,5,5,1940,1982,TA,CBlock,TA,883.0,Y,1505,1,3,TA,0,Detchd,1.0,0,7,2008,153893
HOME-101059,60,RL,,12728,Reg,CollgCr,1Fam,2Story,8,5,2001,2001,Gd,PConc,Gd,1531.0,Y,2439,2,4,Gd,1,Attchd,2.0,184,1,2007,292394
HOME-100851,50,RL,60.0,10800,Reg,OldTown,1Fam,1.5Fin,5,8,1936,1989,TA,CBlock,Fa,796.0,Y,1466,2,3,Gd,1,Attchd,2.0,436,4,2006,187006
HOME-102057,60,RL,112.0,16451,IR1,NridgHt,1Fam,2Story,8,5,2003,2003,Gd,PConc,Ex,1765.0,Y,2690,2,4,Gd,1,BuiltIn,3.0,268,7,2008,391909
HOME-102454,20,RL,,11250,IR1,Veenker,1Fam,1Story,6,6,1977,1977,Gd,CBlock,Gd,1208.0,Y,1208,1,3,TA,1,Attchd,2.0,198,6,2006,182235
HOME-101707,20,RL,78.0,11700,Reg,NWAmes,1Fam,1Story,6,6,1968,1968,TA,CBlock,TA,912.0,Y,1152,1,3,TA,0,Attchd,2.0,0,9,2007,157133
HOME-102180,50,RM,50.0,6000,Reg,OldTown,1Fam,1.5Fin,6,6,1927,1950,TA,BrkTil,TA,845.0,Y,1296,1,3,TA,0,Detchd,2.0,0,7,2007,134366
HOME-100092,20,RL,75.0,12890,IR1,Timber,1Fam,1Story,6,5,1989,1989,TA,CBlock,Gd,1495.0,Y,1495,2,3,TA,1,Attchd,2.0,252,7,2008,156340
HOME-101513,75,RM,60.0,9600,Reg,OldTown,1Fam,2.5Unf,6,5,1917,1950,TA,BrkTil,Gd,735.0,N,2058,1,3,TA,1,Detchd,2.0,0,4,2008,135686
HOME-101455,20,RL,110.0,14977,IR1,NridgHt,1Fam,1Story,8,5,2006,2007,Gd,PConc,Ex,1976.0,Y,1976,2,2,Gd,1,Attchd,3.0,250,7,2007,475576
HOME-101404,50,RM,75.0,9060,Reg,IDOTRR,1Fam,1.5Fin,6,5,1957,1957,TA,CBlock,TA,967.0,Y,1638,2,4,Gd,0,Detchd,1.0,0,4,2006,153845
HOME-100912,20,RL,,8125,Reg,CollgCr,1Fam,1Story,7,5,2002,2002,Gd,PConc,Gd,1654.0,Y,1654,2,3,Gd,0,Attchd,3.0,0,2,2006,249447
HOME-101649,60,RL,64.0,8633,Reg,CollgCr,1Fam,2Story,6,5,2005,2005,Gd,PConc,Gd,738.0,Y,1476,2,3,Gd,0,Attchd,2.0,100,2,2009,175710
HOME-101206,120,RM,,4426,Reg,CollgCr,TwnhsE,1Story,6,5,2004,2004,Gd,PConc,Gd,848.0,Y,848,1,1,Gd,0,Attchd,2.0,140,2,2008,151624
HOME-102266,60,RL,69.0,7590,Reg,NAmes,1Fam,2Story,6,5,1966,1966,TA,CBlock,TA,660.0,Y,1348,1,3,TA,1,Attchd,2.0,188,7,2006,172595
HOME-102099,60,FV,75.0,9000,Reg,Somerst,1Fam,2Story,8,5,2008,2008,Gd,PConc,Gd,768.0,Y,1590,2,3,Gd,0,Attchd,2.0,0,6,2009,212696
HOME-102541,20,RL,70.0,7000,Reg,NAmes,1Fam,1Story,5,7,1960,2002,TA,CBlock,TA,1010.0,Y,1134,1,2,TA,0,Attchd,1.0,0,4,2007,145517
HOME-100295,75,RM,35.0,6300,Reg,OldTown,1Fam,2.5Unf,6,6,1914,2001,TA,CBlock,TA,742.0,Y,1484,2,3,TA,1,,0.0,0,6,2008,137088
HOME-101899,20,RL,,7777,IR1,Timber,1Fam,1Story,6,5,1996,1996,Gd,PConc,Ex,1491.0,Y,1491,2,3,TA,1,Attchd,2.0,0,11,2007,192419
HOME-102879,20,RL,107.0,13891,Reg,NridgHt,1Fam,1Story,8,5,2007,2008,Gd,PConc,Ex,1710.0,Y,1710,2,2,Gd,1,Attchd,3.0,0,1,2008,394354
HOME-101378,60,RL,64.0,7713,Reg,Gilbert,1Fam,2Story,7,5,2007,2007,Gd,PConc,Gd,728.0,Y,1456,2,3,Gd,0,Attchd,2.0,100,7,2007,192984
HOME-100179,20,RL,72.0,9000,Reg,NAmes,1Fam,1Story,6,5,1956,1956,TA,CBlock,Gd,1196.0,Y,1196,1,2,TA,1,Attchd,1.0,0,5,2008,150420
HOME-101605,70,RL,120.0,26400,Reg,SawyerW,1Fam,2Story,5,7,1880,2007,Gd,PConc,,0.0,Y,2016,1,4,TA,1,Attchd,2.0,0,6,2009,135386
HOME-102634,60,FV,75.0,9803,Reg,Somerst,1Fam,2Story,7,5,2005,2005,Gd,PConc,Gd,866.0,Y,1768,2,3,Gd,0,Attchd,2.0,0,2,2008,243246
HOME-101100,20,RL,,14217,IR2,CollgCr,1Fam,1Story,5,5,1994,1994,TA,PConc,Gd,1022.0,Y,1022,1,3,TA,0,Detchd,2.0,0,8,2007,149886
HOME-100952,30,RL,,12342,IR1,Edwards,1Fam,1Story,4,5,1940,1950,TA,CBlock,TA,861.0,Y,861,1,1,TA,0,Detchd,2.0,158,3,2009,85302
HOME-102875,60,FV,81.0,10411,Reg,Somerst,1Fam,2Story,5,5,2007,2007,Gd,CBlock,Gd,725.0,Y,1588,3,3,Gd,0,Attchd,2.0,0,7,2007,230190
HOME-100861,30,RM,50.0,7000,Reg,IDOTRR,1Fam,1Story,6,8,1926,1998,TA,BrkTil,TA,894.0,Y,919,1,2,TA,0,Detchd,1.0,0,7,2008,131802
HOME-101487,20,RL,72.0,10152,Reg,NAmes,1Fam,1Story,6,6,1956,1994,TA,CBlock,TA,1124.0,Y,1124,1,3,TA,1,Attchd,1.0,0,5,2006,168475
HOME-100516,60,RL,103.0,13125,IR1,SawyerW,1Fam,2Story,7,5,1991,1991,Gd,PConc,Ex,1104.0,Y,2127,2,4,Gd,1,Attchd,3.0,72,11,2007,258137
HOME-100805,80,RL,85.0,13400,Reg,NAmes,1Fam,SLvl,5,5,1966,1966,TA,CBlock,TA,1024.0,Y,1086,1,3,TA,1,Attchd,2.0,0,6,2006,177175
HOME-101889,60,RL,97.0,10990,IR1,NoRidge,1Fam,2Story,7,5,1996,1997,Gd,PConc,Ex,1064.0,Y,2125,2,4,Gd,2,Attchd,2.0,168,6,2008,292278
HOME-101168,60,RL,102.0,12151,IR1,NridgHt,1Fam,2Story,9,5,2005,2005,Gd,PConc,Ex,1414.0,Y,2331,2,3,Ex,1,BuiltIn,3.0,192,8,2008,397728
HOME-100606,20,RL,,11027,IR1,NAmes,1Fam,1Story,6,5,1954,1954,TA,CBlock,TA,1178.0,Y,1293,2,2,TA,0,Attchd,2.0,280,5,2006,168746
HOME-102074,20,RL,49.0,15256,IR1,Somerst,1Fam,1Story,8,5,2007,2007,Gd,PConc,Gd,1485.0,Y,1464,2,3,Gd,0,Attchd,3.0,168,8,2007,307849
HOME-100107,120,RL,48.0,3480,Reg,NridgHt,TwnhsE,1Story,7,5,2003,2003,Gd,PConc,Gd,1405.0,Y,1405,2,2,Gd,1,Attchd,2.0,148,11,2009,179188
HOME-100088,60,RL,65.0,8450,Reg,SawyerW,1Fam,2Story,6,5,2001,2001,Gd,PConc,Gd,827.0,Y,1677,2,3,Gd,0,Attchd,2.0,0,9,2008,201897
HOME-100813,20,RL,,10659,IR1,NAmes,1Fam,1Story,5,6,1961,1961,TA,CBlock,TA,1050.0,Y,1050,1,3,TA,0,Attchd,1.0,0,1,2006,150443
HOME-100091,190,RL,,164660,IR1,Timber,2fmCon,1.5Fin,5,6,1965,1965,TA,CBlock,TA,1499.0,Y,1786,2,3,TA,2,Attchd,2.0,670,8,2008,242045
HOME-102693,60,RL,78.0,12011,IR1,NoRidge,1Fam,2Story,8,5,1998,1998,Gd,PConc,Gd,1086.0,Y,1924,2,3,Gd,1,Attchd,2.0,208,6,2006,309150
HOME-100185,20,RL,70.0,9135,Reg,CollgCr,1Fam,1Story,6,5,2003,2003,Gd,PConc,Gd,1682.0,Y,1700,2,3,Gd,0,Attchd,2.0,192,5,2006,221486
HOME-101207,85,RL,70.0,8400,Reg,NAmes,1Fam,SFoyer,5,6,1968,1968,TA,CBlock,Gd,833.0,Y,898,1,3,TA,0,Attchd,1.0,143,8,2006,152128
HOME-101920,20,RL,68.0,9450,Reg,Edwards,1Fam,1Story,4,5,1954,1954,TA,CBlock,TA,894.0,Y,894,1,3,TA,0,Detchd,2.0,0,5,2007,119670
HOME-101109,20,RL,124.0,27697,Reg,Mitchel,1Fam,1Story,4,3,1961,1961,TA,CBlock,TA,1396.0,N,1608,1,3,TA,0,Attchd,1.0,152,11,2007,86761
HOME-101686,160,FV,,5105,IR2,Somerst,TwnhsE,2Story,7,5,2004,2004,Gd,PConc,Gd,551.0,Y,1102,2,2,Gd,0,Detchd,2.0,0,3,2007,161685
HOME-102127,120,RL,,5814,IR1,StoneBr,TwnhsE,1Story,8,5,1984,1984,Gd,CBlock,Gd,1220.0,Y,1360,1,1,Gd,1,Attchd,2.0,63,8,2009,192190
HOME-102091,80,RL,65.0,8385,Reg,CollgCr,1Fam,SLvl,5,8,1977,1977,Gd,CBlock,Gd,985.0,Y,985,2,3,TA,0,Attchd,1.0,210,11,2008,155911
HOME-100425,120,FV,50.0,5119,IR1,Somerst,TwnhsE,1Story,9,5,1999,2000,Gd,PConc,Ex,1698.0,Y,1709,2,2,Gd,1,Attchd,2.0,97,1,2008,351073
HOME-100744,60,RL,,9720,IR1,CollgCr,1Fam,2Story,9,5,2001,2002,Gd,PConc,Gd,1357.0,Y,1947,2,3,Gd,1,BuiltIn,3.0,168,1,2008,288289
HOME-102518,20,RL,80.0,8800,Reg,NAmes,1Fam,1Story,6,6,1964,1964,TA,CBlock,TA,1251.0,Y,1251,1,3,TA,2,Attchd,1.0,0,3,2006,175855
HOME-101200,60,FV,,7500,Reg,Somerst,1Fam,2Story,7,5,2002,2002,Gd,PConc,Gd,952.0,Y,1812,2,3,TA,1,Attchd,2.0,144,4,2008,218030
HOME-101524,60,RL,105.0,15578,IR1,Gilbert,1Fam,2Story,6,5,2006,2006,Gd,PConc,Gd,728.0,Y,1456,2,3,TA,0,Attchd,2.0,0,5,2006,187450
HOME-100868,20,RL,77.0,10010,Reg,Mitchel,1Fam,1Story,5,5,1974,1975,TA,CBlock,Gd,1389.0,Y,1389,1,2,TA,1,Attchd,2.0,240,4,2006,188662
HOME-102153,20,RL,93.0,12030,Reg,NridgHt,1Fam,1Story,8,5,2007,2007,Ex,PConc,Ex,1694.0,Y,1694,2,3,Gd,0,Attchd,3.0,168,12,2007,338978
HOME-102616,20,RL,91.0,11024,IR1,SawyerW,1Fam,1Story,7,5,2005,2006,Gd,PConc,Gd,1400.0,Y,1400,2,3,Gd,0,Attchd,2.0,144,10,2006,207792
HOME-101064,20,RL,85.0,12633,IR1,Timber,1Fam,1Story,9,5,2007,2007,Ex,PConc,Ex,1978.0,Y,1978,2,2,Ex,1,Attchd,3.0,308,5,2009,439936
HOME-101619,60,RL,,8396,IR1,Gilbert,1Fam,2Story,7,5,2003,2003,Gd,PConc,Gd,847.0,Y,1986,2,4,Gd,1,BuiltIn,2.0,120,5,2008,222129
HOME-101220,20,RL,75.0,10050,Reg,NAmes,1Fam,1Story,5,5,1955,1955,TA,CBlock,TA,1216.0,Y,1216,1,3,TA,0,Attchd,1.0,0,8,2007,143527
HOME-100614,120,RM,,4426,Reg,CollgCr,TwnhsE,1Story,6,5,2004,2004,Gd,PConc,Gd,848.0,Y,848,1,1,Gd,1,Attchd,2.0,149,5,2008,153147
HOME-101779,20,RL,70.0,9926,IR1,NridgHt,1Fam,1Story,7,5,2005,2006,Gd,PConc,Gd,1614.0,Y,1614,2,3,Gd,0,Attchd,3.0,100,5,2007,268373
HOME-102926,60,RL,85.0,10574,IR1,NridgHt,1Fam,2Story,8,5,2004,2004,Gd,PConc,Ex,1148.0,Y,2332,2,4,Ex,1,BuiltIn,3.0,224,7,2008,325902
HOME-102912,120,RM,37.0,4435,Reg,CollgCr,TwnhsE,1Story,6,5,2003,2003,Gd,PConc,Gd,848.0,Y,848,1,1,Gd,0,Attchd,2.0,140,3,2008,144119
HOME-100914,90,RL,75.0,9750,Reg,NWAmes,Duplex,1Story,5,6,1965,1965,TA,CBlock,TA,1625.0,Y,1625,2,4,TA,0,Detchd,2.0,0,8,2008,150365
HOME-101919,70,RH,55.0,8525,Reg,SWISU,1Fam,2Story,5,6,1911,1950,TA,PConc,TA,940.0,N,1964,1,4,TA,0,,0.0,0,11,2008,142881
HOME-101986,80,RL,80.0,9600,Reg,Veenker,1Fam,SLvl,8,5,1976,1976,Gd,CBlock,TA,392.0,Y,2499,2,4,TA,1,Attchd,2.0,0,1,2009,188154
HOME-100691,20,RL,67.0,8877,Reg,Edwards,1Fam,1Story,4,6,1938,1958,TA,CBlock,TA,816.0,Y,816,1,2,TA,1,Detchd,1.0,0,5,2009,104207
HOME-101142,50,RH,55.0,4500,IR2,SWISU,1Fam,1.5Fin,5,5,1932,2000,TA,BrkTil,TA,793.0,Y,1520,1,3,TA,0,Detchd,1.0,0,7,2009,162991
HOME-100183,80,RL,72.0,9720,Reg,CollgCr,1Fam,SLvl,5,7,1977,1977,TA,CBlock,TA,995.0,Y,1009,2,3,TA,1,Detchd,2.0,0,6,2007,167953
HOME-101184,60,RL,70.0,8750,Reg,CollgCr,1Fam,2Story,7,5,1996,1996,Gd,PConc,Gd,880.0,Y,1716,2,2,Gd,1,Attchd,2.0,0,7,2009,192704
HOME-101419,20,RL,75.0,10125,Reg,Mitchel,1Fam,1Story,6,6,1977,1977,TA,CBlock,TA,1196.0,Y,1279,2,3,TA,2,Detchd,2.0,238,2,2008,179411
HOME-101090,20,RL,70.0,16561,IR2,CollgCr,1Fam,1Story,5,5,1996,1996,TA,PConc,Gd,1097.0,Y,1097,1,3,TA,0,Attchd,1.0,306,7,2007,161544
HOME-101583,20,RL,,9819,IR1,Mitchel,1Fam,1Story,6,5,1977,1977,TA,PConc,TA,1567.0,Y,1567,2,2,Gd,2,Attchd,2.0,264,5,2009,201389
HOME-100393,20,RL,70.0,8749,Reg,CollgCr,1Fam,1Story,7,5,2002,2002,Gd,PConc,Gd,1459.0,Y,1459,2,3,Gd,1,Attchd,2.0,192,9,2007,203763
HOME-102591,90,RL,75.0,10125,Reg,Mitchel,Duplex,1.5Fin,5,5,1977,1977,TA,CBlock,,0.0,Y,1734,2,4,Gd,0,Attchd,2.0,0,8,2009,127848
HOME-102143,60,RL,,12936,IR1,NWAmes,1Fam,2Story,6,6,1972,1972,TA,CBlock,TA,723.0,Y,1395,1,3,TA,1,Attchd,2.0,294,12,2009,167000
HOME-101737,90,RL,72.0,10791,Reg,Sawyer,Duplex,1Story,4,5,1967,1967,TA,Slab,,0.0,Y,1296,2,2,TA,0,CarPort,2.0,0,10,2006,98034
HOME-102615,20,RL,84.0,7476,Reg,Sawyer,1Fam,1Story,5,7,1968,1968,TA,CBlock,TA,1040.0,Y,1040,1,3,TA,0,Detchd,2.0,188,6,2007,156848
HOME-101165,20,RL,70.0,8400,Reg,NAmes,1Fam,1Story,5,5,1955,1955,TA,CBlock,TA,923.0,Y,925,1,3,TA,2,Attchd,1.0,81,3,2007,127243
HOME-100283,190,RL,90.0,15750,Reg,Crawfor,2fmCon,1Story,5,5,1953,1953,TA,CBlock,TA,1165.0,Y,1336,1,2,TA,2,Attchd,1.0,0,6,2006,172548
HOME-100859,20,RL,79.0,11850,Reg,NWAmes,1Fam,1Story,6,6,1984,1984,TA,CBlock,Gd,1153.0,Y,1177,2,3,Gd,0,Attchd,2.0,204,8,2007,164752
HOME-102128,60,RL,65.0,8450,Reg,CollgCr,1Fam,2Story,7,5,2003,2003,Gd,PConc,Gd,856.0,Y,1710,2,3,Gd,0,Attchd,2.0,0,2,2008,217381
HOME-101836,20,RL,126.0,13108,IR2,Crawfor,1Fam,1Story,5,5,1951,1951,TA,CBlock,,0.0,Y,1226,1,2,TA,1,Attchd,2.0,174,6,2007,164959
HOME-100169,20,RL,,14860,IR2,CollgCr,1Fam,1Story,8,5,2002,2003,Gd,PConc,Ex,1778.0,Y,1786,2,3,Gd,1,Attchd,3.0,182,6,2008,322423
HOME-102462,120,RL,53.0,4043,Reg,NPkVill,TwnhsE,1Story,6,5,1975,1975,TA,CBlock,Gd,1069.0,Y,1069,2,2,TA,1,Attchd,2.0,0,7,2006,156341
HOME-100323,70,RM,50.0,6000,Reg,BrkSide,1Fam,2Story,6,6,1939,1950,TA,CBlock,TA,600.0,Y,1232,1,3,TA,2,Attchd,1.0,0,2,2007,138528
HOME-100976,60,RL,68.0,9179,IR1,CollgCr,1Fam,2Story,7,5,1999,1999,Gd,PConc,Gd,873.0,Y,1790,2,3,Gd,0,Attchd,2.0,0,6,2008,207165
HOME-101099,60,RL,83.0,10019,IR1,NoRidge,1Fam,2Story,8,5,1995,1995,Gd,PConc,Gd,1342.0,Y,2726,2,4,Gd,1,Attchd,3.0,307,6,2006,392637
HOME-101351,50,RL,60.0,7200,Reg,NAmes,1Fam,1.5Fin,5,6,1955,1967,TA,CBlock,TA,768.0,Y,1588,1,3,TA,0,Detchd,2.0,0,3,2008,159890
HOME-101274,50,RL,,11250,Reg,ClearCr,1Fam,1.5Fin,4,5,1957,1989,TA,CBlock,TA,1104.0,Y,1788,1,5,TA,2,Attchd,1.0,120,11,2009,166115
HOME-102118,30,RL,60.0,10914,Reg,NAmes,1Fam,1Story,3,3,1929,1950,TA,CBlock,TA,715.0,N,715,1,2,TA,0,Detchd,2.0,0,8,2006,74098
HOME-102516,50,RM,51.0,6120,Reg,BrkSide,1Fam,1.5Fin,5,6,1938,1950,TA,BrkTil,TA,952.0,Y,1582,2,3,TA,1,Detchd,1.0,189,2,2009,155479
HOME-100974,120,RH,26.0,8773,IR2,NAmes,TwnhsE,1Story,6,5,2002,2002,Gd,PConc,Gd,1487.0,Y,1419,2,2,Gd,0,Attchd,2.0,196,9,2006,207885
HOME-100407,20,RL,80.0,10800,Reg,NAmes,1Fam,1Story,6,6,1961,1992,TA,CBlock,TA,1313.0,Y,1773,2,3,TA,2,Attchd,2.0,355,8,2006,202262
HOME-102554,60,RL,62.0,7415,IR1,Gilbert,1Fam,2Story,6,5,2004,2004,TA,PConc,TA,839.0,Y,1593,2,3,TA,1,Attchd,2.0,100,4,2008,204756
HOME-102338,90,RL,87.0,9246,IR1,NWAmes,Duplex,1Story,5,5,1973,1973,TA,CBlock,TA,1656.0,Y,1656,2,4,TA,0,Detchd,2.0,0,11,2008,143012
HOME-100250,50,RM,50.0,6000,Reg,BrkSide,1Fam,1.5Fin,6,7,1937,2000,TA,BrkTil,TA,825.0,Y,1497,2,3,TA,0,Detchd,1.0,272,5,2008,166767
HOME-101255,60,RL,65.0,14006,IR1,CollgCr,1Fam,2Story,7,5,2002,2002,Gd,PConc,Gd,936.0,Y,1776,2,3,Gd,1,Attchd,2.0,144,2,2006,211448
HOME-102014,90,RL,120.0,11136,Reg,Sawyer,Duplex,1Story,6,5,1964,1964,TA,CBlock,TA,1921.0,Y,1921,2,4,TA,0,Detchd,2.0,0,7,2006,163566
HOME-102168,20,RL,,9000,Reg,Sawyer,1Fam,1Story,5,3,1959,1959,TA,CBlock,TA,1006.0,Y,1006,1,3,TA,0,,0.0,0,7,2008,84839
HOME-101437,20,RL,68.0,9724,Reg,NAmes,1Fam,1Story,5,7,1947,1950,TA,CBlock,TA,938.0,Y,1043,1,2,TA,1,Detchd,1.0,125,5,2006,149303
HOME-100380,120,RL,41.0,5395,IR1,StoneBr,TwnhsE,1Story,8,5,1993,1993,Gd,PConc,Gd,1337.0,Y,1337,2,2,Gd,1,Attchd,2.0,96,10,2008,191128
HOME-100359,20,RL,86.0,13286,IR1,Edwards,1Fam,1Story,9,5,2007,2008,Ex,PConc,Ex,1698.0,Y,1698,2,3,Ex,1,Attchd,3.0,327,2,2009,333522
HOME-100288,60,RL,59.0,9535,IR1,Gilbert,1Fam,2Story,6,5,1998,1998,TA,PConc,Gd,926.0,Y,1604,2,3,TA,0,Attchd,2.0,100,5,2008,204779
HOME-100810,20,RL,70.0,9100,Reg,CollgCr,1Fam,1Story,7,5,2004,2005,Gd,PConc,Gd,1860.0,Y,1836,2,3,Gd,1,Attchd,2.0,120,10,2006,239963
HOME-100061,90,RL,,18890,IR1,Sawyer,Duplex,1.5Fin,5,5,1977,1977,TA,CBlock,Gd,1361.0,Y,2620,2,4,TA,1,BuiltIn,2.0,155,8,2007,204646
HOME-100824,20,RL,63.0,9457,Reg,NAmes,1Fam,1Story,5,6,1970,1990,TA,CBlock,TA,925.0,Y,1422,1,3,TA,0,Detchd,2.0,252,9,2007,167023
HOME-102583,20,RL,81.0,13870,IR1,StoneBr,1Fam,1Story,10,5,2006,2007,Ex,PConc,Ex,1742.0,Y,2042,2,3,Ex,1,Attchd,3.0,240,10,2007,491574
HOME-102582,20,RM,56.0,9836,Reg,OldTown,1Fam,1Story,6,5,2008,2008,TA,PConc,TA,192.0,N,1133,1,3,TA,0,Detchd,1.0,0,12,2008,153838
HOME-100979,60,RL,120.0,15611,Reg,CollgCr,1Fam,2Story,8,5,2006,2006,Gd,PConc,Gd,1079.0,Y,1919,2,3,Gd,1,Attchd,2.0,0,7,2006,256439
HOME-102715,60,RL,73.0,11184,IR1,Gilbert,1Fam,2Story,6,5,1998,1998,TA,PConc,Gd,932.0,Y,1633,2,3,TA,1,Attchd,2.0,0,4,2008,194277
HOME-100950,50,RM,40.0,5680,Reg,OldTown,1Fam,1.5Fin,5,3,1901,1950,TA,CBlock,TA,969.0,N,1214,1,2,TA,0,Detchd,1.0,0,9,2007,123960
HOME-100501,20,RL,90.0,17217,Reg,Mitchel,1Fam,1Story,5,5,2006,2006,TA,PConc,Gd,1140.0,Y,1140,1,3,TA,0,,0.0,36,7,2006,91953
HOME-102171,20,RL,70.0,7903,Reg,NAmes,1Fam,1Story,5,5,1960,1960,TA,CBlock,TA,1242.0,Y,1242,1,3,TA,0,Attchd,1.0,0,5,2007,161462
HOME-101510,30,RM,59.0,8263,Reg,IDOTRR,1Fam,1Story,6,5,1920,1950,TA,BrkTil,TA,1012.0,Y,1012,1,2,TA,1,Detchd,1.0,0,5,2007,128647
HOME-101013,60,RL,63.0,9729,IR1,Gilbert,1Fam,2Story,6,5,2006,2007,Gd,PConc,Gd,698.0,Y,1746,2,3,Gd,1,BuiltIn,3.0,0,6,2007,219104
HOME-101978,20,RL,78.0,7800,Reg,Edwards,1Fam,2Story,5,8,1948,2002,TA,CBlock,TA,896.0,Y,2008,3,3,Ex,0,Attchd,1.0,103,8,2006,252216
HOME-102006,20,RL,95.0,14250,Reg,NAmes,1Fam,1Story,6,5,1957,1957,TA,CBlock,TA,998.0,Y,1790,2,3,TA,2,Attchd,2.0,0,9,2008,188422
HOME-102703,20,RL,60.0,7200,Reg,NAmes,1Fam,1Story,4,5,1950,1950,TA,Slab,,0.0,Y,1040,1,2,TA,0,Detchd,2.0,0,7,2006,118210
HOME-100017,20,RL,,9610,IR1,NAmes,1Fam,1Story,6,6,1958,1958,TA,CBlock,TA,1121.0,Y,1336,1,3,TA,1,Attchd,2.0,80,12,2006,176963
HOME-100208,160,FV,24.0,2645,Reg,Somerst,Twnhs,2Story,8,5,1999,2000,Gd,PConc,Gd,970.0,Y,1739,2,3,Gd,0,Attchd,2.0,115,8,2009,173389
HOME-100141,120,FV,,4765,IR1,Somerst,TwnhsE,1Story,9,5,2000,2000,Gd,PConc,Gd,1614.0,Y,1638,2,2,Ex,1,Attchd,2.0,230,7,2008,316712
HOME-100639,20,RL,43.0,3182,Reg,Blmngtn,1Fam,1Story,7,5,2007,2007,Gd,PConc,Gd,1266.0,Y,1266,2,2,Gd,1,Attchd,2.0,100,3,2008,170617
HOME-100560,70,RL,55.0,10592,Reg,Crawfor,1Fam,2Story,6,7,1923,1996,TA,PConc,TA,602.0,Y,1502,1,3,Gd,2,Detchd,1.0,96,8,2007,177583
HOME-100334,50,RL,86.0,11500,IR1,Crawfor,1Fam,1.5Fin,7,7,1936,1987,Gd,CBlock,Gd,1017.0,Y,2057,1,3,Gd,1,Attchd,1.0,0,6,2006,280492
HOME-102069,20,RL,,6627,IR1,BrkSide,1Fam,1Story,3,6,1949,1950,TA,CBlock,,0.0,N,720,1,2,TA,0,Detchd,1.0,0,7,2008,76165
HOME-102449,20,RL,53.0,3710,Reg,Blmngtn,1Fam,1Story,7,5,2007,2007,Gd,PConc,Gd,1266.0,Y,1266,2,2,Gd,1,Attchd,2.0,100,8,2007,198078
HOME-100617,20,RL,,8475,IR1,NAmes,1Fam,1Story,4,7,1956,1956,TA,CBlock,TA,952.0,Y,952,1,2,TA,0,Detchd,1.0,0,4,2008,144758
HOME-101480,60,RL,,13041,IR2,Gilbert,1Fam,2Story,6,5,1995,1995,TA,PConc,Gd,781.0,Y,1671,2,3,TA,1,Attchd,2.0,0,2,2006,185987
HOME-101668,20,RL,80.0,9600,Reg,NAmes,1Fam,1Story,5,6,1960,1960,Fa,CBlock,TA,1296.0,Y,1496,2,3,Gd,0,Attchd,2.0,0,2,2008,151063
HOME-100607,50,RL,,159000,IR2,ClearCr,1Fam,1.5Fin,6,7,1958,2006,Gd,CBlock,Gd,1444.0,Y,2144,2,4,Gd,2,Attchd,2.0,0,6,2007,300563
HOME-101424,20,RL,,10368,IR1,NAmes,1Fam,1Story,6,6,1964,1964,TA,CBlock,TA,1008.0,Y,1488,1,3,TA,1,Attchd,2.0,154,4,2006,184615
HOME-101087,60,RL,,8121,IR1,Gilbert,1Fam,2Story,6,5,2000,2000,TA,PConc,Gd,953.0,Y,1664,2,3,TA,1,Attchd,2.0,100,1,2006,190049
HOME-100822,60,RL,70.0,9605,Reg,Somerst,1Fam,2Story,7,5,2006,2006,Gd,PConc,Gd,982.0,Y,1977,2,3,Gd,0,Attchd,3.0,240,7,2007,268976
HOME-101284,30,RL,52.0,6292,Reg,SWISU,1Fam,1Story,6,5,1930,1950,TA,BrkTil,Gd,768.0,N,790,1,2,TA,0,Detchd,1.0,0,4,2008,96838
HOME-100287,20,RL,88.0,12216,IR1,Gilbert,1Fam,1Story,6,5,2005,2005,TA,PConc,Gd,1326.0,Y,1326,2,3,Gd,0,Attchd,2.0,120,6,2007,222854
HOME-102722,20,RL,80.0,9650,Reg,NWAmes,1Fam,1Story,6,5,1977,1977,TA,CBlock,Gd,1350.0,Y,1334,2,2,TA,1,Attchd,2.0,0,4,2009,172182
HOME-100205,20,RL,74.0,11563,IR1,Timber,1Fam,1Story,8,5,2006,2007,Gd,PConc,Ex,1518.0,Y,1537,2,3,Gd,0,Attchd,3.0,0,4,2008,302242
HOME-100552,20,RL,93.0,15306,IR1,Timber,1Fam,1Story,8,5,2006,2007,Gd,PConc,Ex,1732.0,Y,1776,2,3,Gd,1,Attchd,3.0,0,5,2007,308141
HOME-101297,20,RL,91.0,10652,IR1,CollgCr,1Fam,1Story,7,5,2006,2007,Gd,PConc,Gd,1494.0,Y,1494,2,3,Gd,1,Attchd,3.0,160,8,2007,305513
HOME-102644,60,RL,41.0,12393,IR2,CollgCr,1Fam,2Story,7,5,2004,2005,Gd,PConc,Gd,847.0,Y,1948,2,4,Gd,1,BuiltIn,2.0,100,9,2006,216691
HOME-102052,80,RL,100.0,14330,IR1,Veenker,1Fam,SLvl,7,4,1974,1974,Gd,CBlock,Gd,1748.0,Y,2646,2,3,Gd,4,Attchd,2.0,641,1,2006,283853
HOME-102927,20,RL,60.0,7200,Reg,CollgCr,1Fam,1Story,5,5,1972,2000,TA,CBlock,TA,864.0,Y,864,1,3,Ex,0,Detchd,2.0,155,9,2007,137536
HOME-100338,20,RL,73.0,8899,IR1,Gilbert,1Fam,1Story,7,5,2007,2007,Gd,PConc,Gd,1340.0,Y,1340,2,3,Gd,0,Attchd,2.0,100,8,2007,191798
HOME-101226,20,RL,75.0,9675,Reg,CollgCr,1Fam,1Story,5,6,1975,1975,TA,CBlock,TA,864.0,Y,879,1,3,TA,0,Attchd,2.0,0,9,2007,130914
HOME-101158,90,RL,38.0,7840,IR1,Edwards,Duplex,SFoyer,6,5,1975,1975,TA,CBlock,Gd,976.0,Y,1012,2,4,TA,0,,0.0,0,10,2006,139202
HOME-101466,80,RL,,15584,Reg,ClearCr,1Fam,SLvl,5,5,1956,1956,TA,CBlock,TA,825.0,Y,2071,1,4,TA,1,Attchd,1.0,131,10,2009,173537
HOME-102182,80,RL,81.0,10530,Reg,NWAmes,1Fam,SLvl,6,6,1975,2000,TA,CBlock,TA,675.0,Y,1875,3,3,Gd,1,Attchd,2.0,48,6,2006,202314
HOME-100105,20,RL,80.0,9600,Reg,Veenker,1Fam,1Story,6,8,1976,1976,TA,CBlock,Gd,1262.0,Y,1262,2,3,TA,1,Attchd,2.0,298,5,2007,195997
HOME-100657,30,RM,60.0,7200,Reg,OldTown,1Fam,1Story,5,4,1910,2006,TA,BrkTil,TA,1022.0,N,1022,1,2,TA,0,Detchd,1.0,0,6,2009,87701
HOME-101491,20,RL,80.0,10000,Reg,Mitchel,1Fam,1Story,5,5,2002,2002,Gd,PConc,Gd,1441.0,Y,1392,2,3,Gd,1,Attchd,3.0,168,12,2007,231774
HOME-101032,20,RL,67.0,8308,Reg,Edwards,1Fam,1Story,4,6,1963,1963,TA,CBlock,TA,1088.0,Y,1088,1,2,TA,0,Detchd,2.0,0,6,2007,120175
HOME-101035,20,RL,70.0,7560,Reg,NAmes,1Fam,1Story,5,5,1959,1959,TA,CBlock,TA,1040.0,Y,1040,1,3,TA,0,Attchd,1.0,140,7,2006,147768
HOME-100818,60,RL,80.0,10400,Reg,CollgCr,1Fam,2Story,7,5,1998,1998,TA,PConc,Gd,866.0,Y,1779,2,3,Gd,0,Attchd,2.0,198,3,2009,202898
HOME-100390,50,RL,48.0,12822,IR1,Mitchel,1Fam,1.5Fin,7,5,2003,2003,Gd,PConc,Ex,1434.0,Y,2149,1,1,Gd,1,Attchd,2.0,168,8,2009,244004
HOME-101538,50,RL,45.0,8212,Reg,Edwards,1Fam,1.5Fin,5,6,1941,1950,TA,CBlock,TA,720.0,Y,1298,1,3,TA,2,Detchd,1.0,84,9,2009,122470
HOME-100351,20,FV,72.0,8640,Reg,Somerst,1Fam,1Story,8,5,2006,2006,Gd,PConc,Gd,1278.0,Y,1278,2,2,Gd,0,Attchd,2.0,0,10,2006,217417
HOME-101663,120,RL,30.0,3701,IR1,StoneBr,TwnhsE,1Story,8,5,1987,1987,TA,CBlock,Gd,1191.0,Y,1204,2,2,TA,0,Attchd,2.0,120,8,2006,144879
HOME-101490,160,RL,24.0,2308,Reg,NPkVill,TwnhsE,2Story,6,5,1974,1974,TA,CBlock,TA,855.0,Y,1322,2,3,TA,1,Attchd,2.0,260,6,2009,150923
HOME-101887,20,RL,80.0,9600,Reg,NAmes,1Fam,1Story,5,5,1951,1951,TA,CBlock,TA,1056.0,Y,1216,1,3,TA,0,Attchd,1.0,0,5,2006,149720
HOME-101610,20,RL,80.0,8892,IR1,NAmes,1Fam,1Story,5,5,1960,1960,TA,CBlock,TA,1065.0,Y,1065,1,3,TA,0,Detchd,2.0,74,7,2007,136396
HOME-100118,50,RL,51.0,10480,Reg,SWISU,1Fam,1.5Fin,6,5,1936,1950,TA,BrkTil,TA,1064.0,Y,1639,1,3,TA,0,Detchd,1.0,0,3,2008,123646
HOME-100432,60,RL,75.0,7950,IR1,Edwards,1Fam,2Story,6,6,1977,1977,TA,CBlock,TA,690.0,Y,1426,1,3,TA,0,Attchd,2.0,252,7,2009,164838
HOME-100811,20,RL,107.0,13891,Reg,NridgHt,1Fam,1Story,10,5,2006,2006,Ex,PConc,Ex,2076.0,Y,2076,2,2,Ex,1,Attchd,3.0,216,9,2006,509159
HOME-101726,60,RL,110.0,14277,Reg,NridgHt,1Fam,2Story,8,5,2003,2003,Gd,PConc,Ex,1317.0,Y,2385,2,3,Gd,1,Attchd,3.0,192,1,2007,381213
HOME-102183,60,RL,85.0,13600,Reg,NAmes,1Fam,2Story,7,6,1965,1990,TA,CBlock,TA,768.0,Y,1986,2,3,TA,3,Attchd,2.0,0,10,2009,209731
HOME-102054,20,RL,78.0,11645,Reg,CollgCr,1Fam,1Story,8,5,2005,2006,Gd,PConc,Ex,1498.0,Y,1498,2,3,Gd,1,Attchd,3.0,144,3,2009,244786
HOME-101629,20,RL,75.0,8700,IR1,NAmes,1Fam,1Story,5,7,1961,1961,TA,CBlock,TA,920.0,Y,888,1,3,TA,0,Attchd,1.0,0,2,2007,128460
HOME-100422,190,RL,80.0,8800,Reg,NAmes,2fmCon,1Story,6,7,1965,2000,TA,PConc,TA,1187.0,Y,1565,2,3,Gd,2,Attchd,1.0,200,6,2006,203222
HOME-101756,120,RM,,4224,Reg,MeadowV,TwnhsE,1Story,5,6,1975,1975,TA,PConc,Gd,1040.0,Y,1040,1,3,TA,0,Attchd,2.0,0,6,2008,130020
HOME-101853,60,RL,51.0,8029,IR1,Gilbert,1Fam,2Story,6,5,2005,2005,TA,PConc,Gd,728.0,Y,1456,2,3,Gd,0,Attchd,2.0,100,7,2008,185961
HOME-102496,20,RL,80.0,11844,IR1,StoneBr,1Fam,1Story,8,5,2008,2008,Gd,PConc,Ex,2046.0,Y,2046,2,3,Gd,1,Attchd,3.0,322,7,2009,380635
HOME-101138,120,RL,50.0,7175,Reg,SawyerW,TwnhsE,1Story,6,5,1991,1991,Gd,PConc,Gd,1217.0,Y,1217,2,2,Gd,0,Attchd,2.0,0,6,2006,163013
HOME-100945,80,RL,64.0,8991,IR1,NWAmes,1Fam,SLvl,7,6,1976,1976,TA,CBlock,Gd,1228.0,Y,1324,2,3,Gd,1,Attchd,2.0,407,2,2007,189962
HOME-100182,120,RM,44.0,3843,IR1,Crawfor,TwnhsE,1Story,8,5,2007,2008,Ex,PConc,Ex,1596.0,Y,1648,2,2,Ex,1,Attchd,2.0,162,8,2008,313467
HOME-102329,60,RL,91.0,10984,IR1,CollgCr,1Fam,2Story,7,5,2005,2006,Gd,PConc,Gd,945.0,Y,1809,2,3,Gd,0,Attchd,2.0,144,5,2006,226880
HOME-101441,120,RM,32.0,4500,Reg,Mitchel,Twnhs,1Story,6,5,1998,1998,TA,PConc,Ex,1216.0,Y,1216,2,2,TA,0,Attchd,2.0,0,5,2006,180081
HOME-101928,30,RL,40.0,4280,Reg,Crawfor,1Fam,1Story,5,6,1913,2002,TA,PConc,TA,440.0,N,694,1,2,Gd,1,Detchd,1.0,0,3,2007,97594
HOME-101037,20,RL,64.0,6762,Reg,CollgCr,1Fam,1Story,7,5,2007,2007,Gd,PConc,Gd,1208.0,Y,1208,2,2,Gd,0,Attchd,2.0,105,9,2007,209717
HOME-102694,20,FV,72.0,8640,Reg,Somerst,1Fam,1Story,7,5,2008,2008,Gd,PConc,Gd,1402.0,Y,1402,2,3,Gd,0,Attchd,2.0,205,5,2009,235395
HOME-100628,20,RM,50.0,6000,Reg,OldTown,1Fam,1Story,4,7,1954,2000,TA,CBlock,TA,901.0,Y,901,1,2,TA,0,Detchd,1.0,0,8,2008,116364
HOME-100816,20,RL,82.0,12464,IR2,CollgCr,1Fam,1Story,5,5,1996,1996,TA,PConc,Gd,1040.0,Y,1040,1,3,Gd,0,Detchd,2.0,168,11,2009,156936
HOME-101910,20,RL,70.0,11200,Reg,Sawyer,1Fam,1Story,5,5,1965,1965,TA,CBlock,TA,1040.0,Y,1040,1,3,TA,0,Detchd,1.0,0,2,2008,137591
HOME-101289,20,RL,85.0,10000,Reg,Somerst,1Fam,1Story,8,5,2006,2006,Gd,PConc,Gd,1588.0,Y,1588,2,3,Gd,1,Attchd,3.0,144,12,2007,246717
HOME-102712,20,RL,76.0,9158,Reg,Somerst,1Fam,1Story,8,5,2007,2007,Gd,PConc,Gd,1496.0,Y,1496,2,3,Gd,0,Attchd,2.0,168,6,2007,241461
HOME-100899,30,RL,90.0,5400,Reg,OldTown,1Fam,1Story,2,5,1940,1950,Fa,PConc,Fa,416.0,N,599,1,2,Gd,0,,0.0,0,6,2009,59812
HOME-100076,120,RL,34.0,5122,IR1,NridgHt,Twnhs,1Story,6,5,2005,2005,Gd,PConc,Gd,1306.0,Y,1306,2,1,Gd,1,Attchd,2.0,170,3,2009,192935
HOME-101946,20,RL,82.0,9840,Reg,NAmes,1Fam,1Story,5,7,1959,1998,TA,CBlock,TA,1248.0,Y,1440,2,2,Gd,0,Attchd,1.0,150,6,2008,193396
HOME-102200,60,RL,106.0,11194,IR1,Gilbert,1Fam,2Story,8,5,2000,2000,Gd,PConc,Gd,1406.0,Y,1936,2,3,Gd,1,Attchd,2.0,188,11,2006,249521
HOME-101121,20,FV,65.0,8125,Reg,Somerst,1Fam,1Story,8,5,2008,2009,Gd,PConc,Gd,1836.0,Y,1836,2,3,Gd,1,Attchd,2.0,0,10,2009,267214
HOME-102262,20,RL,71.0,7350,Reg,NAmes,1Fam,1Story,5,6,1958,1958,TA,CBlock,TA,1041.0,Y,1041,1,3,TA,0,Attchd,1.0,0,3,2009,129203
HOME-101882,60,RL,92.0,10120,Reg,NoRidge,1Fam,2Story,8,5,1994,1994,Gd,PConc,Gd,1165.0,Y,2526,2,4,Gd,1,Attchd,3.0,309,12,2006,322347
HOME-100763,20,RL,72.0,11846,IR1,NridgHt,1Fam,1Story,9,5,2003,2004,Gd,PConc,Ex,1792.0,Y,1792,2,2,Ex,1,Attchd,3.0,206,8,2006,413990
HOME-102811,20,RL,68.0,7942,Reg,NAmes,1Fam,1Story,6,7,1953,1953,TA,CBlock,TA,1040.0,Y,1040,1,3,TA,0,Attchd,1.0,0,6,2007,146455
HOME-101749,50,RM,,12358,IR1,OldTown,1Fam,1.5Fin,5,6,1941,1950,TA,CBlock,TA,720.0,Y,1382,1,2,TA,0,Detchd,2.0,237,5,2007,140324
HOME-101282,20,RL,91.0,11375,Reg,Sawyer,1Fam,1Story,6,5,1954,1995,TA,CBlock,TA,967.0,Y,1299,1,3,Gd,1,Attchd,2.0,81,10,2007,165533
HOME-100728,20,RL,,10750,IR1,NoRidge,1Fam,1Story,8,5,1994,1995,Gd,PConc,Gd,2024.0,Y,2063,2,3,Gd,2,Attchd,3.0,182,6,2009,327227
HOME-100265,70,RL,60.0,8730,Reg,BrkSide,1Fam,2Story,6,7,1915,2003,TA,BrkTil,TA,698.0,Y,1396,1,3,TA,0,Detchd,1.0,0,7,2007,165213
HOME-101568,20,RL,68.0,50271,IR1,Veenker,1Fam,1Story,9,5,1981,1987,Gd,CBlock,Ex,1842.0,Y,1842,0,0,Gd,1,Attchd,3.0,857,11,2006,430756
HOME-101848,20,RL,94.0,25286,Reg,Mitchel,1Fam,1Story,4,5,1963,1963,TA,PConc,TA,1064.0,Y,1040,1,3,TA,0,Attchd,2.0,0,1,2007,144136
HOME-101727,20,RL,64.0,6285,Reg,Sawyer,1Fam,1Story,5,5,1977,1977,TA,CBlock,Gd,894.0,Y,894,1,2,TA,0,Detchd,1.0,192,3,2007,131462
HOME-102928,30,RM,50.0,8635,Reg,BrkSide,1Fam,1Story,5,5,1925,1950,TA,BrkTil,TA,1072.0,Y,1072,1,2,TA,0,Detchd,5.0,0,8,2009,128914
HOME-102199,60,RL,78.0,10140,Reg,NWAmes,1Fam,2Story,7,5,1976,1976,TA,PConc,Gd,832.0,Y,1664,2,4,TA,1,Attchd,2.0,0,3,2006,175460
HOME-100923,60,RL,74.0,8899,Reg,NridgHt,1Fam,2Story,8,5,2007,2007,Ex,PConc,Gd,948.0,Y,2088,2,4,Gd,1,BuiltIn,3.0,100,6,2008,265003
HOME-100291,20,RL,61.0,7740,Reg,NridgHt,TwnhsE,1Story,9,5,2006,2006,Gd,PConc,Ex,1686.0,Y,1686,2,1,Ex,1,Attchd,3.0,266,6,2006,365572
HOME-101922,160,RM,21.0,2001,Reg,MeadowV,Twnhs,2Story,4,5,1970,1970,TA,CBlock,TA,546.0,Y,1092,1,3,TA,0,Attchd,1.0,0,1,2007,83131
HOME-100140,60,RL,,13346,IR1,NoRidge,1Fam,2Story,7,5,1992,2000,Gd,PConc,Gd,1095.0,Y,2295,2,4,Gd,1,Attchd,2.0,0,7,2006,297926
HOME-102752,80,RL,76.0,9880,Reg,Mitchel,1Fam,SLvl,6,6,1977,1977,TA,CBlock,TA,1096.0,Y,1118,1,3,TA,1,Attchd,1.0,203,7,2008,182044
HOME-101828,60,RL,99.0,12099,IR1,NridgHt,1Fam,2Story,8,5,2004,2004,Gd,PConc,Ex,1136.0,Y,2468,2,4,Gd,1,BuiltIn,3.0,184,6,2007,387479
HOME-101112,20,RL,,14694,IR1,Veenker,1Fam,1Story,8,9,1977,2008,Ex,CBlock,Gd,1694.0,Y,1694,2,2,Ex,1,Attchd,2.0,501,6,2009,326527
HOME-100616,20,RL,,11075,Reg,ClearCr,1Fam,1Story,6,5,1984,1984,TA,PConc,Gd,1190.0,Y,1522,2,3,TA,1,Attchd,2.0,0,2,2007,194605
HOME-101119,60,RL,72.0,10463,IR1,Gilbert,1Fam,2Story,8,5,2005,2005,Gd,PConc,Gd,893.0,Y,1801,2,3,Gd,1,Attchd,3.0,0,6,2006,261188
HOME-100735,160,RL,,5062,IR1,StoneBr,TwnhsE,2Story,7,5,1984,1984,Gd,CBlock,Gd,1190.0,Y,2090,2,3,Gd,1,Attchd,2.0,219,9,2007,223939
HOME-100367,120,RL,65.0,8769,Reg,NridgHt,TwnhsE,1Story,9,5,2008,2008,Ex,PConc,Ex,1702.0,Y,1702,1,1,Ex,1,Attchd,3.0,0,10,2008,384721
HOME-102669,20,RL,69.0,9920,IR1,CollgCr,1Fam,1Story,5,6,1969,1969,TA,CBlock,Gd,971.0,Y,971,1,3,TA,1,Attchd,1.0,0,5,2006,143035
HOME-102495,160,RL,24.0,2308,Reg,NPkVill,TwnhsE,2Story,6,6,1975,1975,TA,CBlock,Gd,855.0,Y,1456,2,4,TA,0,Attchd,2.0,0,5,2008,151769
HOME-100458,20,RL,90.0,9900,Reg,NAmes,1Fam,1Story,5,5,1961,1961,TA,CBlock,TA,1114.0,Y,1114,1,3,TA,0,Attchd,2.0,0,5,2008,148125
HOME-100884,60,RL,,10274,IR1,SawyerW,1Fam,2Story,6,7,1986,1986,TA,CBlock,Gd,676.0,Y,1400,2,3,TA,0,Attchd,2.0,0,7,2009,167366
HOME-100366,20,RL,71.0,9520,IR1,Timber,1Fam,1Story,8,5,2007,2008,Gd,PConc,Gd,1638.0,Y,1646,2,3,Gd,1,Attchd,3.0,192,4,2008,316041
HOME-100634,60,RL,,14364,IR1,SawyerW,1Fam,2Story,7,5,1988,1989,Gd,CBlock,Gd,1157.0,Y,2062,2,3,TA,1,Attchd,2.0,60,4,2007,301903
HOME-100693,70,RL,60.0,9084,Reg,Edwards,1Fam,2Story,4,5,1940,1950,TA,CBlock,TA,755.0,Y,1510,1,4,TA,1,Detchd,1.0,120,10,2009,113759
HOME-100738,120,RM,,3940,Reg,Blmngtn,TwnhsE,1Story,7,5,2004,2004,Gd,PConc,Gd,1393.0,Y,1576,2,2,Gd,1,Attchd,3.0,143,5,2008,225439
HOME-102898,50,RL,90.0,5400,Reg,OldTown,1Fam,1.5Fin,4,6,1920,1950,Fa,PConc,TA,840.0,Y,1374,1,2,TA,0,Detchd,1.0,0,10,2009,109629
HOME-101152,60,FV,85.0,10800,Reg,Somerst,1Fam,2Story,8,5,2007,2008,Gd,PConc,Ex,1034.0,Y,2078,2,3,Ex,1,Attchd,3.0,0,4,2008,357158
HOME-101115,60,RL,74.0,8834,Reg,NridgHt,1Fam,2Story,9,5,2004,2005,Gd,PConc,Ex,1462.0,Y,2224,2,4,Ex,1,Attchd,3.0,184,6,2009,364290
HOME-102863,90,RL,91.0,11643,Reg,NAmes,Duplex,2Story,5,5,1969,1969,TA,CBlock,TA,1248.0,Y,2634,2,6,TA,0,Detchd,4.0,0,8,2009,207554
HOME-100921,70,RM,,5700,IR1,OldTown,1Fam,2Story,7,6,1929,1990,TA,BrkTil,TA,672.0,N,1344,1,3,Gd,1,Attchd,2.0,0,9,2007,153962
HOME-102600,120,RL,89.0,8232,IR1,NridgHt,TwnhsE,1Story,9,5,2007,2008,Ex,PConc,Ex,1800.0,Y,1800,2,2,Ex,1,Attchd,3.0,210,6,2008,397901
HOME-102762,85,RL,,8014,IR1,Sawyer,1Fam,SFoyer,6,5,1978,1978,TA,CBlock,Gd,456.0,Y,1034,1,3,TA,1,Basment,2.0,0,6,2009,157099
HOME-102333,20,RL,84.0,10084,Reg,CollgCr,1Fam,1Story,7,5,2005,2006,Gd,PConc,Gd,1552.0,Y,1552,2,3,Gd,0,Attchd,3.0,144,7,2006,230802
HOME-100819,190,RL,60.0,10800,Reg,OldTown,2fmCon,1.5Fin,5,4,1900,1970,TA,CBlock,TA,954.0,N,2414,2,3,TA,1,Attchd,2.0,142,5,2006,174539
HOME-101076,30,RL,63.0,13907,Reg,Edwards,1Fam,1Story,5,6,1940,1969,TA,CBlock,TA,996.0,Y,996,1,3,TA,1,,0.0,144,7,2008,113908
HOME-100779,20,RL,,12155,IR3,NAmes,1Fam,1Story,6,3,1970,1970,TA,CBlock,Gd,1657.0,Y,1657,2,3,TA,1,Attchd,2.0,0,3,2007,178881
HOME-100741,30,RL,,25339,Reg,Sawyer,1Fam,1Story,5,7,1918,2007,TA,BrkTil,TA,816.0,Y,1416,2,3,Gd,0,Attchd,2.0,0,8,2007,122002
HOME-100700,160,RM,21.0,1680,Reg,BrDale,Twnhs,2Story,6,5,1972,1972,TA,CBlock,TA,483.0,Y,948,1,2,TA,0,Detchd,1.0,0,7,2006,98130
HOME-100074,190,C (all),75.0,8250,Reg,IDOTRR,2fmCon,2Story,5,6,1895,2006,TA,CBlock,TA,957.0,N,1991,2,4,TA,0,,0.0,0,6,2007,131538
HOME-102557,20,FV,72.0,8640,Reg,Somerst,1Fam,1Story,8,5,2007,2008,Gd,PConc,Gd,1363.0,Y,1372,2,3,Gd,0,Attchd,2.0,192,7,2008,224504
HOME-101714,20,RL,80.0,9547,Reg,NWAmes,1Fam,1Story,7,6,1993,1993,TA,PConc,Gd,1594.0,Y,1594,2,2,Gd,1,Attchd,2.0,190,7,2007,201491
HOME-100866,20,RL,76.0,9120,Reg,NAmes,1Fam,1Story,6,6,1958,1958,TA,CBlock,TA,1261.0,Y,1261,1,3,TA,1,Attchd,2.0,0,11,2008,174175
HOME-101338,30,RM,60.0,7200,Reg,IDOTRR,1Fam,1Story,6,6,1930,1950,TA,BrkTil,TA,984.0,Y,984,1,3,TA,0,Detchd,1.0,0,3,2006,97649
HOME-101540,50,RL,60.0,9084,Reg,Edwards,1Fam,1.5Fin,5,6,1941,1950,TA,CBlock,TA,616.0,N,1111,1,3,TA,0,Detchd,1.0,48,3,2008,101952
HOME-100146,90,RL,100.0,25000,Reg,Mitchel,Duplex,1Story,5,4,1967,1967,TA,CBlock,TA,1632.0,Y,1632,2,4,TA,0,Attchd,2.0,0,6,2007,150547
HOME-102205,70,RL,50.0,4960,Reg,BrkSide,1Fam,1.5Fin,5,7,1930,1982,TA,CBlock,TA,297.0,Y,1654,2,3,TA,1,Detchd,1.0,244,5,2009,141688
HOME-101147,120,RM,59.0,5568,IR1,Crawfor,TwnhsE,1Story,8,5,2006,2007,Gd,PConc,Gd,1573.0,Y,1625,2,2,Gd,1,Attchd,2.0,123,10,2007,401027
HOME-101901,20,RL,80.0,9600,Reg,NAmes,1Fam,1Story,5,7,1950,2007,Gd,CBlock,TA,1113.0,Y,1113,1,3,Gd,1,Attchd,1.0,0,7,2009,152320
HOME-101712,20,RL,70.0,9100,Reg,CollgCr,1Fam,1Story,7,5,2001,2001,Gd,PConc,Gd,1212.0,Y,1212,2,3,Gd,0,Attchd,2.0,356,6,2009,183461
HOME-100539,160,RL,68.0,13108,IR1,StoneBr,1Fam,2Story,8,5,1994,1994,Gd,PConc,Gd,2062.0,Y,2687,2,4,Gd,0,Attchd,2.0,168,12,2006,288539
HOME-102422,20,RM,103.0,12205,Reg,OldTown,1Fam,1Story,3,1,1949,1992,TA,BrkTil,Fa,448.0,Y,1588,2,5,TA,0,,0.0,0,12,2008,68684
HOME-101983,20,RL,90.0,13377,Reg,CollgCr,1Fam,1Story,6,5,2006,2006,Gd,PConc,Gd,1836.0,Y,1846,2,3,Gd,1,Attchd,2.0,0,7,2006,256557
HOME-100054,70,RL,53.0,7155,Reg,Crawfor,1Fam,2Story,7,8,1918,1990,TA,BrkTil,TA,600.0,Y,1228,1,3,TA,1,Detchd,1.0,0,5,2009,143332
HOME-100070,60,RL,65.0,10616,IR1,CollgCr,1Fam,2Story,7,5,2007,2007,Gd,PConc,Gd,628.0,Y,1356,2,3,Gd,1,BuiltIn,2.0,100,3,2008,190261
HOME-100132,60,RL,,7472,IR1,NAmes,1Fam,2Story,7,9,1972,2004,TA,CBlock,TA,725.0,Y,1479,1,4,Gd,0,Attchd,2.0,0,6,2007,197261
HOME-100272,20,RL,80.0,9600,Reg,NAmes,1Fam,1Story,5,6,1959,1959,TA,CBlock,TA,1041.0,Y,1041,1,3,TA,0,Attchd,1.0,224,7,2009,129473
HOME-101303,80,RL,80.0,10366,IR1,Sawyer,1Fam,SLvl,6,7,1964,1964,TA,CBlock,TA,912.0,Y,934,1,2,TA,0,Attchd,1.0,77,7,2006,148686
HOME-101280,50,RM,56.0,9576,Reg,OldTown,1Fam,1.5Fin,6,7,1945,1950,TA,CBlock,Fa,770.0,Y,1182,1,3,TA,0,Detchd,1.0,0,5,2006,133800
HOME-100554,20,RL,80.0,10800,Reg,NAmes,1Fam,1Story,5,7,1960,1960,TA,CBlock,TA,1248.0,Y,1248,1,3,TA,0,Attchd,1.0,0,5,2006,167667
HOME-100495,120,RL,53.0,3982,Reg,Blmngtn,TwnhsE,1Story,8,5,2006,2006,Gd,PConc,Gd,1520.0,Y,1567,2,1,Ex,1,Attchd,3.0,312,10,2006,290922
HOME-102216,60,RL,57.0,21872,IR2,Gilbert,1Fam,2Story,7,5,1996,1997,TA,PConc,Gd,729.0,Y,1446,2,3,TA,1,Attchd,2.0,264,8,2008,182887
HOME-100742,120,RM,,4500,Reg,Mitchel,TwnhsE,1Story,6,5,1999,1999,TA,PConc,Ex,1224.0,Y,1224,2,2,TA,0,Attchd,2.0,0,6,2009,170774
HOME-102774,70,RL,60.0,7230,Reg,Crawfor,1Fam,2.5Unf,7,7,1927,1992,TA,BrkTil,TA,851.0,Y,1718,2,4,Gd,1,Detchd,2.0,291,10,2007,253241
HOME-102466,160,RM,24.0,1950,Reg,Blueste,Twnhs,2Story,6,6,1980,1980,TA,CBlock,Gd,716.0,Y,1556,2,3,TA,1,Attchd,2.0,161,7,2008,161864
HOME-100232,45,RM,58.0,6380,Reg,BrkSide,1Fam,1.5Unf,5,6,1922,1950,TA,BrkTil,TA,993.0,Y,1048,1,2,TA,1,Detchd,1.0,0,8,2006,122517
HOME-102439,20,RL,110.0,14226,Reg,NridgHt,1Fam,1Story,8,5,2006,2006,Gd,PConc,Gd,1935.0,Y,1973,2,3,Gd,1,Attchd,3.0,315,7,2007,426764
HOME-102073,80,RL,59.0,9587,IR1,Gilbert,1Fam,SLvl,7,5,2005,2005,Gd,PConc,Gd,856.0,Y,1166,2,2,Gd,0,Attchd,2.0,212,7,2008,204114
HOME-100757,50,RL,82.0,12375,Reg,Sawyer,1Fam,1.5Fin,5,5,1951,1951,TA,CBlock,TA,806.0,Y,1422,1,3,TA,1,Detchd,1.0,0,6,2006,153730
HOME-101399,20,RL,70.0,9116,Reg,Mitchel,1Fam,1Story,8,5,2001,2001,Gd,PConc,Ex,1491.0,Y,1491,2,3,Gd,0,Attchd,2.0,120,5,2006,233287
HOME-102109,80,RL,92.0,6930,IR1,ClearCr,1Fam,SLvl,5,4,1958,1958,TA,CBlock,TA,1062.0,Y,1352,1,3,Gd,0,BuiltIn,1.0,168,7,2006,146540
HOME-101320,45,RM,57.0,7449,Reg,IDOTRR,1Fam,1.5Unf,7,7,1930,1950,TA,PConc,TA,637.0,Y,1108,1,3,Gd,1,Attchd,1.0,0,6,2007,149615
HOME-100780,30,RM,60.0,6756,Reg,OldTown,1Fam,1Story,5,6,1910,1950,TA,BrkTil,TA,481.0,N,899,1,2,TA,0,Detchd,1.0,0,9,2008,82108
HOME-102363,20,RL,57.0,9764,IR1,Sawyer,1Fam,1Story,5,7,1967,2003,TA,CBlock,TA,894.0,Y,894,1,3,Gd,0,Attchd,2.0,0,5,2008,138358
HOME-101689,160,RM,21.0,1680,Reg,BrDale,Twnhs,2Story,6,8,1972,2007,TA,CBlock,TA,483.0,Y,987,1,2,Gd,0,Detchd,1.0,250,5,2009,121711
HOME-100937,20,RL,60.0,6960,Reg,NAmes,1Fam,1Story,4,6,1970,1970,TA,CBlock,TA,864.0,Y,864,1,3,Gd,0,Detchd,2.0,96,11,2009,125535
HOME-102121,60,RL,80.0,9760,Reg,NAmes,1Fam,2Story,6,6,1964,1964,TA,CBlock,TA,780.0,Y,1611,1,4,TA,0,Attchd,2.0,328,6,2008,180157
HOME-100012,120,RM,,4435,Reg,CollgCr,TwnhsE,1Story,6,5,2003,2003,Gd,PConc,Gd,848.0,Y,848,1,1,Gd,0,Attchd,2.0,140,5,2009,145312
HOME-102147,60,RL,72.0,16387,IR1,NridgHt,1Fam,2Story,9,5,2006,2006,Gd,PConc,Ex,1738.0,Y,2589,2,4,Ex,1,Attchd,3.0,0,8,2006,455668
HOME-102724,60,RL,,9375,Reg,CollgCr,1Fam,2Story,7,5,1997,1998,TA,PConc,Gd,1057.0,Y,2034,2,3,Gd,0,Attchd,2.0,576,2,2009,224599
HOME-100761,60,RL,82.0,16052,IR1,StoneBr,1Fam,2Story,10,5,2006,2006,Ex,PConc,Ex,1850.0,Y,2698,2,4,Ex,1,Attchd,3.0,250,7,2006,599380
HOME-101000,20,RM,65.0,9750,Reg,OldTown,1Fam,1Story,5,6,1959,1959,TA,CBlock,TA,984.0,Y,984,1,2,Fa,0,Detchd,1.0,0,6,2008,117272
HOME-100364,20,RL,63.0,7500,Reg,SawyerW,1Fam,1Story,7,5,2004,2005,TA,PConc,Gd,1080.0,Y,1080,1,3,Gd,0,,0.0,0,4,2008,147115
HOME-100798,90,RH,82.0,7136,IR1,Crawfor,Duplex,2Story,6,6,1946,1950,TA,CBlock,Gd,979.0,N,1958,2,4,TA,0,Attchd,2.0,0,8,2007,157942
HOME-101894,20,RL,,11000,IR1,NAmes,1Fam,1Story,5,6,1966,1966,TA,CBlock,TA,1154.0,Y,1154,1,3,TA,1,Attchd,2.0,0,11,2009,157585
HOME-102244,60,FV,65.0,8125,Reg,Somerst,1Fam,2Story,7,5,2006,2007,Gd,PConc,Gd,1092.0,Y,1550,2,2,Gd,0,Attchd,2.0,0,10,2009,251546
HOME-100148,20,RL,75.0,11310,Reg,NAmes,1Fam,1Story,6,5,1954,1954,TA,CBlock,TA,1367.0,Y,1375,1,2,TA,1,Attchd,2.0,0,6,2006,153831
HOME-101371,90,RM,70.0,9100,Reg,Sawyer,Duplex,1Story,5,5,1963,1963,TA,CBlock,TA,1728.0,Y,1728,2,6,TA,0,Detchd,2.0,0,11,2006,137685
HOME-101486,90,RL,65.0,6040,Reg,Edwards,Duplex,1Story,4,5,1955,1955,TA,PConc,,0.0,N,1152,2,2,Fa,0,,0.0,0,6,2008,87714
HOME-102517,60,RL,72.0,11317,Reg,CollgCr,1Fam,2Story,7,5,2003,2003,Gd,PConc,Gd,840.0,Y,1668,2,3,Gd,0,Attchd,2.0,144,9,2007,191739
HOME-100498,70,RL,96.0,13132,Reg,Crawfor,1Fam,2Story,5,5,1914,1950,TA,BrkTil,Gd,747.0,Y,1784,1,4,TA,0,Detchd,1.0,203,7,2006,154451
HOME-102234,20,RL,,12772,IR1,NAmes,1Fam,1Story,6,8,1960,1998,TA,CBlock,TA,958.0,Y,958,1,2,TA,0,Attchd,1.0,0,4,2007,159631
HOME-100911,90,RL,63.0,8668,Reg,NAmes,Duplex,1Story,5,5,1968,1968,TA,CBlock,TA,1560.0,Y,1560,2,4,TA,0,Detchd,3.0,0,5,2007,132733
HOME-102000,60,RL,68.0,11250,IR1,CollgCr,1Fam,2Story,7,5,2001,2002,Gd,PConc,Gd,920.0,Y,1786,2,3,Gd,1,Attchd,2.0,0,9,2008,236547
HOME-101969,60,RL,67.0,10566,IR1,CollgCr,1Fam,2Story,8,5,1999,1999,Gd,PConc,Gd,1090.0,Y,2214,2,3,Gd,1,Attchd,3.0,197,7,2006,295987
HOME-102008,30,RM,51.0,6120,Reg,BrkSide,1Fam,1Story,5,7,1925,1950,TA,BrkTil,TA,768.0,N,1015,1,3,TA,0,Detchd,1.0,0,7,2006,95149
HOME-101155,150,RL,,1700,Reg,ClearCr,Twnhs,1.5Fin,7,5,1980,1981,Gd,PConc,Gd,430.0,Y,1700,2,2,Gd,0,Basment,1.0,188,4,2006,164753
HOME-101358,60,RL,107.0,13891,Reg,NridgHt,1Fam,2Story,9,5,2008,2009,Ex,PConc,Ex,1734.0,Y,2822,3,4,Ex,1,BuiltIn,3.0,52,1,2009,610127
HOME-101667,20,RL,,9000,Reg,Sawyer,1Fam,1Story,4,7,1945,1950,Fa,Slab,,0.0,N,998,1,3,TA,0,2Types,2.0,0,5,2007,98132
HOME-101926,60,RL,106.0,12720,Reg,NoRidge,1Fam,2Story,8,5,2000,2000,Gd,PConc,Gd,1455.0,Y,2687,2,4,Gd,2,BuiltIn,3.0,252,9,2009,341101
HOME-102812,190,RM,50.0,6000,Reg,OldTown,2fmCon,1Story,5,7,1955,1955,TA,CBlock,TA,960.0,Y,960,1,3,TA,0,Detchd,2.0,0,6,2006,149832
HOME-102874,60,RL,,8965,IR1,Gilbert,1Fam,2Story,7,5,2003,2003,Gd,PConc,Gd,782.0,Y,1489,2,3,Gd,1,Attchd,2.0,0,6,2009,193668
HOME-101690,60,RL,75.0,8285,Reg,SawyerW,1Fam,2Story,7,5,1992,1992,Gd,PConc,Gd,836.0,Y,1737,2,3,Gd,0,Attchd,2.0,192,5,2008,181532
HOME-102326,60,RL,134.0,16659,IR1,NridgHt,1Fam,2Story,8,5,2007,2008,Gd,PConc,Gd,1582.0,Y,2152,2,3,Gd,1,Detchd,2.0,0,6,2007,280860
HOME-100053,190,RM,56.0,7745,Reg,OldTown,2fmCon,1.5Fin,4,6,1900,1950,Gd,PConc,TA,938.0,N,1951,2,4,Fa,0,Detchd,2.0,0,4,2006,124540
HOME-101728,90,RM,97.0,8940,IR1,Mitchel,Duplex,SFoyer,7,5,1997,1998,TA,PConc,Gd,1344.0,Y,1344,2,2,TA,0,Attchd,4.0,0,11,2008,221021
HOME-100511,60,RL,,11885,Reg,CollgCr,1Fam,2Story,8,5,2001,2001,Gd,PConc,Gd,1299.0,Y,1872,2,3,Ex,1,BuiltIn,2.0,160,11,2009,269951
HOME-101670,60,FV,72.0,8640,Reg,Somerst,1Fam,2Story,7,5,2009,2009,TA,PConc,Gd,900.0,Y,1852,2,3,Gd,1,Attchd,2.0,168,7,2009,259211
HOME-102754,60,RL,65.0,8158,Reg,CollgCr,1Fam,2Story,7,5,2002,2002,Gd,PConc,Gd,860.0,Y,1729,2,3,Gd,0,Attchd,2.0,386,8,2007,218728
HOME-101902,80,RL,,11104,IR1,NWAmes,1Fam,SLvl,6,6,1969,1969,TA,CBlock,TA,1427.0,Y,1427,2,4,TA,0,Attchd,2.0,0,5,2008,198608
HOME-101231,70,RM,60.0,9600,Reg,OldTown,1Fam,2Story,7,9,1928,2005,TA,BrkTil,TA,689.0,Y,1378,2,3,Gd,1,Detchd,2.0,0,10,2008,168480
HOME-100433,50,RM,60.0,6000,Reg,IDOTRR,1Fam,1.5Fin,6,8,1940,2006,TA,CBlock,Fa,720.0,Y,1090,1,3,TA,0,Detchd,1.0,0,7,2008,127458
HOME-100577,160,FV,24.0,2645,Reg,Somerst,Twnhs,2Story,8,5,1999,1999,Gd,PConc,Gd,960.0,Y,1586,2,3,Gd,0,Detchd,2.0,169,12,2008,181831
HOME-101212,20,RL,77.0,9278,Reg,Mitchel,1Fam,1Story,5,5,2007,2008,TA,PConc,Gd,1092.0,Y,1092,1,2,TA,0,,0.0,0,2,2008,152564
HOME-100363,50,RL,60.0,7200,Reg,NAmes,1Fam,1.5Fin,5,4,1950,1982,TA,CBlock,TA,1208.0,Y,1904,1,3,TA,0,Attchd,1.0,0,5,2009,140972
HOME-100584,60,RL,74.0,11002,IR1,NoRidge,1Fam,2Story,8,5,1998,1999,Gd,PConc,Gd,1389.0,Y,2582,2,4,Gd,1,Attchd,3.0,286,1,2007,357269
HOME-101507,60,RL,,14803,IR1,NWAmes,1Fam,2Story,6,5,1971,1971,TA,CBlock,TA,825.0,Y,1993,2,4,TA,1,Attchd,2.0,0,6,2006,207930
HOME-102628,50,RM,50.0,9000,Reg,IDOTRR,1Fam,1.5Fin,6,6,1937,1950,TA,PConc,TA,780.0,Y,1375,1,3,Gd,1,Detchd,1.0,0,12,2007,151136
HOME-100239,60,RL,105.0,13693,Reg,NridgHt,1Fam,2Story,9,5,2006,2006,Ex,PConc,Gd,2153.0,Y,2643,2,3,Ex,1,BuiltIn,3.0,414,3,2007,407328
HOME-102319,60,RL,92.0,11952,Reg,NWAmes,1Fam,2Story,7,6,1977,1977,TA,CBlock,Gd,808.0,Y,1969,2,3,TA,1,Attchd,2.0,0,11,2007,202099
HOME-102447,50,RM,,6240,Reg,BrkSide,1Fam,1.5Fin,6,5,1938,1950,TA,BrkTil,TA,861.0,Y,1409,1,3,TA,1,Detchd,2.0,225,3,2007,136874
HOME-102213,20,RL,77.0,9510,Reg,NAmes,1Fam,1Story,6,5,1962,1985,TA,CBlock,TA,1135.0,Y,1207,1,3,TA,0,Attchd,1.0,0,5,2006,163881
HOME-101248,20,RL,80.0,17400,Reg,Mitchel,1Fam,1Story,5,5,1977,1977,TA,CBlock,TA,1126.0,Y,1126,2,3,TA,1,Attchd,2.0,295,5,2006,174595
HOME-102704,50,RM,50.0,6060,Reg,IDOTRR,1Fam,1.5Fin,4,5,1939,1950,TA,PConc,TA,732.0,Y,1123,1,3,TA,0,Detchd,1.0,0,6,2007,104725
HOME-101941,20,RL,72.0,8872,Reg,NAmes,1Fam,1Story,5,8,1965,2008,TA,CBlock,TA,912.0,Y,912,1,2,Gd,0,Detchd,2.0,0,12,2008,156207
HOME-100004,20,RL,,23730,IR2,Mitchel,1Fam,1Story,7,5,1996,1997,Gd,PConc,Ex,1840.0,Y,2032,3,3,Gd,0,Attchd,3.0,0,9,2008,318730
HOME-102848,80,RL,,9125,IR1,Gilbert,1Fam,SLvl,7,5,1992,1992,TA,PConc,Gd,384.0,Y,1482,2,3,Gd,1,Attchd,2.0,100,7,2007,178663
HOME-101262,50,RL,60.0,10134,Reg,OldTown,1Fam,1.5Fin,5,6,1940,1950,TA,CBlock,TA,735.0,Y,1034,1,2,TA,0,Detchd,1.0,0,7,2007,117047
HOME-102920,50,RL,63.0,8375,Reg,Sawyer,1Fam,1.5Fin,5,7,1941,1973,TA,BrkTil,TA,576.0,Y,1350,1,2,Gd,0,2Types,3.0,0,6,2008,158332
HOME-100150,60,RL,70.0,8749,Reg,CollgCr,1Fam,2Story,7,5,2002,2002,Gd,PConc,Gd,840.0,Y,1725,2,3,Gd,0,Attchd,2.0,0,11,2009,205970
HOME-100014,20,RL,75.0,10084,Reg,Somerst,1Fam,1Story,8,5,2004,2005,Gd,PConc,Ex,1686.0,Y,1694,2,3,Gd,1,Attchd,2.0,255,8,2007,326517
HOME-102254,160,RM,21.0,1953,Reg,BrDale,Twnhs,2Story,6,5,1973,1973,TA,CBlock,TA,483.0,Y,987,1,2,TA,0,Detchd,1.0,72,6,2006,91889
HOME-101693,70,RM,50.0,9000,Reg,OldTown,1Fam,2Story,7,9,1920,1988,TA,PConc,TA,650.0,Y,1482,1,3,TA,0,Detchd,2.0,0,7,2009,149074
HOME-102370,60,RL,70.0,8145,IR1,CollgCr,1Fam,2Story,7,5,2007,2007,Gd,PConc,Gd,738.0,Y,1476,2,3,Gd,0,Attchd,2.0,0,6,2007,191719
HOME-100928,20,RL,84.0,11670,IR1,Somerst,1Fam,1Story,9,5,2006,2006,Ex,PConc,Ex,1905.0,Y,1905,2,3,Ex,1,Attchd,3.0,0,3,2007,343296
HOME-100678,85,RL,,10464,IR1,NWAmes,1Fam,SFoyer,6,6,1980,1980,TA,CBlock,Gd,988.0,Y,1102,1,2,TA,1,Attchd,2.0,140,6,2006,190425
HOME-100368,20,RL,68.0,8298,IR1,Timber,1Fam,1Story,8,5,2006,2007,Gd,PConc,Gd,1546.0,Y,1564,2,2,Ex,1,Attchd,2.0,132,9,2007,290456
HOME-101103,60,RL,,12224,IR1,Gilbert,1Fam,2Story,6,5,2000,2000,Gd,PConc,Gd,992.0,Y,2054,2,3,Gd,1,BuiltIn,2.0,24,7,2009,249402
HOME-102232,20,FV,75.0,9000,Reg,Somerst,1Fam,1Story,7,5,2006,2007,Gd,PConc,Gd,1335.0,Y,1335,2,3,Gd,0,Attchd,2.0,0,6,2007,226472
HOME-100095,90,RL,,10624,IR1,NAmes,Duplex,1Story,5,4,1964,1964,TA,CBlock,TA,1728.0,Y,1728,2,6,TA,0,Detchd,1.0,155,11,2007,129257
HOME-101525,30,RL,52.0,5825,IR1,BrkSide,1Fam,1Story,4,5,1926,1953,TA,PConc,Fa,600.0,Y,747,1,1,TA,0,Detchd,2.0,0,6,2006,89785
HOME-100917,20,RL,,15676,IR1,Veenker,1Fam,1Story,8,8,1980,1980,Gd,CBlock,Gd,2014.0,Y,2014,2,2,Gd,2,Attchd,3.0,462,4,2009,287404
HOME-102855,120,FV,45.0,4379,IR1,Somerst,TwnhsE,1Story,8,5,2004,2004,Gd,PConc,Gd,1378.0,Y,1378,2,2,Gd,1,Attchd,2.0,160,7,2007,226968
HOME-102910,20,RM,62.0,7311,Reg,OldTown,1Fam,1Story,2,5,1946,1950,TA,BrkTil,TA,407.0,N,407,1,1,TA,0,Detchd,1.0,76,3,2008,48941
HOME-101877,60,RL,75.0,8778,Reg,Somerst,1Fam,2Story,8,5,2006,2006,Gd,PConc,Gd,1302.0,Y,1830,2,3,Gd,0,BuiltIn,3.0,0,3,2007,235848
HOME-102744,80,RL,65.0,14149,IR1,Sawyer,1Fam,SLvl,5,8,1964,2001,Gd,CBlock,TA,980.0,Y,1020,2,3,TA,1,Detchd,2.0,0,5,2007,174212
HOME-101994,20,RL,98.0,11428,IR1,NridgHt,1Fam,1Story,8,5,2006,2006,Gd,PConc,Gd,1626.0,Y,1634,2,3,Gd,1,Attchd,3.0,0,5,2007,270240
HOME-102562,20,RL,102.0,13514,IR1,NridgHt,1Fam,1Story,9,5,2008,2008,Ex,PConc,Ex,1774.0,Y,1808,2,3,Ex,1,Attchd,3.0,200,3,2009,335296
HOME-102384,60,RL,73.0,8499,IR1,Gilbert,1Fam,2Story,6,5,2006,2007,TA,PConc,Gd,616.0,Y,1412,2,3,Gd,1,BuiltIn,2.0,0,3,2007,168436
HOME-101456,20,RL,83.0,13383,IR1,Mitchel,1Fam,1Story,5,5,1969,2000,TA,CBlock,TA,1188.0,Y,1404,2,3,TA,1,Attchd,2.0,0,3,2009,164267
HOME-102690,20,RL,77.0,8593,IR1,NAmes,1Fam,1Story,4,6,1957,1957,TA,CBlock,TA,907.0,Y,907,1,3,TA,0,Detchd,1.0,0,7,2008,116420
HOME-102272,60,RL,88.0,11762,Reg,NoRidge,1Fam,2Story,8,5,1992,1993,Gd,PConc,Ex,1105.0,Y,2202,2,4,Gd,1,Attchd,2.0,0,9,2007,280926
HOME-100903,50,RL,55.0,7150,Reg,NAmes,1Fam,1.5Fin,4,4,1955,1955,TA,PConc,TA,1190.0,Y,1540,1,4,Fa,0,Detchd,1.0,0,8,2007,125676
